filename,rms,flatness,centroid,band_energy,peak_freq,ridge_length,grad_t,grad_f,rolloff,bandwidth,zcr,contrast,tonnetz,mfcc1,mfcc2,mfcc3,mfcc4,mfcc5,label
match7_ambig_0001.mp4,0.07876233756542206,0.005908770486712456,1593.0389342865312,-44.75291061401367,4048.2421875,26,1.9152582883834839,4.594908714294434,3703.7109375,2160.0963693320364,0.06461958451704546,21.001605605469727,-0.00296937287637418,-181.54095458984375,126.45319366455078,9.294007301330566,34.23978042602539,-7.917995929718018,0
match7_ambig_0002.mp4,0.053629305213689804,0.013410449959337711,2188.7701430744114,-39.48756790161133,3617.578125,29,1.8739498853683472,4.730057716369629,3853.2730765964675,1936.3069512482302,0.15432871942934784,22.470011925048684,0.010443005266144416,-153.65853881835938,111.71714782714844,-43.0029411315918,23.367229461669922,-17.253387451171875,0
match7_ambig_0003.mp4,0.10736207664012909,0.01097194105386734,2055.6180675902406,-47.80409240722656,3703.7109375,29,1.8436158895492554,4.707341194152832,4141.7919921875,2071.359854849921,0.09705946180555555,21.4670711395499,-0.03064310178813337,-114.95072937011719,107.73548126220703,-38.68629837036133,-0.9686243534088135,-26.70331573486328,0
match7_ambig_0004.mp4,0.10498959571123123,0.005233168601989746,1673.1794182483245,-51.65924072265625,3736.0107421875,21,1.809762954711914,4.687075138092041,3222.3541259765625,1725.5159050428701,0.08991495768229167,21.280989530506535,7.756443611838163e-05,-127.19989013671875,136.3358154296875,-43.5920295715332,8.014498710632324,-26.85565185546875,0
match7_ambig_0005.mp4,0.11375365406274796,0.005692537873983383,1849.6280488701352,-47.80952835083008,4198.974609375,32,1.850814938545227,4.763378143310547,3686.4395141601562,2037.4858795317577,0.087310791015625,22.304424434523177,-0.00010367269699542884,-133.610107421875,122.1104965209961,-22.955595016479492,22.482498168945312,-11.294681549072266,0
match7_ambig_0006.mp4,0.13432539999485016,0.0033690889831632376,1679.073445597626,-52.866729736328125,3811.376953125,31,1.9164499044418335,4.3755693435668945,3538.3837890625,2000.313917465345,0.06931423611111111,21.182114446743995,0.0027686496432721467,-155.57911682128906,124.63248443603516,-6.210381507873535,-5.080304145812988,-46.507476806640625,0
match7_ambig_0007.mp4,0.09642140567302704,0.011031371541321278,2056.9615866899635,-44.83866882324219,3660.64453125,35,1.9064767360687256,4.765855312347412,4246.047192950581,2090.555834937496,0.10499182412790697,23.121229063723952,-0.00043949674642943036,-123.18470764160156,110.0340347290039,-23.174257278442383,25.78230094909668,-18.023195266723633,0
match7_ambig_0008.mp4,0.04395892471075058,0.008212877437472343,2321.6448582883854,-41.14958953857422,3736.0107421875,36,1.8437058925628662,4.84588623046875,4588.2470703125,2182.740281853086,0.14867621527777777,22.494365748195357,-0.0012919130924176684,-207.61355590820312,112.42877960205078,-10.829080581665039,29.712825775146484,-26.594907760620117,0
match7_ambig_0009.mp4,0.08401902765035629,0.00394950108602643,1698.4924044854313,-50.661590576171875,3768.310546875,32,1.8939812183380127,4.599843502044678,3284.0128580729165,1801.2501151052963,0.07997866030092593,22.68106242734005,0.015139706468383949,-172.42015075683594,129.2637176513672,-35.01201629638672,14.63227653503418,-20.21004867553711,0
match7_ambig_0010.mp4,0.04203861206769943,0.009447199292480946,2164.254779133396,-50.520668029785156,4242.041015625,34,1.9853533506393433,4.674526214599609,4578.715556376689,2318.7078715324274,0.12997519003378377,21.613004413159388,-0.017019314271736273,-249.121826171875,103.5412368774414,2.8931241035461426,37.334877014160156,-6.746300220489502,0
match7_ambig_0011.mp4,0.10243108123540878,0.008976426906883717,1882.2954744933218,-46.274837493896484,3736.0107421875,41,1.797554612159729,4.6477155685424805,3369.7431456367926,1694.1571186940075,0.11662551591981132,22.440258127576517,0.009164724156744436,-128.70555114746094,122.64115905761719,-62.32270812988281,27.359859466552734,-4.389954090118408,0
match7_ambig_0012.mp4,0.023649366572499275,0.00702966982498765,2130.1250867489657,-38.343017578125,4382.0068359375,33,1.8199758529663086,4.594554424285889,3963.134765625,2149.3753419656778,0.15059988839285715,21.93129828470492,0.007667260334061564,-271.6438903808594,117.86457061767578,1.0506348609924316,43.798892974853516,-23.20798110961914,0
match7_ambig_0013.mp4,0.1323348730802536,0.009015528485178947,2142.9205464201077,-48.645023345947266,4198.974609375,38,1.7941631078720093,4.866927146911621,4425.0732421875,2202.4943177329114,0.11059205923507463,22.098052734191057,-0.011685289430372479,-109.2500991821289,104.92057800292969,-19.733089447021484,23.110626220703125,-13.614945411682129,0
match7_ambig_0014.mp4,0.04317636415362358,0.010433023795485497,1962.5320540970606,-40.36126708984375,3983.642578125,20,1.8274253606796265,4.862437725067139,3998.895263671875,2108.526342607321,0.10890028211805555,21.887801421133965,-0.0023468742464713027,-192.27841186523438,124.12174224853516,-20.266359329223633,23.44420623779297,-18.737892150878906,0
match7_ambig_0015.mp4,0.09656964242458344,0.01535286009311676,2355.3966210174485,-47.69667434692383,3725.244140625,53,1.8882309198379517,4.836544513702393,4790.183692642405,2243.8721571924966,0.13114987143987342,22.445623104754066,-0.02505878862912475,-135.27883911132812,96.13227844238281,-22.233993530273438,27.69576072692871,-15.923259735107422,1
match7_ambig_0016.mp4,0.06994418054819107,0.007300176657736301,2085.4909532304737,-42.93723678588867,3832.91015625,38,1.893193244934082,4.719105243682861,4258.763609541224,2129.4424926724114,0.12029379986702128,22.614936024657453,0.005707259182462199,-150.685791015625,119.98702239990234,-25.940061569213867,14.095996856689453,-24.201011657714844,0
match7_ambig_0017.mp4,0.10257656127214432,0.01304121408611536,2064.8018220041004,-50.41709518432617,3800.6103515625,28,1.994372844696045,4.595336437225342,4139.474969161184,2161.445118122856,0.09306897615131579,21.758088333312205,0.01680423837804065,-126.8453140258789,106.03994750976562,-27.861103057861328,6.4389424324035645,-5.170717239379883,0
match7_ambig_0018.mp4,0.1286734640598297,0.01249791495501995,2115.299645310016,-45.81660842895508,3800.6103515625,32,1.9450254440307617,4.596688747406006,4294.79736328125,2139.178958482206,0.096142578125,21.974319210134205,0.0049874495768906894,-98.09085845947266,102.81416320800781,-35.1295051574707,1.2910573482513428,-16.881683349609375,0
match7_ambig_0019.mp4,0.03978096321225166,0.004381856881082058,1707.803227279239,-40.538448333740234,4037.4755859375,29,1.8199964761734009,4.656851291656494,3291.166277629573,1754.0317856287645,0.10405154344512195,22.994270301317425,0.01760241451789222,-213.33319091796875,139.17347717285156,-40.72226333618164,17.184322357177734,-13.47673225402832,0
match7_ambig_0020.mp4,0.13759441673755646,0.005942254792898893,2053.3166022272603,-46.513389587402344,3789.84375,35,1.7664605379104614,4.888667106628418,4456.198508522727,2164.0771784635945,0.10640092329545454,22.783447620135036,0.014488264315502595,-93.87911224365234,113.48255157470703,-23.76327896118164,8.375348091125488,-34.229026794433594,1
match7_ambig_0021.mp4,0.11088575422763824,0.0123434541746974,2224.91707107259,-51.555877685546875,3660.64453125,20,1.8439580202102661,4.6013946533203125,4312.340590533088,2094.059836651299,0.11387484681372549,22.255075248445333,-0.05629776963929439,-137.75741577148438,92.21288299560547,-42.89840316772461,1.573239803314209,-24.96562385559082,0
match7_ambig_0022.mp4,0.02742697484791279,0.008499243296682835,1803.7436901103054,-37.76435089111328,4198.974609375,39,1.8214613199234009,4.748607635498047,3784.329149199695,2091.9192205591576,0.09471465320121951,21.313737271601497,0.012682425260804233,-235.69436645507812,130.8513946533203,-7.9453606605529785,32.68983459472656,-12.957723617553711,0
match7_ambig_0023.mp4,0.10182447731494904,0.009554416872560978,2441.9282025669927,-45.871822357177734,3929.8095703125,52,1.802362084388733,4.760767459869385,4976.386575137868,2268.9789833845007,0.16170726102941177,22.295061014675092,0.014128316853597089,-140.5823974609375,101.99942779541016,-10.196123123168945,28.709360122680664,-22.56649398803711,0
match7_ambig_0024.mp4,0.09252644330263138,0.007838279940187931,1845.3300741617304,-48.16669845581055,3779.0771484375,17,1.8504209518432617,4.6762542724609375,3599.6337890625,1918.54787019463,0.10096571180555555,22.171345154849597,-0.002812558402191524,-170.2594757080078,127.15531158447266,-32.80259323120117,22.637224197387695,-9.79251480102539,0
match7_ambig_0025.mp4,0.11431203782558441,0.007168032228946686,1828.5128645789323,-50.42717742919922,4242.041015625,30,1.8724956512451172,4.783200740814209,4275.41748046875,2281.9843549373245,0.07542724609375,21.151157276499585,-0.021679662720204728,-142.0972900390625,116.31111145019531,1.1820447444915771,32.95076370239258,-10.318079948425293,0
match7_ambig_0026.mp4,0.09291725605726242,0.011578374542295933,2083.1548963305518,-45.34645080566406,3822.1435546875,53,1.8645272254943848,4.688381195068359,4162.445068359375,1976.722113905847,0.10160609654017858,22.337172633672232,0.006319405189136189,-132.5469207763672,104.94386291503906,-45.978057861328125,2.50451922416687,-33.29157638549805,0
match7_ambig_0027.mp4,0.11147523671388626,0.024686988443136215,2139.8896402531414,-46.54279327392578,3649.8779296875,35,1.933334231376648,4.6109771728515625,4311.926047585227,2142.1288722513996,0.10808771306818182,20.838677950641095,0.015133686762225032,-86.35095977783203,106.70138549804688,-33.30081558227539,1.2399462461471558,-12.332390785217285,0
match7_ambig_0028.mp4,0.04245920479297638,0.008593114092946053,2102.6274775326883,-52.624603271484375,4231.2744140625,33,1.8122888803482056,4.718451976776123,4374.000901442308,2157.962128836931,0.13916015625,22.133811014882596,0.020590290698415323,-224.12535095214844,110.24506378173828,-20.19635581970215,39.28371047973633,-4.2956953048706055,0
match7_ambig_0029.mp4,0.04049605876207352,0.00404492300003767,1725.4870486525958,-49.86802673339844,4080.5419921875,33,1.8091667890548706,4.7834601402282715,3613.9892578125,1955.8828035623292,0.0910915798611111,23.096268832085425,0.02134737788320149,-232.7746124267578,135.3262481689453,-22.96975326538086,25.000391006469727,-8.63361644744873,0
match7_ambig_0030.mp4,0.13567806780338287,0.004297488369047642,1990.305901316502,-56.8902587890625,4252.8076171875,22,1.815698266029358,4.619075775146484,4078.4411918826218,2135.6336712494312,0.08425828887195122,23.739049372348166,-0.01701165015659736,-140.65379333496094,103.36198425292969,-30.747957229614258,-3.4601712226867676,-14.992254257202148,0
match7_ambig_0031.mp4,0.10580971837043762,0.016753096133470535,2247.448284359281,-48.10850524902344,3649.8779296875,32,1.9233217239379883,4.6313700675964355,4413.409423828125,2078.1756618778304,0.13758951822916668,22.15745774666481,-0.003641732205254389,-112.78929138183594,106.82450866699219,-33.42691421508789,15.109375953674316,-16.43202018737793,0
match7_ambig_0032.mp4,0.0823129266500473,0.007758908439427614,2027.7489876191498,-44.195491790771484,4231.2744140625,36,1.8413232564926147,4.788266181945801,4103.341854319853,2155.9482342330302,0.10933670343137254,21.5063353146004,0.010896416670842311,-154.28460693359375,106.5521011352539,-21.923784255981445,34.29661178588867,-3.444923162460327,0
match7_ambig_0033.mp4,0.10369502007961273,0.003980280365794897,2096.6523178094594,-42.860042572021484,3617.578125,22,1.8155994415283203,4.747884273529053,3299.832078887195,1637.044258242916,0.13771913109756098,23.73088523656554,0.012554397378429654,-149.92764282226562,96.90789031982422,-59.56394577026367,59.35448455810547,11.739385604858398,0
match7_ambig_0034.mp4,0.12163618206977844,0.013745955191552639,2302.637852899792,-43.6287956237793,3617.578125,46,1.8117915391921997,4.746341228485107,4396.420189642137,2081.91444052829,0.13304088961693547,21.975713846189965,-0.015805322432749996,-102.43994903564453,95.2255859375,-32.225677490234375,43.36634826660156,-4.81842041015625,0
match7_ambig_0035.mp4,0.07936868816614151,0.00828764121979475,1971.6726313333747,-42.883975982666016,3757.5439453125,33,1.7827720642089844,4.764664173126221,3537.725830078125,1778.275894860165,0.11786905924479167,21.810458749355238,0.010381472739325,-119.38784790039062,121.1431655883789,-59.22833251953125,16.40850257873535,-13.616271018981934,0
match7_ambig_0036.mp4,0.10427981615066528,0.007629708386957645,2121.6623437338285,-48.055484771728516,3606.8115234375,22,1.9382469654083252,4.7747368812561035,4118.763427734375,2003.1266433894132,0.120947265625,23.744627609115057,0.02711793101668996,-122.64921569824219,111.0763168334961,-40.06909942626953,14.059659004211426,-17.74003028869629,0
match7_ambig_0037.mp4,0.09100023657083511,0.012397566810250282,2383.6884163762807,-50.742828369140625,3919.04296875,44,1.8204896450042725,4.817156791687012,5371.555397727273,2401.7158391461508,0.1396484375,22.879257005393562,-0.016239946069389784,-124.33377838134766,98.89151000976562,-11.257695198059082,-1.3802285194396973,-32.05743408203125,1
match7_ambig_0038.mp4,0.13509143888950348,0.0052660307846963406,1868.030168163983,-45.115570068359375,3843.6767578125,25,1.8250051736831665,4.830868721008301,3813.0333533653848,2041.489835905919,0.09295184795673077,22.3934455353803,-0.010134128531612063,-101.07003021240234,119.94766998291016,-29.897294998168945,15.977681159973145,-22.97212791442871,0
match7_ambig_0039.mp4,0.05665126070380211,0.009533573873341084,2027.041253932603,-43.1927604675293,4371.240234375,23,1.9606233835220337,4.788534641265869,4322.79052734375,2101.7483309540203,0.11744520399305555,22.576664983042043,0.005403324923378154,-172.34500122070312,121.77056121826172,-21.53093147277832,2.876988410949707,-17.398813247680664,0
match7_ambig_0040.mp4,0.09485428035259247,0.01058962568640709,1968.3872487617925,-49.5395622253418,4274.3408203125,42,1.8603405952453613,4.695888996124268,3860.9533975290697,1969.216916027196,0.09222837936046512,21.35267053254179,0.012809472469040696,-138.48291015625,115.20856475830078,-42.05986404418945,-8.324516296386719,-33.154937744140625,0
match7_ambig_0041.mp4,0.04214240983128548,0.01447372417896986,2484.2100711634143,-49.477752685546875,4349.70703125,37,1.861295461654663,4.658465385437012,4822.540283203125,2357.0039585949585,0.17954508463541666,21.11324048859764,0.017074777493123926,-232.48854064941406,97.70804595947266,2.6254217624664307,40.40463638305664,-11.2020263671875,0
match7_ambig_0042.mp4,0.11380016058683395,0.019596103578805923,2092.3798729006235,-43.02693557739258,3757.5439453125,41,1.8314154148101807,4.763375759124756,4168.345484240302,2006.6225467728893,0.11655610183189655,22.38629343568853,-0.024841202447025344,-94.42693328857422,112.69812774658203,-43.17973709106445,10.826778411865234,-7.500507354736328,0
match7_ambig_0043.mp4,0.11118853837251663,0.018675364553928375,2110.5431683116462,-44.0235481262207,3682.177734375,37,1.9590578079223633,4.668801307678223,4235.972567471591,2133.2466490975703,0.10872691761363637,20.97493997404341,0.015097716701858699,-86.52236938476562,108.8155746459961,-35.436153411865234,-1.6274985074996948,-19.545927047729492,0
match7_ambig_0044.mp4,0.07012709975242615,0.009140531532466412,1866.1001366888718,-47.6706657409668,4166.6748046875,30,1.838446855545044,4.726877212524414,3465.1457134046054,1829.3114041727117,0.10665090460526316,22.315708075539103,-0.016303466264455037,-167.52377319335938,129.14402770996094,-37.861324310302734,9.488809585571289,-19.16546630859375,0
match7_ambig_0045.mp4,0.11645125597715378,0.013955546543002129,2075.9290004205754,-47.626495361328125,3617.578125,27,1.8411189317703247,4.644432067871094,4002.80712890625,2012.6249330881544,0.11306640625,21.873105828291045,0.016571918482972934,-94.41539001464844,109.37715148925781,-41.53059387207031,1.753177285194397,-23.602731704711914,0
match7_ambig_0046.mp4,0.022568756714463234,0.02330945059657097,2502.389205459038,-37.61537170410156,3714.4775390625,45,1.9271059036254883,4.740016460418701,5115.071968410326,2287.37257094589,0.1663871433423913,21.60769764168801,0.03402497011768064,-245.05087280273438,102.89078521728516,-11.563602447509766,36.39997863769531,-11.563196182250977,0
match7_ambig_0047.mp4,0.017144717276096344,0.007082673255354166,2286.693273485911,-40.73973846435547,4188.2080078125,31,1.8961759805679321,4.727553367614746,4639.892578125,2285.506826560854,0.16630626860119047,21.861117501012753,0.002724193140128134,-307.4495544433594,115.43807983398438,-1.6833295822143555,48.116790771484375,-11.538077354431152,0
match7_ambig_0048.mp4,0.19218434393405914,0.0018901863368228078,1570.9490142182876,-54.61225509643555,3606.8115234375,24,1.7365953922271729,4.681231498718262,3090.0146484375,1594.6402032630133,0.07902238175675676,23.791894246666754,0.004725127700552295,-110.48658752441406,138.821044921875,-45.0361213684082,29.590160369873047,-16.242490768432617,0
match7_ambig_0049.mp4,0.05754188075661659,0.0037375909741967916,1838.7028930439453,-48.64515686035156,4392.7734375,24,1.9292399883270264,4.970722198486328,3627.3659446022725,1846.8757510349815,0.12090509588068182,22.288927794070904,4.447566846307535e-05,-201.2705078125,137.68203735351562,-24.293292999267578,23.312694549560547,-27.38214683532715,0
match7_ambig_0050.mp4,0.06966504454612732,0.011141019873321056,2363.4489943881017,-43.36273956298828,3649.8779296875,29,1.8850688934326172,4.7242512702941895,4753.45458984375,2188.699339764251,0.15205891927083334,23.395543002518476,-0.00996298166826153,-174.1065216064453,97.7054672241211,-28.271005630493164,29.657196044921875,5.367941379547119,0
match7_ambig_0051.mp4,0.038385890424251556,0.01841210573911667,2763.829301299013,-49.50209426879883,4392.7734375,37,1.8956571817398071,4.555654525756836,5248.974609375,2490.037531241883,0.19997442336309523,20.035498396870054,0.012028803775719858,-253.44740295410156,85.98240661621094,9.903526306152344,35.08189010620117,-9.962697982788086,0
match7_ambig_0052.mp4,0.08747175335884094,0.005305713973939419,1824.9600162918816,-48.929019927978516,3649.8779296875,33,1.8645131587982178,4.690475940704346,3487.9482421875,1887.2787857213987,0.093984375,23.184581172931605,-0.008869448415393336,-149.99017333984375,127.15962219238281,-32.057952880859375,24.169836044311523,-14.236266136169434,0
match7_ambig_0053.mp4,0.091531902551651,0.0171565692871809,2261.786519513882,-41.70305252075195,3757.5439453125,39,1.8237818479537964,4.649527549743652,4658.6256760817305,2179.38943367734,0.16234224759615384,21.63861345022564,-0.0014497054737319039,-110.96922302246094,108.29325866699219,-31.484039306640625,6.79927921295166,-26.858203887939453,1
match7_ambig_0054.mp4,0.14704148471355438,0.017611490562558174,2408.489364344093,-50.789894104003906,3800.6103515625,37,1.8231474161148071,4.685314178466797,5389.031391759073,2473.5743587133315,0.12110950100806452,22.981704680052335,-0.0029762754088493762,-92.60808563232422,94.49031829833984,-4.715015888214111,8.468172073364258,-11.724658966064453,1
match7_ambig_0055.mp4,0.09628931432962418,0.007369278464466333,2081.664162532313,-48.01081848144531,3692.9443359375,29,1.8279211521148682,4.672793388366699,3615.9217247596152,1927.0476240804412,0.12215795272435898,22.93816488386356,-0.00769457029370506,-121.24302673339844,108.47398376464844,-45.05849838256836,17.178253173828125,-13.37158203125,0
match7_ambig_0056.mp4,0.07657171785831451,0.008378892205655575,2088.4007859864796,-45.73065948486328,4338.9404296875,67,1.8516966104507446,4.764796733856201,4496.074614653716,2136.06130062601,0.11387510557432433,22.99633189830051,0.013190920840223143,-156.17176818847656,108.1290283203125,-23.43189811706543,34.17657470703125,-11.270437240600586,0
match7_ambig_0057.mp4,0.07247838377952576,0.00912123266607523,2642.9423415407505,-54.785369873046875,4209.7412109375,30,1.8813281059265137,4.5788187980651855,4891.390641009221,2243.114694191085,0.19180648053278687,21.99728773839669,0.021388741996743146,-238.95216369628906,87.4400405883789,7.601530075073242,39.097923278808594,-11.320122718811035,0
match7_ambig_0058.mp4,0.05743160843849182,0.0062707774341106415,1810.3201828871156,-40.44961166381836,3951.3427734375,26,1.828781247138977,4.804113864898682,3742.1630859375,1955.0692391331124,0.09799339657738096,22.841164101043635,-0.020007565572575145,-171.0265350341797,131.4788818359375,-31.312843322753906,19.383750915527344,-12.200029373168945,0
match7_ambig_0059.mp4,0.07225203514099121,0.003492149757221341,1553.3975467862358,-44.453636169433594,3789.84375,39,1.8243000507354736,4.755637168884277,2937.607421875,1666.810319187978,0.08505859375,22.581162546678097,-0.008453750479904102,-162.27552795410156,143.36807250976562,-41.09806442260742,21.022321701049805,-13.480247497558594,0
match7_ambig_0060.mp4,0.08694935590028763,0.009401225484907627,1842.6883966644148,-43.14623260498047,3660.64453125,33,1.807025671005249,4.740776062011719,3431.035050101902,1866.9711867422554,0.10337763247282608,21.42854162034374,0.008569650882206034,-107.69268035888672,124.84883117675781,-40.084266662597656,22.37452507019043,-11.53566837310791,0
match7_ambig_0061.mp4,0.10636133700609207,0.010478641837835312,1999.4720620722258,-46.70441818237305,3768.310546875,42,1.8386075496673584,4.725572109222412,4331.089782714844,2212.250949543939,0.10210164388020833,21.02953405410835,-0.0070671984849005574,-124.01668548583984,112.88116455078125,-11.184139251708984,25.007055282592773,-13.375476837158203,0
match7_ambig_0062.mp4,0.07200363278388977,0.015026567503809929,2227.829417123231,-45.04729080200195,3962.109375,15,1.8716797828674316,4.735100746154785,4032.5287690033783,1983.2187564161798,0.15060177364864866,21.545686753778487,0.012123494915239463,-135.3202667236328,108.78877258300781,-50.203243255615234,10.68623161315918,-15.122156143188477,0
match7_ambig_0063.mp4,0.0754723995923996,0.006398342549800873,1799.7851065358586,-54.45235061645508,3736.0107421875,37,1.7969098091125488,4.736834526062012,3577.6220703125,1954.4619628925573,0.08712022569444444,22.30792179842364,0.021504505578243176,-155.33242797851562,128.64312744140625,-28.53638458251953,23.683271408081055,-4.077779769897461,0
match7_ambig_0064.mp4,0.06861521303653717,0.01851181872189045,2448.728197734781,-39.89894104003906,4037.4755859375,53,1.8970839977264404,4.8244524002075195,4689.096023787313,2127.7195808911374,0.16309322527985073,22.611525168157215,0.005978218541458113,-140.9347381591797,99.37250518798828,-30.49969482421875,19.63401985168457,-28.99287223815918,0
match7_ambig_0065.mp4,0.0742354616522789,0.010984757915139198,2138.6044596582083,-46.66476058959961,3843.6767578125,29,1.7876691818237305,4.7744646072387695,4234.2352294921875,2170.0886032439294,0.1232177734375,23.04206257957239,0.0017700441564820577,-157.72518920898438,111.834716796875,-21.58759307861328,12.084075927734375,-14.728776931762695,0
match7_ambig_0066.mp4,0.09078343957662582,0.005096372216939926,1808.1014371937763,-49.331459045410156,3822.1435546875,34,1.8418084383010864,4.698746204376221,3946.909466911765,2085.2100082664065,0.10185929840686274,22.217080851578626,-0.005748686196609946,-152.89959716796875,126.37517547607422,-16.073652267456055,23.929256439208984,-14.779626846313477,1
match7_ambig_0067.mp4,0.04533607140183449,0.010020767338573933,2688.3900926779065,-40.25324630737305,4112.841796875,45,1.8434722423553467,4.85795259475708,4980.58847280649,2215.2647296589585,0.20151930588942307,24.43021237091257,0.01791008363502218,-204.90785217285156,89.78813171386719,-13.77833366394043,43.18344497680664,-8.957304954528809,0
match7_ambig_0068.mp4,0.0779452919960022,0.008254365995526314,2123.2512983064307,-53.02110290527344,4069.775390625,34,1.8543347120285034,4.666982650756836,4248.2318115234375,2093.354634210438,0.12625732421875,22.064286046458143,-0.014126353400412905,-182.92739868164062,108.36207580566406,-21.367177963256836,12.609565734863281,-32.3853759765625,0
match7_ambig_0069.mp4,0.09817323088645935,0.007194459903985262,2068.9384546443057,-53.407073974609375,3660.64453125,25,1.8539378643035889,4.673595428466797,4191.052015772406,2055.8900942294385,0.11606353183962265,22.76499967785602,0.030222100822973556,-158.7012481689453,106.71693420410156,-25.15630340576172,16.39896583557129,-25.053329467773438,0
match7_ambig_0070.mp4,0.021054252982139587,0.03755900263786316,3793.389136231693,-33.71473693847656,4382.0068359375,37,1.885883092880249,4.77150821685791,6080.839116522607,2386.6651987104237,0.3059341755319149,21.093539851299404,-0.0018101890846925971,-269.95794677734375,40.43687438964844,15.612544059753418,48.839927673339844,-15.906344413757324,0
match7_ambig_0071.mp4,0.09482574462890625,0.0053111715242266655,2170.044550042052,-47.309425354003906,3843.6767578125,47,1.8996381759643555,4.818350315093994,4434.4940185546875,2165.446034157962,0.11768450055803571,22.787809436084544,-0.02054611182259583,-167.9835662841797,100.90250396728516,-11.683225631713867,30.800600051879883,-31.481523513793945,1
match7_ambig_0072.mp4,0.05851873382925987,0.007248004898428917,2159.44238912128,-43.74965286254883,3994.4091796875,28,1.8770657777786255,4.744704723358154,4838.85331587358,2300.867498204571,0.12849564985795456,22.726673905968845,-0.015329778743405844,-204.25193786621094,105.51793670654297,8.075298309326172,34.5359001159668,-14.920507431030273,0
match7_ambig_0073.mp4,0.12294089794158936,0.016087710857391357,2059.579980108245,-50.13008499145508,3757.5439453125,31,1.7940034866333008,4.674807548522949,4159.2578125,2117.8832900812513,0.09568142361111111,21.28885396302825,-0.0010222481401422794,-108.7530288696289,111.5518798828125,-23.907529830932617,4.815553665161133,-24.536882400512695,0
match7_ambig_0074.mp4,0.14301154017448425,0.0037961099296808243,1647.3752677361338,-47.876949310302734,3832.91015625,27,1.8360984325408936,4.762692451477051,3573.2597883357557,2035.1373748198441,0.059513535610465115,21.660737806498698,-0.01648954921298228,-133.96710205078125,124.97075653076172,-2.4483556747436523,36.25493621826172,-21.585988998413086,0
match7_ambig_0075.mp4,0.0928366407752037,0.005545551888644695,1799.6005399994633,-46.612606048583984,3865.2099609375,36,1.815414547920227,4.800245761871338,3453.074468568314,1777.32032633479,0.1066383539244186,22.455559625283534,0.0159129756584258,-128.26416015625,129.06898498535156,-45.247474670410156,17.17987632751465,-28.827735900878906,0
match7_ambig_0076.mp4,0.10660771280527115,0.017075566574931145,2057.0409582765433,-48.01088333129883,3800.6103515625,33,1.909989595413208,4.655130863189697,4365.6646728515625,2190.3057304131994,0.11052594866071429,21.706088584512077,-0.012979201141509028,-113.62841796875,112.26319885253906,-18.955867767333984,15.452995300292969,-9.696290016174316,1
match7_ambig_0077.mp4,0.05275029316544533,0.022240648046135902,2280.3919659711964,-39.729759216308594,3875.9765625,35,1.9196455478668213,4.630693435668945,4406.795058139535,2085.409044831206,0.14287336482558138,21.084887579231072,-0.01141286166857688,-150.26853942871094,101.41545867919922,-42.06290054321289,12.237242698669434,-2.5599567890167236,0
match7_ambig_0078.mp4,0.05731463432312012,0.005719716195017099,1777.4322538046792,-42.461544036865234,3606.8115234375,31,1.829406499862671,4.838046073913574,3255.4803145559213,1625.6332985540348,0.11617238898026316,21.67359529191656,0.011440407313817848,-168.71372985839844,135.76669311523438,-56.67824935913086,27.28986167907715,-8.845295906066895,0
match7_ambig_0079.mp4,0.1158929094672203,0.003961297683417797,1911.1779004066204,-55.594200134277344,3757.5439453125,25,1.7957117557525635,4.598213195800781,3774.12451171875,2025.2106521985327,0.079384765625,23.57217501630055,-0.027801527546747574,-179.8355255126953,108.49201202392578,-35.63091278076172,11.012259483337402,-18.475488662719727,0
match7_ambig_0080.mp4,0.11672287434339523,0.01977853663265705,2331.2129203707095,-52.57944107055664,3649.8779296875,39,1.8534440994262695,4.666887283325195,4422.539924172794,2102.4645005522216,0.13654641544117646,22.187634300181124,-0.00022545301970537204,-113.70620727539062,94.00562286376953,-24.759868621826172,31.6209659576416,-3.928847312927246,0
match7_ambig_0081.mp4,0.13681280612945557,0.004762545693665743,1644.4163253529853,-51.64706039428711,3919.04296875,34,1.8568071126937866,4.713584899902344,3107.114545036765,1692.988383526551,0.08290249693627451,21.508385805285446,-0.005603608866716625,-111.81224060058594,135.20021057128906,-43.24124526977539,14.717153549194336,-26.726892471313477,0
match7_ambig_0082.mp4,0.12728646397590637,0.00575984176248312,1850.9132993185817,-47.936126708984375,3800.6103515625,29,1.895634651184082,4.808963775634766,3913.121337890625,1940.839735402927,0.0912109375,23.0544198077293,0.005259199684397748,-107.2186050415039,119.9818344116211,-27.880626678466797,13.574419975280762,-27.795948028564453,0
match7_ambig_0083.mp4,0.09696058928966522,0.010106965899467468,2254.9420146417374,-49.44087600708008,4263.57421875,44,1.8114465475082397,4.7445197105407715,4408.92333984375,2123.6900424313894,0.13878455528846154,23.432805416317084,0.007277264426626385,-139.31729125976562,104.49911499023438,-26.968914031982422,29.981828689575195,-5.918030738830566,0
match7_ambig_0084.mp4,0.10301978886127472,0.012294785119593143,2188.3982030573225,-46.842063903808594,4252.8076171875,33,1.8067163228988647,4.640069961547852,4218.3544921875,2048.0939458230755,0.14351128472222222,22.55219498240695,-0.006734839912405586,-133.54364013671875,106.2415771484375,-28.743928909301758,24.506956100463867,-8.960626602172852,0
match7_ambig_0085.mp4,0.09294022619724274,0.005803331267088652,1725.239592352818,-49.146270751953125,3617.578125,31,1.7716928720474243,4.669361591339111,3298.88671875,1700.293552093612,0.09959716796875,22.20042656979875,0.008753753940532556,-132.34844970703125,133.9026336669922,-48.030799865722656,12.402463912963867,-25.7707576751709,0
match7_ambig_0086.mp4,0.034006766974925995,0.0056601413525640965,1749.9020245562058,-42.7331657409668,4274.3408203125,26,1.9203181266784668,4.708741664886475,3728.556941105769,2102.56742416064,0.0931239983974359,21.767782321930923,-0.022402060392162155,-237.72586059570312,129.30877685546875,-1.2005285024642944,36.308345794677734,-8.55176067352295,0
match7_ambig_0087.mp4,0.07612712681293488,0.004779070150107145,2088.793178474601,-44.53870391845703,4112.841796875,30,1.8960678577423096,4.7355570793151855,3971.1181640625,1950.093052733487,0.13808394451530612,23.287683397100803,0.001292239970727864,-175.40164184570312,112.5479736328125,-37.21549987792969,39.679561614990234,0.3771451711654663,0
match7_ambig_0088.mp4,0.07992000877857208,0.010867307893931866,1882.8259183409036,-44.79154968261719,3639.111328125,29,1.8922556638717651,4.872941970825195,3590.5235877403848,1858.4311946304788,0.10662059294871795,21.458068444466676,0.005171977560041816,-124.84611511230469,124.10289001464844,-41.710140228271484,21.6434383392334,-13.702783584594727,0
match7_ambig_0089.mp4,0.09949831664562225,0.008307288400828838,1857.3937780935053,-46.79780960083008,3628.3447265625,39,1.8547496795654297,4.778442859649658,3811.5692138671875,1922.6988249677047,0.09213692801339286,22.186819752584956,-0.0014188073770621732,-121.62894439697266,123.94770812988281,-36.21111297607422,18.166168212890625,-19.001506805419922,0
match7_ambig_0090.mp4,0.031342919915914536,0.010277302004396915,2987.400857901798,-48.512939453125,3983.642578125,44,1.8999664783477783,4.652036666870117,5173.237512466755,2257.107814590711,0.2162150930851064,20.900377758681568,0.011819248351299229,-300.14202880859375,73.70130920410156,14.899709701538086,52.83150100708008,-19.962444305419922,0
match7_ambig_0091.mp4,0.11915355175733566,0.003177872858941555,1523.9281722970866,-49.963905334472656,3606.8115234375,17,1.7711378335952759,4.833859443664551,3036.6710316051135,1641.8346628413876,0.07704856178977272,22.034695967009505,0.0030054695653445014,-124.38874816894531,147.17604064941406,-38.298927307128906,10.00234317779541,-38.58961486816406,0
match7_ambig_0092.mp4,0.10776273906230927,0.008941917680203915,1773.1087487117204,-50.45409393310547,3671.4111328125,22,1.8938379287719727,4.665789604187012,3465.5937727107557,1939.1527549779726,0.07775027252906977,21.881451149522466,-0.01863699010080788,-129.54295349121094,124.58137512207031,-24.74406623840332,14.719705581665039,-16.264909744262695,0
match7_ambig_0093.mp4,0.10186047106981277,0.004575989209115505,1932.271973222226,-49.22059631347656,4209.7412109375,36,1.9386423826217651,4.655877113342285,3881.4794921875,1967.7482648529467,0.09710286458333334,23.382773963929985,-0.008536787795138492,-157.71917724609375,106.63111114501953,-40.50279235839844,13.931839942932129,-22.063344955444336,0
match7_ambig_0094.mp4,0.10978347063064575,0.0043692151084542274,1605.2351830391694,-47.85129928588867,3768.310546875,17,1.8750684261322021,4.810791492462158,2892.2491776315787,1670.6626817745162,0.08899568256578948,21.82721384171771,-0.009882354357912354,-109.27914428710938,142.46954345703125,-45.16610336303711,12.066494941711426,-23.935400009155273,0
match7_ambig_0095.mp4,0.09508217126131058,0.007357558235526085,1922.023065770456,-42.86240768432617,4145.1416015625,45,1.8464819192886353,4.764231204986572,3722.410824424342,1929.4573178972275,0.11930338541666667,22.675294063795647,-0.020108507463968778,-119.59453582763672,120.6155776977539,-36.20730209350586,28.704713821411133,-7.122553825378418,0
match7_ambig_0096.mp4,0.06075339391827583,0.009275839664041996,2394.8222031022487,-45.678550720214844,3671.4111328125,47,1.8717845678329468,4.814328193664551,4723.347981770833,2016.093999206932,0.17007257908950618,22.643442696694265,-0.003303130272415272,-180.3002471923828,106.1695327758789,-33.99408721923828,34.65386962890625,-16.867965698242188,0
match7_ambig_0097.mp4,0.10165856033563614,0.014156482182443142,2069.402225661101,-45.06198501586914,3639.111328125,61,1.8278602361679077,4.82118034362793,4312.570057744565,2052.3858037557397,0.11297695878623189,21.37196579018263,-0.011870484076647736,-116.69691467285156,112.0475082397461,-31.304920196533203,25.39666175842285,-17.686912536621094,0
match7_ambig_0098.mp4,0.03647615388035774,0.014540272764861584,1909.0944459257153,-45.50644302368164,4220.5078125,27,1.8462132215499878,4.825401306152344,4026.170654296875,2061.057507735247,0.115283203125,21.57237501721253,0.026002650006315395,-213.01010131835938,122.77169036865234,-16.30560874938965,33.678260803222656,-13.372316360473633,0
match7_ambig_0099.mp4,0.10764732956886292,0.009118689224123955,2209.8727778918096,-50.329811096191406,3714.4775390625,23,1.7770642042160034,4.919034004211426,4482.674560546875,2145.6186518813533,0.11529134114583334,23.65304948211238,-0.027739616149309025,-119.3667221069336,99.03272247314453,-31.239057540893555,19.458967208862305,-21.750041961669922,1
match7_ambig_0100.mp4,0.12432405352592468,0.005822733044624329,1832.0976435438668,-57.710994720458984,3800.6103515625,29,1.7235883474349976,4.763366222381592,4042.2607421875,2071.294963395072,0.0749782986111111,23.996773881840966,-0.04127202500050478,-159.63694763183594,110.46910858154297,-15.11125373840332,20.005985260009766,-9.190268516540527,0
match7_ambig_0101.mp4,0.1319301575422287,0.006804879754781723,1691.9148008446327,-52.088558197021484,3919.04296875,17,1.863832712173462,4.751609802246094,3465.4290450246713,1924.1886504988406,0.06895045230263158,22.9535650625691,-0.026870348689574587,-144.2401885986328,124.66624450683594,-20.718055725097656,5.422474384307861,-35.965476989746094,0
match7_ambig_0102.mp4,0.04041033983230591,0.02522629126906395,2272.3633923440016,-35.25025939941406,4145.1416015625,25,1.861459493637085,4.8137431144714355,4443.351426235465,2033.5059995827175,0.15236646075581395,20.52432488046464,0.010296832614731901,-174.6471710205078,106.43521881103516,-41.17716598510742,15.265499114990234,-13.638681411743164,0
match7_ambig_0103.mp4,0.11953182518482208,0.006207238882780075,1781.9694732652279,-49.165069580078125,3606.8115234375,27,1.8301447629928589,4.525003433227539,3602.7099609375,2026.4410279051194,0.07509068080357142,21.603508698904136,-0.015557007206466932,-131.36477661132812,115.6377182006836,-21.738229751586914,7.4811930656433105,-22.863229751586914,0
match7_ambig_0104.mp4,0.1387256532907486,0.009832541458308697,2003.133060396937,-47.50086212158203,3671.4111328125,19,1.802273154258728,4.71027946472168,3965.422175480769,2078.178051039486,0.09392528044871795,21.143857894977966,-0.01594749796469946,-81.85986328125,108.84181213378906,-38.55148696899414,-4.89024543762207,-19.405981063842773,0
match7_ambig_0105.mp4,0.1067388504743576,0.0099667739123106,2161.6258445045446,-43.16826629638672,3800.6103515625,39,1.8423383235931396,4.979231357574463,4504.0283203125,2216.8773690928438,0.11787109375,21.906729585656254,-0.017287095600573607,-119.64845275878906,103.29529571533203,-16.66790771484375,39.58509063720703,-8.51934814453125,1
match7_ambig_0106.mp4,0.0640726387500763,0.00969197228550911,1929.1612789812955,-46.96718215942383,3606.8115234375,35,1.8401892185211182,4.7401204109191895,3563.2199171112807,1870.010216374464,0.11066120426829268,21.260834088779465,0.026770645549084846,-151.04440307617188,124.73892211914062,-43.16667938232422,19.89910888671875,-13.03034782409668,0
match7_ambig_0107.mp4,0.08368577063083649,0.007915481925010681,2787.534686546063,-44.0744743347168,3736.0107421875,18,1.8145188093185425,4.895729064941406,4849.815673828125,2111.801545969868,0.21639404296875,23.253189045582335,0.004279154720757416,-182.7217254638672,77.62226867675781,-7.3078107833862305,55.84271240234375,-8.321922302246094,1
match7_ambig_0108.mp4,0.10529684275388718,0.009770393371582031,1961.0584107512107,-40.56154251098633,4382.0068359375,39,1.813334345817566,4.757314682006836,3573.667279411765,1778.3013075409347,0.12517233455882354,20.8645347832851,0.004077942296124035,-92.5576400756836,118.84858703613281,-61.08056640625,16.982038497924805,-7.716175556182861,0
match7_ambig_0109.mp4,0.08943062275648117,0.006967425812035799,2077.509125364604,-40.59508514404297,3854.443359375,50,1.8879979848861694,4.7455153465271,4213.5009765625,2069.2471935887447,0.1354244171626984,22.67052060026668,-0.019959231335842844,-144.856689453125,121.49834442138672,-17.953258514404297,34.924957275390625,-28.747591018676758,1
match7_ambig_0110.mp4,0.10852125287055969,0.020516974851489067,2350.0281328643896,-43.092018127441406,4209.7412109375,49,1.8796303272247314,4.714233875274658,4705.902099609375,2288.535980004136,0.1336669921875,21.405951332430877,0.002260147798083104,-94.32984161376953,100.13327026367188,-27.99041175842285,7.456381320953369,-17.772403717041016,0
match7_ambig_0111.mp4,0.10277392715215683,0.007123944349586964,1792.0713729496892,-46.208126068115234,3714.4775390625,41,1.8073283433914185,4.6360602378845215,3949.3852095170455,2102.779009742811,0.07225452769886363,21.64170141740267,0.010568041056454197,-142.5045928955078,116.3126220703125,-12.750909805297852,33.14427947998047,-2.7502503395080566,0
match7_ambig_0112.mp4,0.1047423779964447,0.0080098956823349,1893.8843388664307,-46.491573333740234,3660.64453125,25,1.894767165184021,4.822364807128906,4143.303401295731,2088.62180883554,0.08588986280487805,21.939801119938608,-0.013402393282959875,-119.89733123779297,114.24970245361328,-21.658903121948242,25.405391693115234,-8.298941612243652,0
match7_ambig_0113.mp4,0.09270171821117401,0.015286270529031754,2580.007696538161,-50.43524932861328,4360.4736328125,33,1.8494030237197876,4.689703464508057,5188.3056640625,2442.3242941443104,0.16967230902777777,20.158744711697047,-0.03231834366614158,-179.77378845214844,86.81462860107422,3.955390691757202,37.16277313232422,-3.344491958618164,0
match7_ambig_0114.mp4,0.06926117837429047,0.005291122477501631,1693.4859225406592,-45.09731674194336,3649.8779296875,32,1.8433797359466553,4.789307594299316,3247.006722383721,1767.1291712637728,0.09343204941860465,22.096281996100604,-0.008194708079790869,-162.4885711669922,133.5406036376953,-44.151519775390625,18.75044822692871,-13.610673904418945,0
match7_ambig_0115.mp4,0.13024739921092987,0.030110124498605728,2261.394691090156,-42.4629020690918,3757.5439453125,38,1.8269600868225098,4.73103141784668,4722.292102222711,2180.549003371005,0.13085249779929578,21.602199206837863,-0.028607196990401814,-74.66232299804688,109.80575561523438,-23.596513748168945,13.644039154052734,-21.166353225708008,1
match7_ambig_0116.mp4,0.05806722119450569,0.007498396560549736,1922.1551269318998,-41.46304702758789,4306.640625,34,1.8273701667785645,4.766758918762207,3808.6227062136627,1996.1147144363129,0.10433321220930232,22.75277794514844,-0.028394875919649606,-183.61456298828125,116.93338012695312,-32.048301696777344,24.2623233795166,-7.977334499359131,0
match7_ambig_0117.mp4,0.14648616313934326,0.005140368826687336,1956.9166290161406,-51.63069152832031,3606.8115234375,20,1.8050822019577026,4.669120788574219,3872.465714164402,1955.2198906040285,0.09572435461956522,23.035518198835113,-0.0323220818316602,-106.48567962646484,107.10228729248047,-38.9338493347168,8.443831443786621,-13.793412208557129,0
match7_ambig_0118.mp4,0.03148997947573662,0.013952377252280712,2207.5282197094816,-46.28386688232422,4285.107421875,29,1.8265564441680908,4.7275309562683105,3977.8653772865855,2026.4971970283818,0.15242711509146342,21.877208579031542,0.007025779780210729,-224.48733520507812,115.79373931884766,-28.278915405273438,25.26860809326172,-6.471588134765625,0
match7_ambig_0119.mp4,0.11654026806354523,0.002674554940313101,1892.060236876136,-56.420753479003906,4231.2744140625,39,1.7849677801132202,4.550134658813477,4038.3918924534573,2112.7410183832963,0.09534990026595745,23.28997326590411,-0.017322105944885757,-186.4375762939453,115.72136688232422,1.7530256509780884,15.343921661376953,-31.279998779296875,0
match7_ambig_0120.mp4,0.0272276159375906,0.006888255011290312,2401.731401585903,-46.68643569946289,4392.7734375,38,1.923612356185913,4.695172309875488,4448.319313742898,2168.437945059277,0.19231622869318182,22.037357362734223,-0.010391407312950303,-274.9253234863281,116.90975952148438,4.936123371124268,30.754907608032227,-22.295806884765625,0
match7_ambig_0121.mp4,0.03945847228169441,0.010521029122173786,2163.473293973313,-47.2547721862793,4306.640625,29,1.83096182346344,4.626755714416504,4036.6877858231705,2010.5110547339011,0.16486042301829268,21.676289514051454,-0.01716188315238806,-210.5898895263672,119.77205657958984,-30.641176223754883,22.32025718688965,-18.42668342590332,0
match7_ambig_0122.mp4,0.05935920774936676,0.005448273383080959,1943.2832841836864,-54.4047966003418,4295.8740234375,28,1.8465383052825928,4.76240873336792,4446.6064453125,2324.36511509707,0.09056991185897435,21.553336667707466,0.00885492089028689,-219.8670654296875,104.52983856201172,4.001339435577393,40.692649841308594,-5.737747669219971,0
match7_ambig_0123.mp4,0.09472574293613434,0.014648398384451866,2302.859188638847,-40.9661979675293,4155.908203125,48,1.8287371397018433,4.750931262969971,4425.6552206503375,2165.8820151845503,0.13778109163851351,20.746517481848837,-0.011267075367055387,-120.12461853027344,103.48047637939453,-28.8030948638916,26.719818115234375,-17.46561622619629,0
match7_ambig_0124.mp4,0.08654998242855072,0.012852320447564125,1975.4000516661908,-40.069725036621094,3854.443359375,18,1.8535699844360352,4.710099697113037,3517.6419771634614,1854.6082047309105,0.12040514823717949,20.779951533031593,-0.002238851292699325,-100.06415557861328,118.68589782714844,-56.58344650268555,-3.455509662628174,-13.789724349975586,0
match7_ambig_0125.mp4,0.09899817407131195,0.007419010624289513,1895.9344448370528,-47.36301803588867,4295.8740234375,35,1.8612960577011108,4.748422622680664,3963.2042836334745,2016.0314101663132,0.11041777012711865,21.385749039191346,0.0005032902899848897,-142.77853393554688,119.06407928466797,-25.876523971557617,20.37497901916504,-22.79114532470703,0
match3_ambig_0001.mp4,0.04556123539805412,0.00685940170660615,1829.7596131054538,-36.850624084472656,3682.177734375,31,1.8712069988250732,4.820775508880615,3851.4066256009614,2062.709097868474,0.09596604567307693,21.67988990781744,-0.006494205197572065,-189.18218994140625,129.18467712402344,-9.396089553833008,41.9304313659668,-24.775354385375977,0
match3_ambig_0002.mp4,0.13232436776161194,0.0016439980827271938,1479.7532060908586,-51.4248046875,3606.8115234375,27,1.8589208126068115,4.56703519821167,3036.95068359375,1754.9491739937034,0.06522042410714286,22.65242190820368,-0.024268352010576637,-159.3759307861328,143.2074432373047,-15.893226623535156,40.38902282714844,-10.71922779083252,0
match3_ambig_0003.mp4,0.1797676831483841,0.006110935006290674,2224.829191427135,-46.09385299682617,4166.6748046875,32,1.7994379997253418,4.801131248474121,5377.350817228618,2387.11634945588,0.0927477384868421,24.514811772407576,-0.004633598065826981,-73.52819061279297,93.79322052001953,-12.989239692687988,12.37704086303711,-28.681711196899414,0
match3_ambig_0004.mp4,0.16852331161499023,0.0048303548246622086,2343.289695169205,-51.645668029785156,4166.6748046875,24,1.8245823383331299,4.837089538574219,5750.781892475329,2545.483629516588,0.10721628289473684,25.660735191183413,0.008648583627199426,-100.31035614013672,89.10662841796875,6.873376846313477,10.82337474822998,-23.042383193969727,0
match3_ambig_0005.mp4,0.15433983504772186,0.004095576703548431,2297.902721661948,-52.8643798828125,4177.44140625,29,1.8507390022277832,4.71712064743042,5611.8218994140625,2535.642391590382,0.09600830078125,26.046049435365546,-0.004382442357288419,-118.03670501708984,85.3219985961914,6.371960639953613,20.87540626525879,-17.353744506835938,0
match3_ambig_0006.mp4,0.14158709347248077,0.004542546812444925,2418.015800556248,-55.43113708496094,4177.44140625,21,1.8286502361297607,4.657886028289795,5940.553977272727,2635.8078811238365,0.08410274621212122,26.59000520761489,-0.03687707668706942,-139.2283477783203,75.56761169433594,11.156996726989746,15.601692199707031,-9.893339157104492,0
match3_ambig_0007.mp4,0.0870281308889389,0.005003317724913359,1786.1775183505147,-39.13649368286133,3994.4091796875,34,1.8520418405532837,4.799060344696045,3558.9599609375,1871.870964256541,0.10487196180555555,22.07642994911003,0.010879458797252136,-125.30741882324219,137.3761749267578,-35.42266845703125,10.40391731262207,-43.86674118041992,0
match3_ambig_0008.mp4,0.14742256700992584,0.009739902801811695,2025.1678089795994,-43.22058868408203,3639.111328125,32,1.8751760721206665,4.671298027038574,4205.519014246323,2059.215987021721,0.11530139399509803,21.606989346065017,0.01734254114830832,-79.07951354980469,124.56361389160156,-20.783720016479492,9.298725128173828,-37.3625373840332,0
match3_ambig_0009.mp4,0.1419418603181839,0.014656208455562592,2114.0857927630914,-40.75996398925781,3714.4775390625,110,1.8340113162994385,4.925593376159668,4177.603310032895,2008.0638674163667,0.14054790296052633,22.489430584207845,0.020154846140144587,-71.7691650390625,117.78999328613281,-30.294597625732422,17.078998565673828,-32.083831787109375,1
match3_ambig_0010.mp4,0.15502183139324188,0.0018493372481316328,1534.5519958997902,-52.12318801879883,4080.5419921875,32,1.7921007871627808,4.8766255378723145,2742.791748046875,1666.1079912112539,0.0877685546875,23.39802438021373,-0.012802777644062607,-121.06953430175781,142.85928344726562,-29.059789657592773,13.468493461608887,-28.624664306640625,0
match3_ambig_0011.mp4,0.15752160549163818,0.005115418694913387,2094.625578465012,-50.11046600341797,4198.974609375,30,1.8609955310821533,4.825439929962158,5234.551680715461,2400.279943249498,0.07550370065789473,24.05216108774004,-0.013474613830071952,-105.85408782958984,96.30999755859375,0.15841005742549896,19.882089614868164,-24.302505493164062,0
match3_ambig_0012.mp4,0.13594187796115875,0.004359565209597349,2606.602788556267,-57.068782806396484,4188.2080078125,26,1.7943326234817505,4.186412334442139,6072.36328125,2649.802636913371,0.10648104039634146,27.45429659877138,-0.03970127533132355,-143.2596893310547,77.77973937988281,17.280099868774414,12.087616920471191,-5.576749324798584,0
match3_ambig_0013.mp4,0.14638525247573853,0.00725450087338686,1963.9990814308444,-49.71365737915039,3746.77734375,31,1.8661975860595703,4.636528968811035,3831.6582258357557,2063.2691348428666,0.09774709302325581,21.94912471052172,-0.012976819630646329,-84.65135955810547,116.98667907714844,-20.438419342041016,9.999701499938965,-32.1996955871582,0
match3_ambig_0014.mp4,0.12959475815296173,0.0013264865847304463,2498.9859742214844,-61.98923110961914,4198.974609375,30,1.6055136919021606,4.012747764587402,5804.898231907895,2538.55575836193,0.101806640625,29.672659342812715,-0.06124315796180432,-195.5795440673828,73.59649658203125,34.18681716918945,18.770641326904297,-21.832229614257812,0
match3_ambig_0015.mp4,0.15305884182453156,0.011238660663366318,2593.9085376791168,-48.06813430786133,4155.908203125,27,1.8654649257659912,4.624220371246338,6302.535763302365,2698.6789748438796,0.11160525760135136,24.54223183271595,-0.007612884665248918,-86.44564056396484,78.2302017211914,5.66759729385376,16.62470245361328,-7.893537998199463,0
match3_ambig_0016.mp4,0.1407269686460495,0.00849657692015171,2738.3558148019533,-53.26016616821289,4177.44140625,21,1.7482593059539795,4.293467044830322,6311.7919921875,2684.8415869400437,0.1317080543154762,27.05779717881995,-0.004397888944591743,-108.42816162109375,75.54045104980469,9.261149406433105,3.513181686401367,-13.743618965148926,0
match3_ambig_0017.mp4,0.12760873138904572,0.0061979456804692745,2214.5775923995616,-43.74545669555664,3908.2763671875,38,1.8546655178070068,4.872341632843018,4171.4956710587685,1859.307374803327,0.15501107742537312,22.951503810128703,0.019873569510679954,-101.73385620117188,108.61955261230469,-50.52313232421875,40.64708709716797,-16.68282699584961,0
match3_ambig_0018.mp4,0.13374947011470795,0.0015876985853537917,1987.4505558820128,-56.50018310546875,4209.7412109375,28,1.7726857662200928,4.52811861038208,4790.8685302734375,2332.914282041,0.09049072265625,29.047413881020713,-0.030745608209486717,-176.73269653320312,92.32563781738281,24.402172088623047,29.397680282592773,-8.115974426269531,0
match3_ambig_0019.mp4,0.1399078667163849,0.0018886281177401543,2213.533939330934,-43.04256057739258,4220.5078125,58,1.8467204570770264,5.089854717254639,4595.95458984375,2236.4745476297394,0.11486467633928571,28.414340637342512,-0.032175200866015226,-166.78152465820312,93.28422546386719,14.166329383850098,44.54185104370117,-34.38930892944336,1
match3_ambig_0020.mp4,0.13797535002231598,0.002314483281224966,1660.8945922958956,-47.19409942626953,4112.841796875,39,1.8055989742279053,4.915716171264648,3433.1502278645835,1760.0922944551244,0.09745732060185185,24.624162303050667,-0.008459635633373416,-123.08521270751953,132.69407653808594,-30.63939666748047,39.606807708740234,-21.181631088256836,0
match3_ambig_0021.mp4,0.1400551050901413,0.0023477498907595873,2932.726853720282,-50.244712829589844,4198.974609375,65,1.7985173463821411,5.076057434082031,5288.3453369140625,2277.187402639795,0.18613688151041666,28.54833970125263,-0.04952861414758939,-167.22669982910156,65.08486938476562,4.002331733703613,26.522300720214844,-35.77424621582031,1
match3_ambig_0022.mp4,0.16801893711090088,0.00919436290860176,2335.7787675789086,-41.96903610229492,3736.0107421875,81,1.8433494567871094,5.066615104675293,4978.766897823034,2346.122507710447,0.12552119908707865,23.138852805943966,2.0238079885487875e-05,-73.50545501708984,93.47736358642578,-10.199798583984375,28.121349334716797,-22.15073013305664,1
match3_ambig_0023.mp4,0.15076203644275665,0.001406436669640243,2136.6955165983018,-49.56364822387695,4166.6748046875,19,1.8411649465560913,5.103233814239502,5009.223973473837,2288.127250118873,0.07212936046511628,26.831646663061562,-0.046612274420597996,-159.25331115722656,71.46365356445312,-7.641747951507568,39.537269592285156,-18.554824829101562,0
match3_ambig_0024.mp4,0.12560297548770905,0.0005611206870526075,1928.9061980492215,-46.8148193359375,4177.44140625,54,1.8634998798370361,5.18092155456543,4185.193359375,2145.117029308963,0.0923046875,29.7291527606565,-0.032574853909229616,-218.9015655517578,95.68484497070312,29.001060485839844,49.8036994934082,-28.91390037536621,1
match3_ambig_0025.mp4,0.14759622514247894,0.006215340457856655,1851.0843694414477,-45.757774353027344,3940.576171875,31,1.8610870838165283,4.791263103485107,3526.8994140625,1830.5772528008415,0.10241970486111111,21.784955564388635,0.03438080346823207,-76.70259857177734,126.21826171875,-42.852081298828125,6.134748458862305,-27.353790283203125,0
match3_ambig_0026.mp4,0.15947623550891876,0.0036845896393060684,1719.0360056010695,-48.71717071533203,3897.509765625,47,1.783934235572815,4.784761905670166,3378.353087542808,1708.2359125344988,0.10178322988013698,23.241809958763746,-0.008350369123777445,-86.83386993408203,133.88265991210938,-46.25266647338867,25.52621078491211,-23.711286544799805,0
match3_ambig_0027.mp4,0.13120239973068237,0.01055146660655737,2338.2309317639297,-50.681236267089844,3671.4111328125,38,1.8625268936157227,4.652521133422852,4863.812255859375,2147.349886741052,0.09782918294270833,25.6377563456345,0.022520857852889424,-160.65750122070312,91.0600814819336,-13.035969734191895,36.53863525390625,-27.340646743774414,0
match3_ambig_0028.mp4,0.13911178708076477,0.011500111781060696,2090.669795994244,-43.11134719848633,3703.7109375,51,1.8088299036026,4.761618137359619,4545.0439453125,2197.182553541097,0.09593854631696429,22.85313328371972,0.019694584255495067,-81.96210479736328,105.71955108642578,-18.49517822265625,22.02890968322754,-23.444108963012695,0
match3_ambig_0029.mp4,0.1253751814365387,0.00480642169713974,2491.843973182533,-47.349342346191406,3897.509765625,57,1.8178291320800781,5.239072799682617,5126.4404296875,2324.9760559791084,0.12290736607142858,27.143179720104104,-0.06074943212856124,-159.63064575195312,81.58745574951172,-3.1641547679901123,18.719511032104492,-31.99832534790039,1
match3_ambig_0030.mp4,0.14858490228652954,0.0028921496123075485,2693.1277905335323,-44.21061706542969,4198.974609375,56,1.8230845928192139,5.033653736114502,5111.651141826923,2268.9782718357956,0.18800330528846154,28.68276800477819,-0.028901849410488244,-137.34512329101562,86.2189712524414,1.6399813890457153,18.180051803588867,-37.53834533691406,1
match3_ambig_0031.mp4,0.12874169647693634,0.003967932425439358,2926.411354770738,-56.85651779174805,4198.974609375,21,1.8758728504180908,4.458798408508301,6197.197661528716,2556.4997458449852,0.16876055743243243,31.378639744867417,-0.05414913255479639,-169.1709442138672,59.79617691040039,11.564735412597656,-0.25848549604415894,-9.813454627990723,0
match3_ambig_0032.mp4,0.055172137916088104,0.010475198738276958,2615.448444130849,-41.61288070678711,3746.77734375,36,1.8605552911758423,4.864583492279053,5232.568359375,2181.8699880903932,0.18892996651785715,25.09364754309213,0.0009642972121842753,-177.5121612548828,90.4007797241211,-19.4071102142334,33.21896743774414,-29.2998046875,0
match3_ambig_0033.mp4,0.1116686761379242,0.010221689008176327,2055.9078506209985,-38.89418411254883,3800.6103515625,59,1.7703126668930054,4.9244065284729,4064.8333440061474,1894.8634315519896,0.12905033299180327,22.368538406281253,-0.010702851797844191,-75.72254180908203,118.75621795654297,-49.14155578613281,26.936098098754883,-25.555849075317383,0
match3_ambig_0034.mp4,0.16552290320396423,0.007176009472459555,1773.6864836164068,-44.677574157714844,3746.77734375,41,1.9034448862075806,4.718541145324707,3731.9933535447763,2008.4328098985497,0.09386660447761194,21.848104983666495,0.009781580968381994,-67.1065673828125,130.1437225341797,-15.367603302001953,21.446561813354492,-29.917762756347656,1
match3_ambig_0035.mp4,0.10909348726272583,0.003666651900857687,2145.682965447618,-47.90143966674805,4155.908203125,44,1.8683491945266724,4.940512180328369,4917.3847813760085,2281.9389328696907,0.10480720766129033,25.72057778102513,-0.003566916973633784,-148.24496459960938,94.70245361328125,-2.197230100631714,42.124717712402344,-8.692645072937012,0
match3_ambig_0036.mp4,0.11713516712188721,0.013920428231358528,2140.360255896621,-39.766658782958984,3660.64453125,42,1.8533093929290771,4.714195251464844,4013.4429931640625,1957.1131501065963,0.13343157087053573,21.087411801859048,0.01917113788031718,-73.13031005859375,113.18206787109375,-45.814849853515625,15.859192848205566,-28.76827621459961,0
match3_ambig_0037.mp4,0.1374095231294632,0.009902874939143658,2207.4430658574624,-49.02104949951172,4220.5078125,24,1.824420690536499,4.7790141105651855,5047.74169921875,2232.2326186005453,0.10974702380952381,22.867068263641727,-0.0313099616137744,-97.82234954833984,102.49449920654297,-16.464004516601562,2.498502492904663,-41.86214065551758,0
match3_ambig_0038.mp4,0.14485378563404083,0.0008224667981266975,2085.7347136407034,-45.613773345947266,4155.908203125,32,1.8092206716537476,5.177160739898682,4668.564077524038,2334.190711098854,0.09080779246794872,29.51441693964057,-0.03347625918136755,-183.54849243164062,86.1068344116211,27.645029067993164,38.11052703857422,-30.082738876342773,1
match3_ambig_0039.mp4,0.05405699834227562,0.01859007030725479,3019.6860330355744,-33.56190490722656,4145.1416015625,41,1.9058347940444946,4.898029804229736,5683.6669921875,2493.9573452103355,0.22510762117346939,21.330541821611344,0.025000048671026016,-163.44125366210938,84.8998031616211,17.176116943359375,53.279205322265625,-38.26197052001953,0
match3_ambig_0040.mp4,0.08179692924022675,0.007493922021239996,2051.1343685036636,-40.16734313964844,4274.3408203125,35,1.8426963090896606,4.913680076599121,4149.035904255319,2094.227699086796,0.1495075631648936,22.104956522082645,0.0045910794168164334,-129.05191040039062,126.74888610839844,-17.139636993408203,23.61606216430664,-29.46959686279297,0
match3_ambig_0041.mp4,0.08548127859830856,0.009597956202924252,2035.130252695835,-38.45602035522461,3886.7431640625,18,1.9090794324874878,4.72334623336792,4392.7734375,2081.7878215592123,0.11575672238372094,21.543075754799972,-0.011156557921806299,-114.34833526611328,127.3135757446289,-18.923877716064453,31.399141311645508,-33.766197204589844,0
match3_ambig_0042.mp4,0.09678321331739426,0.0065573155879974365,1926.7493317794758,-40.00710678100586,3725.244140625,43,1.8297574520111084,4.765539646148682,3741.476862980769,1851.609195838841,0.13738731971153847,21.540346310149435,0.023602713559080942,-116.7763671875,130.55841064453125,-31.34324073791504,25.39902687072754,-37.21037292480469,1
match3_ambig_0043.mp4,0.18693740665912628,0.009055078029632568,2112.226010484743,-51.45969009399414,3639.111328125,34,1.8663792610168457,4.601987838745117,4622.062174479167,2174.3163583011187,0.0967068142361111,23.186317354332996,-0.02979052754162143,-79.15673065185547,109.19955444335938,-20.996984481811523,2.391263008117676,-47.36792755126953,0
match3_ambig_0044.mp4,0.0741276890039444,0.027563195675611496,2431.86608930715,-38.081729888916016,3649.8779296875,39,1.8477051258087158,4.699529647827148,4705.382658305921,2107.723371331086,0.1610814144736842,20.860802574569796,-0.010985967879805712,-100.01815795898438,96.5455551147461,-40.10921096801758,25.608455657958984,-19.511089324951172,1
match3_ambig_0045.mp4,0.16201335191726685,0.004183553159236908,1638.6749900274583,-47.67321014404297,3682.177734375,42,1.8070317506790161,4.8101487159729,3155.458697150735,1684.9310826612568,0.08175359987745098,20.88114961904457,0.015278160258710184,-85.24445343017578,137.63839721679688,-44.19801330566406,15.645723342895508,-33.27798843383789,0
match3_ambig_0046.mp4,0.14281050860881805,0.010778767988085747,1902.8293839491425,-39.20761489868164,3692.9443359375,24,1.797237753868103,4.783444404602051,3557.28515625,1854.5746051387425,0.10474609375,20.580228989331328,0.01000193229806743,-51.691104888916016,122.15624237060547,-49.44426727294922,5.971644878387451,-24.150190353393555,0
match3_ambig_0047.mp4,0.14610546827316284,0.0010646161390468478,2290.400829011792,-59.40922546386719,4155.908203125,26,1.615646481513977,4.338520050048828,4855.99990472561,2170.8584976005245,0.11043492759146341,28.923175182036434,-0.07506628476191765,-172.0318145751953,88.51349639892578,1.7268222570419312,3.426438093185425,-35.39019012451172,0
match3_ambig_0048.mp4,0.15500259399414062,0.0015251592267304659,3025.722868010075,-61.4562873840332,4145.1416015625,24,1.5494179725646973,4.004819393157959,6423.892822265625,2666.291584517905,0.13753662109375,32.275610176241415,-0.08836754355110796,-180.2723846435547,45.4483528137207,13.724215507507324,-5.190432548522949,-15.780645370483398,0
match3_ambig_0049.mp4,0.16495656967163086,0.0016643475973978639,2904.5364856408096,-58.709373474121094,4188.2080078125,25,1.7055459022521973,4.122304916381836,6383.2489013671875,2704.334415505975,0.139599609375,32.12668912309325,-0.004128692652588552,-163.3038330078125,51.48017501831055,21.612497329711914,3.9603610038757324,-6.897695064544678,0
match3_ambig_0050.mp4,0.17674532532691956,0.002974339760839939,2647.1326277435464,-54.706153869628906,4198.974609375,35,1.8121201992034912,4.481503963470459,6194.783528645833,2738.6685270746425,0.1049533420138889,31.445054497964385,0.004320936094588953,-148.4427947998047,59.332454681396484,32.58713912963867,19.333681106567383,-3.547025442123413,0
match3_ambig_0051.mp4,0.16437381505966187,0.003569705178961158,2235.8226663592727,-45.154842376708984,4145.1416015625,29,1.7971208095550537,4.988900661468506,5500.265225497159,2471.04885154922,0.10445889559659091,25.87849366094904,0.004700692890212928,-95.71867370605469,92.7173080444336,6.433784484863281,8.034823417663574,-34.34733963012695,0
match3_ambig_0052.mp4,0.17006134986877441,0.003763908054679632,2296.1137392998085,-49.866634368896484,4134.375,27,1.7970479726791382,4.84075403213501,5682.7287003800675,2545.357057215747,0.1025390625,26.862196565689214,0.01589446601089856,-107.76896667480469,83.94337463378906,7.93669319152832,6.355294704437256,-25.8045597076416,0
match3_ambig_0053.mp4,0.1467124968767166,0.005974933505058289,1803.6674110616739,-43.05723571777344,4145.1416015625,18,1.8454205989837646,4.925973892211914,3889.97314453125,1981.9839866354007,0.0808837890625,21.51925027117544,-0.000999209222128564,-83.2825927734375,125.08807373046875,-22.282835006713867,23.525650024414062,-26.570789337158203,0
match3_ambig_0054.mp4,0.10886181145906448,0.006374112330377102,2627.2661095989965,-41.98607635498047,3994.4091796875,74,1.8086410760879517,5.0582966804504395,4746.533203125,2259.607817408021,0.1480712890625,26.28988899457262,-0.06159061919955273,-186.70379638671875,84.54480743408203,15.667887687683105,44.31416702270508,-45.23534393310547,1
match3_ambig_0055.mp4,0.12973156571388245,0.008324475958943367,2469.099878153033,-55.21369934082031,4198.974609375,27,1.8058220148086548,4.674698352813721,5441.7896167652025,2356.590647447786,0.12071104307432433,27.401698120934714,-0.0422568200737412,-171.97705078125,82.17636108398438,9.078287124633789,23.601850509643555,-29.171003341674805,0
match3_ambig_0057.mp4,0.11881206184625626,0.006544531788676977,2196.8841586971116,-52.880462646484375,4198.974609375,26,1.8601850271224976,4.662906169891357,4787.171052631579,2151.975009083427,0.12308542351973684,23.981277238099896,-0.028962020037802315,-112.5018081665039,108.6797866821289,-21.537738800048828,-0.7096568942070007,-28.207393646240234,0
match3_ambig_0058.mp4,0.12003262341022491,0.011816450394690037,2152.768815804673,-47.58272933959961,3768.310546875,35,1.8608628511428833,4.677048206329346,4268.6279296875,2154.2649122277494,0.13088926977040816,21.290425884162936,0.007625112535667037,-110.8575439453125,115.15791320800781,1.3955870866775513,30.30274772644043,-20.41953468322754,0
match3_ambig_0059.mp4,0.15736514329910278,0.005066002253443003,1816.6803642476377,-41.652618408203125,3854.443359375,31,1.8318589925765991,4.813784599304199,3984.9884033203125,2054.6711280844925,0.07808837890625,21.8501439714423,-0.011083833639118173,-91.91495513916016,123.3821792602539,-18.654354095458984,34.7122688293457,-30.09441566467285,0
match3_ambig_0060.mp4,0.12099691480398178,0.008954132907092571,2396.8748268377626,-50.78388977050781,4112.841796875,35,1.9038424491882324,4.828193664550781,5492.421743032095,2353.467139599557,0.10532358530405406,23.82828900101624,-0.020682958333063536,-113.0352783203125,90.61951446533203,-15.355419158935547,1.4690662622451782,-30.41914939880371,0
match3_ambig_0061.mp4,0.12801264226436615,0.002139655640348792,1664.7611362608284,-53.59638595581055,4091.30859375,22,1.7385399341583252,5.150068759918213,3894.5489501953125,2101.1702035210983,0.06710205078125,25.752411482413038,-0.02367945030743879,-164.59689331054688,109.19465637207031,7.701375484466553,26.8156795501709,-15.181184768676758,0
match3_ambig_0062.mp4,0.13879439234733582,0.002861078828573227,2784.922697099742,-49.50300979614258,4198.974609375,39,1.806105613708496,5.075101852416992,5702.622427591464,2407.261183321841,0.16326457698170732,27.970768430643858,-0.07150055154183857,-121.51728057861328,72.06783294677734,-16.206239700317383,7.071995258331299,-17.2962703704834,0
match3_ambig_0063.mp4,0.14834782481193542,0.0042738886550068855,3194.39188467417,-52.20022201538086,4198.974609375,16,1.8480942249298096,4.8928327560424805,6556.322021484375,2662.69538138378,0.20438232421875,28.739710263759747,-0.04454910751485638,-112.363525390625,55.025611877441406,-3.558565139770508,1.5026947259902954,-10.217866897583008,0
match3_ambig_0064.mp4,0.13060516119003296,0.005813727620989084,2939.170790261051,-50.99423599243164,4209.7412109375,21,1.8720837831497192,4.578556537628174,6214.63623046875,2613.73249353704,0.18931361607142858,27.214757303302957,-0.012285810222704977,-112.15533447265625,67.38246154785156,-6.183080196380615,8.001091003417969,-5.162459373474121,0
match3_ambig_0065.mp4,0.1616864949464798,0.002532307058572769,1892.661686271614,-49.976261138916016,4198.974609375,16,1.776552438735962,5.0280303955078125,4405.693359375,2195.8520133936145,0.0720947265625,25.534297776950847,-0.01840477428928507,-124.32120513916016,102.13819122314453,-1.994264006614685,19.31899642944336,-23.67715835571289,0
match3_ambig_0066.mp4,0.16427095234394073,0.001949699711985886,2551.8700567835485,-60.841880798339844,4198.974609375,30,1.6864736080169678,4.1963887214660645,5643.892415364583,2433.772063480025,0.12180808738425926,30.49475327414957,-0.05430253669646275,-181.10409545898438,68.07565307617188,26.688688278198242,20.22199821472168,-17.102262496948242,0
match3_ambig_0067.mp4,0.11727745831012726,0.002292406279593706,2693.129102660848,-57.157901763916016,4112.841796875,29,1.737170696258545,4.5706892013549805,6075.054931640625,2540.56804587125,0.14168701171875,30.955356621533735,-0.03865196940073097,-194.84193420410156,58.58513641357422,32.29218673706055,22.234092712402344,-12.538570404052734,0
match3_ambig_0068.mp4,0.15146714448928833,0.002473201137036085,2565.3314173934245,-53.8005256652832,4123.6083984375,33,1.813503623008728,4.766681671142578,6194.12841796875,2727.4415599959807,0.09621465773809523,29.34233226997913,-0.018085283262122654,-158.5170135498047,65.22075653076172,26.94765281677246,18.034074783325195,-6.783221244812012,0
match3_ambig_0069.mp4,0.11862524598836899,0.0016276282258331776,2584.596562553798,-57.121402740478516,4134.375,20,1.7596911191940308,4.4872307777404785,6157.445693597561,2708.0893706923316,0.11184022484756098,31.50838495181388,-0.0256698297880148,-205.56092834472656,59.762081146240234,41.932796478271484,27.734886169433594,-6.417325019836426,0
match3_ambig_0070.mp4,0.17566221952438354,0.001449882285669446,2615.468078889461,-55.48928451538086,4134.375,57,1.6868348121643066,4.404856204986572,6168.83203125,2725.607821899345,0.11573567708333334,32.162566419062415,0.0013471355988318578,-162.9164581298828,55.44130325317383,45.266014099121094,28.096343994140625,-8.022531509399414,0
match3_ambig_0071.mp4,0.147098109126091,0.0027562729083001614,2868.858211011659,-54.675113677978516,4134.375,26,1.7468475103378296,4.471823215484619,6555.881569602273,2859.029512452395,0.13362260298295456,31.1689530458283,-0.002717877306759789,-166.1226348876953,52.57101058959961,45.792598724365234,19.853885650634766,-5.241030693054199,0
match3_ambig_0072.mp4,0.14722098410129547,0.0029154792428016663,1950.5290377362437,-49.66079330444336,4112.841796875,29,1.797731876373291,5.044137954711914,4718.57080078125,2322.3632199416975,0.05650390625,24.98154940320043,-0.011985539126825645,-145.74143981933594,92.24927520751953,-3.0761094093322754,29.025041580200195,-12.869729995727539,1
match3_ambig_0073.mp4,0.13767950236797333,0.002112720860168338,1819.07778764932,-60.40486526489258,4242.041015625,33,1.7616811990737915,4.867023944854736,3907.4481670673076,1952.8668798297224,0.09375,26.08195203292488,-0.049079782805967205,-158.64840698242188,126.93511199951172,-9.29688549041748,18.491249084472656,-22.17542839050293,0
match3_ambig_0074.mp4,0.10801412910223007,0.004339487291872501,1894.0552972191897,-50.144439697265625,4209.7412109375,27,1.8150861263275146,4.912384510040283,4064.90478515625,2115.984424262642,0.098876953125,24.50429305390579,-0.020768333769295613,-130.6775360107422,118.47430419921875,-11.206159591674805,19.1368408203125,-17.699247360229492,0
match3_ambig_0075.mp4,0.1668509840965271,0.001696149818599224,2136.534198308932,-53.844139099121094,4134.375,36,1.8866281509399414,4.754644393920898,5043.224676724138,2396.0450658108634,0.08816844019396551,29.14100343077199,-0.025105849272989266,-146.67575073242188,85.42571258544922,18.058382034301758,20.18853187561035,-17.630098342895508,0
match3_ambig_0076.mp4,0.13868898153305054,0.004268673714250326,2155.1001746736147,-50.18303680419922,4123.6083984375,29,1.830730676651001,4.6503705978393555,4485.813126474057,2093.1873345468994,0.11262713738207547,24.65636518037951,-0.017657093292401674,-109.12896728515625,101.27740478515625,-29.70643424987793,14.150558471679688,-20.942279815673828,0
match3_ambig_0077.mp4,0.1438852846622467,0.002088171197101474,2526.374055762345,-59.91602325439453,4242.041015625,27,1.727854609489441,4.130608558654785,5440.902099609375,2367.764031233374,0.11488037109375,30.202655581133904,-0.09485138543250343,-177.65719604492188,77.2594223022461,21.59562110900879,8.857656478881836,-38.524131774902344,0
match3_ambig_0078.mp4,0.13587763905525208,0.017789926379919052,2451.786242889569,-42.025062561035156,4317.4072265625,101,1.8802863359451294,4.8385186195373535,4875.57861328125,2266.8857520488814,0.14879324776785716,22.343143791217685,0.002136639077784907,-62.75759506225586,99.09230041503906,-26.238096237182617,16.132923126220703,-25.547147750854492,0
match3_ambig_0079.mp4,0.17493686079978943,0.005478322505950928,1838.2950973146233,-47.69613265991211,3908.2763671875,26,1.856327772140503,4.789438724517822,4179.194108829942,2141.6519001424467,0.07612645348837209,22.012991068656056,-0.005930920438569378,-95.53875732421875,112.9818115234375,-10.168550491333008,27.767847061157227,-16.191343307495117,0
match3_ambig_0080.mp4,0.10343190282583237,0.009382501244544983,2132.3024896173415,-48.92960739135742,4371.240234375,25,1.8481390476226807,4.804943561553955,4290.49072265625,2085.5617333856253,0.15597098214285715,21.258342957820304,-0.00655347064606684,-113.38272094726562,122.87284851074219,-20.3778076171875,20.18876075744629,-31.3513126373291,0
match3_ambig_0081.mp4,0.14110326766967773,0.009558225981891155,2077.6874152181344,-44.50635528564453,4371.240234375,50,1.8160879611968994,4.849596977233887,4209.7412109375,1976.2573605140476,0.118896484375,22.846472646241427,0.017601042605523913,-70.19719696044922,113.03955078125,-44.978084564208984,9.476364135742188,-30.531055450439453,0
match3_ambig_0082.mp4,0.08388043195009232,0.018528984859585762,2330.9339902086335,-37.329505920410156,3811.376953125,47,1.8050874471664429,4.712379455566406,4619.836243586754,2192.942596358106,0.13873746501865672,21.770380336005243,0.0032639801098177613,-103.62643432617188,103.83116912841797,-25.18810272216797,28.257049560546875,-30.39413070678711,0
match3_ambig_0083.mp4,0.05088852345943451,0.021732954308390617,2944.4091585545802,-25.483701705932617,3951.3427734375,53,1.8221639394760132,4.794966697692871,5646.2325246710525,2491.773344819139,0.22108861019736842,22.155036922947797,0.0019258034346789547,-152.3595428466797,93.0309829711914,8.373395919799805,35.32403564453125,-41.440128326416016,0
match3_ambig_0084.mp4,0.1325443834066391,0.0011158341076225042,2306.989766880308,-47.45625305175781,4231.2744140625,40,1.8079047203063965,4.995948791503906,4585.539851776541,2166.2191487906935,0.12257197131849315,29.12409369838294,-0.05922561281713713,-180.65338134765625,94.27586364746094,12.318142890930176,32.126853942871094,-33.07244873046875,1
match3_ambig_0085.mp4,0.0900186076760292,0.00395212834700942,1912.881143590843,-40.17683410644531,4015.9423828125,43,1.7836962938308716,4.733327388763428,4015.006156589674,2025.8113248820068,0.10945991847826086,24.03821079019374,0.0012647713730797143,-144.01634216308594,128.1122589111328,-19.523027420043945,38.627079010009766,-18.965850830078125,0
match3_ambig_0086.mp4,0.0931180864572525,0.003800571896135807,2297.5699187098094,-43.460906982421875,4392.7734375,40,1.7946174144744873,4.93131160736084,4394.879946501359,2206.8071521856436,0.1629373301630435,25.122360493562883,-0.006476631047406128,-152.37266540527344,111.2735824584961,-7.1762375831604,46.009220123291016,-13.735379219055176,0
match3_ambig_0087.mp4,0.13604390621185303,0.0113548394292593,2238.2301424067573,-45.354522705078125,4242.041015625,48,1.841874361038208,4.984292984008789,5233.890573601973,2295.565619655293,0.10970052083333333,22.641236361054784,-0.02079692208775222,-87.55343627929688,103.6491470336914,-11.014204978942871,6.346665382385254,-40.96292495727539,0
match3_ambig_0088.mp4,0.1553810089826584,0.0022670053876936436,2614.806238532866,-44.37050247192383,4252.8076171875,68,1.8278145790100098,5.121837139129639,5064.269377055921,2223.6266520624254,0.14471114309210525,29.990275971705298,-0.09596421386209347,-166.78176879882812,82.23175048828125,4.391111373901367,13.310501098632812,-43.8232421875,1
match3_ambig_0089.mp4,0.15859650075435638,0.0033283487427979708,2724.224467802289,-56.52601623535156,4231.2744140625,22,1.8560551404953003,4.490656852722168,5933.967590332031,2515.4303940242166,0.151214599609375,30.62964204588717,-0.045115192688752595,-139.6663055419922,70.98270416259766,17.019723892211914,-0.4676055610179901,-13.1533203125,0
match3_ambig_0090.mp4,0.15323147177696228,0.002975056879222393,1853.6766864106467,-53.80224609375,4198.974609375,25,1.7852169275283813,4.89709997177124,4700.4715768914475,2337.925248020549,0.06337376644736842,25.41196919488352,-0.00966488079908704,-139.36444091796875,101.8874740600586,15.883801460266113,21.6755313873291,-13.477328300476074,0
match3_ambig_0091.mp4,0.1155134066939354,0.009737762622535229,2459.3031181995216,-48.12895202636719,4209.7412109375,35,1.8242157697677612,4.6968913078308105,4401.3277236729455,1948.3734757444545,0.1809650577910959,24.60143695887893,-0.018012884139774157,-118.95711517333984,89.31187438964844,-36.708988189697266,58.06575012207031,-10.145824432373047,0
match3_ambig_0092.mp4,0.17243854701519012,0.001419676118530333,2122.0922902543307,-57.583824157714844,4188.2080078125,23,1.7442455291748047,4.317670822143555,4835.956804142442,2351.0280941868446,0.10360646802325581,28.764035756408113,-0.038052751640387676,-164.87599182128906,92.68429565429688,31.49979591369629,31.10494613647461,-6.034324645996094,0
match3_ambig_0093.mp4,0.16212038695812225,0.006718419026583433,2256.880831768376,-45.33925247192383,4145.1416015625,91,1.7973788976669312,5.0740203857421875,5026.5178811961205,2391.555568716288,0.09843637751436782,24.004763862472775,-0.015996659183168244,-90.04698944091797,91.93214416503906,-8.678808212280273,24.28843116760254,-25.78182029724121,1
match3_ambig_0094.mp4,0.1465766727924347,0.004198906011879444,1749.1605115811585,-51.298091888427734,4155.908203125,22,1.8046706914901733,4.907864570617676,3728.556941105769,1964.1998984359786,0.08513621794871795,23.04679474160528,-0.015605768711388197,-106.8646469116211,122.26438903808594,-24.13025665283203,6.159320831298828,-29.536968231201172,0
match3_ambig_0095.mp4,0.16374996304512024,0.0029592381324619055,2490.3385394135976,-53.986289978027344,4145.1416015625,24,1.9263174533843994,4.880428314208984,6003.277587890625,2629.5221891329957,0.1097412109375,28.054567062282427,-0.028476978188789262,-128.54397583007812,68.9676513671875,16.882152557373047,24.76470184326172,-5.070908069610596,0
match3_ambig_0096.mp4,0.12870028614997864,0.010543528944253922,1928.848363361635,-45.860294342041016,3951.3427734375,30,1.811732530593872,4.578388214111328,4233.58154296875,2203.4941555058126,0.08265904017857142,20.689427257618863,-0.0042443505650768725,-97.09705352783203,118.31092834472656,-8.94303035736084,-8.143125534057617,-30.54153823852539,0
match3_ambig_0097.mp4,0.1209493950009346,0.0019474938744679093,1852.5109304193163,-54.206058502197266,4155.908203125,25,1.7271802425384521,5.030777931213379,3640.5279862253287,1862.9909583164979,0.09578022203947369,25.755268328416445,-0.05997686129311347,-142.87950134277344,117.4972152709961,-34.91774368286133,6.3113484382629395,-32.08271408081055,0
match3_ambig_0098.mp4,0.12844067811965942,0.0014674068661406636,2101.2407321793553,-50.210819244384766,4209.7412109375,26,1.815808653831482,5.139243125915527,4375.008544921875,2032.8299792881517,0.0909423828125,25.846413108484473,-0.08645799726123853,-155.0264892578125,98.14964294433594,-34.97404098510742,13.982900619506836,-40.67608642578125,0
match3_ambig_0099.mp4,0.16516463458538055,0.0017105889273807406,2187.7320801747314,-49.94334411621094,4220.5078125,50,1.7890262603759766,5.017616271972656,4831.982421875,2160.1860438488384,0.09744698660714286,27.16652436231788,-0.0741293362913261,-125.16997528076172,87.67234802246094,-22.7358341217041,15.564005851745605,-32.1140251159668,0
match3_ambig_0100.mp4,0.17455069720745087,0.0037051145918667316,2275.902083042424,-50.24269104003906,4145.1416015625,29,1.7926335334777832,5.036160469055176,5676.767578125,2553.0481273515447,0.07022879464285714,25.18486933467073,0.014119881641074779,-102.10873413085938,81.14186096191406,-4.02891731262207,10.811152458190918,-17.193164825439453,0
match3_ambig_0101.mp4,0.15863481163978577,0.006698334123939276,2189.6242988308904,-42.55769348144531,3725.244140625,88,1.825532078742981,4.934088706970215,4621.872598616803,2148.7057705921843,0.11996910220286885,23.40427980436155,0.0011522437579647663,-74.3800048828125,101.58582305908203,-36.44879913330078,23.92017936706543,-24.829896926879883,1
match3_ambig_0102.mp4,0.03848237171769142,0.007527084555476904,1819.499337774535,-37.12943649291992,4145.1416015625,40,1.8207341432571411,4.784971237182617,4077.6260375976562,2093.6625597255497,0.11528523763020833,21.040568955920403,0.007343412572960287,-211.4586181640625,129.91615295410156,1.8605045080184937,40.71304702758789,-22.416017532348633,0
match3_ambig_0103.mp4,0.07581620663404465,0.02068920247256756,2126.8103978631325,-42.28328323364258,3660.64453125,38,1.8834418058395386,4.640373229980469,4494.5068359375,2192.561374580008,0.11297233737244898,21.40158058277623,-0.02336564371237664,-128.95822143554688,114.6736068725586,-9.143144607543945,33.41580581665039,-19.585105895996094,0
match3_ambig_0104.mp4,0.1540280133485794,0.002474650740623474,2585.830101818268,-58.26957321166992,4177.44140625,16,1.7616740465164185,4.355388641357422,5863.18359375,2536.1911015480787,0.15097191220238096,30.11084371707302,-0.03158191611155298,-147.58914184570312,76.73541259765625,31.235639572143555,19.87752914428711,-11.382075309753418,0
match3_ambig_0105.mp4,0.13130268454551697,0.004937055520713329,1935.8815480541346,-45.69643783569336,3811.376953125,34,1.889451503753662,4.873947620391846,3958.3900035511365,2004.6397065809306,0.10606356534090909,22.627577200579957,0.01347370899564148,-99.43177032470703,120.88943481445312,-27.168508529663086,24.385704040527344,-21.005474090576172,0
match3_ambig_0106.mp4,0.1092200055718422,0.0021625857334583998,1977.195199840417,-61.776573181152344,4231.2744140625,14,1.7519824504852295,4.728612422943115,4285.659555288462,2073.0148578100434,0.10181290064102565,28.34832730808525,0.0007194183511667245,-211.35020446777344,103.40121459960938,16.55622100830078,30.286226272583008,-21.01961326599121,0
match3_ambig_0107.mp4,0.1482270509004593,0.001081580063328147,2055.7539828040917,-44.93092727661133,4231.2744140625,54,1.8416038751602173,5.047980308532715,4134.102427808544,2098.7696363755317,0.1135470233386076,29.130459259859123,-0.03597746396014308,-165.6080780029297,100.56502532958984,12.032111167907715,42.545040130615234,-31.10112953186035,1
match3_ambig_0108.mp4,0.1509898155927658,0.0013876273296773434,1956.971950703247,-50.90425109863281,4209.7412109375,23,1.784692645072937,4.9738969802856445,4693.7375090843025,2219.7674221753678,0.09896211845930232,28.28233930230203,-0.016380236577612478,-149.0650177001953,100.95868682861328,19.404970169067383,34.41722869873047,-18.778682708740234,0
match3_ambig_0109.mp4,0.1509346067905426,0.0010681097628548741,2307.3512295294413,-60.39347457885742,4123.6083984375,32,1.5853869915008545,4.378302574157715,5270.458514873798,2394.1563605593196,0.11524376502403846,30.770149341092942,-0.0012605788341186375,-174.4873046875,83.14295959472656,31.68899917602539,20.087717056274414,-13.402212142944336,0
match3_ambig_0110.mp4,0.1292637139558792,0.004840382374823093,1905.6794617422875,-48.12882995605469,3639.111328125,28,1.8505460023880005,4.820047855377197,3846.7239091981132,1950.0796216377441,0.09959094929245282,23.169691613784945,-0.03798966558095534,-109.35767364501953,118.7512435913086,-37.89177703857422,23.920331954956055,-18.484737396240234,0
match3_ambig_0111.mp4,0.1427726000547409,0.007104077842086554,1768.0998000028537,-44.29527282714844,4102.0751953125,39,1.8352469205856323,4.670193672180176,3466.845703125,1844.458648076453,0.09467128537735849,21.133517772717184,-0.005588132488064403,-84.49078369140625,127.74803924560547,-37.312862396240234,10.90282154083252,-33.05160140991211,0
match3_ambig_0112.mp4,0.15639431774616241,0.0022838215809315443,2746.8605771252282,-57.80998992919922,4102.0751953125,30,1.6797195672988892,4.51034688949585,6136.065673828125,2651.689458321774,0.139892578125,31.15552280868853,-0.017054600649197504,-155.69215393066406,60.22895431518555,40.87335968017578,19.33110809326172,-9.092361450195312,0
match3_ambig_0113.mp4,0.15136176347732544,0.0031513869762420654,2763.827084807445,-57.050621032714844,4198.974609375,31,1.7190659046173096,4.429063320159912,6178.654837101064,2667.6576901463677,0.1359395777925532,31.345769873715557,-0.02899601919796205,-160.04995727539062,51.366554260253906,42.278533935546875,28.025699615478516,-7.068437099456787,0
match3_ambig_0114.mp4,0.06672527641057968,0.003994055557996035,1852.7073774702174,-45.96839904785156,3736.0107421875,29,1.9279273748397827,4.613506317138672,3767.9938821231617,2179.9265283079135,0.09676585477941177,22.26241810093139,0.0007274967259565608,-206.16232299804688,123.67291259765625,3.22080397605896,40.388885498046875,-11.379060745239258,0
match3_ambig_0115.mp4,0.12733952701091766,0.004901663865894079,1794.6425619399215,-48.063907623291016,3789.84375,39,1.8087234497070312,4.864955425262451,3429.5099073840724,1793.8626567503468,0.10742975050403226,22.73929152805947,-0.008174884495885153,-91.71298217773438,131.81765747070312,-43.83495330810547,18.091793060302734,-19.59889030456543,0
match3_ambig_0116.mp4,0.1178378164768219,0.019241489470005035,2233.099107909456,-52.69119644165039,3639.111328125,54,1.818328857421875,4.7917351722717285,4625.478848544034,2138.2633133415234,0.12149325284090909,21.666560793251968,0.02484373060405763,-128.43502807617188,103.94271850585938,-16.511201858520508,24.634428024291992,-26.844324111938477,0
match3_ambig_0117.mp4,0.09379169344902039,0.009970640763640404,1819.9767772503753,-43.76572799682617,3714.4775390625,28,1.821844220161438,4.78658390045166,3524.566650390625,1911.4095108203244,0.1000705295138889,20.978087328531903,-0.026996748702385696,-104.28704071044922,128.79673767089844,-34.81294250488281,15.172663688659668,-16.2984619140625,0
match3_ambig_0118.mp4,0.14620546996593475,0.0040848590433597565,1493.2257220343129,-46.11423873901367,4123.6083984375,33,1.7925390005111694,4.777426242828369,3080.2734375,1826.237325636679,0.06662713913690477,21.133862193432513,0.003755795424136328,-85.08745574951172,146.57766723632812,-22.123687744140625,30.4581241607666,-12.196101188659668,0
match3_ambig_0119.mp4,0.13894613087177277,0.0013564313994720578,2793.80034556624,-64.0052719116211,4166.6748046875,27,1.301585078239441,3.5509259700775146,6061.841375177557,2565.5873517864306,0.13533158735795456,31.866151556241093,-0.0678871536770296,-190.53408813476562,71.57549285888672,33.64396286010742,1.4509937763214111,-20.789901733398438,0
match3_ambig_0120.mp4,0.15455734729766846,0.003613637527450919,2432.2328180094723,-54.94423294067383,4198.974609375,31,1.9266186952590942,4.600501537322998,5791.7138671875,2551.3636507957344,0.1232421875,28.159066303256548,-0.04150698451579668,-131.9304656982422,81.71520233154297,27.80575942993164,23.68669891357422,-12.098443984985352,0
match3_ambig_0121.mp4,0.06770792603492737,0.02862062118947506,2589.6236915405416,-42.78706359863281,3628.3447265625,28,1.8047664165496826,4.842647552490234,5356.956968916224,2247.8563414857736,0.17540724734042554,21.485446788573885,-0.020040701242940606,-125.20341491699219,96.31269073486328,-30.160663604736328,25.819028854370117,-25.801132202148438,0
match3_ambig_0122.mp4,0.17847426235675812,0.0026957157533615828,2591.9742381452747,-55.36717987060547,4123.6083984375,34,1.7688370943069458,4.520395755767822,6053.6085559475805,2654.277718491399,0.13167842741935484,29.8209336351807,-0.02198050123559546,-121.58003997802734,78.44196319580078,35.294349670410156,17.512130737304688,-9.719366073608398,0
match3_ambig_0123.mp4,0.17617465555667877,0.0034244577400386333,2441.707202446342,-54.542415618896484,4112.841796875,24,1.8392412662506104,4.656649589538574,5897.060922475962,2597.904664840991,0.10912459935897435,27.895787038748818,-0.0033755813059624692,-124.39634704589844,79.8287353515625,28.601137161254883,27.002071380615234,-12.264789581298828,0
match3_ambig_0124.mp4,0.10339692234992981,0.0336034782230854,2796.7890050719293,-43.31729507446289,4015.9423828125,60,1.8229657411575317,4.798269748687744,5397.523328993056,2309.652955578674,0.18775921103395063,21.882462729268713,0.003547168193970187,-105.52283477783203,77.91355895996094,-10.614065170288086,40.05665969848633,-14.050082206726074,0
match3_ambig_0125.mp4,0.15055803954601288,0.009854830801486969,2196.949709971636,-45.89311981201172,3886.7431640625,38,1.8597277402877808,4.787817001342773,4436.028731496711,2138.794123287343,0.12246436403508772,22.874874826565232,-0.0009770127254646224,-84.45109558105469,103.00453186035156,-27.246679306030273,19.604618072509766,-15.72721004486084,0
match3_ambig_0126.mp4,0.1420375257730484,0.010233578272163868,2145.103122083627,-45.9379997253418,4177.44140625,37,1.820967197418213,4.785737991333008,4467.6910400390625,2200.2450396594522,0.11736043294270833,22.201660345267612,-0.015529777270280296,-85.31926727294922,111.22603607177734,-14.222285270690918,16.738693237304688,-27.1372127532959,0
match3_ambig_0127.mp4,0.09062989056110382,0.0018910858780145645,2392.2660567796775,-58.95998764038086,4198.974609375,30,1.6623576879501343,4.0468573570251465,4981.168212890625,2344.3177757055028,0.1326416015625,29.440592183501163,-0.020743496627511522,-234.36550903320312,85.42366027832031,31.941875457763672,28.203014373779297,4.759896278381348,0
match3_ambig_0128.mp4,0.14020958542823792,0.003388205310329795,2922.5318034941324,-45.021785736083984,4177.44140625,137,1.8853768110275269,5.010891914367676,5748.941352423721,2496.8384587812775,0.19976085752952755,27.123927928269822,-0.020281497308107438,-145.70506286621094,72.00584411621094,32.728878021240234,41.3631477355957,-21.38074493408203,1
match3_ambig_0129.mp4,0.16628704965114594,0.001547663938254118,2509.4350412853623,-47.63460922241211,4166.6748046875,82,1.7170581817626953,5.044244289398193,4937.0192307692305,2293.7921911553517,0.15142621050824176,28.670326965198417,-0.043000406929287166,-149.05026245117188,89.45537567138672,15.776941299438477,32.282039642333984,-28.14613914489746,1
match3_ambig_0130.mp4,0.17682217061519623,0.004502192605286837,2608.690313370959,-55.62834930419922,4155.908203125,31,1.8085111379623413,4.373795986175537,6166.729377297794,2715.422878710877,0.11949486825980392,28.74519788365092,-0.03780421558093356,-133.99209594726562,75.12213897705078,41.09614181518555,23.354799270629883,-7.792320728302002,0
match3_ambig_0131.mp4,0.13320888578891754,0.003172957571223378,2538.9538422523906,-57.294559478759766,4166.6748046875,33,1.7435020208358765,4.417534828186035,5314.85595703125,2378.927278218807,0.14265950520833334,28.587791441396543,-0.025627442494603317,-155.98179626464844,84.80916595458984,12.7445068359375,24.740001678466797,0.2555692195892334,0
match3_ambig_0132.mp4,0.11578480899333954,0.0074114990420639515,1927.9353044354148,-40.608299255371094,3649.8779296875,51,1.7689266204833984,4.765930652618408,3914.8069287909834,1903.5458209313585,0.1142337986680328,21.440386339798522,0.0034034313099623173,-90.69230651855469,123.28585052490234,-40.194984436035156,27.920442581176758,-19.75187110900879,0
match3_ambig_0133.mp4,0.13248556852340698,0.0013765118783339858,2175.3330942484904,-46.32537078857422,4123.6083984375,51,1.8009098768234253,5.151768684387207,4945.771059782609,2396.561442764089,0.08114668251811594,28.034691161558733,0.007919716420328182,-169.857666015625,84.50194549560547,17.485902786254883,31.781373977661133,-28.061023712158203,1
match3_ambig_0134.mp4,0.08847793936729431,0.010508744977414608,2474.518108935093,-34.280696868896484,3714.4775390625,55,1.8673378229141235,4.702978134155273,3949.69482421875,1753.4832961568657,0.19697165975765307,22.610331793638437,0.01595304260273695,-128.68650817871094,94.78238677978516,-46.55438232421875,65.8539810180664,-12.975090026855469,0
match3_ambig_0135.mp4,0.1718273162841797,0.0021003494039177895,2106.7911302695447,-55.825157165527344,4145.1416015625,30,1.7761136293411255,4.575135707855225,4886.053788034539,2322.8504506080462,0.11068564967105263,28.166169852657212,-0.044604710011320166,-130.6214599609375,102.0091781616211,20.922595977783203,25.059459686279297,-14.211199760437012,0
match3_ambig_0136.mp4,0.14263707399368286,0.0029995546210557222,2900.3920211589816,-60.24934768676758,4112.841796875,47,1.5905131101608276,3.9628283977508545,6476.819168893914,2768.7669532134482,0.14867521587171054,31.06430047139519,-0.023407346956673153,-164.69667053222656,62.4470100402832,48.73743438720703,23.7641544342041,-0.5501964092254639,0
match3_ambig_0137.mp4,0.17084747552871704,0.0015261514345183969,2588.5643341336354,-62.47039794921875,4145.1416015625,41,1.418916940689087,3.6908230781555176,5900.489169034091,2630.2807565054877,0.12203480113636364,31.90587691783971,-0.011020417972134463,-174.76504516601562,70.86447143554688,52.792633056640625,23.486328125,-6.797450542449951,0
match3_ambig_0138.mp4,0.15742121636867523,0.0029881212394684553,2680.3628782949345,-57.226104736328125,4112.841796875,18,1.6968454122543335,4.103420734405518,6198.9990234375,2750.82104391927,0.12373279389880952,30.332473106255804,-0.024007430200257442,-161.9906005859375,69.19612884521484,51.59894561767578,24.412044525146484,-5.802521705627441,0
match3_ambig_0139.mp4,0.16639171540737152,0.002785253804177046,2529.4756989914044,-56.33506393432617,4112.841796875,36,1.7376471757888794,4.332301139831543,6067.253707627118,2692.3602836036334,0.10565082097457627,29.36730271069031,0.0003312686596446174,-147.1228790283203,75.36138916015625,45.500492095947266,29.195363998413086,-5.648980617523193,0
match3_ambig_0140.mp4,0.16151820123195648,0.008955279365181923,2210.980821241075,-42.90522384643555,3692.9443359375,86,1.8301655054092407,4.953705787658691,4389.749111218399,2109.4859284682657,0.13220352001404495,23.272526670698433,0.000592898752212832,-93.462158203125,102.24126434326172,-22.823244094848633,31.867624282836914,-29.63827133178711,1
match3_ambig_0141.mp4,0.1693270057439804,0.0019020639592781663,2681.8342549786566,-58.07657241821289,4145.1416015625,26,1.6799795627593994,4.3571062088012695,5901.17431640625,2502.898676489332,0.14102783203125,30.827775987977756,-0.06603047338375645,-137.05003356933594,77.62264251708984,1.4261980056762695,-4.839588165283203,-13.963040351867676,0
match3_ambig_0142.mp4,0.13922062516212463,0.0055049117654562,2201.8454301432903,-44.34730911254883,3983.642578125,84,1.8377161026000977,4.92319393157959,4533.58039855957,2125.060945570342,0.14054107666015625,23.204123262803108,0.0008600222641868821,-116.47898864746094,104.63216400146484,-22.899751663208008,44.6047477722168,-12.293926239013672,1
match3_ambig_0143.mp4,0.15530860424041748,0.0044846003875136375,2635.5902566890895,-56.54270935058594,4123.6083984375,30,1.7604882717132568,4.4512763023376465,6084.20654296875,2666.6732597949435,0.1444140625,28.389426059307237,-0.011826908193245585,-114.13685607910156,75.2791976928711,23.609281539916992,17.837862014770508,-9.253334045410156,0
match3_ambig_0144.mp4,0.16968737542629242,0.003832682501524687,2319.519015551092,-48.997928619384766,4145.1416015625,38,1.7971007823944092,4.93278169631958,5579.377159705529,2504.773636904483,0.10804161658653846,27.01958466840206,-0.0041892410636285415,-99.6871337890625,88.60065460205078,10.24048900604248,14.769707679748535,-22.975664138793945,0
match3_ambig_0145.mp4,0.1660725176334381,0.0036809388548135757,2391.6496910436927,-52.566123962402344,4145.1416015625,22,1.8159198760986328,4.750682353973389,5815.04150390625,2584.3533437964443,0.09384765625,26.615792343700225,-0.04600366455589328,-119.7820053100586,81.16371154785156,11.588356018066406,21.130765914916992,-16.55301284790039,0
match3_ambig_0146.mp4,0.15008756518363953,0.0015935935080051422,2488.3598304469147,-58.693538665771484,4145.1416015625,19,1.6406341791152954,4.043160438537598,5931.469305630388,2660.621171950738,0.12468851023706896,30.560674541932535,0.013997851713836933,-157.2704620361328,82.3690414428711,44.03596878051758,21.21828269958496,-3.405221462249756,0
match3_ambig_0147.mp4,0.07246115803718567,0.02612212672829628,2301.3351462631,-35.08521270751953,3671.4111328125,20,1.8215157985687256,4.677520275115967,4509.825721153846,2148.879560269294,0.13534154647435898,20.19906196275599,-0.012830172753634074,-108.28878784179688,100.72591400146484,-29.681547164916992,25.14231300354004,-15.20401382446289,0
match3_ambig_0148.mp4,0.06850848346948624,0.005952358711510897,1923.9643382629313,-43.97935485839844,3660.64453125,26,1.8788107633590698,4.76068115234375,3520.6787109375,1797.9087056410451,0.15314737955729166,21.828778229582664,-0.004628516363345738,-150.0495147705078,131.2930450439453,-34.45753479003906,34.2285041809082,-29.130661010742188,1
match3_ambig_0149.mp4,0.15399721264839172,0.006721073761582375,1798.3622184637732,-46.92986297607422,3822.1435546875,51,1.8220936059951782,4.726433753967285,3645.9389291158536,1888.7149842499032,0.09798375571646341,22.622302709327517,-0.0010075651596966261,-82.97154235839844,126.46598815917969,-31.320003509521484,27.23591423034668,-20.669715881347656,0
match3_ambig_0150.mp4,0.13925930857658386,0.006041858810931444,1806.5228935613259,-45.358856201171875,3865.2099609375,30,1.7896403074264526,4.85491943359375,3551.9816080729165,1837.956412810341,0.10215024594907407,23.058953910690015,0.0045777102550620145,-76.93208312988281,127.42316436767578,-39.50830078125,15.766908645629883,-24.624094009399414,0
match3_ambig_0151.mp4,0.13338272273540497,0.008198827505111694,2866.421978797308,-55.651058197021484,4166.6748046875,23,1.936440110206604,4.593955993652344,6311.066715891769,2677.0841969976213,0.12781059451219512,27.040234190167652,-0.057464254075536673,-136.59405517578125,73.5096435546875,18.003477096557617,7.693362236022949,-22.60854721069336,0
match3_ambig_0152.mp4,0.15852980315685272,0.0006974278367124498,2511.415569933032,-64.8461685180664,4155.908203125,25,1.4190682172775269,3.8058457374572754,6122.796309621711,2648.664780753506,0.11558131167763158,32.57789637590844,-0.06872837826040396,-191.1886444091797,79.4982681274414,53.6693229675293,16.13504409790039,-9.728858947753906,0
match3_ambig_0153.mp4,0.13391385972499847,0.0023888545110821724,2630.2010633191876,-57.087093353271484,4155.908203125,40,1.6188733577728271,4.1407647132873535,5204.814453125,2192.5315825881144,0.175,29.588033053578215,-0.030106903357471935,-152.70965576171875,93.23005676269531,-12.041387557983398,5.062488555908203,-9.494377136230469,0
match3_ambig_0154.mp4,0.1679546982049942,0.004258158151060343,2123.178070778272,-48.34054183959961,4166.6748046875,39,1.8393114805221558,4.854585647583008,5193.85000375601,2398.488456264157,0.06869741586538461,24.661247719532597,-0.00018792381685540357,-107.38407897949219,89.83128356933594,-8.44009780883789,19.280160903930664,-23.668041229248047,0
match3_ambig_0155.mp4,0.15039217472076416,0.0013691703788936138,2164.806480201291,-47.96516036987305,4145.1416015625,51,1.8248567581176758,5.134567737579346,4994.756610576923,2435.584526960445,0.08313658997252747,27.982007948514585,-0.004771278304640949,-153.64797973632812,83.82441711425781,15.800543785095215,37.23088073730469,-19.403871536254883,1
match3_ambig_0156.mp4,0.1477489471435547,0.0016222979174926877,1951.9228640936467,-53.85911560058594,4155.908203125,27,1.8221548795700073,4.8234333992004395,4919.358132102273,2345.6609404819324,0.07538396661931818,26.202357490777207,-0.0054634074418444985,-149.7046661376953,92.97766876220703,9.486940383911133,23.843284606933594,-16.707317352294922,0
match3_ambig_0157.mp4,0.13556885719299316,0.0019981898367404938,1802.1418866946262,-53.7711296081543,4188.2080078125,24,1.796694278717041,4.85843563079834,4450.4713792067305,2235.4377920876755,0.07251602564102565,25.72600252995913,-0.024965990294464432,-146.28427124023438,106.6678466796875,11.755572319030762,25.5777530670166,-17.296751022338867,0
match3_ambig_0158.mp4,0.1381399780511856,0.004996296484023333,1975.7835548765077,-45.047882080078125,3714.4775390625,41,1.8503031730651855,4.914970874786377,3712.642322887074,1711.301745723105,0.12302468039772728,23.15608039922636,-0.0029695291617893725,-90.98126983642578,118.83590698242188,-60.66305160522461,20.885284423828125,-31.616254806518555,0
match1_ambig_0001.mp4,0.12113752961158752,0.003091320861130953,1415.958593571767,-46.86188507080078,3628.3447265625,28,1.7053977251052856,4.832000732421875,3244.07958984375,1896.339741149203,0.053769066220238096,22.19076621200984,0.017798041332355508,-138.33641052246094,133.22373962402344,-9.402956008911133,51.828857421875,5.421732425689697,0
match1_ambig_0002.mp4,0.11560790240764618,0.015624159947037697,2151.274868476956,-36.89267349243164,3606.8115234375,36,1.7760086059570312,4.846221446990967,3883.3431846217104,1936.4274646519184,0.15575315241228072,21.36870214360682,-0.0023034845245768353,-69.83798217773438,113.4973373413086,-48.06571960449219,28.759523391723633,0.27389097213745117,1
match1_ambig_0003.mp4,0.11922378093004227,0.019099369645118713,2571.727926662023,-36.522682189941406,4382.0068359375,44,1.856595516204834,4.858248233795166,4590.6097412109375,2158.4419501233915,0.20786539713541666,22.380085041166456,0.0019663666714662656,-78.92396545410156,94.62791442871094,-27.195512771606445,41.2611083984375,-10.759876251220703,0
match1_ambig_0004.mp4,0.05977845564484596,0.017806194722652435,2304.8944326434807,-36.95530319213867,3768.310546875,36,1.7892550230026245,4.811186790466309,4102.533348570479,2039.7958260257924,0.17745387300531915,21.535771961136902,-0.009934301209078466,-134.36947631835938,105.98854064941406,-42.20458221435547,27.69392204284668,0.3706154525279999,1
match1_ambig_0005.mp4,0.09041751176118851,0.019319910556077957,2660.339531213853,-33.78095626831055,3908.2763671875,56,1.8618406057357788,4.867939472198486,5116.932262073864,2278.906694450876,0.18485567167207792,22.081565851653625,0.0014569634630678856,-104.1818618774414,94.76982116699219,-14.648567199707031,41.25484085083008,-17.53636360168457,0
match1_ambig_0006.mp4,0.09324390441179276,0.030622074380517006,3034.1564496320543,-37.38584518432617,3768.310546875,66,1.8699618577957153,4.723767280578613,5601.0552978515625,2406.4067003372847,0.216015625,21.67532047626736,0.000527945517708326,-103.91192626953125,70.88628387451172,-8.265981674194336,49.38331985473633,-12.329858779907227,0
match1_ambig_0007.mp4,0.040372658520936966,0.008500774390995502,2154.301966888876,-35.72772216796875,3703.7109375,32,1.7133533954620361,4.859904766082764,4762.7028245192305,2262.7161029357826,0.1418895232371795,21.350308804501637,0.011041529587164934,-201.63580322265625,114.78087615966797,-4.611268043518066,53.06606674194336,-11.28780460357666,0
match1_ambig_0008.mp4,0.0746532678604126,0.018669651821255684,2518.248568996111,-32.550926208496094,4026.708984375,52,1.876119613647461,4.795188903808594,5084.7412109375,2260.326980668943,0.16356646825396826,21.993300441514986,-0.00902950578153284,-132.3072967529297,95.49639129638672,-10.91235637664795,53.6293830871582,-14.920944213867188,0
match1_ambig_0009.mp4,0.07296103239059448,0.016733139753341675,2962.477916166794,-36.4074821472168,3736.0107421875,32,1.8507988452911377,4.747511863708496,5492.137079653533,2447.4781772081037,0.2213081691576087,20.62651376893445,-0.008575178527874885,-153.6753692626953,80.74069213867188,12.942220687866211,51.205535888671875,-21.097946166992188,0
match1_ambig_0010.mp4,0.056447774171829224,0.013106127269566059,2492.3853410526817,-32.949440002441406,3822.1435546875,37,1.7994433641433716,4.731266498565674,4651.556396484375,2201.2062858829413,0.18594796316964285,22.3880726449995,0.005596118717233982,-157.30332946777344,106.29742431640625,-16.833415985107422,45.48490524291992,-22.557796478271484,0
match1_ambig_0011.mp4,0.1494293212890625,0.007806470617651939,1841.9330006328375,-35.73079299926758,3682.177734375,32,1.7575575113296509,4.924195766448975,3529.236778846154,1834.285517919081,0.10220102163461539,21.753078929761028,0.003669184067319654,-54.06032943725586,129.1029052734375,-45.0042839050293,33.49739456176758,-7.443967342376709,0
match1_ambig_0012.mp4,0.08912118524312973,0.008613835088908672,1887.9494071072936,-38.81724166870117,3843.6767578125,39,1.7801179885864258,4.876589298248291,3864.990234375,1974.1171672451512,0.11477598852040816,21.809476528969387,0.01302649659417865,-110.56932830810547,130.4092559814453,-28.428504943847656,34.11642837524414,-18.41162109375,0
match1_ambig_0013.mp4,0.08564864099025726,0.017426177859306335,2122.0298299110627,-39.96076583862305,4166.6748046875,32,1.8084405660629272,4.928773403167725,3890.33203125,1902.7774825236643,0.14743589743589744,20.408787613345652,0.0056083835063940254,-99.97808837890625,108.94660186767578,-53.787166595458984,29.503740310668945,0.9443745017051697,0
match1_ambig_0014.mp4,0.10172606259584427,0.016727443784475327,2338.733351246322,-39.139896392822266,3628.3447265625,35,1.7874754667282104,4.8253936767578125,4674.932650862069,2264.480767081354,0.154296875,22.18090533083162,-0.005842667952684818,-116.69963073730469,100.56885528564453,-13.835714340209961,40.158607482910156,-6.577271461486816,1
match1_ambig_0015.mp4,0.15549607574939728,0.01097446121275425,2318.556597657453,-41.346378326416016,3649.8779296875,50,1.7809834480285645,4.829550743103027,4588.0573141163795,2197.3822315489087,0.13990941540948276,22.005806206407723,-0.01033032385771315,-77.33038330078125,95.46095275878906,-25.605993270874023,42.84916687011719,-6.2573561668396,1
match1_ambig_0016.mp4,0.06186959147453308,0.03386641666293144,3034.6263089147774,-32.05669021606445,3854.443359375,45,1.844037413597107,4.852771759033203,5893.439363178454,2414.3783709690465,0.21844803659539475,21.413543683956497,0.01702239185501322,-146.21011352539062,75.65837097167969,3.9423811435699463,56.75493240356445,-17.91866683959961,0
match1_ambig_0017.mp4,0.17245018482208252,0.018259549513459206,2602.4017865959263,-40.7701530456543,3660.64453125,44,1.8088783025741577,5.003915786743164,5043.975360576923,2326.033824681155,0.1451644059065934,21.963060104081748,0.007403550216794447,-60.0180778503418,81.86399841308594,-14.50468921661377,35.777645111083984,-16.206811904907227,1
match1_ambig_0018.mp4,0.12366291880607605,0.021735290065407753,2292.14566844663,-38.44498062133789,3617.578125,47,1.7871555089950562,4.839200019836426,4396.25674977022,2127.8955394591794,0.14010081571691177,21.734926903330646,0.0063960624644510185,-58.63542175292969,101.83636474609375,-39.11750030517578,17.676597595214844,-13.730536460876465,1
match1_ambig_0019.mp4,0.12406477332115173,0.015029316768050194,2257.5047033370042,-36.044795989990234,4231.2744140625,34,1.8181768655776978,4.869556427001953,4322.105379971591,2087.0521420138452,0.14261363636363636,22.43891412352383,0.004529111383848824,-71.18102264404297,106.51781463623047,-41.44507598876953,20.2275390625,-21.287118911743164,0
match1_ambig_0020.mp4,0.05258667469024658,0.02323484793305397,2557.1265461509843,-33.140132904052734,3617.578125,34,1.8178483247756958,4.9120378494262695,5224.62158203125,2283.992430984387,0.16401599702380953,21.6288676900328,0.009425741655972271,-147.3520965576172,89.70345306396484,-12.570881843566895,60.81632614135742,-13.568267822265625,0
match1_ambig_0021.mp4,0.05315414071083069,0.007676098495721817,1897.9559821873377,-40.000732421875,3746.77734375,30,1.7479088306427002,4.800830841064453,3603.7353515625,1909.6870548688835,0.1251278831845238,21.534062014472063,0.0029313870447063273,-163.09585571289062,129.00045776367188,-31.935001373291016,45.93661880493164,-7.5817694664001465,0
match1_ambig_0022.mp4,0.09205198287963867,0.02931835688650608,2423.426664103564,-34.62301254272461,3779.0771484375,35,1.8361635208129883,4.766890525817871,4523.76708984375,2114.3941879403505,0.174041748046875,20.571063810634975,0.0036126266588616266,-71.48909759521484,96.84854888916016,-45.74765396118164,14.485763549804688,-7.317821979522705,1
match10_ambig_0001.mp4,0.11066582053899765,0.014384749345481396,2434.2546318419395,-41.209476470947266,3800.6103515625,40,1.825564980506897,4.936489582061768,5290.887451171875,2507.9337059513045,0.12180582682291667,21.146440994542083,-0.013722542647519284,-135.09820556640625,74.90094757080078,10.248546600341797,61.213714599609375,-3.6074345111846924,1
match10_ambig_0002.mp4,0.1776108294725418,0.004923450294882059,1878.2625885700847,-51.54582977294922,3606.8115234375,29,1.8072562217712402,4.812152862548828,3306.397079839939,1626.537472322778,0.10842225609756098,22.341013812682615,0.0447482616458745,-105.20938873291016,114.6468276977539,-64.92843627929688,23.368810653686523,-15.792031288146973,0
match10_ambig_0003.mp4,0.03302641957998276,0.00903113279491663,2599.8450290083465,-36.88804626464844,4048.2421875,29,1.7964823246002197,4.704756736755371,4649.703702059659,2150.8024339406797,0.21073774857954544,22.048375422717957,0.005627885180175737,-236.05503845214844,105.66567993164062,-8.726585388183594,66.63953399658203,-27.078088760375977,0
match10_ambig_0004.mp4,0.09212611615657806,0.0038151682820171118,1850.8282309259912,-48.967628479003906,3628.3447265625,27,1.7851028442382812,4.611985683441162,3369.7606580010774,1810.6133417488413,0.14577720905172414,23.01407706519124,-0.04418682740574909,-164.21859741210938,128.7794647216797,-33.858795166015625,43.37644958496094,-10.86198616027832,1
match10_ambig_0005.mp4,0.12811817228794098,0.005767429247498512,1922.7673473344864,-46.5449333190918,3757.5439453125,24,1.8068193197250366,4.949128150939941,3516.5377103365386,1843.6280068388114,0.11814528245192307,22.609410152913362,0.0075278153990836994,-108.37786102294922,120.31429290771484,-44.65864944458008,29.75077247619629,-18.070819854736328,1
match10_ambig_0006.mp4,0.08694928139448166,0.010120822116732597,2276.2079564839223,-39.68184280395508,3606.8115234375,29,1.8385108709335327,4.85871696472168,4057.5237405711205,1886.6833327394447,0.17721241918103448,22.699631142645654,-0.011261174560760718,-126.17430114746094,105.15910339355469,-43.66478729248047,51.13021469116211,-15.288349151611328,1
match10_ambig_0007.mp4,0.13418973982334137,0.021221306174993515,2200.3804091749544,-41.546573638916016,3606.8115234375,21,1.815470814704895,4.905729293823242,4079.2996920072114,1908.573848147849,0.14581768329326922,21.52072578880689,-0.002409250176952146,-59.27005386352539,105.39820861816406,-54.189109802246094,24.235532760620117,-16.633684158325195,1
match10_ambig_0008.mp4,0.0971905067563057,0.006013563834130764,2072.156403524526,-40.414405822753906,3617.578125,52,1.8084101676940918,4.829445838928223,3612.6670435855262,1730.730320235918,0.17459909539473684,22.749238550667403,0.004145644032896798,-122.06876373291016,124.13113403320312,-52.19478225708008,51.43410873413086,-18.15767478942871,1
match10_ambig_0009.mp4,0.10581620782613754,0.00671524740755558,2124.2693996701937,-35.620628356933594,3606.8115234375,23,1.8104084730148315,4.794723033905029,4143.85986328125,1991.0272067273372,0.15011160714285715,23.07607374339456,0.005795970415741764,-107.52545166015625,114.87874603271484,-28.441078186035156,37.88709259033203,-34.29389190673828,1
match10_ambig_0010.mp4,0.07726943492889404,0.010888712480664253,2440.1503550983143,-37.33613586425781,3617.578125,41,1.8382549285888672,4.812002658843994,4210.458984375,1973.1697824596197,0.18220486111111112,22.474671242348478,0.003180888501232357,-133.5386199951172,99.71671295166016,-36.38038635253906,65.75016021728516,-6.34273624420166,0
match10_ambig_0011.mp4,0.18622347712516785,0.005079320631921291,1776.3182459696109,-43.288238525390625,3606.8115234375,36,1.8398629426956177,4.93254280090332,3259.2041015625,1721.205327009435,0.09833386479591837,22.989273499326643,-0.003565191743394106,-54.26069259643555,127.31655883789062,-54.215049743652344,19.499853134155273,-24.026424407958984,1
match10_ambig_0012.mp4,0.09999734163284302,0.01458206307142973,2297.8294438322273,-36.21572494506836,3606.8115234375,18,1.9053287506103516,4.70408296585083,3645.6279553865133,1688.899447149794,0.18147358141447367,20.715070992627954,-0.004429287868795844,-82.8967514038086,102.8455810546875,-75.8140640258789,38.8636360168457,-1.2281681299209595,0
match10_ambig_0013.mp4,0.17571066319942474,0.007259369362145662,1863.2354347178907,-43.435665130615234,3660.64453125,36,1.7726086378097534,4.805302619934082,3430.483029923349,1759.0082914214013,0.1036353920990566,21.815015425021766,-0.003563743979004499,-56.27817153930664,120.36852264404297,-57.11039352416992,25.829954147338867,-15.253802299499512,0
match10_ambig_0014.mp4,0.05229119211435318,0.03424742445349693,2668.8520191281896,-40.780860900878906,3811.376953125,39,1.9282416105270386,4.822620868682861,4823.876953125,2139.230775706734,0.18557676977040816,20.996279508828845,0.003106562974009426,-167.78515625,82.3512954711914,-23.098129272460938,53.8115234375,-7.3111395835876465,0
match10_ambig_0015.mp4,0.06476413458585739,0.030299926176667213,2785.120098309668,-35.54370880126953,3951.3427734375,35,1.8402736186981201,4.874887466430664,4888.973335597826,2178.5911793082605,0.18610945991847827,21.524406517219575,0.0011221437094994055,-139.1492919921875,69.7945327758789,-24.75737953186035,67.57952880859375,-3.00119948387146,0
match10_ambig_0016.mp4,0.14830581843852997,0.01877474971115589,2192.165968980457,-40.95771026611328,3628.3447265625,32,1.8307373523712158,4.7691521644592285,3980.8338994565215,1886.023469155599,0.14568826426630435,20.728240125864613,-0.014006865430877471,-46.86074447631836,107.06230926513672,-51.388492584228516,29.749143600463867,-12.55176067352295,1
match10_ambig_0017.mp4,0.17118513584136963,0.009155532345175743,2053.2661114342527,-43.861427307128906,3875.9765625,38,1.8381305932998657,4.7560343742370605,3983.1531871448865,1952.469777593658,0.12067945075757576,22.402955550089054,-0.012202662430298487,-54.4841194152832,112.16434478759766,-41.76279067993164,8.702686309814453,-37.61448669433594,0
match10_ambig_0018.mp4,0.1757683902978897,0.008567132987082005,1796.3483485087634,-40.110618591308594,3628.3447265625,23,1.7669211626052856,4.669062614440918,3457.547274502841,1828.5665127014458,0.0968017578125,21.507945635489165,-0.013961087709334847,-47.25151443481445,124.30766296386719,-48.35454177856445,3.6628715991973877,-30.020341873168945,1
match10_ambig_0019.mp4,0.09826932847499847,0.01930634118616581,2655.6138662707644,-35.862464904785156,4048.2421875,63,1.8645867109298706,4.757486820220947,4926.986873851103,2150.4546404124317,0.18593462775735295,22.255267733999347,0.002219146883082252,-111.89413452148438,86.45428466796875,-21.420446395874023,50.59069061279297,-15.402239799499512,0
match10_ambig_0020.mp4,0.06905157119035721,0.013021872378885746,2157.196482717403,-45.50017547607422,3649.8779296875,26,1.8705941438674927,4.829087734222412,3964.6839971127715,1950.040391909442,0.15697180706521738,22.215911185168995,-0.008776849655715048,-163.7540283203125,108.63286590576172,-36.705467224121094,44.619834899902344,-15.156476020812988,1
match10_ambig_0021.mp4,0.07898718863725662,0.013529391959309578,2965.246948875914,-41.50051498413086,3660.64453125,35,1.8716719150543213,4.778872489929199,5026.0888671875,2004.4052846786403,0.22761501736111112,22.67260283161634,-0.014286031848895875,-156.19187927246094,68.2626953125,-14.4835786819458,77.10105895996094,-11.442533493041992,0
match10_ambig_0022.mp4,0.1576819270849228,0.008204926736652851,1937.0751832206663,-44.316402435302734,3660.64453125,20,1.823380470275879,4.743139266967773,3830.269291715802,1940.5475189057388,0.09772995283018868,22.241655835239847,0.003886774626650888,-76.60630798339844,110.63941955566406,-41.15170669555664,10.919898986816406,-35.80963897705078,0
match10_ambig_0023.mp4,0.050000909715890884,0.01310561504215002,2693.2162497038885,-39.18492889404297,3660.64453125,39,1.8801230192184448,4.72852897644043,4596.60478071733,2034.9965466931374,0.20304731889204544,22.01992523263979,0.0038266143163707806,-192.96214294433594,85.51612091064453,-22.13302993774414,65.26738739013672,-11.430275917053223,0
match10_ambig_0024.mp4,0.09612881392240524,0.017788952216506004,2918.670831863225,-41.490966796875,3682.177734375,32,1.851040244102478,4.807048797607422,4966.211998980978,2107.3967047109145,0.2306739696557971,22.25733956805808,-0.0119635980857864,-126.42680358886719,69.16692352294922,-18.24645233154297,65.83798217773438,-15.139276504516602,1
match10_ambig_0025.mp4,0.09410163015127182,0.02167094126343727,2616.1589814765302,-42.70055389404297,3628.3447265625,41,1.8220981359481812,4.745841026306152,4572.98583984375,2082.1230105319373,0.18583751860119047,22.010297209336734,0.002106298508959013,-127.11541748046875,81.55738830566406,-29.324411392211914,52.18165969848633,-8.862060546875,0
match10_ambig_0026.mp4,0.09820578247308731,0.035451311618089676,2801.749837085388,-36.909393310546875,3649.8779296875,74,1.8364744186401367,4.844449996948242,4886.4990234375,2086.5585483147565,0.22201683407738096,21.403078213417754,-0.004658033276043951,-100.73692321777344,73.35449981689453,-34.178733825683594,48.265220642089844,-14.71146011352539,1
match10_ambig_0027.mp4,0.13527072966098785,0.007576816249638796,2046.8347090140182,-41.41008377075195,3606.8115234375,28,1.7968552112579346,4.8969316482543945,3547.2196357194766,1740.6929586482647,0.1562045784883721,21.688530646416986,-0.011767022617821069,-74.96924591064453,119.12057495117188,-63.096920013427734,21.63888931274414,-28.41922950744629,1
match10_ambig_0028.mp4,0.15853732824325562,0.005636528134346008,1803.9446655431261,-43.78941345214844,3606.8115234375,40,1.8136177062988281,4.869668006896973,3162.330322265625,1591.2094775490903,0.11995442708333333,21.96625074155294,-0.0038838620670912827,-62.21231460571289,134.17213439941406,-66.67456817626953,25.488935470581055,-13.23982048034668,1
match10_ambig_0029.mp4,0.16170240938663483,0.004675453994423151,1826.7630934571755,-45.83124542236328,3639.111328125,52,1.8329615592956543,4.818358421325684,3510.37353515625,1758.9439994679674,0.11241629464285714,22.395557002824518,0.00434970163842136,-76.09363555908203,128.5560760498047,-51.81475067138672,46.21131134033203,-7.719758987426758,1
match10_ambig_0030.mp4,0.0858062282204628,0.011617503128945827,2546.7058976023677,-38.47914123535156,3606.8115234375,37,1.7542469501495361,4.691389083862305,4479.117359834559,1931.3775401850871,0.1943359375,22.77132287809731,-0.015761963791449826,-135.86981201171875,89.77818298339844,-32.917625427246094,56.46257781982422,-17.22933578491211,1
match10_ambig_0031.mp4,0.06312275677919388,0.012648875825107098,2320.01209828253,-42.888221740722656,3886.7431640625,22,1.797151803970337,4.8393096923828125,4683.172607421875,2243.6098718826925,0.1395941840277778,20.953426804490366,-0.0016779139261887943,-194.06900024414062,96.23700714111328,-6.692959785461426,53.11973190307617,-14.384608268737793,0
match10_ambig_0032.mp4,0.043413352221250534,0.027798760682344437,3135.8989043754627,-31.337512969970703,3714.4775390625,28,1.856144905090332,4.789121150970459,5368.2275390625,2247.6155089971967,0.229296875,21.70988254153702,0.02375000470889503,-196.56857299804688,59.090023040771484,1.058280348777771,69.87776947021484,-19.851953506469727,0
match10_ambig_0033.mp4,0.1528485119342804,0.011224661953747272,2455.690000061766,-36.713802337646484,3865.2099609375,40,1.8505122661590576,4.639442443847656,4529.3212890625,2127.1887362487564,0.15632750496031747,22.21343656611139,-0.00015733177386418156,-70.1643295288086,95.1191177368164,-30.300607681274414,32.434532165527344,-31.07423973083496,0
match10_ambig_0034.mp4,0.05574988201260567,0.007672704290598631,2053.887173783033,-39.710609436035156,3703.7109375,39,1.7538461685180664,4.765224456787109,4141.000600961538,2017.725527381918,0.13032101362179488,22.178055545547128,-0.015968347778493854,-169.7498016357422,117.05884552001953,-30.8607177734375,58.86561584472656,-4.391724586486816,0
match10_ambig_0035.mp4,0.07456661760807037,0.0035369216930121183,1893.0057409652868,-37.85911178588867,4123.6083984375,40,1.84036386013031,4.685980796813965,3769.9055989583335,1939.1078661633967,0.12359845196759259,21.926625321223636,-0.01304433721759139,-169.52821350097656,131.32232666015625,-27.01268196105957,58.070167541503906,-17.160860061645508,0
match10_ambig_0036.mp4,0.08838038891553879,0.016334816813468933,2531.945144439219,-38.604087829589844,3714.4775390625,53,1.8292806148529053,4.7231292724609375,4834.97314453125,2277.400696755519,0.14945475260416666,21.751491791806828,-0.0005497391729987303,-138.85720825195312,80.95618438720703,-12.628293991088867,66.1962661743164,-4.96869421005249,0
match10_ambig_0037.mp4,0.11657050251960754,0.016412101686000824,2169.8207320023075,-46.61555862426758,3649.8779296875,30,1.7857303619384766,4.86100959777832,3982.7262716090427,1932.407033199299,0.15659283577127658,23.91400091862231,0.011775874190151567,-121.32950592041016,104.39851379394531,-30.984169006347656,53.24547576904297,-13.320789337158203,1
match10_ambig_0038.mp4,0.048838190734386444,0.016437964513897896,2908.443425841781,-35.53666687011719,3779.0771484375,39,1.7980170249938965,4.813127040863037,4983.24764476103,2146.108928856746,0.22107651654411764,21.53193706490957,0.014083327257479999,-184.0373992919922,81.2238998413086,-17.2199649810791,63.25164794921875,-23.384973526000977,0
match10_ambig_0039.mp4,0.04412919655442238,0.01586974412202835,2477.071906136843,-30.955068588256836,3768.310546875,51,1.830121397972107,4.748755931854248,4487.67333984375,2103.783939840172,0.18708844866071428,21.960593719842777,0.00034274350800351144,-178.34286499023438,103.01123046875,-22.840370178222656,54.543636322021484,-24.540199279785156,0
match10_ambig_0040.mp4,0.11775312572717667,0.007568769156932831,2266.1200254203263,-40.8230094909668,3692.9443359375,45,1.7642351388931274,4.919286251068115,3838.0659936179577,1741.5807248224678,0.1893981073943662,23.16000340653211,-0.02291019380868407,-104.59620666503906,111.5059585571289,-67.7168197631836,30.226476669311523,-34.721622467041016,1
match10_ambig_0041.mp4,0.060882408171892166,0.017502527683973312,3221.710433594844,-37.28481674194336,3671.4111328125,37,1.8354624509811401,4.701473712921143,5448.533720128677,2141.275754258339,0.25026807598039214,21.666691942859927,-0.009497575589412664,-163.5029754638672,56.6204948425293,-19.750810623168945,78.35443878173828,-16.13650131225586,0
match10_ambig_0042.mp4,0.1027175635099411,0.010708022862672806,2025.4833219897728,-40.3315544128418,3736.0107421875,39,1.8054553270339966,4.791269779205322,3674.389128989362,1856.874149389196,0.13987699468085107,22.42798612610432,-0.001643163983696046,-102.1954345703125,112.3780746459961,-52.05870819091797,31.64957046508789,-11.377132415771484,1
match10_ambig_0043.mp4,0.04299330338835716,0.021012967452406883,2644.642199943424,-33.878963470458984,3854.443359375,33,1.7776782512664795,4.785543918609619,4820.688580452128,2249.6924976757996,0.16896609042553193,20.776799262834594,-0.0047825538555518,-193.01907348632812,79.28512573242188,-12.07103443145752,62.3292121887207,-11.104854583740234,0
match10_ambig_0044.mp4,0.04544318839907646,0.03005640208721161,3135.8033622407797,-25.869020462036133,3725.244140625,38,1.8374794721603394,4.779505729675293,5479.793908461085,2279.6437109443636,0.2332141804245283,21.187498728319785,-0.007202840911858154,-177.97796630859375,63.968727111816406,-1.128411889076233,65.81658935546875,-26.612035751342773,0
match10_ambig_0045.mp4,0.04696081578731537,0.020899347960948944,3082.272367510785,-42.50907897949219,3768.310546875,30,1.8493187427520752,4.776769161224365,5500.020530007102,2144.798877596127,0.2286709872159091,21.85918551772801,0.001774370141569455,-208.52377319335938,56.715877532958984,-7.908451557159424,71.86226654052734,-21.20863914489746,0
match10_ambig_0046.mp4,0.028124865144491196,0.014929590746760368,2488.3981623334544,-34.62714385986328,4102.0751953125,36,1.8374872207641602,4.7471113204956055,4547.472502055921,2241.829045672285,0.16960063733552633,22.3006757867223,-0.012591908063115645,-237.9178466796875,94.49010467529297,-6.077114105224609,61.729774475097656,-7.915523529052734,0
match10_ambig_0047.mp4,0.026570651680231094,0.016509249806404114,2546.001138572017,-36.73799133300781,4048.2421875,34,1.83023202419281,4.787235736846924,4489.6728515625,2093.548047484294,0.17609514508928573,21.497771946515044,-0.006877398443596125,-252.9672088623047,93.13714599609375,-5.100691795349121,61.82796096801758,-17.820722579956055,0
match10_ambig_0048.mp4,0.05670059844851494,0.01150390226393938,2376.975998642112,-35.3402214050293,3725.244140625,31,1.8424257040023804,4.846897602081299,4061.986785239362,1987.1322811237058,0.18077834109042554,22.52354232721208,0.004047567238465405,-156.36752319335938,109.48036193847656,-37.02003860473633,35.57373809814453,-27.830995559692383,0
match10_ambig_0049.mp4,0.07014665007591248,0.005477437749505043,2143.9035877055076,-37.24345779418945,3875.9765625,46,1.80934739112854,4.811406135559082,4466.4972854872885,2145.8643510304864,0.13349940413135594,22.326814848955742,0.002075235538985659,-178.49630737304688,112.68385314941406,-16.54681968688965,53.784549713134766,-2.8201146125793457,0
match10_ambig_0050.mp4,0.07305824011564255,0.0054554748348891735,2078.9679574787087,-37.44583511352539,3649.8779296875,33,1.8716611862182617,4.78035306930542,3942.1463012695312,1971.946521560548,0.15324910481770834,22.337459521698698,-0.006158862438596285,-164.01602172851562,119.27236938476562,-26.306482315063477,58.806854248046875,-23.336212158203125,1
match10_ambig_0051.mp4,0.043917328119277954,0.01587098091840744,2370.726086173316,-38.26350402832031,3606.8115234375,39,1.8120797872543335,4.829263687133789,4503.248131793478,2194.304165437432,0.14766261888586957,21.455140361151777,-0.007008666769512113,-181.10693359375,97.80131530761719,-21.681140899658203,40.017799377441406,-25.04667091369629,0
match10_ambig_0052.mp4,0.03259076550602913,0.008988533169031143,2172.0724337168836,-31.767717361450195,3692.9443359375,40,1.8981341123580933,4.759129524230957,4118.583984375,2051.925461924263,0.15914713541666667,21.76317689227849,0.0019135688879461541,-217.49749755859375,122.26433563232422,-18.86953353881836,52.76923370361328,-26.754356384277344,0
match10_ambig_0053.mp4,0.03809795156121254,0.013645391911268234,2588.0309605540097,-36.81354904174805,3671.4111328125,29,1.814756989479065,4.771933078765869,5136.773212139423,2300.0114677433544,0.19556290064102563,21.017574880587002,-0.013777483784814455,-196.91683959960938,100.18311309814453,-10.299294471740723,57.7912712097168,-17.983510971069336,0
match10_ambig_0054.mp4,0.1092860996723175,0.007071841973811388,1890.3249157300354,-43.55986022949219,3628.3447265625,21,1.8408457040786743,4.699586868286133,3862.1732271634614,2010.5968557503227,0.09173427483974358,19.91423540220787,-0.02385670752924533,-124.1820297241211,107.54523468017578,-31.033193588256836,50.57944107055664,6.566573619842529,0
match10_ambig_0055.mp4,0.08940693736076355,0.011148998513817787,2066.8842135023515,-42.23638916015625,3628.3447265625,31,1.787551760673523,4.770005226135254,4013.0859375,1938.3252154860988,0.14847735969387754,21.500586402039623,-0.00772576095674661,-118.72306823730469,112.90892028808594,-38.30106735229492,52.995914459228516,-5.502445220947266,1
match10_ambig_0056.mp4,0.08386039733886719,0.011864971369504929,2671.6420346523755,-42.267452239990234,3606.8115234375,26,1.794424057006836,4.795464992523193,5013.039178363348,2251.1293059998115,0.1851413532838983,22.116069774410043,-0.005068414764589071,-144.39459228515625,86.4126205444336,-16.885074615478516,59.18350601196289,-17.973167419433594,0
match10_ambig_0057.mp4,0.13362832367420197,0.009433566592633724,2062.5091202229682,-38.042808532714844,3789.84375,47,1.826176404953003,4.770349502563477,3937.977337015086,1909.9421564649572,0.1376195447198276,22.2995413354768,-0.011702656858379198,-74.01055145263672,114.20916748046875,-47.24201202392578,22.84315299987793,-23.1409854888916,1
match10_ambig_0058.mp4,0.03692144528031349,0.005741885397583246,2311.819063802932,-41.733699798583984,3639.111328125,20,1.7999460697174072,4.798857688903809,3764.997746394231,1822.3308784970513,0.22240584935897437,23.241682916830463,-0.0012005136538634654,-224.48472595214844,115.90570068359375,-42.74672317504883,47.03565979003906,-31.917142868041992,1
match10_ambig_0059.mp4,0.10937328636646271,0.011091245338320732,2004.5020455881975,-49.05078887939453,3649.8779296875,37,1.8129055500030518,4.751842975616455,3623.429538892663,1775.7808061714227,0.14372452445652173,21.96336517321722,0.004958500326173101,-109.03423309326172,116.6724624633789,-59.608646392822266,29.470901489257812,-5.612963676452637,1
match10_ambig_0060.mp4,0.07139356434345245,0.034671179950237274,2507.867420855369,-34.276885986328125,3628.3447265625,36,1.7983431816101074,4.840555191040039,4451.113394803779,1967.880183262519,0.17498637354651161,20.15909206662471,-0.005122273053938967,-96.63504791259766,84.3370590209961,-61.40140151977539,22.650714874267578,-5.122105121612549,0
match10_ambig_0061.mp4,0.08133679628372192,0.01799948513507843,2148.0223600628233,-40.06076431274414,3714.4775390625,29,1.8422330617904663,4.8718767166137695,3865.2099609375,1919.63794559925,0.13968331473214285,20.98170766316446,0.0055846067148516525,-108.71501922607422,109.88002014160156,-49.66413879394531,32.15401077270508,-3.8027384281158447,0
match10_ambig_0062.mp4,0.07850705087184906,0.028436513617634773,2627.669996590193,-32.22837829589844,3703.7109375,28,1.8724714517593384,4.826369762420654,4537.432391826923,1967.7359962600626,0.19374749599358973,20.722128003475515,0.000564662267477821,-96.45540618896484,80.30219268798828,-57.59476852416992,26.145904541015625,-10.868440628051758,0
match10_ambig_0063.mp4,0.0636693686246872,0.014211517758667469,2168.982290298468,-42.949954986572266,3789.84375,24,1.910088062286377,4.699467658996582,4048.780517578125,2109.945992785909,0.1293212890625,21.10417774103699,-0.03043596907827375,-173.44451904296875,103.10026550292969,-22.59726333618164,47.135398864746094,-3.3876349925994873,0
match10_ambig_0064.mp4,0.08383117616176605,0.014024649746716022,2272.1021049869673,-36.402099609375,3929.8095703125,40,1.8108971118927002,4.786372661590576,4366.161648732312,2094.779669971189,0.14439305719339623,21.530357738920202,0.0036318742515681593,-124.82691955566406,103.12814331054688,-27.018489837646484,34.230918884277344,-29.13963508605957,0
match10_ambig_0065.mp4,0.05795061215758324,0.015603051520884037,3217.1540109949233,-39.437034606933594,3703.7109375,26,1.9155678749084473,4.591604232788086,5590.068470348011,2207.594023256668,0.2555930397727273,22.017580319245287,-0.006065575879056235,-204.9634246826172,55.857112884521484,-1.5469081401824951,76.26183319091797,-13.100592613220215,0
match10_ambig_0066.mp4,0.08828743547201157,0.007755829952657223,2150.8168633051214,-43.69092559814453,3768.310546875,37,2.0341994762420654,4.412106990814209,4175.603205983231,2087.2551703076965,0.13528963414634146,22.934969911269366,0.000393422336923153,-143.41810607910156,115.9423599243164,-27.680599212646484,28.974597930908203,-11.372937202453613,0
match10_ambig_0067.mp4,0.08016930520534515,0.022286929190158844,2241.0239060783238,-34.05397033691406,3682.177734375,12,1.8278285264968872,4.797086238861084,4199.2437744140625,2023.2805522686322,0.14952392578125,20.657567479484147,-0.011777776581766155,-95.400634765625,105.38326263427734,-41.6246223449707,28.492156982421875,-17.020055770874023,0
match10_ambig_0068.mp4,0.0799800455570221,0.019006075337529182,2248.7166552975636,-33.55461120605469,3682.177734375,34,1.8126596212387085,4.776336193084717,3992.898077713816,1872.7157386045112,0.16237493146929824,21.23528366041241,-0.010685139674468469,-92.67850494384766,110.3364486694336,-58.74702072143555,31.31793975830078,-12.328864097595215,0
match9_ambig_0001.mp4,0.14488282799720764,0.0025143148377537727,1634.87626703299,-51.33194351196289,3929.8095703125,20,1.8019778728485107,4.914225101470947,3884.3505859375,2235.8035591154844,0.058675130208333336,22.876721803567143,0.02621714091938645,-150.3183135986328,107.40670776367188,7.856953144073486,55.11865234375,16.269392013549805,0
match9_ambig_0002.mp4,0.03404637798666954,0.05278323218226433,2831.678211964935,-33.42996597290039,4112.841796875,19,1.8275021314620972,4.756928443908691,5791.014982524671,2423.985641668635,0.19596782483552633,20.321930065901157,0.007369542942639401,-160.1564483642578,79.1634750366211,-35.85927963256836,0.4246407449245453,-7.277662754058838,0
match9_ambig_0003.mp4,0.09106902778148651,0.009645264595746994,2110.9298712315867,-43.238834381103516,3757.5439453125,44,1.8726309537887573,4.869978904724121,4064.1357421875,2028.9447836446514,0.11342075892857142,22.241264055918556,0.00980447084094639,-128.3122100830078,107.94338989257812,-43.73261642456055,5.280166149139404,-18.18766212463379,1
match9_ambig_0004.mp4,0.1043936014175415,0.008299759589135647,1963.6830993301671,-44.3931770324707,3811.376953125,37,1.7773576974868774,4.857386112213135,3647.033921727594,1915.8321693253451,0.11445128242924528,22.988911708400103,0.02183743828963358,-99.80180358886719,119.8791275024414,-49.658111572265625,21.143375396728516,-4.980527877807617,1
match9_ambig_0005.mp4,0.13565528392791748,0.0032962074037641287,1917.4001879512796,-48.395050048828125,3832.91015625,33,1.8393076658248901,4.847784519195557,3896.8075959578805,1941.5775970825543,0.10313349184782608,24.53579873753985,0.018273479954965293,-116.34420776367188,115.47785949707031,-33.727596282958984,22.460050582885742,-23.851730346679688,0
match9_ambig_0006.mp4,0.13446030020713806,0.003309930907562375,1618.43462587947,-52.148128509521484,3779.0771484375,32,1.809000015258789,4.791679859161377,3559.4384765625,1909.3046962462329,0.07021484375,23.181448825696762,0.00936509726014218,-136.9003143310547,125.52708435058594,-19.087900161743164,19.307029724121094,-17.624664306640625,1
match9_ambig_0007.mp4,0.11094255745410919,0.0038710259832441807,1692.848862674224,-49.73066329956055,3606.8115234375,30,1.7560878992080688,4.861380577087402,2971.305964543269,1558.3990394883851,0.09967197516025642,21.870690357980642,0.012358348681772583,-115.88129425048828,137.20144653320312,-65.5110092163086,27.975770950317383,-10.994251251220703,0
match9_ambig_0008.mp4,0.13379709422588348,0.00300876097753644,1697.283205164144,-49.81698989868164,3962.109375,45,1.788894772529602,4.7415242195129395,3249.685381043632,1739.0570171110735,0.09035045695754718,24.00072914815877,-0.011634255564060907,-128.90359497070312,135.3990936279297,-44.33100509643555,14.721844673156738,-19.031221389770508,1
match9_ambig_0009.mp4,0.17386357486248016,0.0015448422636836767,1555.1718703374188,-51.675628662109375,3929.8095703125,28,1.8171714544296265,4.8321757316589355,2932.5531005859375,1781.1631403882209,0.0724365234375,23.90508716763887,-0.01997651921920023,-119.29026794433594,129.87277221679688,-32.27098846435547,9.284110069274902,-24.582584381103516,1
match9_ambig_0010.mp4,0.10227032005786896,0.01937914453446865,2091.375124608631,-42.468196868896484,3617.578125,25,1.7989834547042847,4.657655715942383,3780.615234375,1893.5200086857776,0.12690330038265307,20.667383399717302,-0.0056570562122910594,-83.5783920288086,109.35540008544922,-54.51493835449219,9.99122428894043,-3.377730369567871,0
match9_ambig_0011.mp4,0.12294492870569229,0.006432017777115107,1741.7164501044465,-50.54618835449219,3725.244140625,36,1.7987140417099,4.780418395996094,3414.0284124410377,1888.4193885497943,0.09043337264150944,22.4148101876399,0.004347295911750682,-104.60543060302734,128.3511962890625,-32.54032897949219,11.488460540771484,-14.259777069091797,1
match9_ambig_0012.mp4,0.14636822044849396,0.010811684653162956,2019.7283537960034,-42.845367431640625,3725.244140625,40,1.7899318933486938,4.732325077056885,4129.900568181818,2078.9328230828987,0.10828429383116883,22.333352925911857,-0.014236827750792226,-75.77760314941406,114.0101089477539,-27.725141525268555,23.131864547729492,-13.144370079040527,1
match9_ambig_0013.mp4,0.13162529468536377,0.008863805793225765,2023.2793064143616,-46.87640380859375,3886.7431640625,47,1.7940402030944824,4.83111572265625,4239.4775390625,2096.539448132212,0.10127573164682539,22.018690043050455,-0.00027512909511895746,-94.89250946044922,112.62238311767578,-31.34010124206543,13.748733520507812,-15.575092315673828,1
match9_ambig_0014.mp4,0.06691469997167587,0.020632660016417503,2439.931514589048,-38.6052131652832,3832.91015625,52,1.8804574012756348,4.747371196746826,4507.454057173295,2157.138539969453,0.17153468276515152,22.411889171011694,0.00011139966180845395,-144.90692138671875,93.95420837402344,-32.27565002441406,30.317909240722656,-4.032338619232178,1
match9_ambig_0015.mp4,0.13143545389175415,0.0058952500112354755,1865.6733169751794,-48.679500579833984,3725.244140625,59,1.788784384727478,4.6744818687438965,3774.462890625,1935.5617695485703,0.09538922991071429,23.656636339114367,0.01954323041372108,-104.75028228759766,119.15116882324219,-35.45717239379883,28.825214385986328,-3.8146066665649414,1
match9_ambig_0016.mp4,0.14454253017902374,0.016155939549207687,1963.9598178438798,-45.55400085449219,3908.2763671875,36,1.8790568113327026,4.672503471374512,4021.440221908245,2086.376500742758,0.09414478058510638,20.92612816209319,0.001915067464208221,-78.10257720947266,114.39447021484375,-24.45889663696289,1.4916939735412598,-17.565176010131836,0
match9_ambig_0017.mp4,0.1374499350786209,0.029792534187436104,2594.0715675798856,-45.392242431640625,4015.9423828125,26,1.8707356452941895,4.706676006317139,4869.0538908305925,2244.117135024464,0.16228926809210525,21.174716589407385,-0.010821188417322863,-81.6268081665039,95.51570129394531,-15.275424003601074,16.375341415405273,-22.433029174804688,0
match9_ambig_0018.mp4,0.172050341963768,0.002587483497336507,1662.014886351156,-52.721168518066406,4015.9423828125,40,1.7874594926834106,4.7563371658325195,3029.7216796875,1770.4471142122188,0.085673828125,23.426789799221016,-0.004345815480211075,-96.22589111328125,129.74220275878906,-40.0650749206543,1.7092715501785278,-23.102506637573242,1
match9_ambig_0019.mp4,0.10047738999128342,0.007481476757675409,1843.6592383467191,-46.26042938232422,3768.310546875,35,1.8617665767669678,4.7223334312438965,3341.7573686079545,1775.7894758899272,0.11439985795454545,21.88035644760797,0.008883076945810796,-121.9218978881836,123.80668640136719,-47.5655632019043,28.522911071777344,-4.220944881439209,1
match9_ambig_0020.mp4,0.10411357134580612,0.009082513861358166,1869.3010193817966,-50.2287483215332,3843.6767578125,41,1.8726298809051514,4.6315999031066895,3586.7560891544117,1852.3628369416456,0.10466452205882353,22.55430944836376,0.007864204022793378,-112.77124786376953,124.9560546875,-44.97648239135742,12.176810264587402,-5.674354553222656,1
match9_ambig_0021.mp4,0.11684039980173111,0.008129396475851536,2037.1701650476318,-47.10938262939453,3703.7109375,38,1.8786213397979736,4.875157833099365,3721.2330537683824,1875.4695281567476,0.1171109068627451,22.910052691677564,0.03323179780511263,-101.99552154541016,112.98517608642578,-49.26264572143555,13.546208381652832,-13.964734077453613,1
match9_ambig_0022.mp4,0.03073919750750065,0.010367774404585361,2333.237775737253,-44.128482818603516,3617.578125,32,1.836771011352539,4.76210355758667,4462.3624475990855,2186.0624022000557,0.16159727515243902,21.301416456947695,-0.003962681636609403,-245.9918975830078,98.33009338378906,-0.17447476089000702,42.37553024291992,-13.139965057373047,1
match9_ambig_0023.mp4,0.16029271483421326,0.00437255809083581,1919.7362904770364,-50.5914306640625,4015.9423828125,41,1.8608342409133911,4.818435192108154,3789.84375,1993.2156342751568,0.088740234375,23.871439455981772,0.05638647606484097,-93.79920959472656,116.22422790527344,-37.20711898803711,-2.936156988143921,-32.671539306640625,1
match9_ambig_0024.mp4,0.11813215911388397,0.008870353922247887,1857.808597205017,-45.178565979003906,3628.3447265625,26,1.8660213947296143,4.805513858795166,4182.82470703125,2150.4953738466456,0.0816650390625,21.744481640083613,0.0014877827412040985,-107.89347839355469,116.90473937988281,-5.84839391708374,23.531761169433594,-30.224573135375977,0
match9_ambig_0025.mp4,0.09200899302959442,0.005584792699664831,2237.159257906977,-45.245426177978516,3800.6103515625,45,1.842413306236267,4.6853508949279785,4488.204678622159,2119.162531412543,0.13600852272727273,24.56486736065125,-0.030088578847434762,-130.3484649658203,113.27460479736328,-37.325679779052734,24.330448150634766,-15.408164024353027,0
match9_ambig_0026.mp4,0.16326449811458588,0.003147280076518655,1770.0864804589937,-48.27920150756836,3832.91015625,46,1.8107820749282837,4.704172611236572,3252.7910652807204,1684.2888110024016,0.1064701403601695,23.41726276748434,0.007032286292536581,-80.5864028930664,133.8546600341797,-56.66948699951172,25.612009048461914,-9.206950187683105,1
match9_ambig_0027.mp4,0.09726646542549133,0.0033134177792817354,1621.3434160173952,-48.84832763671875,3606.8115234375,33,1.8712252378463745,4.733129501342773,3097.2758448401164,1767.21446447742,0.08982103924418605,22.942242010121518,-0.017419047592758963,-142.7577362060547,143.60740661621094,-37.253475189208984,23.71605682373047,-5.186700820922852,0
match9_ambig_0028.mp4,0.12215478718280792,0.012001543305814266,1881.4445740287406,-41.89869689941406,3671.4111328125,21,1.793286919593811,4.641733169555664,3517.5620631167762,1879.7245767014147,0.11107113486842106,20.83850331608865,-0.009215026983619742,-70.6002426147461,124.5376968383789,-47.063148498535156,5.450401306152344,-7.346914291381836,0
match9_ambig_0029.mp4,0.09835219383239746,0.0033019455149769783,1745.2031793451745,-49.77248001098633,3736.0107421875,22,1.8652900457382202,4.676077365875244,3241.3137335526317,1742.668726424201,0.10181949013157894,24.006493947091464,-0.025273313227129307,-169.3103485107422,128.38072204589844,-41.17328643798828,33.16010665893555,-10.154458045959473,0
match9_ambig_0030.mp4,0.13022670149803162,0.005930829793214798,1666.0381564357597,-45.84996795654297,3725.244140625,35,1.8139034509658813,4.805777549743652,3145.269660229953,1786.5569968526625,0.08780770931603774,21.826118657282784,-0.01399904318609555,-88.5192642211914,135.430908203125,-39.2603645324707,17.540325164794922,-14.412793159484863,0
match9_ambig_0031.mp4,0.10364291816949844,0.025483962148427963,2560.269389532333,-44.321258544921875,3660.64453125,27,1.7710140943527222,4.743747711181641,4980.243389423077,2211.115554935529,0.16717998798076922,22.344604487157245,-0.001044169639060546,-130.17625427246094,90.96634674072266,-18.728275299072266,32.85154724121094,-13.201374053955078,0
match9_ambig_0032.mp4,0.06703127175569534,0.04710868000984192,3105.6183495913783,-40.86804962158203,3746.77734375,33,1.9366086721420288,4.756617069244385,5878.767596550708,2427.3793431631734,0.19735775353773585,21.877056055708607,0.009493017286226674,-143.61048889160156,52.16040802001953,-10.662251472473145,51.55719757080078,12.227545738220215,0
match9_ambig_0033.mp4,0.09002473205327988,0.01731705479323864,2740.374936569712,-46.79780578613281,3639.111328125,26,1.8650153875350952,4.734002113342285,4981.153663429054,2241.5044367644923,0.17157147381756757,23.05057410023674,-0.02472920942773857,-135.69415283203125,88.93689727783203,-25.389699935913086,27.706968307495117,-29.00458335876465,0
match9_ambig_0034.mp4,0.10356126725673676,0.016957473009824753,2490.238087185807,-47.8567008972168,3660.64453125,30,1.826602578163147,4.640402793884277,5720.748740748355,2593.5532507089843,0.10914370888157894,21.342568557601652,-0.017630799635111598,-184.9931640625,60.587921142578125,10.41685676574707,60.82687759399414,18.04907989501953,0
match9_ambig_0035.mp4,0.13868427276611328,0.008192330598831177,1954.6664508942458,-45.15242385864258,3768.310546875,48,1.7965723276138306,4.707664966583252,3636.739026085805,1831.8712241387716,0.11583851959745763,23.311247338585115,-0.0433962683417009,-88.05042266845703,122.22146606445312,-42.2697639465332,24.274898529052734,-10.422942161560059,1
match9_ambig_0036.mp4,0.06877176463603973,0.03804977238178253,2652.482977992247,-36.700191497802734,4382.0068359375,29,1.9191774129867554,4.849499702453613,5344.8101806640625,2305.207231880776,0.17861328125,20.535793748870255,-0.009041943020822452,-113.21720886230469,84.7874526977539,-42.68696212768555,-12.480316162109375,-26.060888290405273,0
match9_ambig_0037.mp4,0.052218735218048096,0.05807719752192497,3130.85672860809,-39.81989288330078,3660.64453125,24,2.0084149837493896,4.647562503814697,5913.3251953125,2385.2689135909777,0.22035435267857142,20.654075059326267,0.010561561615658228,-145.4523468017578,64.90184783935547,-20.94110679626465,37.69794845581055,-0.42166653275489807,0
match9_ambig_0038.mp4,0.13422958552837372,0.0023156150709837675,1527.0641885487044,-52.18417739868164,3736.0107421875,35,1.779288411140442,4.712975025177002,3009.26513671875,1710.4523129882316,0.0854220920138889,24.01780404236661,-0.014294646597342106,-130.56393432617188,141.83944702148438,-30.904354095458984,20.416929244995117,-14.86220932006836,1
match9_ambig_0039.mp4,0.1260789930820465,0.013125574216246605,2080.301680942889,-44.48984146118164,3789.84375,41,1.8930505514144897,4.750707149505615,4319.09610523897,2096.049098801147,0.11241000306372549,22.35539809245082,-0.014791924783641082,-80.79100799560547,111.59829711914062,-34.739891052246094,13.3884859085083,-6.639188289642334,1
match9_ambig_0040.mp4,0.12352780997753143,0.005203720182180405,1832.7677561157661,-46.819644927978516,3692.9443359375,27,1.7855241298675537,4.872254371643066,3384.04541015625,1787.6420882020273,0.1023530505952381,22.8708705511824,0.02781653011993989,-97.08338928222656,130.201904296875,-53.81560516357422,17.433853149414062,-13.451970100402832,0
match9_ambig_0041.mp4,0.12247912585735321,0.007336723152548075,1877.5316690611917,-45.637672424316406,3822.1435546875,48,1.8447661399841309,4.842830657958984,3680.6636810302734,1886.6690580404388,0.10428619384765625,23.211694398827994,-0.011407778833204372,-98.38374328613281,128.24476623535156,-43.37223434448242,11.552486419677734,-23.387046813964844,1
match9_ambig_0042.mp4,0.07640581578016281,0.019397156313061714,2230.8727745669253,-45.400672912597656,3714.4775390625,40,1.9269355535507202,4.629988670349121,4514.311805138221,2194.3370638057277,0.14030573918269232,21.233469509236198,-0.00655130254049421,-135.90379333496094,105.15167999267578,-20.487977981567383,28.999055862426758,1.1222972869873047,1
match9_ambig_0043.mp4,0.08580827713012695,0.02024850621819496,2801.7269354898017,-39.604087829589844,3757.5439453125,57,1.820778250694275,4.853496074676514,5339.619140625,2245.3103764968437,0.19088309151785715,23.266111153369945,-0.006875553855941848,-141.00726318359375,77.0169448852539,-17.904748916625977,44.90837478637695,-9.177656173706055,1
match9_ambig_0044.mp4,0.038161955773830414,0.02336382493376732,3179.9556062819197,-46.30841064453125,3606.8115234375,42,1.8433479070663452,4.709547519683838,5517.599969161184,2289.4411150339165,0.23760450932017543,22.014533486009515,-0.004858253242289297,-235.96734619140625,57.31954574584961,-1.6439169645309448,54.98141860961914,-9.33304500579834,1
match9_ambig_0045.mp4,0.1014113575220108,0.025155287235975266,2546.5019479887887,-43.74610137939453,3800.6103515625,58,1.85152006149292,4.771941184997559,5467.762914197198,2446.110502252457,0.13759428879310345,21.774053313316962,-0.004951710636360474,-137.5894775390625,75.56031036376953,-3.6036417484283447,49.47020721435547,3.493858814239502,0
match9_ambig_0046.mp4,0.06860308349132538,0.018481431528925896,2764.1585716621553,-42.10057830810547,3736.0107421875,52,1.9151890277862549,4.757772445678711,4907.4169921875,2128.55250861461,0.20604166666666668,23.18367035616288,-0.02175174596465641,-175.75196838378906,89.33231353759766,-14.11669635772705,48.95628356933594,-9.78729248046875,1
match9_ambig_0047.mp4,0.14772547781467438,0.00823467131704092,2103.1793479509115,-47.982688903808594,3875.9765625,24,1.9463022947311401,4.410375118255615,4735.466487233231,2431.519226061881,0.08059022484756098,21.33029288282688,0.014826099723440627,-133.67613220214844,91.71976470947266,7.192811489105225,39.21657180786133,2.4385993480682373,0
match9_ambig_0048.mp4,0.06774750351905823,0.044375669211149216,2810.818135578119,-41.32353210449219,4155.908203125,30,1.8921420574188232,4.585949420928955,5188.278475674716,2173.925862536666,0.20815207741477273,21.07453512448484,-0.007338138570595246,-130.77919006347656,79.37342071533203,-39.59548568725586,13.617427825927734,-15.780716896057129,0
match9_ambig_0049.mp4,0.1303853988647461,0.00735133932903409,1872.4838892933058,-47.10923385620117,3746.77734375,38,1.8199199438095093,4.735584735870361,3688.9892578125,2035.1152903240368,0.09356066645408163,22.320274925820193,-0.006158701369641843,-94.6706314086914,121.2802505493164,-25.79075813293457,9.835063934326172,-4.2682929039001465,1
match9_ambig_0050.mp4,0.1386146992444992,0.012213273905217648,2039.104440993055,-50.451236724853516,4242.041015625,25,1.847327709197998,4.8804521560668945,3465.948486328125,1832.3122684553075,0.1220974392361111,22.656293535850576,-0.00979562821128944,-109.48458862304688,105.31863403320312,-56.87007141113281,13.50650405883789,-2.503309965133667,0
match9_ambig_0051.mp4,0.1546095907688141,0.00873927678912878,1946.4124075265606,-49.48374557495117,3822.1435546875,47,1.8418538570404053,4.677982330322266,4170.185653023098,2140.394626559393,0.10045855978260869,22.734327192126553,-0.01595301357108052,-102.73199462890625,115.01594543457031,-18.112842559814453,27.856477737426758,-7.880649566650391,0
match9_ambig_0052.mp4,0.12467752397060394,0.008985431864857674,2000.3260815919202,-50.05680465698242,3822.1435546875,42,1.8503143787384033,4.772869110107422,3768.831511466734,1962.4784700287223,0.11729775705645161,23.418141585938024,0.010568672425049162,-90.46818542480469,116.18406677246094,-41.2506217956543,14.901192665100098,-17.75054168701172,1
match9_ambig_0053.mp4,0.1267985999584198,0.01231159083545208,2084.2374932373004,-47.57591247558594,3832.91015625,37,1.8331034183502197,4.8048272132873535,4248.042072233607,1989.29545142074,0.12740938780737704,22.853259527789945,-0.010024833489764884,-88.35012817382812,113.2877426147461,-40.90601348876953,11.399044036865234,-17.389991760253906,1
match9_ambig_0054.mp4,0.13324923813343048,0.005837377160787582,1864.9803652654339,-48.70962142944336,3811.376953125,50,1.852792739868164,4.853832721710205,3911.6013470818016,2003.092913563454,0.08742388556985294,23.881725312412623,0.026886405643218453,-116.68710327148438,113.24596405029297,-27.195068359375,30.039478302001953,-9.348339080810547,1
match9_ambig_0055.mp4,0.10266483575105667,0.0038490830920636654,1527.3266617729741,-51.812496185302734,4263.57421875,35,1.8496671915054321,4.8249664306640625,2846.22802734375,1698.8517288289102,0.09015764508928571,22.41923892088577,0.013028896911411918,-129.53231811523438,148.76600646972656,-36.357791900634766,20.604700088500977,-6.03158712387085,0
match9_ambig_0056.mp4,0.04817908629775047,0.0089863371104002,1995.538107487971,-44.22602081298828,3940.576171875,43,1.8522545099258423,4.73564338684082,3719.86083984375,1921.2733329567047,0.15944908405172414,22.516088873999212,0.0060171733670243205,-193.07546997070312,121.49634552001953,-40.611961364746094,20.11113739013672,4.0385355949401855,1
match9_ambig_0057.mp4,0.12532714009284973,0.008833416737616062,2038.4491101044553,-41.23465347290039,3832.91015625,52,1.8920238018035889,4.812464237213135,3956.2182156544814,1991.1887417510766,0.12073444870283019,23.143198999051954,0.025873036034634853,-95.9275131225586,113.36683654785156,-38.430049896240234,22.02561378479004,-16.527454376220703,1
match9_ambig_0059.mp4,0.1448163390159607,0.007663979195058346,1949.808244665357,-48.82388687133789,3606.8115234375,32,1.8576984405517578,4.641932964324951,3723.748779296875,2034.6494170670558,0.09568956163194445,22.537752335315275,-0.014008468989834903,-98.93464660644531,110.42318725585938,-35.200923919677734,16.16855239868164,0.7862046957015991,0
match9_ambig_0060.mp4,0.11876847594976425,0.00377958663739264,1721.0357023921051,-49.6419792175293,3682.177734375,33,1.8250840902328491,4.787984371185303,3228.8059303977275,1718.2971642042123,0.10636541193181819,23.071963247846956,-0.002290763806210926,-116.81563568115234,128.9655303955078,-46.571014404296875,25.26361846923828,-11.437397956848145,1
match9_ambig_0061.mp4,0.09499265998601913,0.017411839216947556,2398.7527032979156,-48.18242645263672,3660.64453125,35,1.8562642335891724,4.743366718292236,4552.5421142578125,2081.7179415072274,0.13570731026785715,22.487390052629834,-0.03492008661601705,-139.6670684814453,90.62541961669922,-23.84544563293457,38.900299072265625,-10.73148250579834,0
match9_ambig_0062.mp4,0.14440177381038666,0.004388146568089724,1677.4639216051305,-47.116943359375,3832.91015625,35,1.7895138263702393,4.826337814331055,3540.05859375,1914.708829308142,0.08902762276785714,22.348372365501792,-0.0027191596495229177,-97.3719482421875,131.7027130126953,-25.193145751953125,24.890365600585938,-13.198592185974121,1
match9_ambig_0063.mp4,0.1034182459115982,0.0096481554210186,2097.168562484443,-43.08407974243164,3886.7431640625,40,1.8816686868667603,4.861885070800781,3941.5549538352275,1956.8725285971489,0.1347360321969697,23.169251711170876,-0.01089550116551448,-112.16625213623047,113.97503662109375,-44.21758270263672,18.69965934753418,-11.107706069946289,1
match9_ambig_0064.mp4,0.13281475007534027,0.009430010803043842,2038.4506009812308,-47.809749603271484,3736.0107421875,46,1.878152847290039,4.674578666687012,4257.819655845905,2192.0332843980614,0.09087082435344827,23.013794067583287,-0.012231032945908884,-104.92274475097656,106.290283203125,-24.85272789001465,22.08640480041504,-4.659285545349121,1
match9_ambig_0065.mp4,0.13102899491786957,0.02957875095307827,2625.5005466511698,-46.76999282836914,3703.7109375,23,1.9340128898620605,4.7851104736328125,4716.054815995066,2111.132737506904,0.16136410361842105,21.82218475699026,0.00838271669873967,-84.85487365722656,77.81519317626953,-42.843963623046875,10.805651664733887,-7.239096164703369,0
match9_ambig_0066.mp4,0.12699680030345917,0.008716772310435772,1993.3629143982996,-49.994380950927734,3639.111328125,23,1.9403984546661377,4.628602981567383,3578.1005859375,2003.7721592557816,0.10481770833333333,22.918186987184086,-0.007904618262872623,-101.72036743164062,111.9985580444336,-39.76223373413086,13.730456352233887,0.7358658909797668,0
match9_ambig_0067.mp4,0.09050557762384415,0.030283482745289803,2572.357828196438,-47.81319046020508,3649.8779296875,43,1.8270739316940308,4.776371479034424,5401.557192595109,2401.7525963514195,0.13505222486413043,21.45314272820601,0.017724270279961447,-110.75271606445312,90.78846740722656,-16.437559127807617,14.200386047363281,-18.249492645263672,0
match9_ambig_0068.mp4,0.11250235140323639,0.006579799111932516,1940.0578361908726,-46.50447463989258,3606.8115234375,44,1.874238133430481,4.820664405822754,3890.637466755319,1941.3961987757348,0.10804521276595745,22.928122635396676,0.03793999950120253,-105.9073715209961,119.47076416015625,-33.87268829345703,23.2553768157959,-30.435251235961914,0
match9_ambig_0069.mp4,0.11328767985105515,0.011115283705294132,2303.279465178308,-44.44731521606445,3714.4775390625,43,1.8445247411727905,4.749362945556641,4212.677556818182,2027.5718926973316,0.15207741477272727,23.037832378343648,0.01179586744322965,-99.27742767333984,100.24242401123047,-48.887332916259766,14.685089111328125,-8.430211067199707,1
match9_ambig_0070.mp4,0.10185308009386063,0.007630618754774332,1864.061586840457,-42.59934616088867,3919.04296875,39,1.8263951539993286,4.839107990264893,3264.350773737981,1814.6034539399677,0.12001389723557693,22.691789132074362,-0.011256064278855308,-105.85564422607422,126.04561614990234,-48.55259323120117,10.770482063293457,-10.36101245880127,1
match9_ambig_0071.mp4,0.12921474874019623,0.006007273215800524,1819.6475920048367,-55.539344787597656,3886.7431640625,29,1.8028655052185059,4.73589563369751,3402.784423828125,1863.399586981038,0.10928955078125,23.18012924753483,0.03295868723074747,-128.0889434814453,127.16410827636719,-35.27891159057617,24.001995086669922,4.853847503662109,0
match9_ambig_0072.mp4,0.03246798366308212,0.02291768416762352,3745.371435312927,-40.249794006347656,3940.576171875,27,1.8178300857543945,4.9199724197387695,6598.64501953125,2416.4782969750313,0.2708100818452381,22.300233912400678,0.023517105632191154,-257.5965270996094,35.176307678222656,13.089942932128906,61.32931137084961,-20.898754119873047,0
match9_ambig_0073.mp4,0.09905830770730972,0.02527611516416073,2409.960653323737,-41.57872009277344,3919.04296875,50,1.8300156593322754,4.656927108764648,4520.316256009615,2051.684741697929,0.14964693509615384,20.830372643723603,0.01099492452980768,-75.85365295410156,87.88764190673828,-59.958953857421875,4.352916240692139,-7.562094211578369,0
match9_ambig_0074.mp4,0.15656568109989166,0.0025007412768900394,1542.6362445970371,-51.68383026123047,3811.376953125,20,1.7506064176559448,4.8592681884765625,2549.2620849609375,1636.8063969891002,0.0853271484375,22.521380219626884,0.0038757351540732684,-112.0567398071289,142.37759399414062,-42.23712158203125,-9.925537109375,-29.747304916381836,0
match11_ambig_0001.mp4,0.14683103561401367,0.01565033569931984,2365.378426414348,-38.31928634643555,4328.173828125,18,1.9190080165863037,4.734775066375732,5060.628995028409,2416.435001792069,0.11191998106060606,22.064855048872275,-0.02143773255310129,-83.03894805908203,90.39433288574219,-14.953810691833496,35.540523529052734,-4.909407138824463,0
match11_ambig_0002.mp4,0.20432458817958832,0.00953043531626463,2272.955353408496,-49.54903030395508,4048.2421875,29,1.9315316677093506,4.837985515594482,4467.822983685662,2210.2744972691803,0.08997300091911764,27.47282887297272,0.08420677204451618,-96.34725189208984,77.7800064086914,-13.985590934753418,38.83726119995117,-1.8300706148147583,0
match11_ambig_0003.mp4,0.13787415623664856,0.009130247868597507,2061.370269457063,-44.062721252441406,3725.244140625,20,1.7964409589767456,4.8629961013793945,3835.601806640625,1888.589981484407,0.1156768798828125,22.82070361905018,0.026214722703853232,-75.21856689453125,106.74397277832031,-54.786468505859375,15.049330711364746,-14.25130844116211,0
match11_ambig_0004.mp4,0.1379375457763672,0.011871900409460068,2354.6531863272926,-39.244842529296875,3639.111328125,24,1.780818223953247,4.856483459472656,4296.771240234375,1885.8732339669004,0.1572808159722222,22.660393060715332,-0.015675700743844924,-76.9217758178711,92.1633529663086,-62.0556640625,36.81336212158203,-8.05691146850586,0
match11_ambig_0005.mp4,0.14121830463409424,0.006475529167801142,2127.758219386083,-45.92395782470703,3800.6103515625,31,1.85781729221344,4.776476860046387,4374.665971235795,2214.718615980428,0.10148481889204546,23.743974248205376,-0.014437894860441279,-109.07687377929688,106.09844207763672,-19.80657196044922,5.79209566116333,-23.185768127441406,1
match11_ambig_0006.mp4,0.13163334131240845,0.024672532454133034,2471.925113648743,-33.7495002746582,3854.443359375,41,1.8672823905944824,4.671067714691162,4412.910970052083,2041.4218117060238,0.16758897569444445,21.803022997965055,0.012956616050617946,-43.06496047973633,93.5040054321289,-53.1785888671875,20.28993797302246,-16.911149978637695,0
match11_ambig_0007.mp4,0.11667167395353317,0.024272151291370392,2448.138711205473,-39.77149963378906,3746.77734375,15,1.8246369361877441,4.7198405265808105,4497.6708984375,2040.137041195474,0.16810825892857142,21.0176239793101,-0.00591403650549631,-62.40387725830078,95.87643432617188,-44.66839599609375,34.144527435302734,-9.653055191040039,0
match11_ambig_0008.mp4,0.13764722645282745,0.015587104484438896,2198.7120134705187,-42.42366027832031,3725.244140625,32,1.8205677270889282,4.741313457489014,4355.60302734375,2114.403889160799,0.12503487723214285,22.467976442372272,0.030394197935566806,-77.99664306640625,104.77022552490234,-38.125762939453125,4.703314781188965,-21.153976440429688,1
match11_ambig_0009.mp4,0.15684333443641663,0.010943724773824215,2070.568033666915,-40.342002868652344,3757.5439453125,41,1.867516279220581,4.696020126342773,4191.73804111168,2051.800537743273,0.1117923924180328,22.169188652273828,-0.014711565741073898,-55.467864990234375,111.7247314453125,-40.309757232666016,-1.5161899328231812,-40.4599723815918,1
match11_ambig_0010.mp4,0.17346031963825226,0.018289629369974136,2423.426390958255,-37.669593811035156,3854.443359375,23,1.87906014919281,4.76338529586792,4542.9931640625,2001.9864664430793,0.15665690104166666,22.422814350372803,-0.0194520058590881,-34.202232360839844,86.25048065185547,-55.600685119628906,12.5721435546875,-7.878763675689697,0
match11_ambig_0011.mp4,0.12064795941114426,0.005003024358302355,1916.5304460453835,-50.082374572753906,3736.0107421875,16,1.8456056118011475,4.744379997253418,3765.109665329392,2011.437094884155,0.09202122043918919,22.806215345859155,-0.019865611595519705,-120.8742904663086,116.02884674072266,-30.116012573242188,6.919960021972656,-23.27031898498535,1
match11_ambig_0012.mp4,0.15943124890327454,0.011371757835149765,2655.6282278037097,-40.320186614990234,4102.0751953125,37,1.8046866655349731,4.946545600891113,5243.69384765625,2148.041839146473,0.17523600260416666,23.824644198862654,0.005470737831508202,-52.74153518676758,79.35755920410156,-51.21788024902344,19.318065643310547,-27.243772506713867,0
match11_ambig_0013.mp4,0.13702549040317535,0.013804941438138485,2331.911643569211,-40.43488693237305,3736.0107421875,38,1.805741310119629,4.7586188316345215,4721.056906960227,2239.46347251434,0.12277166193181818,22.485275374118526,0.001271500527024042,-66.51831817626953,100.56006622314453,-30.52088737487793,12.456867218017578,-22.378263473510742,1
match11_ambig_0014.mp4,0.17365099489688873,0.011918199248611927,2173.6588724259773,-40.37694549560547,3746.77734375,25,1.8539667129516602,4.7604546546936035,4327.345628004808,2086.2071709489983,0.1257011217948718,23.209671167142876,0.02207993742814035,-45.58998107910156,106.25880432128906,-39.56208038330078,6.637289047241211,-21.95207405090332,1
match11_ambig_0015.mp4,0.1373191773891449,0.012477027252316475,2425.1210657884653,-40.845062255859375,4026.708984375,38,1.7915502786636353,4.8481926918029785,4353.6052835398705,1904.2137116371441,0.16322905441810345,22.63304453582297,0.050211036531168166,-61.89523696899414,88.4720687866211,-65.17627716064453,18.539134979248047,-20.809431076049805,0
match11_ambig_0016.mp4,0.10671278089284897,0.0214940644800663,2437.0340952594593,-32.83798599243164,3682.177734375,24,1.7994592189788818,4.782527446746826,4581.5828649009145,2060.774323035201,0.17019578887195122,21.67755339728394,-0.008053518732764232,-64.45404052734375,104.14402770996094,-43.669654846191406,32.78447723388672,-25.52294921875,0
match11_ambig_0017.mp4,0.17375345528125763,0.02277940697968006,2503.115153591194,-42.1832389831543,3703.7109375,30,1.8465672731399536,4.791980743408203,5035.112949587264,2226.929814540793,0.1563144899764151,22.28190846434553,-0.01206936235393224,-56.86323165893555,87.1239013671875,-23.545446395874023,32.674766540527344,-15.4205322265625,1
match11_ambig_0018.mp4,0.16008201241493225,0.024385416880249977,2678.899765435808,-40.888031005859375,3736.0107421875,55,1.8119632005691528,4.75612211227417,5495.026335169057,2390.109677325479,0.15042264344262296,23.28824554104208,-0.0022333560610792724,-59.19192123413086,78.23750305175781,-17.017133712768555,28.778654098510742,-21.38956069946289,1
match11_ambig_0019.mp4,0.12496311962604523,0.006995652802288532,1935.4312562090188,-44.374839782714844,3725.244140625,27,1.8625435829162598,4.87716007232666,4081.61865234375,2043.5541698273264,0.10313720703125,23.47522100200335,-0.007669803030090559,-114.3468246459961,118.58204650878906,-28.09951400756836,21.468557357788086,-21.934452056884766,1
match11_ambig_0020.mp4,0.13539807498455048,0.008312639780342579,2126.5745365757007,-39.11125564575195,3714.4775390625,25,1.800947666168213,4.927565574645996,4087.5636888586955,1994.4800396185826,0.13493546195652173,22.57262107899754,0.0041584258770872365,-78.50520324707031,113.04535675048828,-39.6915397644043,23.141111373901367,-26.63009262084961,1
match11_ambig_0021.mp4,0.09243007749319077,0.003892500652000308,1997.5544431677192,-46.058834075927734,4037.4755859375,21,1.7820937633514404,4.979794502258301,3737.6420454545455,1696.955159578181,0.15046460700757575,23.974336703095112,0.046317143011525334,-143.2731170654297,125.15703582763672,-48.647830963134766,43.70849609375,-26.032243728637695,0
match11_ambig_0022.mp4,0.14647170901298523,0.013011117465794086,2083.2716648774017,-41.46031188964844,3843.6767578125,29,1.8639342784881592,4.722344398498535,3892.409796463816,1937.2101697023395,0.11348684210526316,20.899504944275723,-0.01264802326046699,-60.10439682006836,107.62483215332031,-50.9608039855957,8.200705528259277,-13.783130645751953,0
match11_ambig_0023.mp4,0.1097431480884552,0.013166938908398151,2351.0609786442014,-36.345577239990234,3628.3447265625,27,1.8165737390518188,4.852619171142578,4263.57421875,1960.9536645103162,0.15123092296511628,23.073742525081464,0.008785261836543478,-73.0641860961914,98.85670471191406,-56.73968505859375,25.87960433959961,-22.53080940246582,0
match11_ambig_0024.mp4,0.1400430053472519,0.01756272464990616,2184.598007876711,-40.37632369995117,3746.77734375,21,1.833335280418396,4.772100448608398,4100.607022372159,2016.1507329241724,0.11833052201704546,21.645114309912852,0.014741817427130927,-58.15286636352539,103.10275268554688,-47.825260162353516,12.846695899963379,-14.76144027709961,0
match11_ambig_0025.mp4,0.09944967180490494,0.019960347563028336,2326.767237762838,-33.016910552978516,3832.91015625,28,1.8430187702178955,4.772743225097656,4374.7393798828125,2036.7277858668917,0.1599365234375,20.96878334372024,-0.0025241454815550074,-71.17350769042969,106.10893249511719,-49.74031448364258,20.79001808166504,-19.465452194213867,0
match11_ambig_0026.mp4,0.1918143630027771,0.01150725781917572,2451.2256168957288,-40.64847183227539,3692.9443359375,29,1.8986424207687378,4.726517200469971,4691.971628289473,2237.7249908942786,0.14431280838815788,22.42153222924409,-0.0245391922209158,-61.411094665527344,87.89141845703125,-21.4055233001709,38.25038146972656,-17.907381057739258,1
match11_ambig_0027.mp4,0.13401147723197937,0.021441880613565445,2690.4068007033975,-35.13646697998047,4360.4736328125,33,1.8126939535140991,4.866111755371094,5073.614169034091,2167.5315331861943,0.17716619318181817,23.245243414474984,-0.015704472955932552,-56.22786331176758,69.57783508300781,-54.779361724853516,15.764749526977539,-9.857078552246094,0
match11_ambig_0028.mp4,0.12811186909675598,0.007309579290449619,2240.3777694768773,-43.78123474121094,3757.5439453125,34,1.8213527202606201,4.963058948516846,4080.073879076087,1835.2263847599318,0.140625,24.5141930265643,0.036923593329562104,-96.93157958984375,98.92949676513672,-55.70891571044922,37.4897575378418,-9.048195838928223,0
match11_ambig_0029.mp4,0.13065417110919952,0.018157875165343285,2561.1480620922644,-36.4276008605957,4134.375,42,1.797132968902588,4.941202640533447,4916.9189453125,2123.9778543233597,0.14977058531746032,22.98675182483681,-0.01202217133365512,-72.33622741699219,74.00774383544922,-54.05913543701172,17.383146286010742,-15.839306831359863,0
match11_ambig_0030.mp4,0.11604137718677521,0.018903329968452454,2455.2309686335066,-33.88132095336914,3768.310546875,32,1.7729123830795288,4.834963321685791,4752.436127533784,2199.273724201663,0.14285525760135134,21.412665611615218,0.011728970639606168,-84.88029479980469,91.33415985107422,-23.065261840820312,56.38285827636719,-11.435416221618652,0
match11_ambig_0031.mp4,0.10104084759950638,0.011632204055786133,2039.0361809215294,-44.11083984375,3746.77734375,36,1.84153413772583,4.782060146331787,3935.0830078125,2082.5232033883317,0.11927016900510204,22.601648936703537,6.627027304108954e-05,-125.87399291992188,108.07485961914062,-27.4836483001709,32.0163459777832,-1.4311418533325195,1
match11_ambig_0032.mp4,0.15417338907718658,0.021635960787534714,2523.5582088927654,-37.976837158203125,3606.8115234375,30,1.8259104490280151,4.770395278930664,4653.54052734375,2133.4139625939197,0.15076171875,21.780416001518045,0.014478595921165,-35.98078918457031,84.97391510009766,-54.572975158691406,2.05727219581604,-25.445384979248047,0
match12_ambig_0001.mp4,0.12716573476791382,0.00492622796446085,1773.7451079939021,-41.92036056518555,3940.576171875,22,1.8298856019973755,4.948216438293457,4001.07421875,2179.1198519101586,0.06606910342261904,22.742968719123528,0.013660455029401972,-120.86199188232422,117.47112274169922,-1.6318795680999756,40.94927215576172,-6.955240249633789,0
match12_ambig_0002.mp4,0.12357261031866074,0.006866730283945799,1882.7604968252556,-42.793914794921875,3940.576171875,30,1.8849632740020752,4.849928855895996,4065.9622192382812,2197.3965775293295,0.073028564453125,22.53504448612439,0.003065536062617979,-114.73724365234375,113.67354583740234,-10.59649658203125,35.00639724731445,-3.358398199081421,0
match12_ambig_0003.mp4,0.08459210395812988,0.01283326931297779,2212.7689435061757,-39.504512786865234,3940.576171875,25,1.8825033903121948,4.8734517097473145,4662.726276676829,2341.0282132505654,0.12114138719512195,22.06156625792539,-0.003899096777661608,-141.72854614257812,104.52000427246094,4.747055530548096,42.71596145629883,-10.143839836120605,0
match12_ambig_0004.mp4,0.08219145238399506,0.009799638763070107,2165.625073171018,-39.59177017211914,3940.576171875,25,1.8114535808563232,4.899948596954346,4499.5894582648025,2316.4217450078077,0.1259251644736842,23.4045422416159,0.02660667591306863,-139.78526306152344,110.32964324951172,6.619134902954102,33.4134407043457,-16.950851440429688,0
match12_ambig_0005.mp4,0.10897393524646759,0.007949325256049633,1990.255612087257,-42.64134979248047,3940.576171875,34,1.8123325109481812,4.914605140686035,4277.57080078125,2335.619897451352,0.08302734375,22.587747583778036,-0.016947966326182153,-115.55211639404297,112.8516616821289,1.712875485420227,33.6355094909668,-9.221363067626953,0
match12_ambig_0006.mp4,0.10751590132713318,0.008575981482863426,1856.008803178075,-41.22518539428711,4177.44140625,31,1.8006846904754639,4.863193511962891,4035.9375,2146.284646577659,0.08896019345238096,22.09477803875043,0.07066620582156727,-114.22765350341797,119.27884674072266,-2.846855878829956,35.45540237426758,-10.339424133300781,0
match12_ambig_0007.mp4,0.06117621436715126,0.016457078978419304,2421.6828603535128,-38.52593231201172,3940.576171875,26,1.8109536170959473,4.791234016418457,4757.787490472561,2284.424197193141,0.15603563262195122,22.28173062428469,0.03298170339371018,-147.56117248535156,97.75062561035156,-19.86838722229004,35.73515701293945,-16.103960037231445,0
match12_ambig_0008.mp4,0.0766349732875824,0.016440782696008682,2309.973047008645,-40.2599983215332,3940.576171875,43,1.8687384128570557,4.845766067504883,4696.6552734375,2275.957482792059,0.13786471619897958,22.438895000409854,0.022928496974717688,-125.79114532470703,99.48616027832031,-19.81183624267578,33.88618087768555,-13.236113548278809,0
match12_ambig_0009.mp4,0.13514862954616547,0.00673900218680501,1918.994950808296,-42.15132522583008,3940.576171875,33,1.8037934303283691,4.9702534675598145,4310.30585106383,2253.794148949702,0.0680684840425532,21.02132590627825,0.028149156024473022,-99.56599426269531,109.27227020263672,-11.823612213134766,39.624263763427734,-6.976814270019531,0
match12_ambig_0010.mp4,0.13630519807338715,0.00837119109928608,2172.958491369341,-42.37176513671875,4177.44140625,22,1.842881679534912,5.01770544052124,4694.23828125,2403.420153804067,0.08680245535714286,22.35506659251129,0.07419357655992352,-104.83992767333984,97.1547622680664,1.1092209815979004,46.287445068359375,-0.6563698649406433,0
match12_ambig_0011.mp4,0.11712900549173355,0.004028798080980778,1871.4865928808224,-44.257266998291016,3649.8779296875,20,1.8178976774215698,4.871849060058594,3904.6875,2160.047434316668,0.0736355251736111,24.287507203094762,0.03333830642542343,-143.82672119140625,104.81158447265625,-18.034353256225586,53.71579360961914,9.600289344787598,0
match12_ambig_0012.mp4,0.11637995392084122,0.004140536766499281,1741.13336344885,-45.78479766845703,3940.576171875,16,1.908016324043274,4.861669063568115,4026.708984375,2169.712186842928,0.062315244932432436,22.335811736429502,0.05097830217103018,-139.20164489746094,116.3235092163086,-9.4063081741333,42.675174713134766,-1.9503566026687622,0
match12_ambig_0013.mp4,0.1327914446592331,0.004449996165931225,1917.0708533773625,-44.7899055480957,3940.576171875,33,1.7596471309661865,4.93759298324585,4441.22314453125,2329.246630646512,0.05139741443452381,22.448035402022153,0.0491844997847862,-138.98211669921875,101.26004791259766,-2.815756320953369,51.1300048828125,1.8817991018295288,0
match12_ambig_0014.mp4,0.09121166169643402,0.0017859976505860686,2362.837818884995,-48.647239685058594,3639.111328125,24,1.854291319847107,4.973806381225586,3664.30517578125,1678.9817231518873,0.209619140625,24.15474317665847,-0.006137575412877308,-215.48187255859375,112.57699584960938,-26.693296432495117,45.56141662597656,-39.20497131347656,1
match12_ambig_0015.mp4,0.12610742449760437,0.00687567051500082,1926.6801458299358,-44.313724517822266,3714.4775390625,27,1.8154575824737549,4.71993350982666,3454.583740234375,1819.6235938670534,0.10005696614583333,22.54518694191031,-0.0070724072914754455,-94.24081420898438,112.18923950195312,-63.30005645751953,-2.7193498611450195,-31.062808990478516,0
match12_ambig_0016.mp4,0.0657254084944725,0.009121705777943134,2182.0483033654987,-34.669376373291016,3779.0771484375,32,1.828985571861267,4.805290222167969,4120.571664663462,1997.440999318537,0.15452223557692307,21.831696278859408,-0.014583292428605631,-137.153564453125,116.4620132446289,-44.38077926635742,33.482505798339844,-16.333980560302734,0
match12_ambig_0017.mp4,0.07574257254600525,0.004101322963833809,2133.582921653625,-42.83084487915039,3929.8095703125,41,1.8581966161727905,4.757357120513916,3811.9642223011365,1899.8407195482991,0.1726473721590909,23.35308914810049,-0.0010172980580746267,-171.72080993652344,124.22969055175781,-32.01324462890625,33.06372833251953,-27.366716384887695,1
match12_ambig_0018.mp4,0.15453293919563293,0.007511048577725887,2091.8176844877057,-41.54497528076172,3660.64453125,32,1.888809323310852,4.830517292022705,4074.64599609375,2044.2255810550553,0.12087286086309523,22.128272184352536,-0.029907038599426505,-100.32948303222656,111.38645935058594,-26.91312599182129,25.05181312561035,-27.335763931274414,1
match12_ambig_0019.mp4,0.07578233629465103,0.010329402051866055,2332.980067983061,-38.32621383666992,3994.4091796875,31,1.8528488874435425,4.70127010345459,3886.48681640625,1823.425570432589,0.18582589285714285,22.548145875148766,-0.011419497069568131,-122.40320587158203,107.60892486572266,-67.07015228271484,22.233177185058594,-14.682439804077148,0
match12_ambig_0020.mp4,0.0811341255903244,0.009421844966709614,2760.273631376019,-45.724205017089844,3875.9765625,27,1.8847877979278564,4.858080863952637,4616.93408203125,1964.971665079921,0.19375,22.81274824071392,-0.006193701367402639,-194.7431182861328,80.38158416748047,-8.039588928222656,32.07585144042969,-42.297645568847656,1
match12_ambig_0021.mp4,0.08670049160718918,0.003795791184529662,1937.3995412759575,-45.5749626159668,3800.6103515625,24,1.8802207708358765,4.807049751281738,3667.546198918269,1879.606201424033,0.12113131009615384,21.94448904422659,0.008235623434490007,-176.24813842773438,124.1077880859375,-28.517822265625,52.431156158447266,-2.8647351264953613,0
match12_ambig_0022.mp4,0.05208989232778549,0.004945570137351751,2040.2683917586567,-45.277183532714844,3617.578125,15,1.9313108921051025,4.756584644317627,4087.1408770161293,2158.5063598175752,0.12482673891129033,22.717356607656026,-0.024167400606394572,-208.17642211914062,118.25968170166016,-12.320398330688477,41.20640182495117,-14.696233749389648,0
match12_ambig_0023.mp4,0.1399170607328415,0.0069677988067269325,2113.121220222039,-43.73133087158203,4059.0087890625,37,1.8222514390945435,4.634289741516113,3831.5643310546875,1925.2693255100235,0.14602225167410715,22.338233780773145,-0.018039848810414334,-90.93174743652344,118.023681640625,-38.9523811340332,23.16264533996582,-26.44009017944336,1
match12_ambig_0024.mp4,0.1580435037612915,0.004791212268173695,1869.83657672662,-45.58354949951172,3875.9765625,22,1.861911654472351,4.717009544372559,3734.6649169921875,1906.8519132202975,0.109130859375,22.406786657830562,-0.033284085304359765,-95.78271484375,120.0274658203125,-38.81786346435547,11.708128929138184,-37.213478088378906,1
match12_ambig_0025.mp4,0.07268944382667542,0.007909853011369705,1878.6055283276658,-37.28997039794922,3768.310546875,22,1.831028938293457,4.837538242340088,3391.1082300646553,1727.4871993647012,0.11196794181034483,21.258507504959326,-0.031792180399224025,-134.4959716796875,125.32485961914062,-62.877498626708984,-1.1591426134109497,-24.636802673339844,0
match12_ambig_0026.mp4,0.11721651256084442,0.004880190826952457,2126.6524250583966,-40.73093032836914,3962.109375,30,1.8318462371826172,4.875251293182373,3768.310546875,1866.1354003218125,0.15338264627659576,21.6385684707755,-0.017051596296344555,-123.96234130859375,118.8988037109375,-38.12200927734375,39.76825714111328,-19.70829963684082,1
match12_ambig_0027.mp4,0.12551093101501465,0.011841418221592903,2034.9847234289955,-44.34378433227539,3779.0771484375,45,1.838006854057312,4.6898088455200195,4105.802095853365,2006.8263057218987,0.10698367387820513,22.583274213191473,0.006187012775234479,-105.84439086914062,109.35913848876953,-36.52655792236328,13.434700012207031,-29.894691467285156,1
match12_ambig_0028.mp4,0.12509246170520782,0.011371778324246407,2100.8677690980567,-45.11494064331055,3639.111328125,31,1.9007631540298462,4.918999195098877,4096.855024857955,2016.7321732153769,0.1351947206439394,22.115850249015015,0.003437130100284108,-109.57331848144531,111.23243713378906,-44.35322952270508,6.15160608291626,-33.00760269165039,1
match12_ambig_0029.mp4,0.12029348313808441,0.007142787799239159,1891.6188199865198,-42.25750732421875,3800.6103515625,17,1.8353251218795776,4.861911773681641,3651.373291015625,1923.6252458506965,0.10674370659722222,21.744058575939615,-0.028249568700601,-102.54856872558594,120.84974670410156,-38.561466217041016,18.009490966796875,-17.768857955932617,1
match12_ambig_0030.mp4,0.16052331030368805,0.004877974279224873,1839.2665109008315,-43.880897521972656,3811.376953125,21,1.8048232793807983,4.777709007263184,3643.2861328125,1879.6679110845535,0.10393415178571429,22.101716614994814,-0.014201126721952229,-80.41002655029297,126.4486083984375,-46.02859115600586,1.0597044229507446,-40.28122329711914,1
match12_ambig_0031.mp4,0.1357734203338623,0.015374153852462769,2289.1674318822047,-44.105464935302734,4231.2744140625,26,1.818598747253418,4.839908599853516,4417.989951685855,2118.1190837825166,0.13150185032894737,20.491024473663614,-0.00197173273877836,-74.0348892211914,96.9764175415039,-49.323307037353516,-3.1259899139404297,-40.083065032958984,0
match12_ambig_0032.mp4,0.10629092156887054,0.01685025729238987,2572.179987137306,-40.22090148925781,3919.04296875,57,1.8194677829742432,4.796626091003418,4709.67041015625,2034.7906979491358,0.19087999131944444,21.954271703936683,0.012217502402460426,-104.99604034423828,96.59963989257812,-32.67182159423828,13.973856925964355,-41.8143310546875,1
match12_ambig_0033.mp4,0.11873997747898102,0.024797314777970314,2306.99939657349,-41.036521911621094,3865.2099609375,55,1.881242275238037,4.708815097808838,4615.4541015625,2172.8103824085592,0.13316902281746032,21.02973888255255,-0.018222068924509113,-87.39997100830078,99.96063232421875,-30.012296676635742,25.942302703857422,-17.087509155273438,1
match12_ambig_0034.mp4,0.11149632185697556,0.011161061935126781,2011.7370047430936,-40.635154724121094,3919.04296875,31,1.8772162199020386,4.722779273986816,3690.9610145970396,1860.6949140802562,0.12880345394736842,20.856956742311638,-8.003930572347293e-05,-84.50433349609375,117.2144546508789,-58.98790740966797,1.2337373495101929,-18.626562118530273,0
match12_ambig_0035.mp4,0.12997190654277802,0.01180213037878275,2012.2655287792925,-39.811763763427734,3757.5439453125,40,1.848606824874878,4.769643306732178,4119.693270596591,1953.6966826319265,0.12778172348484848,21.493480618721083,-0.00010115470322934139,-91.72449493408203,127.70266723632812,-29.884397506713867,27.84848976135254,-28.398897171020508,1
match12_ambig_0036.mp4,0.14770223200321198,0.009930572472512722,2233.3753067537336,-43.31764602661133,3789.84375,29,1.815413475036621,4.809553146362305,4388.368918678977,2042.4141288162884,0.12646484375,21.91473475399371,0.05120051390127507,-72.51943969726562,101.189208984375,-45.64937973022461,18.042797088623047,-21.16149139404297,1
match12_ambig_0037.mp4,0.16635049879550934,0.007288508117198944,2049.583886792303,-45.78193664550781,3929.8095703125,22,1.7684751749038696,4.7032036781311035,4159.2578125,2077.6553529198723,0.10853949652777778,24.19602047466427,0.009231976895064898,-124.59442138671875,99.76203155517578,-5.5377421379089355,23.10883331298828,-57.95199203491211,1
match12_ambig_0038.mp4,0.10210614651441574,0.009774388745427132,1997.5500620048717,-47.78268051147461,3746.77734375,20,1.8259354829788208,4.787293910980225,3776.385498046875,1889.535676399281,0.11865234375,21.78121996635436,0.014052104005171576,-119.48277282714844,117.57669830322266,-48.20933151245117,11.893354415893555,-24.260658264160156,1
match12_ambig_0039.mp4,0.05292386934161186,0.01304860133677721,2767.7586435392695,-41.76457214355469,4134.375,28,1.8550584316253662,4.77296781539917,5002.4322509765625,2316.1933200479907,0.2013671875,22.150929303561817,0.012644987997151793,-188.4072723388672,82.04002380371094,-9.469905853271484,52.1529541015625,-11.679423332214355,0
match12_ambig_0040.mp4,0.12587788701057434,0.0050056688487529755,1777.1585105685676,-41.14115524291992,3789.84375,27,1.8125486373901367,4.9114580154418945,3566.6337176067073,1777.562735939062,0.11039919969512195,22.22013454110016,0.01165040563514658,-85.62232971191406,135.58116149902344,-47.04381561279297,22.88705062866211,-33.05072784423828,1
match12_ambig_0041.mp4,0.13851319253444672,0.0034810928627848625,1725.7610125840934,-45.53345489501953,3768.310546875,21,1.8018285036087036,4.962378025054932,3284.6416766826924,1732.5845996833377,0.08988131009615384,22.660544949093985,0.005212229072175229,-107.06407928466797,130.43475341796875,-49.639225006103516,16.857942581176758,-25.404409408569336,1
match12_ambig_0042.mp4,0.1002422347664833,0.01983613707125187,2239.1607111106887,-40.980377197265625,3962.109375,26,1.8826276063919067,4.887428283691406,4618.564453125,2244.274753714908,0.12693917410714287,20.628244499151442,0.002898859189179833,-94.87942504882812,104.21356964111328,-19.65157127380371,35.95759963989258,-4.658252239227295,0
match12_ambig_0043.mp4,0.13807398080825806,0.004064395558089018,1635.7468754547783,-43.75099182128906,3671.4111328125,20,1.8235344886779785,4.856886863708496,2866.42822265625,1573.42623521868,0.09280598958333333,21.56426524542234,0.03956155907905761,-87.39685821533203,139.8343048095703,-61.1072998046875,5.780429363250732,-24.755062103271484,0
match12_ambig_0044.mp4,0.09836702048778534,0.006659228354692459,2457.5978223569914,-45.2697868347168,4026.708984375,25,1.95967698097229,4.8018059730529785,4246.857653166118,1926.2471499100222,0.18732010690789475,23.55631274118758,0.03423091543371174,-169.4602508544922,92.29718017578125,-34.563140869140625,44.48624038696289,6.475549221038818,0
match12_ambig_0045.mp4,0.12750495970249176,0.007181775290518999,2095.576080784064,-40.01266860961914,3725.244140625,24,1.7852634191513062,5.018856048583984,3962.109375,1790.562674938357,0.12561928353658536,24.762725210363776,-0.009652463730611252,-95.33871459960938,106.47708892822266,-68.64369201660156,18.671247482299805,-40.12384033203125,0
match12_ambig_0046.mp4,0.0777253806591034,0.003273115726187825,1981.8674348971117,-48.24932098388672,3962.109375,37,1.8689906597137451,4.771292209625244,3400.2273559570312,1738.8253121566352,0.15538533528645834,22.41207561251392,-0.009696800467705729,-168.7471923828125,130.72080993652344,-38.88881301879883,15.301613807678223,-44.95600509643555,1
match12_ambig_0047.mp4,0.10111898183822632,0.008434323593974113,1962.6161126633058,-39.94709014892578,3703.7109375,24,1.8031766414642334,4.870721817016602,3655.597686767578,1825.6225905604383,0.1144866943359375,21.739864183499478,-0.03302685572656502,-100.001708984375,120.63845825195312,-57.04399108886719,7.910606861114502,-27.364139556884766,0
match12_ambig_0048.mp4,0.10759174823760986,0.007281889673322439,2318.8250536428222,-49.69369888305664,3757.5439453125,30,1.799210786819458,4.65350866317749,3542.4623001453488,1773.6401465522142,0.18014171511627908,22.21556444919429,-0.005446129458086232,-128.53358459472656,102.6336441040039,-46.699710845947266,35.8382682800293,-18.72984504699707,0
match12_ambig_0049.mp4,0.08045392483472824,0.004032022785395384,1868.3540824749473,-43.95121765136719,3822.1435546875,34,1.9303988218307495,4.720297813415527,3793.098769077035,1923.02665669337,0.11724427688953488,23.076166076801776,0.004030588449259923,-176.983154296875,135.338623046875,-19.280410766601562,27.795286178588867,-32.349571228027344,0
match12_ambig_0050.mp4,0.1400241106748581,0.0126758748665452,2136.806031509998,-43.01197052001953,3854.443359375,46,1.867607831954956,4.752164840698242,4400.731360394022,2111.1871985231905,0.11847543025362318,22.01015892556727,0.016986023273981035,-97.56561279296875,107.61565399169922,-18.759105682373047,30.55900764465332,-21.864444732666016,1
match12_ambig_0051.mp4,0.11963807046413422,0.0037318351678550243,1997.6236483234975,-42.717979431152344,3692.9443359375,37,1.8540030717849731,4.919336795806885,3893.97973232582,1883.6439415489363,0.12598456711065573,23.287747918612673,0.002288516576329723,-129.36956787109375,125.83751678466797,-41.88264846801758,22.81916046142578,-24.403606414794922,1
match12_ambig_0052.mp4,0.06667112559080124,0.011602194979786873,2398.9616151735363,-37.58247756958008,4188.2080078125,18,1.8748281002044678,4.8387932777404785,4245.1513671875,2063.807622446133,0.18518880208333333,22.389904121946323,-0.007143848524513288,-150.41111755371094,106.19252014160156,-40.07244110107422,28.63534927368164,-25.743696212768555,0
match12_ambig_0053.mp4,0.10417632758617401,0.007105888798832893,2097.11618630293,-44.11555862426758,3606.8115234375,38,1.8444228172302246,4.978781700134277,3883.2978515625,1806.7240922766478,0.152470703125,22.27346703778051,-0.02305164153400142,-113.67357635498047,120.6338119506836,-51.727596282958984,26.41687774658203,-22.62362289428711,1
match12_ambig_0054.mp4,0.10624611377716064,0.0031278980895876884,1844.749493799514,-43.835182189941406,4015.9423828125,28,1.8758186101913452,4.696269512176514,3426.715642755682,1895.022989655366,0.10802112926136363,23.64853656604399,0.023439972301130464,-130.93150329589844,132.03890991210938,-41.169002532958984,26.45703125,-7.560882091522217,1
match12_ambig_0055.mp4,0.030513204634189606,0.01243487186729908,2274.7238057773343,-33.28156280517578,4123.6083984375,32,1.8236888647079468,4.617727279663086,4170.351205221036,1939.2038368362857,0.1946217606707317,21.20037388276809,0.010296172351940237,-214.8673553466797,115.1531982421875,-47.94462585449219,28.7786865234375,-12.778416633605957,0
match12_ambig_0056.mp4,0.015118886716663837,0.018644483759999275,2652.0735821615817,-32.535377502441406,3832.91015625,26,1.80714750289917,4.661240100860596,4839.904067095588,2267.7905109031017,0.21253159466911764,21.7709609589352,-0.011256113155213108,-295.1623840332031,99.63377380371094,-14.070476531982422,43.272762298583984,-25.489749908447266,0
match12_ambig_0057.mp4,0.14607471227645874,0.009490539319813251,2079.1290406851267,-38.438602447509766,3951.3427734375,44,1.870204210281372,4.731069564819336,4140.655517578125,2147.3648652684274,0.12210286458333333,22.65621371658117,-0.007558128588739417,-84.88813781738281,113.30720520019531,-20.189117431640625,20.675676345825195,-26.572792053222656,1
match12_ambig_0058.mp4,0.15551087260246277,0.007233882322907448,1834.3637479511747,-44.58083724975586,3951.3427734375,17,1.9043866395950317,4.772968292236328,3881.5335181451615,2074.6311949681485,0.08406313004032258,22.85015726971542,-0.01118358032850097,-97.98971557617188,113.9919204711914,-19.794002532958984,1.390598177909851,-27.08579444885254,0
match12_ambig_0059.mp4,0.16469639539718628,0.006232148967683315,2316.097699033686,-42.779136657714844,3940.576171875,36,1.838741660118103,4.779606819152832,4544.818859565548,2144.136960523383,0.12048637576219512,24.722720334154385,0.055264153535227886,-96.07442474365234,91.35442352294922,-31.704830169677734,21.876632690429688,-18.00676155090332,0
match12_ambig_0060.mp4,0.10082416981458664,0.009124555625021458,2391.4618100595035,-41.00831985473633,3757.5439453125,10,1.8474284410476685,4.935871124267578,4665.193495639535,2061.222593930958,0.13494731104651161,24.182811135844215,0.02553915756499973,-142.69151306152344,78.49308013916016,-47.14249801635742,31.90348243713379,-20.642263412475586,0
match12_ambig_0061.mp4,0.11472892016172409,0.006231904495507479,1807.1682123124854,-48.828277587890625,3940.576171875,25,1.8584437370300293,4.654238700866699,3458.0366654829545,1831.1045770166509,0.11363636363636363,22.52200452310838,0.0035084919909712017,-153.46888732910156,125.83495330810547,-23.12495231628418,31.231111526489258,-19.51774024963379,1
match12_ambig_0062.mp4,0.14072242379188538,0.006068830844014883,2227.2277946627883,-44.121925354003906,3897.509765625,37,1.8929539918899536,4.697272300720215,4362.2039794921875,2182.1664067029565,0.13077218191964285,22.640834676274658,0.0429325411256926,-104.28507995605469,104.56840515136719,-21.850860595703125,25.63627052307129,-30.950679779052734,0
match12_ambig_0063.mp4,0.1321905106306076,0.02148076891899109,2587.639977284596,-41.0151481628418,3617.578125,32,1.8522241115570068,4.838547706604004,5087.785901521382,2277.72762764973,0.16652318050986842,22.13409545554555,-0.03172882891114012,-80.62694549560547,84.13959503173828,-34.12266159057617,19.032018661499023,-24.883588790893555,1
match12_ambig_0064.mp4,0.11695929616689682,0.007220841478556395,2056.5311301965608,-44.39656448364258,4005.17578125,41,1.8308285474777222,4.780557155609131,3874.0482159514927,1855.3291438631127,0.1416161380597015,22.821588631183772,0.02289218955516346,-101.03662109375,117.42000579833984,-53.862701416015625,14.293079376220703,-31.00983428955078,1
match12_ambig_0065.mp4,0.10328952968120575,0.03264695033431053,2812.704995995551,-40.171241760253906,4048.2421875,60,1.8682031631469727,4.910533905029297,5371.246868631114,2354.994709570193,0.18839695142663043,22.017027735884326,-0.010762832715805496,-106.24251556396484,76.2359390258789,-20.840221405029297,34.8763313293457,-20.209138870239258,1
match12_ambig_0066.mp4,0.09759983420372009,0.01711367815732956,2300.838707487134,-38.93000411987305,3843.6767578125,43,1.8586713075637817,4.686821460723877,4333.66268382353,2025.2919185514843,0.1513671875,21.06791661959887,-0.0383243482066169,-89.59870910644531,105.5003433227539,-51.50690841674805,5.890748500823975,-24.291961669921875,0
match12_ambig_0067.mp4,0.143805593252182,0.015188443474471569,2122.893174641773,-42.96532440185547,3875.9765625,41,1.8931803703308105,4.512787818908691,4245.840992647059,2117.577529484167,0.1111749387254902,21.41042223123591,0.005459157210895798,-83.16458892822266,105.06832885742188,-26.14188575744629,24.777381896972656,-19.301454544067383,0
match12_ambig_0068.mp4,0.14414770901203156,0.010699736885726452,2247.559327807705,-40.130775451660156,4349.70703125,27,1.8331084251403809,4.901580810546875,4406.965775923295,2139.931627896526,0.12236993963068182,22.947484045938417,0.012870357585528796,-74.63776397705078,101.73171997070312,-38.9785041809082,-2.4307281970977783,-38.4621467590332,0
match12_ambig_0069.mp4,0.15369468927383423,0.005178285762667656,2046.8572958607272,-40.72828674316406,4349.70703125,30,1.8097069263458252,4.866855621337891,4110.99609375,2027.8275857426167,0.10772879464285715,23.686644433542448,0.006077800125114033,-80.46104431152344,106.72843170166016,-39.80646514892578,3.9620299339294434,-39.491729736328125,0
match12_ambig_0070.mp4,0.038294799625873566,0.005065217148512602,1826.651781850238,-39.064632415771484,4026.708984375,23,1.880157709121704,5.021669387817383,3897.8570753528224,1875.3397872362418,0.1101467993951613,22.931371507635355,-0.04614267287096977,-220.0410919189453,128.5093994140625,-35.08147430419922,21.663793563842773,-36.42457962036133,0
match12_ambig_0071.mp4,0.037994928658008575,0.00537659227848053,2414.563758515774,-40.38325881958008,4198.974609375,14,1.903810739517212,4.842371940612793,4343.455456149193,2113.1911463251136,0.19069745463709678,23.846279831604978,0.01849224265036139,-248.01084899902344,111.4655990600586,-11.557476043701172,35.10095977783203,-25.657869338989258,0
match12_ambig_0072.mp4,0.09422685205936432,0.011042173951864243,2382.4541712928785,-42.100860595703125,3822.1435546875,34,1.8463385105133057,4.845975875854492,4538.260591947115,1996.373217295499,0.13987379807692307,22.86968581869865,-0.006849871542254503,-130.67225646972656,80.49974822998047,-59.09563446044922,19.849899291992188,-14.40380859375,0
match12_ambig_0073.mp4,0.126603364944458,0.016714366152882576,2252.7018714563897,-44.04450225830078,4026.708984375,17,1.851466178894043,4.9328813552856445,4511.456440770349,2148.5550718144978,0.1060592296511628,21.11658793196943,0.009545491268321387,-74.66728973388672,90.71614837646484,-50.83718490600586,-10.82981014251709,-30.46210479736328,0
match12_ambig_0074.mp4,0.056354910135269165,0.004897525999695063,2487.745561275218,-44.329444885253906,3736.0107421875,32,1.813707709312439,4.707370281219482,3976.386824898098,1834.4318720126787,0.20917544157608695,22.97354160653584,0.0023660635051476198,-202.11190795898438,107.10587310791016,-31.737258911132812,45.559295654296875,-34.61202621459961,1
match12_ambig_0075.mp4,0.12997548282146454,0.008166741579771042,2121.455663962766,-41.5814094543457,3639.111328125,18,1.814322829246521,4.878111362457275,4441.744109122984,2108.193562364702,0.11373802923387097,22.31287975261229,0.0006230397273769791,-84.19583129882812,115.26329040527344,-38.320987701416016,-0.280960351228714,-45.605865478515625,0
match12_ambig_0076.mp4,0.10085762292146683,0.020064689218997955,2314.550082310614,-41.48948669433594,3671.4111328125,34,1.849133849143982,4.7931036949157715,4718.5400390625,2214.99947964817,0.139453125,21.233756559995758,-0.013832898808337026,-103.1865005493164,105.07686614990234,-21.61052703857422,22.658653259277344,-19.51568603515625,0
match12_ambig_0077.mp4,0.14978714287281036,0.005874866619706154,2076.8033907433673,-45.933876037597656,3800.6103515625,28,1.8127353191375732,4.676307678222656,4032.630615234375,2037.1822191829876,0.11851806640625,21.923718893813977,-0.03742350021659447,-94.71000671386719,107.88890075683594,-31.712499618530273,31.7653751373291,-14.251405715942383,1
match12_ambig_0078.mp4,0.1337115317583084,0.005497573874890804,2013.0524080612108,-45.2657585144043,3725.244140625,14,1.7605419158935547,4.821160793304443,3578.3321257560483,1763.015309626513,0.10983177923387097,25.23461312989463,4.6015415552722365e-05,-107.42804718017578,102.96565246582031,-68.03926849365234,17.482776641845703,-18.215513229370117,0
match12_ambig_0079.mp4,0.10892923921346664,0.009988702833652496,2057.516522009426,-45.012420654296875,4231.2744140625,17,1.8223960399627686,4.845892906188965,4192.324649586397,2118.176216025887,0.12215647977941177,22.437790918554935,0.0029595748436781217,-139.58909606933594,116.48199462890625,-15.336403846740723,19.52187156677246,-25.115825653076172,0
match12_ambig_0080.mp4,0.04603663086891174,0.010805141180753708,2893.1864909009005,-31.952054977416992,3660.64453125,45,1.8379021883010864,4.873108863830566,5019.255065917969,2140.409524317752,0.235107421875,22.40402223517955,-0.014493504513844117,-196.6678924560547,91.3614273071289,-28.844411849975586,49.94242477416992,-30.45747184753418,0
match12_ambig_0081.mp4,0.12888103723526,0.004636610392481089,2034.6879625012496,-47.50037384033203,3994.4091796875,32,1.836936593055725,4.789886951446533,3635.328468116554,1890.3022650160262,0.11552470439189189,23.191999139361787,-0.002381893105893673,-109.1361312866211,114.81904602050781,-58.03135681152344,5.631019592285156,-25.42681884765625,0
match12_ambig_0082.mp4,0.0955231785774231,0.01230965182185173,2167.5091712426597,-45.117759704589844,3832.91015625,30,1.8630125522613525,4.841264247894287,4418.273283305921,2128.9178093260066,0.11870374177631579,22.512618302935287,0.004285236342900863,-118.6107406616211,103.49188232421875,-33.09054946899414,10.882611274719238,-9.053215026855469,1
match12_ambig_0083.mp4,0.09647434204816818,0.007675772532820702,2184.812706953179,-43.49299621582031,3649.8779296875,23,1.874462604522705,4.936861515045166,4159.802505817819,2031.890900781796,0.15806806848404256,23.086568337447762,0.010334672242649334,-143.96014404296875,117.33407592773438,-32.09405517578125,21.645858764648438,-35.140541076660156,1
match12_ambig_0084.mp4,0.06390423327684402,0.010835545137524605,2727.149837877837,-47.37236404418945,3628.3447265625,23,1.9256505966186523,4.846320629119873,4311.8316650390625,1903.3658607848738,0.20774623325892858,22.006850606986944,-0.017562393097251078,-236.16226196289062,88.40889739990234,-17.568937301635742,42.95281219482422,-36.14749526977539,1
match12_ambig_0085.mp4,0.08827697485685349,0.004218998830765486,2264.64331594561,-41.78990173339844,4026.708984375,31,1.8265507221221924,4.86614465713501,3943.90869140625,1959.1560095518792,0.15804036458333334,22.43341676522289,0.02041469606845953,-146.24044799804688,113.63070678710938,-42.472808837890625,26.840242385864258,-28.81545066833496,0
match12_ambig_0086.mp4,0.08494598418474197,0.019370703026652336,2416.5314875856184,-34.487525939941406,3639.111328125,30,1.8931204080581665,4.793071269989014,4593.75,2092.422154165175,0.16376657196969696,21.274328128424575,-0.018528553435071524,-94.47032928466797,100.103271484375,-53.68553924560547,21.414392471313477,-15.242571830749512,0
match12_ambig_0087.mp4,0.10224039107561111,0.007161499932408333,1910.680368451622,-41.362388610839844,3962.109375,28,1.8206801414489746,4.743490219116211,3846.966552734375,2007.4778318596318,0.11720106336805555,22.085780732173557,-0.019691814926450807,-120.20486450195312,121.22402954101562,-24.233558654785156,18.227434158325195,-30.30887794494629,1
match12_ambig_0088.mp4,0.0828901156783104,0.004319106228649616,2666.246000062332,-41.56112289428711,3649.8779296875,27,1.762977957725525,4.940680980682373,4593.450927734375,2129.343666374577,0.2118869357638889,23.825864694257522,0.0059445085241335745,-173.88023376464844,90.84197998046875,-15.233335494995117,31.18025779724121,-39.679908752441406,1
match12_ambig_0089.mp4,0.10561376065015793,0.005645781755447388,1895.6645008931,-42.418521881103516,3843.6767578125,22,1.82854163646698,4.821291923522949,3509.1943359375,1862.2534479784401,0.127734375,22.014897026079257,0.0018926191197871855,-119.70780181884766,126.0697250366211,-34.63457107543945,26.80259895324707,-20.57674789428711,1
match12_ambig_0090.mp4,0.13519099354743958,0.005810428876429796,2327.841239925726,-44.91603469848633,3854.443359375,40,1.7706079483032227,4.748232364654541,4377.654379986702,2073.943529006473,0.13815242686170212,23.290436502844727,0.022698173460453643,-113.08956146240234,96.69160461425781,-43.865882873535156,24.33293342590332,-21.095870971679688,1
match12_ambig_0091.mp4,0.11306480318307877,0.005203758832067251,2199.0024277091693,-41.74951171875,3660.64453125,33,1.810056447982788,4.864677906036377,4086.875287224265,1940.2893492812686,0.15158739276960784,23.49769498924985,0.005032560200583567,-121.33367156982422,110.12891387939453,-54.54445266723633,13.84797191619873,-30.660781860351562,1
match12_ambig_0092.mp4,0.07427475601434708,0.017528319731354713,2373.3817973485925,-35.76801681518555,3746.77734375,20,1.8821274042129517,4.684540271759033,4045.332295185811,1901.3467717293452,0.17236328125,20.9649043225904,-0.0021965579887337867,-108.52923583984375,98.8327407836914,-74.05318450927734,15.003341674804688,-20.911226272583008,0
match7_ebola.mp4,0.14886657893657684,0.011184917762875557,1874.9972687594343,-46.04572677612305,3725.244140625,41.0,1.8628721237182617,4.87460994720459,3752.5594075520835,1958.0071053925121,0.10127314814814815,18.40773735350492,-0.00816249471527221,-98.84667205810547,118.60018920898438,-29.324806213378906,22.224952697753906,-2.134793519973755,0
match1_0000409617_0000410255,0.1222556084394455,0.016118774190545082,2186.845852275842,-34.61512756347656,3800.6103515625,26.0,1.78193199634552,4.904913425445557,3871.5594951923076,1902.5010192929074,0.17247596153846154,21.726096857396445,-0.013200316075309314,-66.1031494140625,112.79946899414062,-50.69655227661133,32.58776092529297,1.2028182744979858,1
match1_0000708353_0000709137,0.13636286556720734,0.01879090629518032,2240.8246407596725,-37.13665771484375,3951.3427734375,31.0,1.816818356513977,4.9825968742370605,4553.5546875,2238.050158762628,0.11960720486111111,21.332767256772804,-0.018951941858328318,-51.18600845336914,102.06160736083984,-27.304197311401367,4.996035099029541,-19.56804656982422,1
match1_0000809511_0000809993,0.1050603985786438,0.007367610931396484,1898.8498120829859,-40.32341003417969,3779.0771484375,24.0,1.7957748174667358,4.897444725036621,4167.347717285156,2127.8888875920575,0.0818634033203125,21.548189142092312,-0.015567939322721042,-121.62730407714844,115.17623901367188,-17.610183715820312,51.84574890136719,-8.083189010620117,0
match1_0000894827_0000895651,0.17605489492416382,0.01250568125396967,2280.9396722051138,-38.37297439575195,3703.7109375,8.0,1.7649625539779663,4.87366247177124,4207.679521276596,1897.1622098936843,0.14458319481382978,21.809111008461265,0.00880786646444386,-42.60308837890625,95.11094665527344,-58.756290435791016,35.12099838256836,-3.2599596977233887,0
match1_0000905816_0000906524,0.11002723127603531,0.008089577779173851,2050.150651263066,-37.01332092285156,3811.376953125,31.0,1.7374751567840576,4.873702049255371,3830.3466796875,1834.8456537645554,0.12994094122023808,22.270305930357466,0.028762177749734694,-92.95762634277344,118.59384155273438,-47.88691329956055,25.055509567260742,-28.68813705444336,1
match1_0000933517_0000934051,0.12146468460559845,0.007620887830853462,2065.997731270188,-34.758506774902344,3908.2763671875,19.0,1.8792039155960083,4.936699390411377,3826.576861213235,1877.9783462525627,0.15843290441176472,21.864124601579533,-0.005853473946826808,-90.15633392333984,115.92151641845703,-43.03363800048828,31.4969482421875,-19.07847023010254,1
match1_0001145927_0001146415,0.07687875628471375,0.007517058402299881,2536.6163718907546,-41.55360794067383,4166.6748046875,25.0,1.8334957361221313,4.790918827056885,4305.2947998046875,2250.761787480359,0.199615478515625,22.12658413214989,0.003900907647991837,-174.39651489257812,111.42063903808594,3.286921501159668,41.21151351928711,-23.76763343811035,0
match1_0001251067_0001252252,0.09291761368513107,0.020116912201046944,2697.52795195379,-29.728103637695312,3897.509765625,50.0,1.8712899684906006,4.867185592651367,5019.8411510836695,2243.7320825980387,0.19435956401209678,22.326761323734075,0.0032707757629515497,-102.38037109375,91.33386993408203,-12.652719497680664,46.435997009277344,-21.62799644470215,0
match1_0001305884_0001306488,0.11373163014650345,0.007802118547260761,1919.8517558462297,-40.296043395996094,3811.376953125,22.0,1.7772046327590942,4.9741926193237305,3975.4948796452704,1916.2418350796022,0.10457136824324324,22.218569210354875,0.004195942801292135,-98.1619644165039,122.3049545288086,-33.31441116333008,34.06218338012695,-21.488155364990234,0
match1_0001314261_0001314789,0.079420305788517,0.01046097744256258,2351.410135425518,-37.34988784790039,3919.04296875,20.0,1.854188323020935,4.820662975311279,4449.773092830882,2190.162115402936,0.1650103400735294,21.873685112947946,0.016236429314875598,-147.1588134765625,100.58466339111328,-15.262182235717773,54.60419464111328,-8.70360279083252,0
match1_0001316762_0001317389,0.18537355959415436,0.015843844041228294,2516.1043746644773,-39.048011779785156,3736.0107421875,21.0,1.8656879663467407,4.92661714553833,5016.103001644737,2391.0739228651423,0.12221165707236842,21.201505969259372,0.00128991974192971,-62.977989196777344,85.5676040649414,-5.641846179962158,41.90742874145508,-12.746625900268555,0
match1_0001364950_0001365623,0.1776266098022461,0.013561025261878967,2153.8695807317627,-37.92454528808594,3886.7431640625,25.0,1.9024697542190552,5.065242767333984,4300.4498291015625,2043.3881597645268,0.125,22.347528234397643,-0.0022051568725471593,-37.36851501464844,105.79197692871094,-41.0737190246582,10.53972053527832,-23.77663803100586,1
match1_0001429188_0001430099,0.14060506224632263,0.006282628979533911,1967.1227080374183,-38.668785095214844,3929.8095703125,24.0,1.804652214050293,4.935023307800293,3784.7771139705883,1956.1382093202212,0.14408126531862744,22.613862700329197,-0.0070084351927374045,-93.82989501953125,120.15876007080078,-29.905244827270508,37.542701721191406,-9.6845064163208,1
match1_0001512414_0001513058,0.10824310034513474,0.01657290942966938,2296.717553750183,-35.88483428955078,3897.509765625,28.0,1.775068998336792,5.110243797302246,4383.387169471154,2208.7142592363007,0.15279447115384615,21.516324355039508,-0.007421545583876074,-84.8780746459961,101.05372619628906,-21.017847061157227,24.479646682739258,-12.472719192504883,1
match1_0001978665_0001979390,0.12918804585933685,0.0064758299849927425,1739.396624921552,-37.2019157409668,4015.9423828125,32.0,1.7779582738876343,4.80557107925415,3450.5706077398254,1703.8148635839973,0.10071084665697674,21.794685042210467,0.010134371407361403,-73.24365997314453,136.7152099609375,-49.54698944091797,37.96571350097656,-5.494932174682617,0
match1_0002128724_0002129246,0.09875398874282837,0.008435233496129513,1906.4713804066837,-33.27970504760742,3875.9765625,30.0,1.8088432550430298,4.8254828453063965,3765.1438993566176,1909.0695283944804,0.119873046875,21.545016942754035,0.017093338589434712,-99.22962951660156,129.73391723632812,-33.03261947631836,36.976585388183594,-20.382389068603516,0
match1_0002165498_0002166299,0.18032239377498627,0.004720352124422789,1894.0047983322922,-37.22066879272461,3940.576171875,23.0,1.8216443061828613,5.0318217277526855,3723.371688179348,1830.8358404689063,0.12069038722826086,22.952770132883618,5.1943541775026155e-05,-67.34772491455078,119.82853698730469,-45.549774169921875,25.413293838500977,-26.888547897338867,1
match1_0002281261_0002281993,0.14102114737033844,0.018040204420685768,2145.613658426604,-38.58053207397461,3822.1435546875,32.0,1.7698512077331543,4.842449188232422,4237.283680050872,1939.2425363231403,0.12460256177325581,21.668810304015075,-0.007304043121718286,-63.194053649902344,109.6676254272461,-42.82255935668945,27.01573944091797,-20.26945686340332,0
match1_0002282219_0002282846,0.07120397686958313,0.014559443108737469,2203.520822391874,-29.419713973999023,4134.375,30.0,1.8514477014541626,4.906492233276367,4194.157971833882,2043.7533153604145,0.15362870065789475,21.60095388580358,0.010953655179673463,-121.49609375,109.0354232788086,-28.291959762573242,51.30378723144531,-7.608450412750244,0
match1_0002386366_0002387533,0.1284310668706894,0.008684361353516579,2140.755696379076,-39.25226593017578,4112.841796875,32.0,1.918593168258667,4.848400115966797,4177.44140625,2092.7695779135915,0.12763829385080644,22.55079301264414,0.009211977080257248,-104.6998519897461,106.45278930664062,-29.028682708740234,48.752017974853516,-6.019821643829346,0
match1_0002634280_0002634919,0.10487288981676102,0.014793148264288902,2330.2181070329516,-36.70806884765625,3875.9765625,23.0,1.7559077739715576,4.996449947357178,4611.142202524038,2229.210648725251,0.16675430689102563,22.516679506851467,-0.014936517779129696,-118.2598648071289,100.54113006591797,-13.45673656463623,47.5396614074707,-4.661660671234131,1
match1_0002658853_0002660403,0.15238997340202332,0.024687575176358223,2690.842392404204,-34.188018798828125,3822.1435546875,45.0,1.8251206874847412,4.757570743560791,5278.119365985577,2296.8649089897913,0.1549854767628205,22.397915407529176,0.0031127481334302636,-53.07905197143555,75.20833587646484,-24.451679229736328,44.94868850708008,-10.97714614868164,0
match1_0002787503_0002788194,0.1657380759716034,0.009285420179367065,2268.726924002096,-38.732337951660156,3919.04296875,40.0,1.767385482788086,4.773235321044922,4333.1632288490855,2123.424147108247,0.1497951600609756,22.12805869273325,-0.010120000909177633,-73.32388305664062,98.59639739990234,-27.503768920898438,44.898006439208984,-8.80568790435791,1
match1_0002895656_0002896573,0.09931831061840057,0.012483167462050915,2693.524677827803,-31.258399963378906,3822.1435546875,29.0,1.89337158203125,4.730844020843506,4131.630572150735,1802.0088839897253,0.22454235600490197,22.362261616221993,0.0077230396527424635,-107.49052429199219,81.0263671875,-41.01254653930664,72.25668334960938,-14.600824356079102,0
match1_0003009462_0003009938,0.16186368465423584,0.012965433299541473,2254.4568361291713,-38.31051254272461,3703.7109375,25.0,1.8550810813903809,4.746286392211914,3989.362335205078,1872.4935399364485,0.1533050537109375,21.574658337598397,-0.00512587038017252,-47.8868293762207,95.1812973022461,-56.29648971557617,37.0424919128418,-1.4704151153564453,0
match1_0003063652_0003064366,0.1347733736038208,0.017316019162535667,2286.8319794684217,-36.67577362060547,4005.17578125,30.0,1.7831746339797974,4.924599647521973,4396.875,2135.6128264476347,0.12506975446428573,21.907113020361923,-0.00030143972383613423,-65.66551208496094,99.44529724121094,-23.743940353393555,42.74863815307617,-14.196549415588379,0
match1_0003130763_0003131489,0.11250867694616318,0.008729560300707817,2830.7322180567194,-41.85435104370117,4048.2421875,33.0,1.7850784063339233,5.301035404205322,5636.941883175872,2508.664892001233,0.26678324854651164,24.174424039600357,0.005744435695204887,-86.41166687011719,56.9126091003418,7.811341762542725,32.821372985839844,4.735267639160156,0
match1_0003131594_0003132000,0.11354304105043411,0.004938229452818632,2643.427122678323,-44.256378173828125,4048.2421875,9.0,1.7144722938537598,5.489661693572998,4830.491480334052,2376.997875204547,0.2681169181034483,23.952364771575525,-0.0013458357366745498,-95.37487030029297,66.83184814453125,2.401711940765381,29.91234016418457,6.203970432281494,0
match1_0003159597_0003160375,0.11047448962926865,0.021407296881079674,2626.2331210435327,-35.84003448486328,4155.908203125,35.0,1.772516131401062,4.818211555480957,4768.408203125,2125.731884193409,0.16158854166666667,21.618609713940877,-0.01903970102303867,-92.07485961914062,84.6968765258789,-25.415843963623047,49.134517669677734,-22.627761840820312,0
match1_0003243067_0003243758,0.17610910534858704,0.018390709534287453,2622.3155169360816,-38.145225524902344,4177.44140625,27.0,1.7172629833221436,4.804389476776123,5051.636933117378,2234.7372787999593,0.14597227515243902,21.883320110720945,-0.006135195208117313,-46.138912200927734,73.08866119384766,-37.56215286254883,32.941932678222656,-4.659849166870117,0
match1_0003646461_0003647396,0.12756457924842834,0.02124408818781376,2283.834903230518,-37.229461669921875,3865.2099609375,25.0,1.7937533855438232,4.865467071533203,4345.566030649038,2074.531586415287,0.14435283954326922,22.050791256414122,0.008275022372375226,-58.97068405151367,101.91626739501953,-40.43709182739258,19.892709732055664,-16.394935607910156,1
match1_0003672827_0003674157,0.13368365168571472,0.016341010108590126,2236.00813701726,-40.00935363769531,3800.6103515625,29.0,1.7752681970596313,4.850734233856201,4485.927946671196,2021.2111199108433,0.13384567481884058,21.885936098561206,0.0042827306989178015,-60.0284538269043,108.32489776611328,-42.89656066894531,22.008808135986328,-28.41575050354004,0
match1_0003749738_0003750620,0.18359088897705078,0.012557239271700382,2168.419914499279,-38.09854507446289,3897.509765625,38.0,1.8007009029388428,4.770097732543945,4325.9765625,2076.2645137139134,0.12098413584183673,22.74146645225328,0.019806118001506782,-53.79464340209961,100.56285858154297,-33.98582077026367,21.274349212646484,-22.00995445251465,1
match1_0003811648_0003812704,0.1395769566297531,0.011942362412810326,2107.2018929616925,-35.41820526123047,3703.7109375,25.0,1.7756354808807373,4.996671199798584,3795.3214946546054,1881.0139104450561,0.14356325383771928,22.52437749702104,0.0005185854694725384,-55.346221923828125,109.07243347167969,-56.273033142089844,12.939477920532227,-15.194973945617676,1
match1_0003984207_0003984770,0.13168726861476898,0.02439500018954277,2261.5354553453813,-36.91691589355469,4198.974609375,15.0,1.7963474988937378,4.949581623077393,4187.60986328125,2020.198509815872,0.13826497395833334,20.230667996554327,-0.020044955904713755,-39.45411682128906,102.133544921875,-50.476463317871094,15.115840911865234,-9.106062889099121,0
match1_0004185309_0004185762,0.09732180833816528,0.009217407554388046,1969.7157336534367,-39.740699768066406,3908.2763671875,23.0,1.802681803703308,5.052272319793701,4115.2729649697585,2137.7490994284726,0.11940839213709678,22.110957072617477,0.01420439552886953,-121.87015533447266,117.0981216430664,-15.43890380859375,22.43502426147461,-19.286239624023438,1
match1_0004275844_0004276268,0.15433427691459656,0.01963740959763527,2602.3146829462607,-36.57704162597656,4026.708984375,28.0,1.7964515686035156,4.897129058837891,5274.19921875,2487.795136001117,0.12996419270833334,20.159008221820294,-0.006880709219658004,-88.97711944580078,73.1540756225586,4.902288913726807,53.799339294433594,-8.288302421569824,0
match1_0004293520_0004294077,0.11454734951257706,0.021944524720311165,2251.2237712348006,-25.26058578491211,3725.244140625,32.0,1.796904444694519,4.822205066680908,4167.9052734375,2014.5724942017223,0.15244140625,20.825786937672664,0.01371064917590636,-48.61374282836914,106.63790893554688,-47.459075927734375,23.429473876953125,-7.527014255523682,0
match1_0004360672_0004361195,0.07910867035388947,0.018257910385727882,2462.3299140117138,-35.155792236328125,4037.4755859375,29.0,1.7666161060333252,4.824162483215332,4885.503791360294,2358.998945709506,0.13831284466911764,21.967915396669998,0.00301667589891761,-117.6469955444336,96.45555114746094,-6.149117469787598,50.06703567504883,-21.10626983642578,0
match1_0004380972_0004381738,0.18313747644424438,0.011199780739843845,2351.9390501460784,-38.8265266418457,3897.509765625,29.0,1.8278323411941528,4.948350429534912,4482.821377840909,2161.553437839962,0.137939453125,23.289677715356206,0.0006201629611057117,-63.74497985839844,90.093505859375,-27.0661678314209,30.306129455566406,-15.723297119140625,1
match1_0004403989_0004404767,0.0959203690290451,0.01189938560128212,2280.2957231673063,-33.56338882446289,3929.8095703125,28.0,1.8594030141830444,5.031461715698242,4038.4326171875,2087.8141332238374,0.190234375,21.54745302301311,0.005338900758700396,-112.23641204833984,103.8406982421875,-27.515079498291016,38.40214157104492,-12.445504188537598,1
match1_0004471902_0004472412,0.0971798524260521,0.023933082818984985,2363.0263455114714,-33.44391632080078,3789.84375,20.0,1.7717108726501465,4.8857035636901855,4117.083185369318,1993.9701094056843,0.17908084753787878,20.48656832951594,0.0035799139514737675,-70.45858764648438,99.26889038085938,-49.47019577026367,19.33580780029297,-10.713508605957031,1
match4_0000117661_0000117789,0.16246488690376282,0.0015262400265783072,3445.492127754961,-35.497642517089844,3703.7109375,0.0,2.2598812580108643,4.997753143310547,4056.1376953125,1686.7470671546068,0.2748046875,22.986607122251993,-0.02142436969366421,-246.3567352294922,60.0782470703125,14.780092239379883,85.0817642211914,-38.142147064208984,1
match4_0000119919_0000120041,0.14871931076049805,0.029027635231614113,2312.7399748936577,-40.87656021118164,3757.5439453125,7.0,1.9351921081542969,4.831886291503906,4638.09814453125,2199.8135691121397,0.11662946428571429,18.614573475995652,0.01739051072576904,-35.04710388183594,96.59053039550781,-44.80237579345703,-7.3086395263671875,-18.824655532836914,0
match4_0000123106_0000123234,0.13675616681575775,0.011667916551232338,2066.8395437909153,-38.14460372924805,3703.7109375,9.0,1.8376802206039429,4.723990440368652,3587.431640625,1888.0903082095188,0.14375,21.09453458126197,-0.02386355501317617,-52.38299560546875,114.2934341430664,-54.720706939697266,2.7381393909454346,-18.331579208374023,1
match4_0000291178_0000291305,0.13948456943035126,0.006601578090339899,2851.961451734663,-32.64116668701172,4188.2080078125,12.0,1.9231866598129272,4.686111927032471,4796.8798828125,2359.5536026791538,0.24329427083333333,22.773477363415942,-8.67252505241623e-05,-115.5286636352539,77.87617492675781,-7.966874122619629,44.263832092285156,-21.82855224609375,1
match4_0000314665_0000314792,0.13459128141403198,0.015232549980282784,2644.4394521275544,-33.8988151550293,4037.4755859375,10.0,1.7520724534988403,5.06426477432251,4543.505859375,2177.4882128064455,0.19544270833333333,22.31259107064589,0.0304134952712872,-93.968994140625,77.96002960205078,-32.16865921020508,45.246341705322266,-5.664772987365723,1
match4_0000356524_0000356652,0.17103393375873566,0.004161335993558168,2313.5257322113494,-42.66549301147461,4155.908203125,5.0,2.1166768074035645,5.018406391143799,4496.8505859375,2137.4655341211305,0.14332682291666668,23.783097564894494,-0.05054043259860115,-108.40531921386719,98.62289428710938,-26.55767250061035,37.0268440246582,-22.337963104248047,1
match4_0000422742_0000422870,0.0581943541765213,0.002872690325602889,3513.3531559085977,-37.802310943603516,3983.642578125,0.0,2.203416585922241,4.910012245178223,4605.9521484375,1849.2046576373018,0.2752604166666667,22.056446532874993,0.009279185737511393,-312.2960510253906,32.69026565551758,10.840218544006348,82.89022827148438,-22.321800231933594,1
match4_0000434213_0000434340,0.1455228477716446,0.0036294807214289904,1962.7287315057872,-39.83087158203125,3962.109375,14.0,1.7754080295562744,5.053277492523193,3795.5859375,1829.0203529342723,0.13020833333333334,23.77082122144956,0.020805557177355792,-94.29915618896484,117.33052825927734,-50.43189239501953,10.737428665161133,-26.751131057739258,1
match4_0000555711_0000555839,0.153047114610672,0.0020022643730044365,2030.0795756530738,-42.622562408447266,4123.6083984375,0.0,1.9957950115203857,4.660860061645508,3639.8291015625,1935.3673215532565,0.14928385416666667,23.563613027864097,-0.018818055705826904,-131.93858337402344,123.06487274169922,-32.556392669677734,32.540584564208984,-16.654979705810547,1
match4_0000567640_0000567768,0.15573444962501526,0.005153828766196966,2653.6311434204317,-41.06832504272461,3951.3427734375,5.0,2.011795997619629,4.86887788772583,4181.748046875,1956.9871776623777,0.22096354166666668,23.25167056002951,0.021310758155714673,-113.08815002441406,99.8656997680664,-33.34382629394531,44.5595817565918,-7.8684844970703125,1
match4_0000577909_0000578037,0.1622587889432907,0.001557293813675642,2220.7996661559364,-43.240875244140625,4134.375,6.0,2.0446107387542725,4.871539115905762,3602.5048828125,1973.896247490715,0.20335286458333332,23.968984213531915,0.0860415301468554,-129.3909454345703,120.27155303955078,-24.304141998291016,25.839147567749023,-31.600683212280273,1
match4_0000611590_0000611718,0.09586181491613388,0.00362680247053504,2633.2243470331055,-44.8990364074707,3886.7431640625,8.0,2.0686020851135254,4.809369087219238,3730.2685546875,1849.3354545955929,0.20563151041666666,21.848055635919984,0.0018291218656472895,-205.28433227539062,94.06607818603516,-15.413355827331543,58.744850158691406,-9.549956321716309,1
match4_0000620826_0000620953,0.13183431327342987,0.006659442558884621,2217.091434228019,-38.99127960205078,3822.1435546875,7.0,1.9074454307556152,4.794269561767578,3898.9453125,1884.30809036771,0.17119140625,23.04965322528403,0.00521589029063788,-124.25004577636719,106.93960571289062,-39.15595626831055,52.548038482666016,-5.17395544052124,1
match4_0000658744_0000658872,0.14357727766036987,0.002697008429095149,1548.156761432881,-46.34974670410156,3757.5439453125,8.0,1.7045996189117432,5.038232803344727,2573.2177734375,1493.405023300175,0.10179036458333333,22.46163075198861,-0.04377406799467644,-103.1336441040039,147.0362091064453,-57.6348876953125,16.411998748779297,-11.020849227905273,0
match4_0000707262_0000707390,0.15655608475208282,0.004628235939890146,3257.753179880679,-37.02002716064453,4080.5419921875,3.0,1.9922358989715576,4.868884563446045,4483.212890625,2099.2686948614655,0.26240234375,21.788916149948108,-0.0035692432923878793,-193.25665283203125,57.81978225708008,3.6471447944641113,81.18586730957031,-21.051408767700195,1
match4_0000722320_0000722448,0.14176726341247559,0.002285668859258294,2573.490999409238,-34.17594528198242,4080.5419921875,8.0,1.9227805137634277,4.820318698883057,4068.33984375,2017.342313503544,0.22744140625,25.058821845156427,0.028846232776883605,-100.84321594238281,114.09463500976562,-53.12938690185547,38.81740951538086,-34.93479919433594,1
match4_0000732038_0000732165,0.10233276337385178,0.004348785616457462,2777.1834391759426,-36.39671325683594,4069.775390625,7.0,1.9904202222824097,4.8975114822387695,4292.28515625,2117.5472094556467,0.23658854166666668,21.94621864528925,0.005383046195780997,-163.6025848388672,91.50656127929688,-22.44061851501465,51.14935302734375,-28.665327072143555,1
match4_0000776980_0000777108,0.18230240046977997,0.0027781114913523197,2000.5537403934102,-37.20161819458008,4048.2421875,6.0,1.8541914224624634,4.721846580505371,3585.99609375,1866.031191109324,0.15589192708333333,24.01810978267388,0.008481387911017796,-71.54635620117188,124.69869995117188,-46.21184539794922,15.391637802124023,-29.064666748046875,1
match4_0000889614_0000889742,0.1671544909477234,0.015127637423574924,2621.4577536761544,-31.632415771484375,3972.8759765625,11.0,1.8206279277801514,4.925995349884033,4736.5869140625,2242.543050741437,0.17958984375,23.426574301242898,0.0014479865281096281,-56.89773941040039,79.96479797363281,-15.604254722595215,61.5968017578125,-21.062196731567383,1
match4_0000919736_0000919864,0.0757114514708519,0.032009921967983246,2837.8776982027443,-36.233726501464844,3736.0107421875,10.0,2.105705738067627,4.945909023284912,5363.9208984375,2131.0208434448923,0.21197916666666666,20.479050956154495,-0.005300357021303724,-110.63855743408203,78.52536010742188,-48.66181564331055,15.922974586486816,-4.715882778167725,0
match4_0001024029_0001024156,0.11396848410367966,0.0029967441223561764,2136.322057917461,-44.86245346069336,3800.6103515625,11.0,1.8389228582382202,5.15974235534668,3685.7666015625,1760.9349382253397,0.15491536458333333,24.563727295717737,-0.02695629232065428,-131.75582885742188,117.6344985961914,-61.89537811279297,47.07302474975586,-5.227468013763428,1
match4_0001089230_0001089358,0.21262837946414948,0.002787643577903509,1841.9498388879515,-36.613182067871094,4015.9423828125,7.0,1.9365037679672241,4.842747688293457,3667.822265625,1838.4632220112728,0.12978515625,21.56441589444634,0.011799575037968295,-60.28795623779297,136.40538024902344,-44.094276428222656,36.76742172241211,-21.943674087524414,1
match4_0001131978_0001132106,0.08401159942150116,0.002849048934876919,2556.0455752233984,-36.510562896728516,3822.1435546875,6.0,2.0293691158294678,4.869632244110107,3886.025390625,1908.0536309004476,0.23844401041666666,23.21140583501512,0.0003490366379266099,-209.03115844726562,93.18939971923828,-23.263643264770508,75.83255767822266,-10.595437049865723,1
match4_0001136460_0001136587,0.08809635788202286,0.006114819087088108,2300.1664127465115,-35.77321243286133,3822.1435546875,8.0,1.8850760459899902,4.839325904846191,3750.3662109375,1816.730645858677,0.19651692708333332,22.552512571708593,0.02223323530448854,-125.40849304199219,119.44862365722656,-51.51030731201172,39.20326232910156,-26.545799255371094,1
match4_0001223569_0001223697,0.1424456089735031,0.0043817246332764626,2803.285756796011,-33.48927688598633,3983.642578125,9.0,1.8553682565689087,4.954457759857178,4979.912109375,2223.6172472762905,0.21604817708333332,22.43993755722881,0.015084487636408168,-130.8648223876953,79.14266967773438,-3.329204559326172,68.57337951660156,-29.155241012573242,1
match4_0001378562_0001378690,0.15075740218162537,0.008313783444464207,3269.957667847508,-28.474489212036133,4037.4755859375,9.0,1.8585505485534668,4.86653995513916,5286.4013671875,2386.7307013033274,0.27337239583333334,22.657555081579435,0.004062001167442065,-117.07357788085938,55.285335540771484,12.535881996154785,61.367164611816406,-20.181446075439453,1
match4_0001383810_0001383938,0.06765232980251312,0.039363373070955276,2714.019540518889,-26.53489875793457,3757.5439453125,13.0,1.9244458675384521,4.772200107574463,4731.5625,2070.513061845378,0.18470052083333333,19.641643740942428,0.0035428153822319114,-104.13969421386719,75.85907745361328,-59.77829360961914,16.68263816833496,1.697636365890503,0
match4_0001481636_0001481763,0.15052740275859833,0.007464281748980284,2328.253559359594,-34.952152252197266,4080.5419921875,9.0,1.8085280656814575,4.9052205085754395,4112.841796875,2070.78346790841,0.15654296875,23.721403789516433,-0.03376481503606402,-81.6029281616211,99.02257537841797,-41.177913665771484,26.344165802001953,-18.58303451538086,1
match4_0001649777_0001649905,0.17570164799690247,0.01511097140610218,2028.289942005365,-38.798133850097656,3768.310546875,13.0,1.8853318691253662,4.882259368896484,3629.0625,1848.1286202894132,0.1107421875,20.144964969946304,0.002220824826610575,-32.21943283081055,109.77334594726562,-58.586997985839844,9.322382926940918,-18.182458877563477,0
match4_0001651757_0001651884,0.10889196395874023,0.01575557142496109,2497.7089594980216,-40.38046646118164,3757.5439453125,11.0,1.8872979879379272,4.806991100311279,3721.6552734375,1844.9894087528846,0.21767578125,20.76150350300868,0.01546946098510821,-89.11112213134766,91.70999145507812,-63.216041564941406,26.44536590576172,-11.352117538452148,1
match4_0001717156_0001717283,0.16863352060317993,0.004038588609546423,1835.366421151916,-36.21136474609375,4037.4755859375,6.0,1.8929142951965332,4.873051166534424,3751.8017578125,1859.9792909833366,0.12542317708333334,22.800477243251088,-0.002359938677292407,-79.45769500732422,131.11508178710938,-37.21842575073242,23.42618179321289,-32.073333740234375,1
match4_0001742715_0001742843,0.14135120809078217,0.0022210648749023676,2766.424658851703,-36.00188446044922,3811.376953125,0.0,2.2554004192352295,5.531578063964844,4183.9013671875,2079.0182221956125,0.24775390625,25.489860646289813,0.012266172284959683,-157.70188903808594,101.68896484375,-25.093116760253906,35.566001892089844,-40.1094970703125,1
match4_0001783095_0001783222,0.0900721475481987,0.00549881299957633,2252.342081695268,-34.67634963989258,3972.8759765625,11.0,1.7407573461532593,4.823202133178711,4016.66015625,2067.147318901657,0.187890625,22.93187217643083,-0.020159209636615348,-143.0319061279297,110.81676483154297,-23.405969619750977,48.750064849853516,-21.440221786499023,1
match4_0001819358_0001819486,0.08911510556936264,0.002825321163982153,3491.109677129976,-33.075172424316406,4037.4755859375,0.0,2.176868438720703,5.256383895874023,5124.90234375,1949.507034857607,0.27789713541666666,22.22018277507106,-0.0006449567424515472,-243.2627716064453,63.429317474365234,-2.7393646240234375,66.6884994506836,-49.841304779052734,1
match4_0001873385_0001873513,0.14023059606552124,0.0018235384486615658,3040.104979962845,-35.38154983520508,3703.7109375,3.0,2.2214550971984863,5.095147609710693,4191.0791015625,1832.7617239037975,0.23502604166666666,21.743165511957283,-0.0005903581208824998,-208.8771514892578,74.19734191894531,-8.330615043640137,73.12156677246094,-17.67403793334961,1
match4_0001904343_0001904471,0.14482906460762024,0.0071240076795220375,2058.413564855583,-39.1637077331543,3919.04296875,14.0,1.7600531578063965,4.830959796905518,4094.1796875,1987.9006182161954,0.13987630208333332,22.92237447366473,-0.004355759875499392,-74.17485046386719,118.00894927978516,-31.526630401611328,24.375133514404297,-24.146251678466797,1
match4_0002036987_0002037115,0.13830986618995667,0.0024470214266330004,2121.6841172178024,-36.192657470703125,4026.708984375,6.0,1.9452621936798096,5.175421237945557,3853.7255859375,1915.9785425770858,0.15520833333333334,24.50613977914786,0.00941945360934265,-100.1932373046875,120.38267517089844,-43.49639129638672,41.28507614135742,-33.370399475097656,1
match4_0002080873_0002081001,0.11938819289207458,0.00890327524393797,2257.965759861462,-34.32238006591797,4037.4755859375,5.0,1.9168163537979126,4.774718761444092,4018.8134765625,2148.294509732564,0.18125,21.291675450957438,-0.004052853378038833,-92.03694152832031,113.33985900878906,-21.98653221130371,23.547298431396484,-18.074867248535156,1
match4_0002143143_0002143271,0.15385785698890686,0.004456103313714266,1996.5587299312276,-36.918880462646484,3908.2763671875,10.0,1.8378108739852905,4.582390308380127,3763.2861328125,1839.7181495183331,0.19381510416666667,21.81676135732941,0.006599254388178229,-69.7835464477539,132.89816284179688,-42.836936950683594,30.041234970092773,-33.94227600097656,1
match4_0002168151_0002168279,0.10914400964975357,0.0018449734197929502,1835.664635975775,-38.32558059692383,3940.576171875,13.0,1.888122320175171,4.778202056884766,3697.96875,1872.6949620994633,0.13772786458333333,22.043216686930844,-0.016916211030324143,-153.06143188476562,123.35546875,-28.498537063598633,48.35651779174805,-16.530197143554688,1
match4_0002322488_0002322616,0.049019619822502136,0.026842474937438965,2510.288044067546,-34.63731384277344,3843.6767578125,12.0,1.8406752347946167,4.985363960266113,4819.8486328125,2173.74868859349,0.15283203125,20.22878326235694,0.015463695056725698,-162.25857543945312,92.12350463867188,-19.091890335083008,37.46494674682617,-29.18499755859375,0
match4_0002358984_0002359112,0.14601951837539673,0.0032393464352935553,3226.3430384354315,-36.34148025512695,3994.4091796875,0.0,2.0739612579345703,5.02234411239624,4531.3037109375,1947.3847157437815,0.2794921875,22.77162072556147,-0.005611189423617483,-170.0944366455078,68.29595184326172,0.9610553979873657,73.15066528320312,-31.143869400024414,1
match4_0002500464_0002500591,0.11594541370868683,0.004572853911668062,2076.731394220591,-35.99348449707031,3940.576171875,11.0,1.8370161056518555,4.87492036819458,3802.0458984375,2002.4840047037258,0.14358723958333333,21.935693948832622,-0.010097919379561202,-124.23857116699219,109.34929656982422,-26.741697311401367,47.33565902709961,-11.01304817199707,1
match4_0002624406_0002624534,0.1626286506652832,0.0034499417524784803,2269.0136409704396,-33.11835479736328,4059.0087890625,10.0,1.9719152450561523,4.748525142669678,4089.873046875,2112.2499409858788,0.16103515625,23.293686207959315,-0.012247673409329822,-116.01170349121094,98.77796173095703,-22.159543991088867,62.78868103027344,-18.395845413208008,1
match4_0002639650_0002639777,0.12581291794776917,0.0027246035169810057,2019.2780710636466,-43.105960845947266,3843.6767578125,7.0,1.7320679426193237,5.11598539352417,3478.330078125,1687.6738380824588,0.17083333333333334,22.85469217171835,0.044655453484104476,-113.35157012939453,121.48855590820312,-63.06047821044922,10.482226371765137,-29.4731502532959,1
match4_0002648578_0002648706,0.1495812088251114,0.005512258503586054,2156.0658583455956,-40.988033294677734,3736.0107421875,10.0,1.7117199897766113,4.775347709655762,3476.89453125,1832.1073993487569,0.142578125,23.326084594685653,-0.0071147718049429445,-77.08072662353516,119.2688217163086,-58.90968322753906,15.303905487060547,-19.338300704956055,0
match4_0002650627_0002650755,0.16945841908454895,0.0029568965546786785,1950.199944919756,-45.206119537353516,4026.708984375,9.0,1.7158633470535278,5.127581596374512,3906.123046875,1947.461800216213,0.10791015625,26.333175164939167,0.004666189080414873,-110.14188385009766,109.36042785644531,-34.30946731567383,29.9387264251709,-17.267467498779297,1
match4_0002780984_0002781112,0.15596696734428406,0.004391173366457224,2193.464346188967,-33.863826751708984,4123.6083984375,9.0,1.949384093284607,5.011172771453857,4019.53125,2059.503787229856,0.151953125,23.318672588135012,0.02490672491914786,-80.94493103027344,110.04499053955078,-32.78883743286133,44.075950622558594,-20.314151763916016,1
match4_0002846168_0002846296,0.19150017201900482,0.0051963734440505505,2188.3595503714955,-39.255775451660156,4188.2080078125,11.0,1.9434614181518555,4.652682781219482,4176.7236328125,2110.431575030325,0.16923828125,23.556978814530993,-0.0035860831358075075,-63.583927154541016,119.05990600585938,-34.37181854248047,22.641916275024414,-32.889774322509766,1
match4_0002849610_0002849738,0.11943211406469345,0.01164588425308466,1965.6582539691276,-44.32404708862305,3725.244140625,10.0,1.8876758813858032,4.9122843742370605,3289.5556640625,1750.800899495446,0.11656901041666666,21.538923513671016,-0.003813793303835376,-95.44767761230469,118.56791687011719,-63.790000915527344,12.971923828125,0.6051953434944153,0
match4_0002927403_0002927531,0.08693300932645798,0.0349571667611599,2538.043329746542,-27.557233810424805,3854.443359375,13.0,1.8962452411651611,5.036623477935791,4494.697265625,1923.6233962149952,0.17109375,18.580792676929374,0.010798233758334934,-74.0728759765625,81.9977035522461,-69.30097961425781,19.38800621032715,-7.538971424102783,0
match4_0002973448_0002973576,0.18733739852905273,0.0037170674186199903,2874.735071075226,-34.70771026611328,4155.908203125,4.0,1.8167555332183838,4.885018348693848,4960.5322265625,2243.9752474932498,0.23834635416666666,23.902248888446564,-0.0015993353656408875,-102.45551300048828,84.42835998535156,-8.348883628845215,60.160118103027344,-27.36385726928711,1
match4_0003051142_0003051270,0.15108604729175568,0.0023831380531191826,3469.921490302515,-38.97611999511719,4015.9423828125,2.0,2.155261993408203,4.913357734680176,4691.3671875,1867.09828167929,0.28538411458333335,22.36938905340504,0.016233631934774926,-192.1769256591797,57.06486892700195,4.835954666137695,61.02888870239258,-41.15140914916992,1
match4_0003148440_0003148567,0.16780784726142883,0.0029754014685750008,1816.3260216670888,-47.821022033691406,3789.84375,2.0,1.9164459705352783,4.887660980224609,3542.2119140625,1884.5576746796364,0.08639322916666667,23.072469556916552,-0.025468091390486367,-110.4929428100586,115.37583923339844,-33.114463806152344,28.700580596923828,-4.288850784301758,0
match4_0003224270_0003224398,0.1107594296336174,0.0030120364390313625,1872.0467987658253,-39.80074691772461,3854.443359375,7.0,1.8298964500427246,4.826415061950684,3702.9931640625,1752.1616076729038,0.16533203125,23.276832886108366,0.0364817831537864,-124.90214538574219,136.40834045410156,-46.31394958496094,37.14373779296875,-26.69110679626465,1
match4_0003276167_0003276294,0.0787058174610138,0.0162175465375185,2268.1697488611667,-33.478450775146484,3703.7109375,13.0,1.723195195198059,4.820649147033691,3807.0703125,1865.141133464769,0.17255859375,20.724234422484354,-0.0022586173675927528,-99.47332000732422,105.65230560302734,-59.797767639160156,21.779748916625977,-14.271103858947754,1
match4_0003296960_0003297088,0.21103957295417786,0.002618239028379321,1615.5076382304035,-42.115055084228516,3940.576171875,7.0,1.8113163709640503,4.965467929840088,3330.46875,1649.3517858126725,0.10276692708333333,22.668208534800442,0.0028678771525366027,-67.15724182128906,145.4921875,-40.28066635131836,18.721712112426758,-37.0144157409668,1
match4_0003308245_0003308373,0.11330918967723846,0.0015650945715606213,3150.4152055760464,-35.1536865234375,3951.3427734375,2.0,2.0658771991729736,4.946206092834473,3947.75390625,1726.6921322071153,0.2771484375,22.22398499460091,0.008656047394578667,-201.75201416015625,80.07303619384766,-16.134075164794922,58.9178581237793,-45.85738754272461,1
match4_0003368234_0003368356,0.126158207654953,0.0050481935031712055,2494.3363755557266,-43.23536682128906,3908.2763671875,8.0,1.9003530740737915,4.946092128753662,4320.4833984375,2060.591239830347,0.19723074776785715,24.267727553276362,-0.037848626180538095,-144.3655242919922,79.95882415771484,-27.58034896850586,70.85126495361328,-6.16544246673584,1
match4_0003392214_0003392342,0.14633747935295105,0.004021957982331514,2198.42050339546,-36.94744873046875,3962.109375,7.0,2.037595748901367,4.778596878051758,3774.052734375,1852.5463276877895,0.18782552083333334,24.013405140307146,0.03258534720518258,-105.05994415283203,110.40766143798828,-38.01078796386719,51.461814880371094,-1.5834167003631592,1
match4_0003432547_0003432675,0.08759057521820068,0.006649480666965246,2262.092823788046,-36.119815826416016,3832.91015625,7.0,1.9459291696548462,4.833006381988525,3758.26171875,1955.5658914569328,0.18190104166666668,22.564090535472722,-0.02047117848992482,-126.92774200439453,113.47048950195312,-38.12546920776367,37.31951141357422,-20.39528465270996,1
match4_0003454026_0003454154,0.15433236956596375,0.0019584328401833773,1818.8665446433795,-39.15556716918945,3886.7431640625,4.0,1.960989236831665,5.078667163848877,3532.1630859375,1700.5851181769756,0.11901041666666666,24.145422590756247,-0.0036933892123106097,-109.49769592285156,123.91043090820312,-53.33304977416992,53.87939453125,2.9612228870391846,1
match4_0003570230_0003570358,0.15617971122264862,0.004045743960887194,1870.4271174714547,-38.77363586425781,3897.509765625,12.0,1.9120581150054932,4.842770576477051,3766.1572265625,1873.6551123069987,0.11409505208333333,22.455345106065995,-0.028459402778660953,-76.05789184570312,132.29115295410156,-42.98540496826172,27.64218521118164,-33.96696853637695,1
match4_0003679840_0003679968,0.12857894599437714,0.004426734521985054,2377.632940910813,-33.21215057373047,3897.509765625,12.0,1.7293864488601685,4.925354957580566,3842.958984375,1852.4903819550934,0.21507161458333332,23.718307356487255,0.012558320284853586,-97.56523132324219,108.03189849853516,-51.53911590576172,55.807437896728516,-1.7997208833694458,1
match4_0003910913_0003911041,0.12151660770177841,0.0033726198598742485,2159.306299461744,-36.31471633911133,3811.376953125,8.0,1.6494930982589722,4.94453239440918,3681.4599609375,1758.9085775415374,0.19345703125,23.54595829268387,-0.007770545107297426,-117.12908172607422,117.58195495605469,-51.301876068115234,53.04833984375,-15.12375545501709,1
match4_0003978954_0003979081,0.028279811143875122,0.014509493485093117,3183.1652366696744,-36.75042724609375,3779.0771484375,0.0,2.058708429336548,4.838043689727783,5343.8232421875,2176.64096075634,0.20895182291666667,21.642609701187038,-0.02083067400726503,-278.8600158691406,49.13486862182617,-9.545537948608398,68.85045623779297,0.9824212193489075,0
match4_0003994639_0003994766,0.08819892257452011,0.0045946259051561356,2105.0705330227397,-35.36192321777344,3843.6767578125,3.0,1.903222680091858,4.688272953033447,3582.4072265625,1718.2003597441542,0.19313151041666668,20.92330436540583,-0.006935241570248957,-119.18311309814453,131.82456970214844,-59.85612869262695,23.875268936157227,-26.762048721313477,1
match4_0004056055_0004056183,0.09893850982189178,0.006564445327967405,3244.9421244993964,-31.63762664794922,4069.775390625,7.0,1.8542109727859497,4.945548057556152,4921.0546875,2117.956347499153,0.28759765625,23.35226450000693,0.012376456676158458,-165.2501983642578,68.48469543457031,-10.274662971496582,58.032310485839844,-46.48495864868164,1
match4_0004078492_0004078619,0.14997243881225586,0.004594763275235891,2127.4099734547067,-42.118980407714844,3811.376953125,4.0,1.8282814025878906,4.696258544921875,3712.32421875,2036.5694786590623,0.14485677083333334,21.478982034909,0.014161085675850593,-145.16505432128906,101.86432647705078,-7.392685890197754,60.77572250366211,-9.340312957763672,1
match4_0004095111_0004095239,0.10903485864400864,0.00751653965562582,2063.6647997742307,-44.70929718017578,3779.0771484375,7.0,1.971939206123352,4.993690490722656,3544.365234375,1902.0037999701524,0.11832682291666667,22.426472818543374,0.002359454356626789,-98.77409362792969,106.879150390625,-49.52195358276367,26.603044509887695,1.9301398992538452,1
match4_0004223535_0004223657,0.09252910315990448,0.0023915886413306,1829.0949544058742,-38.215301513671875,3789.84375,5.0,1.9275662899017334,4.97085428237915,3479.150390625,1847.8820918779727,0.13982282366071427,22.429228085059727,0.038795520308813385,-140.62054443359375,132.09457397460938,-26.03203773498535,51.167236328125,-22.334909439086914,1
match4_123332,0.13669078052043915,0.013436047360301018,2159.887181769939,-40.73390579223633,3703.7109375,10.0,1.7163028717041016,4.679816722869873,3695.8154296875,1908.5657889032595,0.14912109375,20.511869716535525,0.004885956817200971,-57.12918472290039,108.3437728881836,-57.33108139038086,-0.001291036605834961,-16.19350242614746,1
match4_391116,0.0885118767619133,0.003722673747688532,1927.758950786782,-39.50929260253906,3962.109375,7.0,1.9099106788635254,5.023800849914551,3701.5576171875,1965.968793830888,0.140625,21.63662479178255,-0.003625059933227877,-160.45309448242188,116.51946258544922,-21.763608932495117,48.94561004638672,-10.270150184631348,1
match4_444331,0.09080599993467331,0.002268266398459673,3867.1832634068483,-30.214946746826172,3725.244140625,0.0,2.128553628921509,5.191364288330078,4709.3115234375,1716.3094814278152,0.3060221354166667,22.646371362862713,-0.010178059747538114,-306.7195129394531,22.25328826904297,16.105321884155273,94.6050033569336,-31.482601165771484,1
match4_482214,0.13420017063617706,0.006579018197953701,2799.9962085195666,-39.918060302734375,4112.841796875,9.0,1.9849847555160522,4.881945610046387,4402.822265625,2114.2395395846247,0.21243489583333333,22.316392169310717,0.010836460868756323,-126.59235382080078,75.00093078613281,-31.38821792602539,58.48432540893555,-15.243508338928223,1
match4_598395,0.1541385054588318,0.010928359813988209,2711.7861415892835,-36.953617095947266,4048.2421875,9.0,1.8480777740478516,4.871950149536133,4919.619140625,2395.422603105328,0.17239583333333333,21.59838331597327,0.004045164849728386,-95.46671295166016,70.8975601196289,-4.062213897705078,54.153018951416016,-2.020211935043335,1
match4_707244,0.14645405113697052,0.0046979570761322975,3253.6468521392117,-37.74547576904297,4080.5419921875,1.0,1.9651511907577515,4.891028881072998,4514.794921875,2072.865682485823,0.26002604166666665,21.64530566079928,-0.005658910296027021,-192.17770385742188,58.99565887451172,-1.6938471794128418,80.56907653808594,-23.25455665588379,1
match4_747612,0.10719253867864609,0.0032069385051727295,2072.1136182584605,-33.36295700073242,4177.44140625,15.0,1.9174058437347412,4.923561096191406,3930.52734375,1898.9288491285245,0.14876302083333334,23.949411479289953,-0.004055904966822479,-119.2083511352539,124.77345275878906,-54.62434387207031,-1.078258752822876,-44.07164764404297,1
match4_827936,0.13574010133743286,0.004491178318858147,3673.6389099104317,-39.27766418457031,3703.7109375,1.0,2.0946342945098877,4.914830684661865,5488.095703125,1902.7442759037403,0.24723307291666666,22.256503885479763,-0.020216851122545294,-273.0746765136719,12.321317672729492,11.157953262329102,89.48838806152344,-23.180631637573242,1
match4_848561,0.12956500053405762,0.01376657746732235,2972.9289049426866,-29.60260009765625,4059.0087890625,7.0,1.899967074394226,4.945376396179199,5322.2900390625,2285.4117892374065,0.20888671875,23.55888658372948,-0.021393733993854525,-101.77214050292969,62.23116683959961,-8.75888442993164,55.78163146972656,-24.26184844970703,1
match4_956784,0.10283699631690979,0.006113427225500345,3935.7763081866997,-32.1031608581543,3994.4091796875,14.0,1.8006795644760132,5.21567440032959,6436.2744140625,2148.147968116569,0.3152994791666667,23.435718802738542,0.012136030964805433,-190.3280487060547,29.489839553833008,12.271078109741211,66.66436767578125,-35.5871467590332,1
match4_1004019,0.15209956467151642,0.0030714422464370728,2063.1453575067576,-36.75176239013672,3865.2099609375,9.0,1.7057448625564575,4.761075973510742,3720.2197265625,1854.681181703583,0.16494140625,22.12721117480396,0.017422473976142955,-107.40182495117188,110.55609893798828,-41.7717399597168,55.04693603515625,-3.3722121715545654,1
match4_1070875,0.1185745820403099,0.004014105070382357,2017.7551230881925,-36.77672576904297,3832.91015625,7.0,1.7800432443618774,4.912500381469727,3560.15625,1717.8592331273271,0.15654296875,23.6818886435751,-0.011947764219552168,-95.80794525146484,128.25064086914062,-70.60856628417969,29.787899017333984,-17.33660888671875,1
match4_1136483,0.091556616127491,0.004602895118296146,2267.117021148134,-34.66639709472656,3822.1435546875,8.0,1.898175597190857,4.873483657836914,3732.421875,1768.6052516608768,0.19475911458333334,22.866654973633416,0.021981463309192956,-126.76813507080078,122.74085998535156,-55.578433990478516,43.025306701660156,-27.74505615234375,1
match4_1438870,0.09992505609989166,0.02412797138094902,3046.0477429660023,-31.368858337402344,4166.6748046875,14.0,1.8153619766235352,4.828335285186768,5145.7177734375,2331.160269044932,0.25042317708333334,20.887018139553152,0.010830673491406944,-105.8592529296875,76.57676696777344,-29.615238189697266,19.80390739440918,-25.60598373413086,1
match4_1481462,0.16851133108139038,0.008959043771028519,2309.1700824506834,-36.984256744384766,4080.5419921875,10.0,1.905322551727295,4.719003200531006,4135.0927734375,1992.079539022627,0.15745442708333332,22.716702843052662,-0.02947856757723755,-72.47383117675781,98.95309448242188,-43.11600112915039,42.378238677978516,-9.809596061706543,1
match4_1819353,0.08734191209077835,0.0037961588241159916,3480.266849134256,-33.646583557128906,4037.4755859375,0.0,2.100236654281616,5.171991348266602,5176.58203125,1975.0785485154722,0.27298177083333336,22.000273231722385,-0.0010237149703553033,-243.4657440185547,61.732521057128906,-1.0817184448242188,64.92086791992188,-46.53728485107422,1
match4_1844651,0.1264723390340805,0.008302546106278896,2795.783679543653,-41.3234977722168,3865.2099609375,8.0,1.785215973854065,4.5865654945373535,4046.0888671875,1913.26339352939,0.21826171875,21.25401356251031,-0.01995368787702797,-148.703857421875,84.42267608642578,-27.75503158569336,59.072628021240234,-17.106319427490234,1
match4_2313578,0.10628287494182587,0.0017916829092428088,3141.514870614491,-44.74681091308594,3714.4775390625,1.0,2.0257608890533447,4.732680797576904,4697.109375,1892.4421390681373,0.23115234375,22.157096286041583,-0.0316288218148647,-285.9156494140625,72.00393676757812,17.56917381286621,82.04957580566406,-35.58352279663086,1
match4_2348651,0.14625750482082367,0.004955950193107128,2779.334111415153,-33.59150314331055,3714.4775390625,5.0,1.9557971954345703,4.65307092666626,4659.0673828125,2074.3939801937104,0.21328125,22.08947470191957,-0.02487912757573454,-119.11202239990234,88.53500366210938,-12.316022872924805,62.25928497314453,-39.64785385131836,1
match4_2367605,0.1355634331703186,0.00293138949200511,2066.3234352003833,-39.038795471191406,3972.8759765625,0.0,1.935805320739746,4.999518394470215,3644.853515625,1741.833680565606,0.15445963541666666,23.375443521240914,0.006661741710001589,-95.27750396728516,125.34799194335938,-65.38241577148438,29.002744674682617,-21.938426971435547,1
match4_2379412,0.10686378926038742,0.003223633859306574,2268.771011324795,-43.00825881958008,3897.509765625,8.0,1.9473390579223633,4.582937717437744,3637.67578125,1926.9666498930362,0.194140625,22.160111076787498,0.018457540313441087,-176.91278076171875,105.74797058105469,-18.474300384521484,59.205650329589844,-7.63137149810791,1
match4_2564342,0.12123249471187592,0.005180350970476866,2810.080812865483,-49.53645324707031,3832.91015625,0.0,1.988086462020874,4.58247709274292,3852.2900390625,1915.042592360782,0.21236979166666667,21.2042119754694,0.010787447831001495,-247.50929260253906,73.1316909790039,0.42629489302635193,66.91848754882812,-8.477548599243164,1
match4_2585274,0.11734779924154282,0.007676968351006508,2372.2562357808542,-37.247711181640625,4048.2421875,11.0,1.9615962505340576,5.015818119049072,4755.2490234375,2281.4648270228763,0.14983723958333334,24.526033619712607,0.0006430888018416465,-123.23998260498047,100.33980560302734,-25.36007308959961,31.043642044067383,-9.809948921203613,1
match4_2780955,0.1581888198852539,0.005176751874387264,2165.6115666561527,-34.45290756225586,4112.841796875,10.0,1.987674593925476,4.989650249481201,4095.615234375,2094.807635702332,0.13720703125,22.87613462712405,0.025041014867162793,-80.71760559082031,107.01721954345703,-30.648456573486328,43.98611068725586,-14.079632759094238,1
match4_2938508,0.14379431307315826,0.0039583477191627026,1875.4278579747968,-38.63283920288086,4091.30859375,9.0,1.8390709161758423,4.8746843338012695,3509.1943359375,1918.5206985633492,0.10315755208333334,22.542613762833998,-0.045982338206939595,-93.16023254394531,129.99407958984375,-38.06302261352539,16.272287368774414,-16.860637664794922,0
match4_3308164,0.10367175191640854,0.0034372175578027964,2827.3841679102857,-40.54823303222656,3951.3427734375,2.0,2.045727491378784,4.829078674316406,3744.6240234375,1721.8054555005187,0.222265625,21.87698017894079,-0.003079975838511788,-198.29270935058594,89.76663970947266,-21.210628509521484,47.284080505371094,-38.94548797607422,1
match4_3378625,0.030245082452893257,0.00456842128187418,2906.7259469093733,-41.132266998291016,3908.2763671875,2.0,2.0284643173217773,4.893428802490234,3901.35498046875,1750.0657381920719,0.23475864955357142,21.52648679922608,0.010676259485300087,-315.9515075683594,81.3593978881836,-33.88004684448242,58.649314880371094,-17.231189727783203,1
match4_3432501,0.086439348757267,0.005483907647430897,2222.5197658644756,-37.53379821777344,3832.91015625,5.0,1.9055633544921875,4.721039295196533,3756.826171875,2006.9766308729602,0.17135416666666667,22.74041196191346,-0.015445477209807474,-140.9071502685547,109.6671142578125,-31.390583038330078,42.96316909790039,-15.10090160369873,1
match4_3454008,0.1508810967206955,0.0023353854194283485,1822.7848179775804,-39.763275146484375,3886.7431640625,4.0,2.0309391021728516,5.04033088684082,3547.236328125,1731.8389425909909,0.11634114583333334,24.22200512747625,-0.005004113359629961,-109.7393798828125,122.76704406738281,-50.89579391479492,53.10173797607422,2.3929169178009033,1
match4_3685726,0.09434803575277328,0.020855939015746117,2665.614388463131,-27.512592315673828,3854.443359375,12.0,1.9265244007110596,4.957561016082764,4826.30859375,2176.8597784119324,0.18704427083333333,21.67786699163643,-0.003128237741155015,-81.66157531738281,92.53527069091797,-37.294734954833984,25.20965576171875,-18.39752769470215,0
match4_3728747,0.1635136604309082,0.002000556793063879,1502.2558569600233,-50.83626174926758,3757.5439453125,11.0,1.7956587076187134,5.063448905944824,3116.572265625,1587.7693746692214,0.07438151041666667,22.476481580854585,0.020523489517685716,-114.57100677490234,149.28848266601562,-41.85383987426758,32.266761779785156,-13.36597728729248,1
match4_3851255,0.15369640290737152,0.00446005305275321,3364.0632672962433,-42.34640884399414,3983.642578125,2.0,2.0228564739227295,4.937047004699707,4930.3857421875,1840.294264396541,0.2718424479166667,22.421423098969086,0.017747506644583206,-181.04615783691406,58.36771774291992,-23.726844787597656,66.65352630615234,-22.954193115234375,1
match4_3910774,0.10373909771442413,0.007729895878583193,2267.961568861007,-36.44020080566406,3811.376953125,8.0,1.696738362312317,4.9949259757995605,4132.2216796875,2012.4314426669678,0.15458984375,21.97503931789145,-0.012842182094309873,-133.85641479492188,99.67829132080078,-31.6838436126709,64.21417236328125,-12.529727935791016,1
match4_4049792,0.12975160777568817,0.025292636826634407,2741.9267046384334,-41.23664855957031,3983.642578125,9.0,1.9405068159103394,5.075826168060303,5770.8984375,2497.0548715070518,0.14925130208333334,19.905218420113883,0.011192741838631821,-91.33260345458984,70.38616180419922,-6.170851707458496,40.98362731933594,0.33407917618751526,0
match4_4078625,0.15031485259532928,0.006820149254053831,2916.3934303787055,-36.53652572631836,3886.7431640625,10.0,1.6734628677368164,4.761979579925537,4985.654296875,2348.83527878621,0.18388671875,23.584955698361338,-0.0201993802411615,-127.38160705566406,70.42414093017578,14.415101051330566,61.263023376464844,-29.568134307861328,1
match4_4095111,0.11026088893413544,0.007597413845360279,2078.0720009486877,-44.699058532714844,3779.0771484375,7.0,2.0092196464538574,4.9570770263671875,3562.97607421875,1917.2361275303597,0.12137276785714286,22.44578397905912,0.002913639813845205,-97.70406341552734,105.47240447998047,-48.648799896240234,27.82915687561035,2.9097039699554443,1
match4_4116706,0.04521350562572479,0.010827531106770039,3262.646785670309,-37.72118377685547,3703.7109375,7.0,1.8111876249313354,4.9579386711120605,5628.0615234375,2274.794741642734,0.23274739583333334,23.072903488194076,0.007653576381891332,-216.8782196044922,51.85188674926758,0.2629600465297699,71.3855209350586,-23.872602462768555,0
match4_4204315,0.11708593368530273,0.012615875340998173,2284.6606618360365,-36.883819580078125,4037.4755859375,15.0,1.831251859664917,5.192633628845215,4282.9541015625,2014.0711947876778,0.13382161458333333,20.98242141455176,0.038936446506059784,-80.708740234375,104.7762680053711,-33.60506820678711,19.493587493896484,-39.430335998535156,0