filename,rms,flatness,centroid,band_energy,peak_freq,ridge_length,grad_t,grad_f,rolloff,bandwidth,zcr,contrast,tonnetz,mfcc1,mfcc2,mfcc3,mfcc4,mfcc5,label
match2_whistle_0001.mp4,0.1606343686580658,0.01018497720360756,2420.351158333145,-43.177330017089844,4091.30859375,54,1.8599389791488647,5.047855377197266,4354.23504125292,2145.963431326122,0.1896037164135514,21.930105287309093,0.0244883722626507,-84.13662719726562,99.0653076171875,-14.437005043029785,19.9832820892334,-22.985239028930664,1
match2_whistle_0002.mp4,0.1176295205950737,0.0017676367424428463,2448.4134381944696,-46.4167594909668,4080.5419921875,43,1.8278887271881104,5.072696685791016,4402.150800151209,2037.5458416736235,0.20973517305107528,22.700336982074596,0.02350042218401019,-189.83407592773438,99.24591827392578,9.387755393981934,64.01026916503906,-11.8096284866333,1
match2_whistle_0003.mp4,0.11101680248975754,0.00754173519089818,1901.9614649725793,-43.99576187133789,4112.841796875,51,1.8678818941116333,4.811481475830078,3745.5810546875,1958.0600608594837,0.13316514756944445,21.67601077386892,-0.0013309591173850939,-121.15470123291016,125.77099609375,-18.575035095214844,43.72697067260742,-13.236515998840332,1
match2_whistle_0004.mp4,0.09373624622821808,0.016028907150030136,2505.3632060432374,-34.883575439453125,4102.0751953125,45,1.8687517642974854,4.647119045257568,4934.859306867733,2302.0896882452003,0.16351176417151161,22.33688640142346,0.011401539131269178,-105.74111938476562,101.71444702148438,-12.924025535583496,47.13755798339844,-20.387086868286133,0
match2_whistle_0005.mp4,0.15991808474063873,0.012745384126901627,2199.2112322978132,-44.476837158203125,3682.177734375,47,1.8168081045150757,5.0072126388549805,4508.269708806818,2192.3155302596983,0.12446732954545454,23.237110717731035,-0.007473794617901268,-58.59491729736328,101.67572784423828,-30.938358306884766,6.274321556091309,-22.209453582763672,1
match2_whistle_0006.mp4,0.0666794702410698,0.005648551043123007,2344.209721529296,-44.820560455322266,4069.775390625,61,1.806409478187561,5.00543212890625,4223.995584837148,2065.6219005248518,0.20704500440140844,22.549612189249203,0.022654784204090325,-182.50363159179688,112.97840881347656,-10.478982925415039,39.56853485107422,-24.943172454833984,1
match2_whistle_0007.mp4,0.06340518593788147,0.0038727775681763887,2320.3344575459755,-44.946868896484375,3639.111328125,47,1.8007649183273315,5.174748420715332,4410.873811141304,2035.3849837496655,0.21460314764492755,22.876427534793745,0.02311699942696793,-202.82089233398438,113.94698333740234,-4.589513301849365,47.44657516479492,-19.33089828491211,1
match2_whistle_0008.mp4,0.1342519074678421,0.009676319546997547,2037.086390873279,-46.63352584838867,4059.0087890625,43,1.8406174182891846,5.105884075164795,4226.682775160845,2098.550220670208,0.12241498161764706,22.30208099523439,-0.005440331435131081,-92.09773254394531,114.87887573242188,-25.989910125732422,15.382503509521484,-23.170984268188477,1
match2_whistle_0009.mp4,0.1587667018175125,0.005643840879201889,1900.728358352786,-42.470787048339844,4155.908203125,27,1.8667711019515991,5.089315414428711,3752.16064453125,1979.2593751412926,0.1254730224609375,22.924659198412016,0.014620940152639483,-66.64152526855469,127.68086242675781,-34.27116394042969,3.2746644020080566,-34.76902389526367,1
match2_whistle_0010.mp4,0.13920661807060242,0.007860159501433372,2190.5568485951626,-43.81118392944336,3843.6767578125,31,1.8427786827087402,4.724846363067627,4456.53190612793,2174.541373190966,0.11217498779296875,22.755601323596345,0.03536806256891134,-98.82766723632812,104.04886627197266,-22.769939422607422,31.25312042236328,-17.17997169494629,0
match2_whistle_0011.mp4,0.18147724866867065,0.010114087723195553,2319.0753139312255,-45.28348922729492,4112.841796875,54,1.8604295253753662,5.118441581726074,4914.873265508396,2273.8555716720593,0.12114476445895522,23.951194536316393,-0.015179034006516384,-48.90920639038086,95.34937286376953,-25.48224449157715,5.685327529907227,-28.243284225463867,1
match2_whistle_0012.mp4,0.11283061653375626,0.005889717489480972,2274.7335292022735,-38.7622184753418,4209.7412109375,88,1.8352926969528198,5.015783786773682,3964.629217918883,1898.44385019429,0.18547934674202127,23.266869833484616,-0.000920103867121162,-119.61112213134766,113.41297149658203,-42.229339599609375,31.836599349975586,-21.9716796875,1
match2_whistle_0013.mp4,0.0958477035164833,0.005770716350525618,2294.48129811783,-43.10559844970703,4059.0087890625,49,1.8409342765808105,4.96870231628418,4039.348038383152,2000.9885876531664,0.19280209748641305,22.448270662341606,0.012020889477750244,-127.9072265625,112.35216522216797,-26.43320655822754,43.67778396606445,-15.472543716430664,1
match2_whistle_0014.mp4,0.16938461363315582,0.007444367744028568,2038.8312313286103,-46.049991607666016,3703.7109375,47,1.7997294664382935,4.971779823303223,4220.25146484375,2090.8877517968126,0.12196568080357142,22.891650333297033,0.008926658596480308,-58.74119186401367,115.31490325927734,-34.331947326660156,-2.0680415630340576,-33.867557525634766,1
match2_whistle_0015.mp4,0.1602451354265213,0.004673697054386139,2075.0995068224997,-46.1259651184082,4059.0087890625,51,1.7742551565170288,5.05048942565918,4437.63427734375,2195.9003079931485,0.11670600043402778,23.945389169575797,-0.00742102753654489,-87.49130249023438,104.05947875976562,-18.503347396850586,23.596813201904297,-21.939903259277344,1
match2_whistle_0016.mp4,0.12253525853157043,0.008702682331204414,1911.5265406653546,-42.15566635131836,3714.4775390625,51,1.8150534629821777,4.986886501312256,3894.5114715189875,2045.498229160238,0.12488256526898735,21.979377701521678,0.005115237002817429,-84.52840423583984,126.487060546875,-25.944740295410156,17.489749908447266,-24.162199020385742,1
match2_whistle_0017.mp4,0.0907098799943924,0.006901119370013475,2272.434409842225,-43.44353485107422,4091.30859375,45,1.8176121711730957,5.0612897872924805,4378.9921875,2157.7210667201102,0.18677734375,22.727869182810135,0.009479737969454869,-143.51638793945312,111.099365234375,-7.99176025390625,42.496891021728516,-16.927167892456055,1
match2_whistle_0018.mp4,0.1370108723640442,0.0062322854064404964,1943.635561744612,-41.79999542236328,3649.8779296875,32,1.786662220954895,4.777398586273193,3738.565528998941,1898.8911775497202,0.12324549788135593,23.53724416354696,0.002645957373746394,-100.34617614746094,113.62322998046875,-37.22019577026367,39.9268913269043,-3.038433790206909,0
match2_whistle_0019.mp4,0.11681284755468369,0.006394556257873774,2022.473341516806,-47.471954345703125,3628.3447265625,57,1.8275535106658936,5.15084981918335,3838.1479624155404,1903.0927823822158,0.15688344594594594,23.555658414821476,-0.004087821125664297,-104.83032989501953,122.73133850097656,-37.89704132080078,39.02922058105469,-13.585969924926758,1
match2_whistle_0020.mp4,0.13586534559726715,0.010591438040137291,2322.490782101995,-38.839271545410156,3692.9443359375,72,1.8617721796035767,4.833460330963135,4664.874822443182,2252.743673349412,0.13275600464876033,22.84896985212842,0.0034350877331237933,-87.67149353027344,106.77574920654297,-21.30938148498535,30.686189651489258,-20.85064697265625,0
match2_whistle_0021.mp4,0.18322880566120148,0.008173532783985138,2123.568966716409,-43.91595458984375,3660.64453125,43,1.824122428894043,5.043234825134277,4451.512744758703,2157.734469272124,0.11444941653481013,23.75555808740237,-0.0055199504102056525,-48.99082946777344,104.87308502197266,-30.130510330200195,13.086570739746094,-19.298717498779297,1
match2_whistle_0022.mp4,0.11664208024740219,0.002385340863838792,1977.373758518201,-49.06294631958008,4069.775390625,50,1.8084181547164917,4.97216796875,3649.0744519589553,2033.2533074541225,0.14362756529850745,22.896499384687196,-0.015405721666485676,-146.3605194091797,122.72637176513672,-5.171020984649658,42.85387420654297,-13.552786827087402,1
match2_whistle_0023.mp4,0.1226172000169754,0.0071395342238247395,1993.8910181145666,-44.57054138183594,3671.4111328125,51,1.9350556135177612,4.653337001800537,4138.357167701199,2131.4772133667657,0.1031611194349315,22.24015454505305,0.009400206960127206,-113.69258117675781,119.73845672607422,-23.871137619018555,24.711999893188477,-6.026815414428711,0
match2_whistle_0024.mp4,0.1390555202960968,0.01196695864200592,2137.8594072533624,-40.59747314453125,3660.64453125,61,1.808337926864624,4.935087203979492,3961.7927102481617,2052.8549610499276,0.14838484221813725,21.717901805330936,0.01594208432967535,-53.45193862915039,115.45088195800781,-39.771366119384766,13.72426986694336,-24.4493350982666,1
match2_whistle_0025.mp4,0.13649551570415497,0.004897828679531813,1899.6429652372137,-42.60031509399414,3649.8779296875,40,1.8385130167007446,4.946899890899658,3647.724609375,2031.270921599836,0.126953125,22.50926959062932,0.005714847622985569,-110.43476867675781,119.7142333984375,-17.716094970703125,40.938995361328125,-6.78838586807251,1
match2_whistle_0026.mp4,0.15240232646465302,0.011941122822463512,2141.385578830926,-41.392730712890625,4069.775390625,45,1.7735071182250977,5.0361199378967285,4550.527556046196,2226.198614049609,0.11329717221467392,22.356533027011793,-0.010519911914086567,-59.553836822509766,108.26386260986328,-25.32819938659668,5.873414993286133,-33.597206115722656,1
match2_whistle_0027.mp4,0.12446444481611252,0.018352355808019638,2358.847525037954,-44.00679016113281,3746.77734375,46,1.7998400926589966,4.819883346557617,4699.801025390625,2127.7127991191587,0.135888671875,21.85588964470876,0.0258303521862814,-79.66812133789062,99.2269058227539,-36.54611587524414,32.415950775146484,-24.131946563720703,0
match2_whistle_0028.mp4,0.1634962409734726,0.006540232803672552,2083.8730312531716,-44.98989486694336,3660.64453125,43,1.8124241828918457,5.195023059844971,4319.257736206055,2144.616223050918,0.1155853271484375,22.810434328885364,0.013018349258408932,-64.6135025024414,108.67882537841797,-28.67259979248047,16.45923614501953,-28.159137725830078,1
match2_whistle_0029.mp4,0.08588198572397232,0.008889812044799328,2282.610540473629,-39.836326599121094,3628.3447265625,41,1.8550992012023926,4.993656158447266,4143.26171875,2147.9041267471,0.18087332589285715,21.977856063224653,0.008072950380239573,-134.8316192626953,107.69430541992188,-24.044904708862305,34.994224548339844,-20.12907600402832,1
match2_whistle_0030.mp4,0.11116790771484375,0.006095308344811201,2178.3973558680486,-45.42594909667969,3606.8115234375,41,1.8291480541229248,4.925258159637451,4073.0984157986113,2010.1173282918674,0.17870490933641975,22.979969734756338,0.014980458533240969,-121.95184326171875,114.63897705078125,-22.503414154052734,37.92556381225586,-18.758081436157227,1
match2_whistle_0031.mp4,0.12514223158359528,0.006613118574023247,2082.387446425954,-48.06747817993164,3606.8115234375,42,1.8306914567947388,4.873056888580322,4238.171768188477,2140.5383640094024,0.12297821044921875,23.526543865339306,-0.016816818564927196,-106.36749267578125,108.42933654785156,-26.375537872314453,27.51022720336914,-15.413966178894043,1
match2_whistle_0032.mp4,0.1572539508342743,0.00650586374104023,1871.3290257609137,-44.92195510864258,3639.111328125,48,1.7923349142074585,4.9200615882873535,3657.1028859991775,1946.5762782909835,0.10807077508223684,22.126022050153715,-0.011035923145225127,-72.559326171875,122.62593841552734,-35.54203414916992,22.682527542114258,-17.76848030090332,1
match2_whistle_0033.mp4,0.15983644127845764,0.0022522532381117344,1785.1598467148824,-49.66293716430664,4015.9423828125,49,1.8045308589935303,4.9065141677856445,3591.5027618408203,1990.2782090662204,0.10059356689453125,23.214904295276575,-0.028307241587884762,-120.71943664550781,122.28893280029297,-21.42123794555664,42.68537902832031,-9.451289176940918,1
match2_whistle_0034.mp4,0.17851611971855164,0.008128019981086254,2055.3751363668653,-40.93849563598633,4123.6083984375,86,1.824202299118042,4.918701648712158,4231.570742545871,2109.1474394790685,0.11499695384174312,22.5704407932351,-0.014067600073780741,-50.16801834106445,115.9266586303711,-31.863357543945312,7.136945724487305,-30.296886444091797,1
match2_whistle_0035.mp4,0.12826214730739594,0.009381847456097603,2175.8352048209304,-43.407833099365234,3768.310546875,71,1.8447190523147583,5.015958309173584,3901.6156730005296,2013.7626506189404,0.16210109904661016,22.290470098184393,-0.0034164579371265785,-100.79120635986328,115.72449493408203,-30.806716918945312,21.224546432495117,-26.3300724029541,1
match2_whistle_0036.mp4,0.10041439533233643,0.011362921446561813,2347.6149185716577,-36.72354507446289,3757.5439453125,83,1.8001822233200073,5.158628940582275,4777.251797970211,2204.054733720118,0.18257155373831777,22.26021868997229,0.0069758883409048195,-116.68810272216797,117.36741638183594,-12.953299522399902,39.150917053222656,-19.995847702026367,1
match2_whistle_0037.mp4,0.09312859922647476,0.005795230623334646,1848.3865125127634,-46.21110534667969,4188.2080078125,54,1.9476704597473145,4.7213134765625,3689.5263671875,1874.8706129989123,0.10658482142857142,23.280669643461902,0.0942016087248309,-166.716796875,137.32147216796875,-10.547077178955078,38.06755447387695,-17.78842544555664,0
match2_whistle_0038.mp4,0.1143530085682869,0.015942271798849106,2178.7882444995034,-38.01423263549805,4069.775390625,53,1.788815975189209,5.01132869720459,4096.470662992295,2017.9710945067065,0.15130029965753425,21.382401664697614,0.012232189378981259,-61.73884963989258,109.94363403320312,-47.86043167114258,12.892928123474121,-17.360525131225586,1
match2_whistle_0039.mp4,0.10951629281044006,0.007407901808619499,2080.919988507008,-43.47084045410156,4005.17578125,63,1.8253793716430664,5.131197452545166,3940.8794564260565,2074.929564124754,0.15730908890845072,22.082534411670164,-0.003634925292110202,-111.04065704345703,114.79273986816406,-23.205055236816406,26.864730834960938,-17.308509826660156,1
match2_whistle_0040.mp4,0.0932740569114685,0.005171637516468763,2295.2542167846377,-43.36851501464844,4026.708984375,36,1.8649593591690063,5.015782833099365,3983.642578125,2053.337390841118,0.20581442212301587,22.694495134820745,0.027168081422456032,-147.13209533691406,112.84990692138672,-17.0869083404541,39.58113098144531,-16.982257843017578,1
match2_whistle_0041.mp4,0.1557088941335678,0.007999248802661896,1862.626374796445,-45.317291259765625,3639.111328125,56,1.816333532333374,4.745282173156738,3836.8016989834337,1944.7702642544373,0.09430887612951808,22.088626925073214,0.015482760761414437,-76.06112670898438,125.73865509033203,-29.866640090942383,34.84767150878906,-19.27071762084961,0
match2_whistle_0042.mp4,0.1579841524362564,0.006583737209439278,2114.0793148129355,-40.3386116027832,4134.375,55,1.8335535526275635,5.005410194396973,4269.7052001953125,2229.5890519747313,0.14182535807291666,22.92873282520292,0.0019222576344146427,-80.34349060058594,114.14933013916016,-12.473906517028809,27.3701171875,-27.509986877441406,1
match2_whistle_0043.mp4,0.07471571117639542,0.020581552758812904,2372.814422928596,-40.46837615966797,3639.111328125,34,1.8365509510040283,4.892478942871094,4551.8499755859375,2162.1253148751725,0.180389404296875,21.486892090414663,0.0006235516388535418,-128.17752075195312,106.8911361694336,-22.363224029541016,33.79529571533203,-18.709461212158203,1
match2_whistle_0044.mp4,0.12326781451702118,0.006385412532836199,2287.6971885099783,-44.095027923583984,4026.708984375,35,1.7944990396499634,5.0023417472839355,4126.125266335227,2099.4893954918157,0.18564199472402598,21.952316580002975,0.013223467328478152,-109.64845275878906,111.43049621582031,-12.513187408447266,40.671409606933594,-20.727689743041992,1
match2_whistle_0045.mp4,0.11291047185659409,0.007506716065108776,2049.7124484440274,-43.827125549316406,4026.708984375,33,1.833453893661499,4.947048187255859,3992.9736328125,2018.2804728449928,0.13907877604166666,21.481540698899146,0.010722058082718285,-101.20628356933594,118.44902038574219,-21.1845645904541,42.51932144165039,-20.406835556030273,1
match2_whistle_0046.mp4,0.14577937126159668,0.006283284164965153,1928.906848984773,-42.591209411621094,4155.908203125,89,1.8419944047927856,4.9287919998168945,3792.6611784462616,1957.5289424365096,0.1282308703271028,22.27154757213043,-0.0006584164144479948,-73.07966613769531,126.77839660644531,-34.097267150878906,23.133703231811523,-26.013608932495117,1
match2_whistle_0047.mp4,0.1081748902797699,0.007805269211530685,2128.818142667299,-40.72916030883789,4080.5419921875,46,1.7968430519104004,4.999452590942383,4178.084188432836,2144.354258088387,0.16137330923507462,21.933587088988972,-0.004362924846438693,-109.94881439208984,113.28446197509766,-20.092344284057617,35.78419494628906,-13.889852523803711,1
match2_whistle_0048.mp4,0.16868212819099426,0.0077974540181458,2049.6328855936877,-45.695281982421875,4102.0751953125,37,1.852243185043335,5.023026466369629,4161.705603966346,2116.0978019548347,0.13526893028846154,23.194424634896766,-0.009723683522817694,-60.864219665527344,116.49031066894531,-24.884647369384766,22.63655662536621,-22.69598388671875,1
match2_whistle_0049.mp4,0.16171911358833313,0.008677310310304165,2072.397631097805,-44.51899719238281,4080.5419921875,50,1.857397198677063,4.940744876861572,4096.4227294921875,2146.5702855205345,0.106903076171875,22.933263278007015,0.0017376363715484594,-70.1954574584961,108.9238510131836,-30.438060760498047,21.13336753845215,-13.354333877563477,1
match2_whistle_0050.mp4,0.11033128947019577,0.008822842501103878,2096.2132515900917,-41.859493255615234,3789.84375,46,1.9181936979293823,4.720570087432861,4274.167165448589,2108.7987599615158,0.10264144405241936,22.52452919461004,-0.009017605091598848,-120.83623504638672,111.47547912597656,-23.40420913696289,50.4076042175293,-8.149784088134766,0
match2_whistle_0051.mp4,0.1132921576499939,0.008067713119089603,1896.6100000777085,-44.46430969238281,3800.6103515625,31,1.8794755935668945,4.7801384925842285,3747.1423132944915,1912.1789964052675,0.11031845868644068,21.86806364906234,-0.006921182797504728,-96.00214385986328,129.41323852539062,-38.3876953125,24.572111129760742,-12.501481056213379,0
match2_whistle_0052.mp4,0.14802473783493042,0.0033212886191904545,2353.022269403209,-42.590396881103516,3983.642578125,81,1.891083002090454,5.187231540679932,4095.6988584648057,2051.1333078788166,0.1909084875606796,24.90671532619698,0.02235894374519555,-95.90774536132812,105.89716339111328,-23.661819458007812,25.54815101623535,-21.484609603881836,1
match2_whistle_0053.mp4,0.12571948766708374,0.012987171299755573,2127.9798246002724,-41.365623474121094,3875.9765625,62,1.8299158811569214,4.807659149169922,4199.297607421875,2060.3718374226983,0.1254248046875,22.057921326812174,0.011804308196410278,-78.14129638671875,110.83018493652344,-36.0900993347168,30.054821014404297,-10.725115776062012,0
match2_whistle_0054.mp4,0.16906233131885529,0.0031132951844483614,2043.4372299666984,-46.194313049316406,4145.1416015625,27,1.8471914529800415,5.152871608734131,4092.8689707880435,2129.727350531604,0.11226930480072464,23.990450509069433,-0.018814025813228937,-87.3448257446289,117.5325698852539,-22.040620803833008,12.544897079467773,-37.15849685668945,1
match2_whistle_0055.mp4,0.1290716826915741,0.007882516831159592,1988.4432388173145,-40.821067810058594,4112.841796875,82,1.8499202728271484,4.9843902587890625,3761.343922334559,1969.7602182420453,0.13621897977941178,21.66916553700884,0.007902188708144393,-82.2331314086914,123.16107177734375,-35.206295013427734,16.918325424194336,-22.169214248657227,1
match2_whistle_0056.mp4,0.11198852211236954,0.012604719959199429,2134.4850995613874,-41.06972122192383,4209.7412109375,74,1.8508718013763428,4.819644451141357,4135.194197944973,2085.805431278842,0.12555727751358695,21.607116879253393,-0.020344877340315853,-105.28323364257812,111.4022445678711,-27.5180721282959,25.426668167114258,-19.95758819580078,1
match2_whistle_0057.mp4,0.14923635125160217,0.009486602619290352,2234.1743964292477,-46.24884033203125,4005.17578125,36,1.8559004068374634,4.925676345825195,4500.118062033582,2146.375464117854,0.13847510494402984,24.21276360347076,-0.00558443378399247,-70.017578125,101.58344268798828,-31.585620880126953,17.300783157348633,-17.241390228271484,1
match2_whistle_0058.mp4,0.09723390638828278,0.00993826799094677,2399.551021264117,-39.91349792480469,4220.5078125,93,1.8692697286605835,5.060842514038086,4152.6123046875,2088.840155513504,0.1967823262117347,21.63205223768981,0.009604320760004083,-117.63359832763672,112.36566925048828,-23.112762451171875,34.8632926940918,-17.566564559936523,1
match2_whistle_0059.mp4,0.13461895287036896,0.004151253495365381,1959.4961724297555,-46.824302673339844,4048.2421875,73,1.860046625137329,5.024819850921631,3678.394874366554,1962.777365534778,0.14607527449324326,23.03180155290023,-0.01224186709710644,-112.16520690917969,121.87561798095703,-29.48228645324707,43.22433853149414,-10.816082000732422,1
match2_whistle_0060.mp4,0.1278279423713684,0.006500330287963152,2017.3352098693183,-43.169185638427734,3886.7431640625,51,1.9013214111328125,4.730954170227051,4097.258557771382,2083.2254999596407,0.11541426809210527,23.069833267707374,-0.0002997735547971748,-96.78376007080078,123.18426513671875,-29.093374252319336,27.820276260375977,-13.774242401123047,0
match2_whistle_0061.mp4,0.15720488131046295,0.011300151236355305,2227.505730962074,-43.60173416137695,3606.8115234375,66,1.7828519344329834,4.922110080718994,4488.559065193966,2133.366826275486,0.1344793911637931,23.079476576487384,-0.007995807109960345,-49.139854431152344,102.94659423828125,-39.771018981933594,5.895164966583252,-23.55890464782715,1
match2_whistle_0062.mp4,0.09533560276031494,0.013765968382358551,2480.7864485989357,-39.59084701538086,4005.17578125,64,1.8595671653747559,4.930176734924316,4580.516052246094,2166.0840595356726,0.18512471516927084,22.825591421151284,0.005047032651857398,-113.39090728759766,99.50679779052734,-29.369369506835938,26.7457218170166,-12.684768676757812,1
match2_whistle_0063.mp4,0.10264026373624802,0.007396520581096411,2051.504604751457,-43.997650146484375,4037.4755859375,49,1.8012151718139648,4.9696125984191895,3970.7509894120067,2043.744009899089,0.14322060032894737,22.17992008360183,-0.030767966233116267,-116.69225311279297,120.6714859008789,-23.127975463867188,24.612817764282227,-24.492084503173828,1
match2_whistle_0064.mp4,0.11231136322021484,0.01944066770374775,2317.555556547272,-38.51911544799805,3606.8115234375,47,1.852961778640747,5.065697193145752,4548.9719801682695,2212.846165065599,0.1719275841346154,21.59756435365844,0.0007128728554446709,-73.53324890136719,105.38369750976562,-30.04038429260254,19.787677764892578,-15.622650146484375,1
match2_whistle_0065.mp4,0.112334705889225,0.008231398649513721,2176.966774080426,-39.83928298950195,3649.8779296875,69,1.862331748008728,4.975565433502197,3890.40839012633,2000.0228320594244,0.17795773769946807,22.355110502702253,-0.0008116161188621067,-83.38031768798828,117.47431945800781,-47.563865661621094,18.461851119995117,-19.968721389770508,1
match2_whistle_0066.mp4,0.1314014196395874,0.005642910487949848,2299.2621814456743,-43.379459381103516,3639.111328125,54,1.8659175634384155,5.084287643432617,3864.3817608173076,1896.6024631590715,0.19647686298076922,22.76609863794513,-0.009690716039540763,-94.93079376220703,108.28136444091797,-42.93935775756836,59.91699981689453,-8.705548286437988,1
match2_whistle_0067.mp4,0.15163685381412506,0.007961300201714039,2060.8836074379415,-45.73468017578125,4037.4755859375,53,1.847693920135498,5.041118144989014,4261.758165474397,2122.727910550298,0.11126341302710843,23.24378582690018,-0.008298280710661972,-84.0703125,106.63130950927734,-32.813377380371094,24.204227447509766,-12.166269302368164,1
match2_whistle_0068.mp4,0.13461409509181976,0.007611437700688839,1974.5011807717774,-44.79350280761719,3628.3447265625,62,1.8047024011611938,5.133336544036865,3629.582266971983,1890.6764755516574,0.13713968211206898,22.21245316475345,-0.016896212170002683,-75.7398910522461,121.9913330078125,-44.59657287597656,16.494192123413086,-25.10425567626953,1
match2_whistle_0069.mp4,0.12975826859474182,0.011579116806387901,2207.3124200778093,-44.488624572753906,3628.3447265625,63,1.7749911546707153,5.080899238586426,4195.697817595109,2095.45965497911,0.15809697690217392,21.650449854700014,-0.017303963983246164,-78.75474548339844,111.91832733154297,-26.67990493774414,31.40023422241211,-20.203109741210938,1
match2_whistle_0070.mp4,0.17802327871322632,0.007953262887895107,1832.0812843980552,-41.36465835571289,3671.4111328125,32,1.8038874864578247,4.855281352996826,3674.588162781762,1970.2956255066183,0.1048523949795082,21.74266088564448,0.0020902456844680813,-46.1177864074707,127.68801879882812,-26.432281494140625,43.70797348022461,-12.484343528747559,0
match2_whistle_0071.mp4,0.19446201622486115,0.006455133203417063,1811.713711120139,-42.2342414855957,4102.0751953125,43,1.746375560760498,4.887024879455566,3721.4237336189517,1983.786630065949,0.09360824092741936,22.760879542822018,0.0007328019208634068,-41.85152816772461,123.92433166503906,-25.88479995727539,41.76817321777344,-12.009498596191406,0
match2_whistle_0072.mp4,0.14540551602840424,0.01007010042667389,2135.9853103950154,-36.32365798950195,4026.708984375,97,1.8255728483200073,5.031411170959473,4266.224459134615,2175.724548223045,0.14236403245192308,21.696202998306337,-0.0017145156451219,-61.989933013916016,115.45272827148438,-17.39190673828125,44.14912796020508,-24.16455841064453,1
match2_whistle_0073.mp4,0.17533139884471893,0.010373678989708424,1893.2385709844993,-39.308868408203125,3886.7431640625,66,1.7807916402816772,4.867644309997559,4059.5754523026317,2127.611970520864,0.09439247532894737,21.050873559603936,0.004654417472958312,-44.195343017578125,122.09123229980469,-14.913590431213379,33.58876037597656,-20.763935089111328,1
match2_whistle_0074.mp4,0.11322949826717377,0.003132718848064542,2104.343796859336,-44.17564010620117,4080.5419921875,54,1.8308402299880981,5.156335830688477,3864.8062133789062,1993.1818193720162,0.187646484375,22.928781465339345,0.015001755743746448,-135.9102783203125,126.7213134765625,-17.506288528442383,35.28529739379883,-31.63924789428711,1
match2_whistle_0075.mp4,0.1759810447692871,0.0058700996451079845,1960.4739422925038,-46.87896728515625,3628.3447265625,67,1.8315763473510742,5.04192590713501,3734.4524182771383,1991.6618813495948,0.1222180818256579,22.48440527241147,0.02377987099362784,-67.7451400756836,121.85608673095703,-30.772802352905273,15.145973205566406,-21.79705238342285,1
match2_whistle_0076.mp4,0.09969665110111237,0.007680648472160101,2419.803063430834,-47.371009826660156,3628.3447265625,42,1.8311386108398438,4.990117073059082,4597.471788194444,2094.931868761894,0.2099488811728395,23.11778554558756,0.0118613328384337,-127.40436553955078,110.49300384521484,-21.262775421142578,35.44911575317383,-21.47997283935547,1
match2_whistle_0077.mp4,0.08501722663640976,0.005997795145958662,2532.940004532144,-43.54286193847656,4048.2421875,33,1.8535834550857544,5.051783084869385,4864.821624755859,2131.96197617913,0.21013641357421875,22.723930675746942,0.015410946960819736,-163.24249267578125,100.41421508789062,-7.7346720695495605,45.77959442138672,-17.203350067138672,1
match2_whistle_0078.mp4,0.12114853411912918,0.008484016172587872,1967.4852348836384,-42.970916748046875,3628.3447265625,42,1.809356927871704,4.964685440063477,3768.4485802283652,1969.7026027697727,0.13532276642628205,22.280666072568398,-0.012427955006756936,-99.87071990966797,124.86424255371094,-28.248462677001953,26.853954315185547,-15.738808631896973,1
match2_whistle_0079.mp4,0.10998860001564026,0.004827989265322685,2157.3944465625395,-42.455322265625,3628.3447265625,42,1.8231418132781982,5.103792190551758,4132.125262360075,2098.701597862822,0.1706943796641791,22.470138712981072,-0.009527710818602729,-130.4991455078125,115.1124038696289,-15.747298240661621,40.06025695800781,-19.266660690307617,1
match2_whistle_0080.mp4,0.1249021515250206,0.019015710800886154,2175.365669406818,-40.48637390136719,3639.111328125,61,1.8135606050491333,4.7302350997924805,4552.586125753012,2180.4880709352697,0.1154226280120482,21.436440288113683,-0.003705387584484993,-80.14891052246094,109.04937744140625,-21.755817413330078,31.83843994140625,-16.22626304626465,0
match2_whistle_0081.mp4,0.14577442407608032,0.018502498045563698,2175.366098767726,-40.14525604248047,4048.2421875,56,1.8014039993286133,5.0686492919921875,4441.780037715517,2206.3467158503345,0.11996565193965517,21.41580124126475,0.007065412877940437,-45.302005767822266,107.3576889038086,-27.18831443786621,9.888345718383789,-15.919329643249512,1
match2_whistle_0082.mp4,0.17815010249614716,0.007845576852560043,2108.6390253969926,-43.66070556640625,3671.4111328125,61,1.8587472438812256,5.000763416290283,4320.001588384789,2111.294121442403,0.12252917921686747,23.125701888447306,0.0027777707606640016,-56.55337142944336,110.47850036621094,-32.417694091796875,1.0764516592025757,-38.42239761352539,1
match2_whistle_0083.mp4,0.0797099620103836,0.00448759738355875,2353.557814059125,-48.90034866333008,3628.3447265625,60,1.82850980758667,5.116697788238525,4454.648966961597,2061.506623333321,0.18887071724397592,22.41094504897339,0.016571201983517945,-180.17245483398438,107.4866943359375,-5.049232006072998,41.99057388305664,-17.347719192504883,1
match2_whistle_0084.mp4,0.10416362434625626,0.0026649755891412497,2105.8998857119377,-44.426605224609375,4026.708984375,43,1.7932087182998657,5.039752960205078,4021.1044520547944,2121.2092681246118,0.16893193493150685,22.876066657276546,-0.006323859573623179,-162.4422607421875,113.15518188476562,-1.8962454795837402,53.46131134033203,-17.816251754760742,1
match2_whistle_0085.mp4,0.1648777276277542,0.009488577954471111,2059.4858559270533,-44.810447692871094,4059.0087890625,50,1.8648463487625122,4.942242622375488,4412.074540301067,2216.1645218811504,0.101318359375,22.104578955028668,-0.009407006695497006,-63.35922622680664,112.8911361694336,-20.3975772857666,10.681255340576172,-26.360797882080078,1
match2_whistle_0086.mp4,0.1478530615568161,0.001934151747263968,2122.663140494517,-49.24343490600586,4134.375,62,1.8014675378799438,5.160719394683838,3942.7294921875,2003.4095162044919,0.17481689453125,24.107238425837163,-0.001929298327375309,-146.17572021484375,118.0575942993164,-7.40582275390625,35.171058654785156,-23.381515502929688,1
match2_whistle_0087.mp4,0.16012245416641235,0.0068701873533427715,1866.458112162128,-45.96042251586914,4069.775390625,51,1.8111536502838135,4.922428131103516,3663.037109375,1991.3576649105012,0.09948881172839506,22.111043896984903,-0.004911718068293648,-72.07295227050781,119.77214813232422,-34.469120025634766,10.657005310058594,-25.690860748291016,1
match2_whistle_0088.mp4,0.1455870419740677,0.005488742142915726,2214.655239192247,-44.52078628540039,4134.375,25,1.7781180143356323,5.1210551261901855,5165.313971532534,2353.3862960670435,0.11417085830479452,25.165410707158138,-0.022923231464081924,-80.83902740478516,92.62813568115234,-8.882176399230957,18.22213363647461,-8.42713737487793,0
match2_whistle_0089.mp4,0.12972013652324677,0.00580096710473299,1954.3368593696114,-45.920562744140625,4059.0087890625,42,1.773015022277832,4.890514850616455,4290.995407104492,2122.044841245285,0.09284210205078125,23.19584291374242,-0.01429351152637475,-97.66128540039062,110.61015319824219,-22.850509643554688,23.07528305053711,-12.85464096069336,0
match2_whistle_0090.mp4,0.12118808925151825,0.0030139642767608166,2077.096971509711,-46.03874969482422,4026.708984375,47,1.8264230489730835,5.110214710235596,3859.82666015625,2083.8895223205777,0.16222774621212122,22.732449141082654,-0.005718314523813887,-145.042724609375,113.6655502319336,-0.5164929032325745,57.389381408691406,-13.235708236694336,1
match2_whistle_0091.mp4,0.1161680519580841,0.003781846258789301,2227.434470688178,-43.788780212402344,4037.4755859375,49,1.8759537935256958,5.134592056274414,3977.054060750933,2055.4823935721565,0.19395697294776118,23.298744294009502,-0.007608797864921004,-140.72434997558594,111.49276733398438,-5.392645835876465,45.96968460083008,-13.846293449401855,1
match2_whistle_0092.mp4,0.10052072256803513,0.018720682710409164,2428.7800145975034,-38.110172271728516,3951.3427734375,43,1.8418540954589844,4.791056156158447,5129.2388916015625,2297.1770543436905,0.15513780381944445,21.753810304679774,0.0019080029696538717,-103.88127136230469,101.78688049316406,-8.200481414794922,44.77228927612305,-14.802056312561035,0
match2_whistle_0093.mp4,0.1660895049571991,0.005461505614221096,1914.932451062099,-46.70347595214844,4069.775390625,49,1.8093515634536743,4.965821743011475,3916.519546508789,2032.618310845929,0.1043243408203125,23.422323545824288,-0.007297322729863343,-81.78271484375,118.46314239501953,-26.02133560180664,5.57798433303833,-36.2033805847168,1
match2_whistle_0094.mp4,0.07390571385622025,0.005368455778807402,2240.173139425555,-41.409664154052734,3746.77734375,77,1.8573421239852905,4.896982192993164,3835.241069990335,1946.0151323003715,0.18700165109536082,22.134460170554906,0.019779730016559565,-174.66416931152344,123.0299301147461,-19.31699562072754,40.76775360107422,-22.431964874267578,1
match2_whistle_0095.mp4,0.12827788293361664,0.008406702429056168,2110.387467406928,-41.23556900024414,3617.578125,62,1.8194174766540527,5.029702186584473,3882.3185332833905,2055.1311607207244,0.1662095997431507,21.816587255206212,0.008943463014141994,-89.62848663330078,115.2025375366211,-24.921031951904297,35.762245178222656,-13.09516716003418,1
match2_whistle_0096.mp4,0.17715372145175934,0.006378199439495802,1802.8758364858115,-44.38582229614258,3649.8779296875,46,1.820556402206421,5.050615310668945,3642.624640213816,1987.7740303784144,0.10044716282894736,22.117900029719387,-0.007510293760922618,-63.49869918823242,122.85870361328125,-27.49171257019043,17.981348037719727,-20.41161346435547,1
match2_whistle_0097.mp4,0.09637167304754257,0.004114897921681404,2109.230430663964,-43.1923713684082,3617.578125,56,1.8120650053024292,5.030998706817627,3818.0352461965463,1953.7546898882229,0.17624383223684212,23.024461720059897,-0.0033204590239789824,-145.8778076171875,122.74851989746094,-20.3055362701416,43.25483703613281,-18.7342472076416,1
match2_whistle_0098.mp4,0.16896262764930725,0.010834908112883568,2061.314921947363,-43.590354919433594,4134.375,61,1.8025879859924316,5.0387725830078125,4154.759765625,2092.164493794988,0.12122395833333334,21.878636192820014,0.004260620276317227,-47.52605056762695,113.90206909179688,-36.87394714355469,-7.032642364501953,-35.608802795410156,1
match2_whistle_0099.mp4,0.15963144600391388,0.006953831296414137,1893.3352701518743,-44.41132354736328,4059.0087890625,51,1.8482866287231445,5.202872276306152,3957.1673283811474,2067.309678574446,0.10453221055327869,22.941663224972583,-0.016612761315633506,-69.18970489501953,119.8667221069336,-22.61652374267578,14.481550216674805,-33.43949890136719,1
match2_whistle_0100.mp4,0.1595802754163742,0.006877796724438667,1840.8619180175497,-43.7795295715332,3639.111328125,61,1.8034342527389526,4.9926066398620605,3734.93408203125,1955.44979061935,0.097314453125,22.167397553268145,-0.003990848567100871,-71.91072845458984,123.76963806152344,-34.970848083496094,6.756316661834717,-35.328731536865234,1
match2_whistle_0101.mp4,0.08626984059810638,0.006907136645168066,2175.3097563429687,-42.875545501708984,3617.578125,60,1.8226172924041748,5.155753135681152,3658.1479279891305,1888.7142331054288,0.19045091711956522,21.987883546429018,0.017192606664640477,-124.01348876953125,120.66055297851562,-41.1147346496582,23.941423416137695,-22.958852767944336,1
match2_whistle_0102.mp4,0.14249448478221893,0.02434394508600235,2241.9196197766123,-36.98271560668945,3639.111328125,35,1.8487846851348877,4.861269474029541,4355.579723011364,2163.488873889834,0.15128580729166666,20.86537685154551,0.001464717756777996,-45.55985641479492,106.97765350341797,-30.89786148071289,9.192455291748047,-16.96275520324707,1
match2_whistle_0103.mp4,0.1707245409488678,0.009268485940992832,1964.1409388413913,-45.08426284790039,3682.177734375,48,1.831590175628662,4.868032455444336,4005.3466796875,2032.7752670919672,0.11029730902777778,22.560098099893548,-0.0041308797923236195,-67.88379669189453,120.35957336425781,-30.055784225463867,21.246728897094727,-22.07689666748047,0
match2_whistle_0104.mp4,0.13214422762393951,0.01570732705295086,2485.628609188137,-46.63951110839844,3639.111328125,51,1.8235712051391602,5.389838218688965,5299.232796446918,2321.506741595328,0.1736140839041096,22.966829913722755,0.012890744846282595,-69.91303253173828,87.940673828125,-18.19449234008789,2.518374443054199,-38.01813507080078,1
match2_whistle_0105.mp4,0.10893979668617249,0.011360115371644497,2151.4796736106005,-42.574588775634766,3639.111328125,53,1.8241853713989258,5.011993408203125,4057.628455528846,2069.8043060633054,0.1543093950320513,21.859028761808162,-0.006896558787134048,-90.78287506103516,113.64373016357422,-33.57183074951172,12.980782508850098,-18.62404441833496,1
match2_whistle_0106.mp4,0.12688153982162476,0.005612796638160944,2342.7326123348535,-41.92068099975586,4037.4755859375,45,1.8481539487838745,4.953434467315674,4386.699969951923,2157.7346374866106,0.1955441205929487,22.49252734375152,0.010700362938353632,-111.72037506103516,113.10948944091797,-14.014812469482422,43.97929000854492,-24.972980499267578,1
match2_whistle_0107.mp4,0.11872989684343338,0.005152964498847723,1892.1758942892354,-43.62321472167969,4037.4755859375,39,1.873111605644226,4.78482723236084,3913.916015625,2001.8962002677604,0.12049696180555555,22.145260671710922,-0.013426885184558503,-117.6766357421875,128.19998168945312,-22.315086364746094,39.12018585205078,-17.11512565612793,1
match2_whistle_0108.mp4,0.1342509686946869,0.005459014326334,1850.5908629169132,-44.7393913269043,3617.578125,41,1.8593132495880127,4.73988151550293,3583.3207563920455,1756.3767209859257,0.12635387073863635,21.449985781725594,0.010868445626517804,-82.5791015625,135.591552734375,-46.38407897949219,35.20201110839844,-27.0035400390625,0
match2_whistle_0109.mp4,0.12549158930778503,0.020650966092944145,2282.972366676201,-41.46739959716797,3617.578125,32,1.9130173921585083,4.873596668243408,4560.4248046875,2208.594150065035,0.15055338541666666,21.522606339399335,0.011448444336671066,-66.98312377929688,103.54464721679688,-26.935928344726562,15.041004180908203,-16.995487213134766,1
match2_whistle_0110.mp4,0.12915754318237305,0.003119593020528555,1955.9521525969292,-47.28687286376953,4155.908203125,37,1.8448138236999512,5.0197062492370605,4013.591056034483,2076.2545446891513,0.11691249102011494,24.96457612364506,0.01149694174831228,-126.82564544677734,120.80709838867188,-16.926464080810547,23.453521728515625,-24.512304306030273,1
match2_whistle_0111.mp4,0.1502820998430252,0.008294899947941303,2086.744833119833,-41.64929962158203,4059.0087890625,48,1.8572983741760254,4.799418926239014,4195.56884765625,2106.864267700101,0.11878188775510204,22.403318887564232,0.0013293330884712477,-78.03031921386719,110.09954071044922,-28.096752166748047,27.652732849121094,-20.645339965820312,1
match2_whistle_0112.mp4,0.1287219077348709,0.006820291746407747,1969.608785318918,-42.33477020263672,3617.578125,36,1.8175092935562134,4.889638423919678,3692.206897474315,1969.275998466521,0.1595542594178082,22.303923286832326,-0.002950966294669704,-91.70868682861328,123.63270568847656,-26.451417922973633,29.786794662475586,-16.530277252197266,1
match2_whistle_0113.mp4,0.14761961996555328,0.005935691297054291,1976.6270706868213,-42.781585693359375,4166.6748046875,80,1.8077305555343628,4.950924396514893,3833.1605423328488,1984.4731185163942,0.1292980105377907,22.33925377717327,-0.003509246913710944,-79.21431732177734,122.78826904296875,-33.381649017333984,20.568708419799805,-26.17464828491211,1
match2_whistle_0114.mp4,0.1366325318813324,0.0034032564144581556,1969.1407225074602,-41.59749984741211,4069.775390625,26,1.8647109270095825,5.26645565032959,3653.466796875,1910.7687968722678,0.17877604166666666,23.574609548085036,-0.006322997889801016,-102.25626373291016,127.33092498779297,-30.52186393737793,35.60588455200195,-23.434717178344727,1
match2_whistle_0115.mp4,0.1600160002708435,0.018324559554457664,2190.0034696624316,-43.07609939575195,4080.5419921875,53,1.8640257120132446,4.987560749053955,4622.2216796875,2236.863373987428,0.11604275173611112,21.596307112704856,-0.01308726701760053,-42.9012451171875,105.70326232910156,-26.4758358001709,8.768709182739258,-20.233144760131836,1
match2_whistle_0116.mp4,0.11640657484531403,0.006394623313099146,2440.2101176507203,-44.840476989746094,4048.2421875,31,1.8740872144699097,5.052450180053711,4458.176524603545,2043.7677538676357,0.2228603078358209,22.46320221975432,-0.0007449505382631324,-107.4755859375,107.26827239990234,-20.099666595458984,42.08583068847656,-23.088706970214844,1
match2_whistle_0117.mp4,0.15957915782928467,0.008248328231275082,1892.0579689667788,-45.77752685546875,3639.111328125,55,1.8710473775863647,5.061129570007324,3753.2373046875,1992.824871510082,0.10545151654411765,22.83561226876094,-0.004997224703598133,-73.2147445678711,120.48011016845703,-29.88991928100586,11.67345905303955,-33.29793930053711,1
match2_whistle_0118.mp4,0.10867872089147568,0.004713745787739754,2442.62466390824,-36.87767028808594,3746.77734375,100,1.808772087097168,5.012163162231445,3978.2089661214955,1909.0095881896702,0.2026549722546729,22.947731899288563,-0.005567480261245951,-126.58747100830078,109.91123962402344,-29.073312759399414,45.92625427246094,-16.976728439331055,1
match2_whistle_0119.mp4,0.12493069469928741,0.005765031091868877,2127.2011426321997,-44.972557067871094,3606.8115234375,50,1.8243249654769897,5.053197383880615,3948.4541730182927,2060.6695838330156,0.1586378144054878,22.83831498588452,-0.008183440770036528,-122.65927124023438,109.13069152832031,-16.2386474609375,44.4328727722168,-16.126712799072266,1
match2_whistle_0120.mp4,0.17118103802204132,0.0047702849842607975,1794.3795006311898,-44.502479553222656,4048.2421875,58,1.8004562854766846,5.1454997062683105,3609.3685913085938,1900.159272221612,0.09862060546875,22.727618662175658,-0.012582437916790555,-64.07861328125,127.29730224609375,-37.84955596923828,17.54363441467285,-31.840206146240234,1
match2_whistle_0121.mp4,0.15036162734031677,0.0050277006812393665,1708.5751915801588,-42.918060302734375,4091.30859375,44,1.7352195978164673,4.917397499084473,3645.2221019847975,1923.937801944833,0.07466084248310811,23.11843376628339,-0.007493064023147976,-88.1091079711914,129.8238067626953,-29.44467544555664,20.9305477142334,-11.645132064819336,0
match2_whistle_0122.mp4,0.1594749540090561,0.0048957387916743755,1853.3459080909988,-40.55784225463867,4080.5419921875,30,1.7853552103042603,5.21368408203125,3800.2630418346776,1913.7275025363322,0.11788841985887097,22.913982942574197,0.0065777256070218846,-65.95553588867188,127.11747741699219,-37.818050384521484,4.943848133087158,-48.13716125488281,1
match2_whistle_0123.mp4,0.1400921493768692,0.007225714158266783,2174.3559763487674,-42.18486404418945,4026.708984375,73,1.851431131362915,5.0848283767700195,4520.762925737359,2272.969590612116,0.13197309515449437,24.027571352867636,-0.014358038696350156,-76.20625305175781,105.03034210205078,-16.0119686126709,13.82422161102295,-21.403400421142578,1
match2_whistle_0124.mp4,0.15532945096492767,0.009714839980006218,1909.8130197660653,-42.22482681274414,3682.177734375,45,1.7845463752746582,4.841993808746338,3967.3388671875,2054.809082566556,0.08749302455357143,21.46351579979826,0.012173076291452544,-58.43626403808594,121.3172607421875,-25.837371826171875,44.300148010253906,-10.062660217285156,0
match2_whistle_0125.mp4,0.15658456087112427,0.006425638683140278,2101.320381519623,-42.19749069213867,3757.5439453125,84,1.815885305404663,5.12349271774292,4109.632521409255,2126.754270504603,0.14634821965144232,22.69977562886481,-0.02415577058346405,-64.375244140625,118.62703704833984,-20.16282081604004,43.45852279663086,-20.365917205810547,1
match2_whistle_0126.mp4,0.13145104050636292,0.004811228718608618,1965.596276829715,-42.3355712890625,3628.3447265625,47,1.8081611394882202,5.078054428100586,3823.7999549278848,2033.7471015879191,0.1544921875,22.287385207532914,0.0013090999597543443,-99.5073013305664,127.44926452636719,-21.56635856628418,35.38634490966797,-21.841054916381836,1
match2_whistle_0127.mp4,0.18042044341564178,0.01769656501710415,2087.5187372928763,-43.62218475341797,3649.8779296875,58,1.851261854171753,4.93997859954834,4214.443864493534,2068.7853027590945,0.12432650862068965,21.50471072801576,-0.004564868975332395,-31.99544334411621,116.52574157714844,-34.69578552246094,10.913402557373047,-17.268657684326172,1
match2_whistle_0128.mp4,0.16770778596401215,0.012199502438306808,2105.383604269626,-42.240631103515625,4080.5419921875,56,1.8345587253570557,5.033217430114746,4586.152787642045,2198.698413441127,0.1024122362012987,22.436642575490055,-0.0040268381871875585,-61.625831604003906,107.3115234375,-27.67392921447754,3.771050453186035,-24.84980010986328,1
match2_whistle_0129.mp4,0.1324514001607895,0.0074337138794362545,2104.227472858816,-44.665504455566406,3757.5439453125,78,1.8070555925369263,5.018463134765625,4138.9892578125,1957.3716923011823,0.14190204326923078,23.10172844126263,-0.01493593700676392,-111.82363891601562,112.59969329833984,-39.82100296020508,23.381750106811523,-10.714159965515137,1
match2_whistle_0130.mp4,0.18523414433002472,0.00990341417491436,2092.6947668510725,-43.341896057128906,3703.7109375,34,1.8131886720657349,4.8751068115234375,4762.014920594263,2286.4503697647997,0.0938540599385246,22.060121494069104,-0.005311236213053373,-44.036930084228516,106.64655303955078,-10.395055770874023,44.944759368896484,-7.339759826660156,0
match2_whistle_0131.mp4,0.18469837307929993,0.008714389055967331,1963.6624269096355,-45.09870910644531,3617.578125,47,1.786236047744751,4.833374977111816,4291.0888671875,2146.3009054983363,0.09178912450396826,22.294733139226803,0.029598833730558743,-44.9190559387207,116.2197494506836,-17.871612548828125,41.48185729980469,-6.683946132659912,0
match2_whistle_0132.mp4,0.16469578444957733,0.005084471311420202,1997.157529339828,-39.50279235839844,3757.5439453125,89,1.8111727237701416,5.115077972412109,3767.728568412162,2018.273474123236,0.13740058417792791,22.472407720509363,0.010829901904161398,-70.08499908447266,123.74217987060547,-24.371614456176758,47.313053131103516,-14.091578483581543,1
match2_whistle_0133.mp4,0.1480027437210083,0.010827196761965752,2092.059862984216,-44.11690139770508,3606.8115234375,47,1.8361380100250244,4.90212869644165,4224.141540527344,2145.553134416644,0.112725830078125,21.96948333878903,0.006737473196266412,-70.38450622558594,110.1698226928711,-26.334949493408203,11.539060592651367,-19.42826271057129,1
match2_whistle_0134.mp4,0.1536560356616974,0.004883968736976385,2047.4952932925196,-39.289039611816406,3746.77734375,83,1.8132410049438477,5.143489837646484,4235.80242406542,2214.7911248237715,0.13564635660046728,22.048037987178038,0.005928469429364235,-97.53791809082031,112.5181655883789,0.28005486726760864,59.956138610839844,-15.38089370727539,1
match2_whistle_0135.mp4,0.17720569670200348,0.008400403894484043,1853.9546601068566,-43.66938400268555,3617.578125,40,1.8047878742218018,4.879443645477295,4121.350885206653,2148.7730204931736,0.08619739163306452,21.843459537896415,-0.009506838732861653,-49.07265090942383,123.72022247314453,-10.491986274719238,34.75687789916992,-18.309635162353516,1
match2_whistle_0136.mp4,0.15836112201213837,0.009534988552331924,2043.4213343624842,-43.9644889831543,3972.8759765625,35,1.8225914239883423,4.701800346374512,4772.637337698064,2312.1094052188005,0.09119168133802817,21.676980618582597,0.008769583044211453,-69.30227661132812,110.2818603515625,-1.9291430711746216,47.041751861572266,-10.00578784942627,0
match2_whistle_0137.mp4,0.14716608822345734,0.005360031966120005,1879.88960792445,-45.253684997558594,3639.111328125,40,1.863720417022705,4.6466851234436035,3751.121761924342,1991.3997689286873,0.1044664884868421,23.083095865863605,7.518569814918502e-06,-84.53760528564453,126.56761932373047,-29.191272735595703,28.943378448486328,-16.3881893157959,0
match2_whistle_0138.mp4,0.13004006445407867,0.004818206652998924,1937.2668126729761,-46.10409164428711,4209.7412109375,38,1.8978890180587769,4.818779945373535,3775.983297413793,1938.17062953975,0.11066024604885058,23.950404097715154,-0.001819850528666582,-102.89611053466797,123.51300048828125,-35.78654861450195,26.760087966918945,-18.568344116210938,0
match2_whistle_0139.mp4,0.15539558231830597,0.005229255650192499,1872.3674488166696,-45.702911376953125,3639.111328125,42,1.877806305885315,5.262612342834473,3727.8152693563434,2004.90765787349,0.1281483208955224,22.85705530313871,-0.013211924423019765,-77.85829162597656,122.88301849365234,-22.526853561401367,21.83766746520996,-22.819644927978516,1
match2_whistle_0140.mp4,0.13366803526878357,0.004542000591754913,2238.7994497571144,-45.397308349609375,4209.7412109375,77,1.857771396636963,5.052260875701904,4843.4326171875,2319.8855970806017,0.12863885788690477,25.16706980594276,0.0016770194662659704,-97.2416763305664,97.90751647949219,-6.12784481048584,36.05597686767578,-12.902711868286133,1
match2_whistle_0141.mp4,0.11673852801322937,0.006448950618505478,2177.7362703952817,-41.13985824584961,3617.578125,43,1.8039309978485107,5.028472900390625,3889.2852783203125,1994.0457082633293,0.16911485460069445,22.56353565459275,0.007563881381537963,-102.9480972290039,112.86382293701172,-28.076263427734375,37.95072937011719,-17.273189544677734,1
match2_whistle_0142.mp4,0.12033417820930481,0.003544701263308525,2013.436016578217,-38.690818786621094,3725.244140625,26,1.798280119895935,5.220583915710449,3916.596013849432,2020.4786126563863,0.16193921638257575,23.023429787506306,0.014054283628626027,-92.5457763671875,128.550537109375,-32.53608703613281,13.230393409729004,-41.09522247314453,1
match2_whistle_0143.mp4,0.10015039891004562,0.006123599596321583,2607.6681412663074,-44.873619079589844,3994.4091796875,44,1.8516184091567993,4.961632251739502,4452.69191576087,2072.058140258465,0.23115517436594202,22.117537323065456,0.012780797822657307,-153.9609375,100.08014678955078,-4.767055988311768,48.74723434448242,-25.322643280029297,1
match2_whistle_0144.mp4,0.17814300954341888,0.006461122073233128,2028.0799179243177,-44.07253646850586,3692.9443359375,32,1.815631628036499,5.149467468261719,4153.7548828125,2114.039583738016,0.12605794270833334,23.3926508544545,-0.007793341291519238,-59.01402282714844,113.9122314453125,-25.196495056152344,14.349153518676758,-26.12411880493164,1
match2_whistle_0145.mp4,0.07255921512842178,0.010390941053628922,2206.9925986884928,-41.79118728637695,4177.44140625,34,1.913954257965088,4.711626052856445,4609.541015625,2117.180929054306,0.14822591145833333,21.95624031785052,0.0072506904393258775,-140.68043518066406,118.29927062988281,-20.231321334838867,39.1109504699707,-18.864933013916016,0
match2_whistle_0146.mp4,0.16587503254413605,0.0038603043649345636,2190.522110982774,-46.405330657958984,3628.3447265625,42,1.819196105003357,5.13176155090332,4138.377967247596,2033.0891529397102,0.16872621193910256,25.149173566509376,-0.010313364347463745,-97.20548248291016,109.31908416748047,-24.313478469848633,31.947444915771484,-23.98252296447754,1
match2_whistle_0147.mp4,0.12361987680196762,0.006909432355314493,2292.752365873859,-40.04732894897461,3736.0107421875,84,1.8622472286224365,5.087716579437256,3975.3433227539062,1899.102103258169,0.1802825927734375,22.454688903950117,0.013980005245354143,-105.46953582763672,119.08121490478516,-35.42791748046875,25.83693504333496,-27.002145767211914,1
match2_whistle_0148.mp4,0.15847334265708923,0.005534169729799032,2206.7198091865157,-45.36083221435547,4231.2744140625,46,1.7997455596923828,5.059764385223389,4655.657958984375,2197.757878845957,0.1283501519097222,24.02464715110646,-0.016621624012914806,-70.53327178955078,104.36157989501953,-21.40842056274414,5.18571662902832,-29.11141014099121,1
match2_whistle_0149.mp4,0.10921046137809753,0.006260165479034185,2163.8610038607053,-45.04423904418945,4242.041015625,72,1.8263732194900513,5.121423244476318,4408.118938577586,2085.764502580007,0.13363752693965517,24.1967707014316,-0.013425695809054445,-117.31588745117188,108.33883666992188,-27.107994079589844,32.91287612915039,-18.949234008789062,1
match2_whistle_0150.mp4,0.10583280026912689,0.004021286498755217,2121.508738709884,-44.5126838684082,4037.4755859375,45,1.8045333623886108,5.009212017059326,3661.676945098459,1857.9234568991144,0.1853529002568493,23.027631901152887,0.027241190171359887,-116.79144287109375,124.17288970947266,-40.672054290771484,36.89583206176758,-25.54514503479004,1
match2_whistle_0151.mp4,0.1279541254043579,0.013575054705142975,2097.4795770599785,-38.82714080810547,4231.2744140625,72,1.8436665534973145,4.913339138031006,4313.244140625,2181.7266959153612,0.12133463541666667,22.336616228937483,0.0003897386301502189,-78.26893615722656,114.81773376464844,-23.644275665283203,21.970041275024414,-10.450416564941406,1
match2_whistle_0152.mp4,0.06122031807899475,0.014842234551906586,2616.2817812298954,-35.03292465209961,4166.6748046875,29,1.9027618169784546,4.632620334625244,5096.14013671875,2331.4324157040537,0.170263671875,22.358790316702443,0.01166795446025896,-156.9962158203125,100.81948852539062,-4.311522960662842,43.65958786010742,-25.390771865844727,0
match2_whistle_0153.mp4,0.16204328835010529,0.011304480023682117,2241.1679905961732,-41.85176086425781,4123.6083984375,43,1.8207892179489136,5.148941993713379,4823.8861083984375,2255.646991835607,0.1275634765625,22.65535347813274,-0.0033733102356695486,-48.92409133911133,102.92385864257812,-26.78639793395996,9.683943748474121,-25.115610122680664,1
match2_whistle_0154.mp4,0.13293932378292084,0.017999902367591858,2166.3324468216692,-40.25722885131836,3639.111328125,50,1.8206279277801514,5.0263824462890625,4411.356886772261,2207.911901742012,0.12813703981164384,21.69659001772969,-0.015309885448635888,-55.01972579956055,109.04923248291016,-24.385353088378906,11.429970741271973,-19.98719024658203,1
match2_whistle_0155.mp4,0.13368135690689087,0.010855655185878277,2421.9878782940345,-39.234779357910156,4198.974609375,77,1.8312798738479614,5.088968276977539,4749.160046523876,2249.6684183115713,0.1834401334269663,22.141135465664107,0.010073965880085668,-67.35211181640625,102.53668212890625,-31.400880813598633,14.609787940979004,-29.254032135009766,1
match2_whistle_0156.mp4,0.1455625593662262,0.010350093245506287,2039.7022308563662,-40.2751350402832,3962.109375,42,1.8596611022949219,4.7368645668029785,4157.213245738636,2116.0957383227014,0.11139470880681818,21.58510806673241,0.030689419808575834,-63.038021087646484,121.03572845458984,-28.324493408203125,21.901823043823242,-13.424921989440918,0
match2_whistle_0157.mp4,0.16029861569404602,0.011643528938293457,2100.714130379901,-42.85344696044922,4123.6083984375,43,1.8202646970748901,5.054563522338867,4375.166877297794,2140.9669455782328,0.11271254595588236,22.022255098838347,-0.018624999309332525,-50.16626739501953,106.94825744628906,-34.9562873840332,-10.408602714538574,-39.9121208190918,1
match2_whistle_0158.mp4,0.1475764811038971,0.010447805747389793,2045.018358226071,-39.29060745239258,3908.2763671875,60,1.7992730140686035,4.94351053237915,4269.954427083333,2194.025197572122,0.1075122974537037,21.187074702872994,0.008940612283315205,-64.27649688720703,111.65999603271484,-17.540836334228516,41.08537292480469,-5.266561031341553,1
match2_whistle_0159.mp4,0.1580239236354828,0.007033493835479021,2134.767087879186,-40.6861572265625,3757.5439453125,86,1.8431997299194336,5.194845199584961,4266.9260852741745,2246.549186616393,0.1376354289504717,22.624958618723177,0.01889998223140222,-81.39214324951172,111.47875213623047,-4.764729022979736,48.73289489746094,-14.637624740600586,1
match2_whistle_0160.mp4,0.1495307832956314,0.006226666271686554,1976.0214928485975,-41.84575271606445,3994.4091796875,84,1.8096373081207275,5.1499714851379395,4156.634041432584,2198.3544999788337,0.11311666081460674,21.675445544492824,0.05555491275892186,-86.6153793334961,116.8980941772461,-4.231626987457275,48.69784164428711,-14.537785530090332,1
match2_whistle_0161.mp4,0.1799984723329544,0.007169256452471018,1778.751138614566,-43.37776565551758,3897.509765625,71,1.794663667678833,4.868666172027588,3609.5372453520567,1995.4567702136665,0.09263746044303797,21.94818088609536,-5.926104543250209e-05,-49.39264678955078,128.1578826904297,-21.67102813720703,45.44396209716797,-5.128443717956543,1
match2_whistle_0162.mp4,0.11177238821983337,0.004784215707331896,1960.2048420676556,-41.8077392578125,3617.578125,57,1.782651662826538,5.094462871551514,3774.5438425164475,1976.346837934362,0.15676398026315788,22.783021402886646,0.01032861353562757,-112.7255859375,127.24556732177734,-25.456989288330078,40.988189697265625,-24.220212936401367,1
match2_whistle_0163.mp4,0.1684185415506363,0.005622060503810644,1934.3710102673483,-44.3112678527832,3660.64453125,47,1.839868187904358,5.084857940673828,3823.391856317935,1933.1942845135093,0.11916893115942029,23.396197961169467,0.0016899459333161613,-74.98673248291016,122.58262634277344,-39.184993743896484,25.070507049560547,-19.062665939331055,1
match2_whistle_0164.mp4,0.06937101483345032,0.007541470229625702,2370.765912080405,-40.252593994140625,3639.111328125,48,1.825767993927002,5.222826957702637,4222.139115767045,2097.520772425036,0.19799064867424243,22.525544333437967,0.014508742365842705,-165.94122314453125,108.11018371582031,-14.842604637145996,50.73822784423828,-17.261430740356445,1
match2_whistle_0165.mp4,0.08530893176794052,0.007541317027062178,2055.2067523910646,-42.87066650390625,4015.9423828125,51,1.8237731456756592,5.003525733947754,3849.138077445652,1995.513850218091,0.1520040760869565,21.9008486384574,-0.0013327294475416892,-130.3594207763672,120.8852310180664,-30.107404708862305,31.31024169921875,-21.62896728515625,1
match2_whistle_0166.mp4,0.14156587421894073,0.0062705338932573795,1812.10397434482,-45.83359146118164,3617.578125,36,1.877795696258545,4.874020576477051,3749.593224158654,2072.2815399370097,0.09196965144230769,21.97723369983707,0.007110360578979167,-99.57888793945312,122.8160629272461,-12.505027770996094,19.063228607177734,-24.517637252807617,1
match2_whistle_0167.mp4,0.1751575618982315,0.00370735302567482,1983.2880680953822,-44.16524124145508,4209.7412109375,42,1.8713480234146118,5.071339130401611,3925.14404296875,2058.3172242123223,0.11002604166666667,23.49580083311478,0.013137797519480996,-74.18650817871094,116.29438018798828,-34.636390686035156,10.559819221496582,-33.74629211425781,1
match2_whistle_0168.mp4,0.11566870659589767,0.009191910736262798,2264.855624908074,-42.52091979980469,3606.8115234375,38,1.7934391498565674,5.188009738922119,4082.219904119318,2091.352472864152,0.17888215300324675,21.98371217658516,0.003507554924263536,-105.69318389892578,108.1425552368164,-20.410118103027344,44.14485168457031,-14.362604141235352,1
match2_whistle_0169.mp4,0.13815714418888092,0.005469010677188635,1981.6607117665876,-43.188987731933594,3994.4091796875,43,1.873118281364441,4.918925762176514,4016.8963854825947,2042.534207549012,0.11357174643987342,22.865781099483648,0.005146582086672557,-95.66795349121094,119.75484466552734,-27.724185943603516,32.77042770385742,-15.17117691040039,1
match2_whistle_0170.mp4,0.10350494831800461,0.005856183357536793,2322.3243815004407,-40.081024169921875,3606.8115234375,33,1.8627840280532837,5.082674503326416,4440.1123046875,2210.011475068254,0.17400638640873015,22.860317783949718,0.0026453550758034146,-143.9684295654297,99.41963195800781,-5.954434394836426,52.68206024169922,-17.625473022460938,1
match2_whistle_0171.mp4,0.1489945352077484,0.010363072156906128,2120.255946158451,-40.900962829589844,3649.8779296875,50,1.8249722719192505,4.936228275299072,4174.251302083333,2103.5148440087346,0.1389672550154321,22.48640923049907,0.025328722608966348,-71.58894348144531,114.74364471435547,-27.895898818969727,22.311267852783203,-20.403364181518555,1
match2_whistle_0172.mp4,0.13388241827487946,0.01079472154378891,1978.249467286579,-42.23469543457031,3606.8115234375,43,1.8309201002120972,5.015059471130371,3992.40966796875,2033.7302442096357,0.10906808035714285,21.830187755269097,-0.010204955089926871,-75.72430419921875,117.9427719116211,-29.567312240600586,13.917878150939941,-28.088266372680664,1
match2_whistle_0173.mp4,0.12410295754671097,0.008037785068154335,2206.5983015218662,-39.710670471191406,3606.8115234375,59,1.8178735971450806,5.041716575622559,4049.0921823601975,1966.6539328294334,0.17736173930921054,23.35152642178727,-0.0029514345677475024,-92.2754898071289,112.09159088134766,-34.134273529052734,45.75271224975586,-17.000356674194336,1
match2_whistle_0174.mp4,0.10393741726875305,0.003633380401879549,2158.63159330298,-43.87100601196289,3628.3447265625,47,1.7848087549209595,5.028731346130371,4128.770467679795,1931.494267543472,0.1757478060787671,22.13934156138679,0.006686881947677496,-144.28211975097656,120.19073486328125,-16.922412872314453,48.06636428833008,-20.762540817260742,1
match2_whistle_0175.mp4,0.14763137698173523,0.0070055709220469,2023.1244092964073,-44.19540023803711,4069.775390625,56,1.7932422161102295,5.013846397399902,4076.8586811266446,2134.420147414735,0.11868446751644737,22.496995668404942,0.0032872216083488313,-78.7079849243164,118.66898345947266,-21.25524139404297,24.654232025146484,-23.253263473510742,1
match2_whistle_0176.mp4,0.11240333318710327,0.018564481288194656,2422.721929949296,-41.266998291015625,3628.3447265625,46,1.814394474029541,4.985592365264893,4769.751979880137,2252.1908513417366,0.1738348137842466,21.68201979708719,-0.0015856080214171674,-92.33984375,98.95978546142578,-25.517147064208984,24.42873764038086,-17.30567169189453,1
match2_whistle_0177.mp4,0.08035719394683838,0.025000780820846558,2370.6157617587683,-39.52943801879883,3628.3447265625,53,1.8626034259796143,4.845149993896484,4519.4305419921875,2161.383551988738,0.16502549913194445,21.652034811499576,0.009914927781842912,-108.02919006347656,103.34140014648438,-31.34298324584961,27.856698989868164,-20.413129806518555,1
match2_whistle_0178.mp4,0.12528857588768005,0.0067415437661111355,2053.1414851752584,-38.941505432128906,3703.7109375,48,1.8327202796936035,5.157017230987549,3826.008488581731,1985.8636706672573,0.16071339142628205,22.436830390171096,0.007440236320539546,-78.08120727539062,122.77009582519531,-34.727996826171875,34.88555908203125,-23.37333106994629,1
match2_whistle_0179.mp4,0.12504255771636963,0.007440188899636269,1963.210532182697,-42.25126647949219,3682.177734375,68,1.8093308210372925,4.953524112701416,3805.4269891036183,1976.3934662196464,0.12769839638157895,22.363924357307003,-0.0010782776439679158,-88.36396789550781,121.60257720947266,-32.07353591918945,24.076675415039062,-25.577537536621094,1
match2_whistle_0180.mp4,0.11877665668725967,0.006309352349489927,2025.582202304767,-40.99086380004883,3660.64453125,80,1.813381552696228,5.154911518096924,3784.46044921875,1932.586153191135,0.16443359375,22.133606132861093,0.001924720302568767,-100.67163848876953,125.41012573242188,-33.503089904785156,48.054161071777344,-18.526342391967773,1
match2_whistle_0181.mp4,0.11010130494832993,0.017699386924505234,2357.898351196691,-40.13282775878906,3725.244140625,46,1.8836644887924194,4.747089862823486,4859.014096467391,2217.9440750865087,0.12362007472826086,20.808322743836328,0.012187872199109504,-103.73053741455078,100.27902221679688,-12.578359603881836,43.382205963134766,-13.195320129394531,0
match2_whistle_0182.mp4,0.15038378536701202,0.006491845473647118,1794.8634078397422,-46.80824661254883,3649.8779296875,56,1.8379642963409424,4.994386196136475,3705.038326733733,2041.0743126573354,0.09835188356164383,22.131356213703857,-0.00459383129339259,-83.46697235107422,125.78490447998047,-19.03300666809082,16.93939971923828,-25.864070892333984,1
match2_whistle_0183.mp4,0.12668484449386597,0.003841253463178873,1825.6714918279795,-48.21657943725586,3628.3447265625,39,1.8257302045822144,5.101056098937988,3654.2427681587837,1921.6421983899836,0.13151921452702703,23.395361706999854,-0.005826051450005269,-144.32131958007812,129.1831512451172,-14.878300666809082,43.82875442504883,-19.409502029418945,1
match2_whistle_0184.mp4,0.13002528250217438,0.007249403744935989,1957.1165838947525,-47.428470611572266,3660.64453125,57,1.824127435684204,5.0910139083862305,3648.8763853561045,1974.574763084428,0.13481672420058138,22.38543201581799,-0.015317124878156814,-88.64689636230469,121.42784881591797,-33.541603088378906,24.667922973632812,-11.977330207824707,1
match2_whistle_0185.mp4,0.14201810956001282,0.007636351976543665,2033.082050205228,-44.44056701660156,3639.111328125,51,1.8446223735809326,4.953514099121094,3874.8432360197367,2106.322722071972,0.12918893914473684,22.516487320404387,-0.00990870941862479,-81.48046875,118.87004089355469,-21.100566864013672,18.292156219482422,-17.536972045898438,1
match2_whistle_0186.mp4,0.17961113154888153,0.0021356481593102217,1711.0300121317173,-47.265743255615234,3628.3447265625,31,1.7925571203231812,4.999639511108398,3529.1877992691534,2010.0634703272142,0.0967190650201613,22.908594391736873,0.007488331675280484,-112.30028533935547,123.69701385498047,-8.539341926574707,46.32707977294922,-11.082925796508789,1
match2_whistle_0188.mp4,0.12750478088855743,0.0075505818240344524,2043.800308806553,-43.39143753051758,3757.5439453125,89,1.8591870069503784,4.974272727966309,4067.8282392785904,2073.6104847313204,0.1254155585106383,22.57617588604735,0.003589770746820516,-122.53805541992188,116.80562591552734,-14.784122467041016,43.12608337402344,-5.402987957000732,1
match2_whistle_0189.mp4,0.1687546670436859,0.004586232826113701,1666.031821290675,-44.035491943359375,3897.509765625,36,1.8323922157287598,4.791574001312256,3174.9119492827867,1784.6343246823171,0.0912045338114754,22.220970377923646,0.04108255719086391,-61.266361236572266,136.92762756347656,-36.67584991455078,48.720611572265625,-6.768324851989746,0
match2_whistle_0190.mp4,0.1468728482723236,0.005767147056758404,2021.5934645212333,-40.65648651123047,3757.5439453125,88,1.838639497756958,5.041033744812012,4006.16455078125,2103.7802312361127,0.13644969706632654,21.892036295504987,0.03303224577579903,-73.88784790039062,123.00154113769531,-19.024944305419922,43.151241302490234,-19.912111282348633,1
match2_whistle_0191.mp4,0.15347972512245178,0.008474455215036869,1965.1940706718956,-45.08519744873047,3606.8115234375,55,1.8085747957229614,4.896353244781494,3776.6845703125,2021.0727880030774,0.12954523533950618,22.339900242646525,0.01120451460137427,-72.93597412109375,122.57966613769531,-26.4443359375,18.76082420349121,-22.987163543701172,1
match2_whistle_0192.mp4,0.14347510039806366,0.007723585236817598,2023.8402907122904,-40.92983627319336,4048.2421875,53,1.8318705558776855,5.155175685882568,4185.7470703125,2142.8786521693,0.11466238839285714,22.343066655120467,0.006900780274832443,-81.95255279541016,114.8134994506836,-19.706663131713867,18.041833877563477,-35.525787353515625,1
match2_whistle_0193.mp4,0.17406553030014038,0.0030224460642784834,1724.1976096954966,-46.2082633972168,3639.111328125,37,1.8259302377700806,5.154627323150635,3761.885316910282,2099.098546999671,0.08232264364919355,22.390568398173524,-0.010168439575760383,-107.40604400634766,120.70333099365234,-0.5031616687774658,44.91328811645508,-12.109251022338867,1
match2_whistle_0194.mp4,0.07066497206687927,0.012592844665050507,2216.4065168446605,-37.90055847167969,4091.30859375,44,1.8956471681594849,4.668431758880615,4619.462021083048,2324.1086634068392,0.11459225171232877,21.422886081149766,-0.00014936666716468535,-157.16238403320312,111.89151000976562,2.2059757709503174,40.93693542480469,-23.790241241455078,0
match2_whistle_0196.mp4,0.13169719278812408,0.0022293447982519865,2004.737607933587,-48.05157470703125,3628.3447265625,46,1.797446846961975,5.116477012634277,3587.8494490438434,1957.4764239569242,0.13402955923507462,23.91582670322448,-0.03175420708334717,-149.0668182373047,114.28563690185547,-15.091095924377441,42.87967300415039,-17.105249404907227,1
match2_whistle_0197.mp4,0.11679503321647644,0.013643166050314903,2428.7990708096363,-40.964027404785156,3617.578125,31,1.820918321609497,5.0561017990112305,4330.697250366211,2109.829196265368,0.2052001953125,21.720632467363583,0.006521174030691488,-96.133056640625,102.49327087402344,-29.030282974243164,33.390838623046875,-12.91101360321045,1
match2_whistle_0198.mp4,0.16698598861694336,0.007241264451295137,1901.8926416463737,-44.547969818115234,3671.4111328125,51,1.8453243970870972,5.149221897125244,3952.1402994791665,2053.321173951801,0.09417799961419752,22.834543589097137,-0.01053743475521176,-77.2110824584961,119.36373901367188,-22.976730346679688,13.077163696289062,-30.055200576782227,1
match2_whistle_0199.mp4,0.14117880165576935,0.006264836527407169,1915.9709040888815,-44.177162170410156,3682.177734375,51,1.8327940702438354,5.017909526824951,3840.656857374238,2077.010994980268,0.10939286394817073,22.36402524404108,-0.0036406840006622376,-84.1966552734375,121.73289489746094,-25.637269973754883,12.921625137329102,-30.946096420288086,1
match2_whistle_0200.mp4,0.1037248969078064,0.0043155960738658905,2057.5375194722374,-47.17758560180664,3983.642578125,61,1.8090752363204956,4.951236724853516,3818.3524977992956,2009.6093951663897,0.1736355633802817,22.233332394178458,0.01483190791467325,-146.38192749023438,120.81966400146484,-12.157258033752441,46.24631881713867,-18.426433563232422,1
match2_whistle_0201.mp4,0.10764618963003159,0.010114655829966068,2110.778517382183,-41.75022506713867,3832.91015625,54,1.8623028993606567,4.883332252502441,4080.402166193182,1942.3341002362893,0.13552024147727273,22.80130318587101,-0.0005296287834300905,-87.43771362304688,115.74311065673828,-42.76911163330078,26.657278060913086,-19.74068260192871,0
match2_whistle_0202.mp4,0.14485448598861694,0.005966453347355127,1898.3364288889088,-43.703975677490234,3649.8779296875,44,1.8737573623657227,4.992405414581299,3795.1047030362215,1972.699515378316,0.10866477272727272,22.43490560653573,0.008412032114198813,-90.20355987548828,122.56608581542969,-31.019254684448242,17.859819412231445,-30.588897705078125,1
match2_whistle_0203.mp4,0.10153989493846893,0.005008772015571594,2157.8508305610167,-46.35148239135742,3983.642578125,46,1.9138662815093994,4.860292911529541,4069.6193529211955,2054.199474977121,0.1663269927536232,22.025172621885222,0.012855493436519295,-154.17764282226562,111.775634765625,-4.1495208740234375,49.52941131591797,-19.456607818603516,1
match2_whistle_0204.mp4,0.0885944589972496,0.02426317147910595,2264.38908204722,-36.31968307495117,3843.6767578125,33,1.8638595342636108,4.7516045570373535,4261.490360383064,2077.3518623612667,0.1484375,20.26721451336328,0.011260701329244479,-76.15809631347656,107.72929382324219,-42.94869613647461,15.42287826538086,-11.778173446655273,0
match2_whistle_0205.mp4,0.10132477432489395,0.00921210553497076,2212.3108494837934,-41.74874496459961,3617.578125,45,1.7945753335952759,4.995810031890869,4027.298935145548,1946.893999641357,0.18081121575342465,21.624026232094593,-0.001955452726585752,-110.52904510498047,117.10739135742188,-37.24013137817383,34.916175842285156,-20.40310287475586,1
match2_whistle_0206.mp4,0.09755556285381317,0.007618519477546215,2229.7489151859977,-43.11469650268555,3606.8115234375,81,1.8252768516540527,4.919079780578613,4134.8757721656975,2084.332086837828,0.16108171329941862,22.168856595861484,0.016963073243153083,-122.51995086669922,110.80634307861328,-25.402729034423828,50.356605529785156,-13.663960456848145,1
match2_whistle_0207.mp4,0.09108847379684448,0.006323757115751505,2036.761209361454,-42.06661605834961,3606.8115234375,53,1.8188244104385376,5.0371809005737305,3705.682287081866,1921.1534160065914,0.15892523107394366,21.606259477800762,0.01440714267517834,-124.01734161376953,123.59441375732422,-33.8551139831543,26.202260971069336,-25.092281341552734,1
match2_whistle_0208.mp4,0.09885041415691376,0.00448992196470499,2109.788830871993,-39.64078903198242,3994.4091796875,50,1.7988190650939941,5.041779041290283,3930.4161394146126,1984.1163773386909,0.16821632922535212,22.58605092256041,0.012725381094938886,-136.40365600585938,121.48065948486328,-25.45333480834961,48.506927490234375,-21.418378829956055,1
match2_whistle_0209.mp4,0.13948622345924377,0.004130727611482143,2019.90515413338,-49.95099639892578,3617.578125,14,1.8349732160568237,4.925199031829834,3904.784496410473,2079.7900770897368,0.14530986064189189,24.584961654090492,-0.01556703784962816,-122.71715545654297,112.51423645019531,-15.270295143127441,29.979185104370117,-12.071762084960938,1
match2_whistle_0210.mp4,0.09662920236587524,0.006814966909587383,2081.726837712749,-41.689353942871094,3714.4775390625,67,1.8397691249847412,5.02986478805542,3878.7338629001524,1971.9389220048563,0.17169636051829268,22.30946336553699,0.01525923053038925,-118.78791046142578,122.1703872680664,-37.46616744995117,34.52199172973633,-23.950111389160156,1
match2_whistle_0211.mp4,0.08603529632091522,0.011886171996593475,2286.4016881909893,-38.982421875,3606.8115234375,71,1.7910293340682983,4.9266676902771,4169.083123458059,2005.3392098889117,0.18115234375,22.181397677671665,0.0160095515780142,-113.037841796875,106.48298645019531,-37.5107307434082,44.68501281738281,-18.915254592895508,1
match2_whistle_0212.mp4,0.13540199398994446,0.005448661278933287,2257.5147188610563,-42.181243896484375,4231.2744140625,73,1.8143337965011597,5.111297607421875,4679.221705386513,2216.4400772300924,0.13939144736842105,25.134673693244466,-0.01668050507613061,-98.58514404296875,102.49703216552734,-15.515460014343262,20.469247817993164,-24.97893714904785,1
match2_whistle_0213.mp4,0.15691949427127838,0.009836790151894093,1992.8303086352485,-46.53446578979492,3682.177734375,37,1.8619282245635986,4.838982582092285,4329.389412172379,2113.9676678755695,0.09880607358870967,22.089645597681162,-0.011747624867348103,-66.78343963623047,116.69525909423828,-21.011125564575195,55.42119216918945,-3.673668146133423,0
match2_whistle_0214.mp4,0.17679990828037262,0.0045034680515527725,2071.589267945881,-44.0795783996582,3606.8115234375,42,1.8253432512283325,5.105837821960449,4144.666604434743,2206.644173348025,0.12130916819852941,24.24086600115783,0.005090604633711271,-83.46385192871094,109.652587890625,-12.28489875793457,44.781375885009766,-12.561681747436523,1
match2_whistle_0215.mp4,0.14151717722415924,0.0042098527774214745,2014.3265028640153,-45.19976806640625,4026.708984375,46,1.819403886795044,5.089955806732178,3856.3717059235073,2036.4621256228884,0.14606168376865672,23.494731756089646,-0.01082511005244,-105.09677124023438,118.57630157470703,-23.464473724365234,33.02674865722656,-19.911544799804688,1
match2_whistle_0216.mp4,0.15468429028987885,0.003930109553039074,2378.4055317780753,-42.767578125,4123.6083984375,56,1.883216381072998,5.2241034507751465,4677.960205078125,2176.82841271875,0.1635800316220238,25.202052058627242,-0.01899806934167394,-80.9285659790039,100.49649810791016,-27.44864273071289,19.907289505004883,-23.282472610473633,1
match2_whistle_0217.mp4,0.10355813801288605,0.011999587528407574,1930.2386237485568,-38.14384078979492,3639.111328125,50,1.8297882080078125,4.767354488372803,3742.862215909091,1816.4785122640512,0.1189260771780303,20.97797255301898,0.022101873285181088,-80.36905670166016,129.15545654296875,-49.351463317871094,23.9630184173584,-26.07929229736328,0
match2_whistle_0218.mp4,0.14674881100654602,0.006929472088813782,1994.1018123577837,-40.4367790222168,3606.8115234375,80,1.795640468597412,4.9272871017456055,3869.9279099367977,2030.62764667325,0.14110230863764045,22.596415471802246,0.006423467496993379,-76.93565368652344,120.67167663574219,-24.349475860595703,36.342464447021484,-17.109596252441406,1
match2_whistle_0219.mp4,0.10633482038974762,0.012779886834323406,2186.7644968095497,-37.86815643310547,3660.64453125,58,1.7864710092544556,5.010787010192871,4080.921989889706,2066.90546578478,0.15306181066176472,21.918340714906364,0.007488033661569281,-78.92839813232422,110.16153717041016,-39.598899841308594,9.323630332946777,-16.584888458251953,1
match2_whistle_0221.mp4,0.09394313395023346,0.01104982104152441,2224.8297505408254,-39.32992172241211,4242.041015625,80,1.8686039447784424,4.925808429718018,4243.105844350962,2126.046255476295,0.1539802970467033,22.460145152541685,0.0032629167120301126,-118.40975189208984,109.90635681152344,-27.91447639465332,14.338985443115234,-19.699352264404297,1
match2_whistle_0222.mp4,0.14293019473552704,0.013590107671916485,2202.8717548689515,-43.1871337890625,3682.177734375,47,1.8058490753173828,4.8908185958862305,4138.3056640625,2044.4167584779593,0.13396732390873015,22.307876170550003,0.014338711492105614,-49.64470672607422,104.65032196044922,-40.19451904296875,31.82727813720703,-9.637937545776367,1
match2_whistle_0223.mp4,0.16244114935398102,0.0032535516656935215,1863.7674695892,-40.00769805908203,4015.9423828125,87,1.8292781114578247,5.080025672912598,3857.4169921875,2145.3976659687564,0.11613188244047619,22.273528705325997,0.0438040055047578,-100.07229614257812,127.40962982177734,3.8203787803649902,42.17251968383789,-19.275447845458984,1
match2_whistle_0224.mp4,0.12256532907485962,0.007661116309463978,2033.812765082861,-43.15659713745117,3972.8759765625,42,1.8174326419830322,5.029883861541748,3997.100830078125,2099.2032158689794,0.14803538602941177,22.015971200658004,0.0045745219491190115,-98.3994140625,114.17725372314453,-18.594642639160156,44.711647033691406,-11.479705810546875,1
match2_whistle_0225.mp4,0.1319737434387207,0.005834425799548626,2177.188767234728,-37.580116271972656,4177.44140625,47,1.9080737829208374,4.750871658325195,4364.0625,2245.651124643607,0.12679036458333334,22.49360614885549,0.006450806305700193,-116.20740509033203,110.35350799560547,-5.719333648681641,46.2844123840332,-21.2658634185791,0
match2_whistle_0226.mp4,0.12507861852645874,0.005624882411211729,1993.417685474475,-37.97916793823242,3736.0107421875,73,1.8649072647094727,4.995360374450684,3923.22998046875,2028.639882454199,0.13091905381944444,22.56399176788584,0.00694423361949365,-105.93177795410156,125.44834899902344,-19.7513370513916,34.28815460205078,-24.766864776611328,1
match2_whistle_0227.mp4,0.08065823465585709,0.004380400758236647,1991.7445011889329,-44.740962982177734,3865.2099609375,53,1.822482705116272,5.19716215133667,3627.88330078125,1963.8812297472805,0.16377650669642857,22.262071127235583,-0.005880839300248357,-161.2200469970703,126.4681625366211,-16.402585983276367,41.54770278930664,-18.425050735473633,1
match2_whistle_0228.mp4,0.14210166037082672,0.005837565287947655,1992.7444755907902,-37.34672164916992,3757.5439453125,103,1.8329187631607056,5.133038520812988,4004.9782289277523,2109.2677096027255,0.13492689220183487,22.16553596759711,0.010074067153787095,-78.47260284423828,122.989013671875,-14.614256858825684,46.71376419067383,-18.806476593017578,1
match2_whistle_0229.mp4,0.1583309918642044,0.005528941750526428,1822.3444169838365,-43.34846878051758,3639.111328125,63,1.786979079246521,4.983367919921875,3628.0913947610293,1934.815950264443,0.10515280330882353,21.832499176074755,0.008371068706166345,-67.60003662109375,132.228515625,-27.415781021118164,30.28542137145996,-30.89712142944336,1
match2_whistle_0230.mp4,0.18778017163276672,0.007221395615488291,1788.6369140099537,-43.564701080322266,3757.5439453125,25,1.7737274169921875,4.756278991699219,3724.334286971831,1982.5213324430556,0.08958929357394366,21.89557421305934,0.01649908668824869,-44.19789123535156,130.59231567382812,-23.605358123779297,38.6338005065918,-16.99627685546875,0
match2_whistle_0231.mp4,0.1876719444990158,0.005994773469865322,1794.4264819080158,-43.795841217041016,3671.4111328125,46,1.7843207120895386,4.88738489151001,3679.153408093399,1995.8690265883872,0.0855150544241573,22.396574489274823,0.004516750374480701,-52.19261932373047,127.67372131347656,-25.07503890991211,38.87922668457031,-14.37440299987793,1
match2_whistle_0232.mp4,0.12243099510669708,0.004125968553125858,1722.459580381295,-41.271183013916016,4026.708984375,37,1.7931560277938843,4.9730305671691895,3520.342254638672,1910.0930667263299,0.09276580810546875,21.698685362929844,0.014616083997529958,-106.09317016601562,133.1341552734375,-19.50287628173828,51.20484924316406,-19.652565002441406,1
match2_whistle_0233.mp4,0.10893922299146652,0.006553084589540958,1820.8851760238235,-40.563594818115234,3692.9443359375,56,1.8282326459884644,5.029440879821777,3535.5749678938355,1847.5928097109156,0.1197359267979452,21.160972971853006,0.024548428659845332,-94.39797973632812,135.29258728027344,-35.97440719604492,33.574459075927734,-22.901914596557617,1
match2_whistle_0234.mp4,0.1290520578622818,0.006988431792706251,2201.6288791818065,-41.59898376464844,3660.64453125,58,1.799460530281067,5.087343692779541,4206.411334165593,2110.081302287603,0.16969535277061856,22.48685902539738,-0.007781978713350803,-121.57129669189453,112.80235290527344,-6.63501501083374,52.91200256347656,-19.412172317504883,1
match2_whistle_0235.mp4,0.09082633256912231,0.008460714481770992,2058.495208688317,-44.068214416503906,3983.642578125,60,1.839867115020752,4.802510738372803,3987.861921980574,1969.1003704019827,0.1252243454391892,21.79040121480692,0.0028956676629813554,-121.58393096923828,119.8823013305664,-30.173847198486328,52.680938720703125,-8.6173677444458,0
match2_whistle_0236.mp4,0.11819566786289215,0.005662322044372559,1956.2098020122578,-45.23755645751953,3639.111328125,49,1.8704475164413452,4.765416622161865,3979.946580573694,2049.2696618825657,0.10234229244402986,23.019843256398058,0.01179995106959187,-114.47523498535156,121.27340698242188,-20.54534149169922,42.684974670410156,-21.976341247558594,0
match2_whistle_0237.mp4,0.1594162881374359,0.005682919640094042,1882.4674539947944,-47.15677261352539,3671.4111328125,58,1.8426414728164673,4.9993577003479,3592.3231336805557,1916.4792211721613,0.10413049768518519,22.58879728817529,0.01563905602718806,-71.33500671386719,126.99182891845703,-38.984920501708984,11.528570175170898,-30.20754623413086,1
match2_whistle_0238.mp4,0.1552509218454361,0.004667229950428009,1933.5389087736596,-41.694129943847656,4059.0087890625,35,1.8053030967712402,4.997453212738037,3900.408466045673,2062.6537482810813,0.10329026442307693,22.467916511118833,0.009905301242039569,-86.78783416748047,118.43540954589844,-21.10048484802246,22.55793571472168,-37.872196197509766,1
match2_whistle_0239.mp4,0.15543623268604279,0.003457417245954275,1924.0256907374894,-44.56226348876953,3628.3447265625,46,1.834581732749939,5.132237911224365,3584.3243176424053,1959.3041235723167,0.14791213409810128,22.96625274153256,0.0068267689414854595,-97.9985122680664,122.7151870727539,-19.833850860595703,42.902442932128906,-13.035971641540527,1
match2_whistle_0240.mp4,0.1438378095626831,0.011693520471453667,1946.146083762587,-40.6911735534668,3660.64453125,55,1.8205318450927734,4.8670334815979,4155.770169771635,2098.8531584361895,0.10485526842948718,21.58573106847224,0.014400994847435766,-67.56245422363281,122.36322784423828,-23.06812858581543,14.955134391784668,-29.796966552734375,1
match2_whistle_0241.mp4,0.07525996118783951,0.007411383092403412,2508.45828994425,-44.84545135498047,3951.3427734375,30,1.8351848125457764,4.9325270652771,4535.767364501953,2125.213704854368,0.216064453125,22.45771042046268,0.011266340285530571,-161.51541137695312,101.6244125366211,-11.826412200927734,48.06415939331055,-25.725975036621094,1
match2_whistle_0242.mp4,0.13679169118404388,0.004280895926058292,1891.6730551220667,-44.20198059082031,4026.708984375,43,1.8390450477600098,5.105205059051514,3928.9412959929437,2097.941433933672,0.12062909526209678,22.740429584852638,0.006935928128325267,-109.04067993164062,120.64740753173828,-14.011847496032715,32.375762939453125,-24.20728874206543,1
match2_whistle_0243.mp4,0.13961514830589294,0.004018073435872793,1933.9692908032066,-44.02200698852539,3617.578125,45,1.772318720817566,5.010654449462891,3531.740287885274,1890.6271913452624,0.1569322559931507,22.625494968384313,-0.006398154418229198,-108.5538558959961,128.45736694335938,-22.23457145690918,36.766544342041016,-23.198911666870117,1
match2_whistle_0244.mp4,0.11369691044092178,0.004367465618997812,2037.2708385075216,-44.7205924987793,3606.8115234375,55,1.775733232498169,4.955678462982178,3809.9220069679054,1960.0593310618908,0.16007706925675674,22.87976670201958,0.005139935953957505,-121.4903564453125,121.37986755371094,-26.995967864990234,41.23149490356445,-21.992467880249023,1
match2_whistle_0245.mp4,0.12090914696455002,0.007910555228590965,2096.3652814689385,-42.519649505615234,3617.578125,50,1.8533374071121216,4.9608283042907715,3798.8644161739867,1958.4789773813116,0.15850665118243243,22.619000669051015,-0.003924636098993228,-92.86515808105469,114.17095184326172,-31.587970733642578,32.990272521972656,-15.516469955444336,1
match2_whistle_0246.mp4,0.14383600652217865,0.006732176057994366,1943.5531743090653,-46.232112884521484,3628.3447265625,41,1.7982215881347656,4.739484786987305,4230.232484879032,2087.4580172412066,0.10144436743951613,23.655609352083488,-0.005776395813315981,-106.43109893798828,113.78961944580078,-22.593557357788086,33.93669891357422,-7.915698528289795,0
match2_whistle_0247.mp4,0.13691778481006622,0.005694360472261906,1878.746198044828,-42.000701904296875,3639.111328125,71,1.7779825925827026,4.948479175567627,3474.4777244857596,1864.7911104705859,0.14156447784810128,22.28351411268672,0.0013211543109768002,-84.40603637695312,127.77803802490234,-36.984161376953125,27.305065155029297,-9.287514686584473,1
match2_whistle_0248.mp4,0.15661828219890594,0.007542997132986784,2255.7767643248776,-46.08921813964844,4188.2080078125,45,1.8137001991271973,4.708770751953125,5007.502140410959,2387.388330299314,0.10608411815068493,24.067708214859838,0.007799097064008363,-111.43080139160156,95.9106674194336,-0.42397236824035645,38.660335540771484,-8.47553825378418,0
match2_whistle_0249.mp4,0.1000220999121666,0.0044152275659143925,2120.8964463725442,-41.3355598449707,3736.0107421875,85,1.8384219408035278,5.107807636260986,4019.0681703629034,2037.5296727020582,0.14958207325268819,22.175391091176706,-0.009276153423851088,-165.94851684570312,118.25153350830078,-9.049711227416992,43.892765045166016,-28.136335372924805,1
match2_whistle_0250.mp4,0.09286366403102875,0.02734038606286049,2428.5806715646977,-38.77659606933594,4274.3408203125,68,1.8874757289886475,4.895998001098633,4792.347425825141,2228.43325086773,0.15989839360955055,21.47170123865264,-0.00041409456695487784,-94.49344635009766,98.10428619384766,-30.271728515625,14.485411643981934,-13.779932022094727,1
match2_whistle_0251.mp4,0.099886953830719,0.004471353720873594,2332.3107200853124,-40.89480209350586,3736.0107421875,88,1.8385233879089355,5.155837059020996,4006.2056300951085,2050.7784014220483,0.1844514266304348,22.15376673071881,0.000163151385574315,-165.2947235107422,112.01641845703125,-4.534146308898926,51.24825668334961,-19.00339126586914,1
match2_whistle_0252.mp4,0.1601966768503189,0.011285713873803616,2005.729791215891,-44.0694465637207,3628.3447265625,40,1.8038594722747803,4.861016750335693,4114.749802215189,2124.9339646042004,0.10386792919303797,21.992320650060744,0.008858481060286022,-56.45692443847656,111.83679962158203,-27.57442855834961,-3.101454496383667,-32.01469039916992,1
match2_whistle_0253.mp4,0.14075110852718353,0.013029509223997593,2069.329330607066,-38.58842086791992,3940.576171875,50,1.8549920320510864,4.8262505531311035,4197.2028901305375,2108.4844729103934,0.11885012856012658,21.913761132762097,-0.01927280901149936,-73.08920288085938,113.48564910888672,-32.123783111572266,13.21874713897705,-21.622081756591797,1
match2_whistle_0254.mp4,0.10639312118291855,0.0035008233971893787,2082.7238427904404,-44.07341766357422,3714.4775390625,49,1.8533982038497925,5.151734828948975,3734.7251778218283,1954.5670658586016,0.1853719682835821,23.27677828200178,0.016288484388252658,-130.8419647216797,122.17898559570312,-27.88150405883789,42.174232482910156,-14.432838439941406,1
match2_whistle_0255.mp4,0.11661118268966675,0.007787573616951704,2208.193572460044,-42.998329162597656,3628.3447265625,62,1.8065757751464844,5.081488609313965,4077.5584760918673,2090.7541738066593,0.17485763365963855,22.311194853600558,-0.001918204129177013,-110.15508270263672,111.99181365966797,-22.856813430786133,41.645668029785156,-8.291769027709961,1
match2_whistle_0256.mp4,0.13221871852874756,0.0103916609659791,2009.6901342790634,-41.33114242553711,3682.177734375,33,1.8189313411712646,4.988541126251221,4119.633037860577,2067.423844179416,0.12349759615384616,22.325438687084745,0.009630154686077657,-79.12293243408203,120.07335662841797,-29.373397827148438,23.399747848510742,-25.194568634033203,1
match2_whistle_0257.mp4,0.08708952367305756,0.009598886594176292,2089.4543473596655,-40.00593566894531,3746.77734375,33,1.8168647289276123,4.6742095947265625,4703.615643901209,2275.3027900451593,0.11141475554435484,21.460860718810906,-0.0007874081221602356,-135.1608428955078,118.18929290771484,-8.619647026062012,38.525917053222656,-15.610862731933594,0
match2_whistle_0258.mp4,0.1521078646183014,0.006672882474958897,1934.6834444534366,-42.41263198852539,3649.8779296875,58,1.8391995429992676,4.9818806648254395,3900.8313767453456,2063.1435185616992,0.11804978390957446,22.14965038556067,0.006314344068291619,-81.13580322265625,123.13832092285156,-22.147258758544922,28.28105354309082,-26.729591369628906,1
match2_whistle_0259.mp4,0.10656657069921494,0.0058709741570055485,2146.6524106882503,-42.16062927246094,3962.109375,55,1.8283241987228394,4.971227645874023,3883.0305428340516,1985.8976961808446,0.1764379040948276,22.487729428565903,0.010204635457091113,-116.2138900756836,121.89676666259766,-25.202571868896484,45.985450744628906,-20.33968162536621,1
match2_whistle_0260.mp4,0.13083210587501526,0.011746986769139767,2135.7108666597155,-44.73185729980469,3617.578125,25,1.855900526046753,4.803808689117432,3890.6858632262324,1871.5427277973615,0.14688325264084506,22.272884244966033,0.004848069521598989,-73.68627166748047,111.24019622802734,-52.328155517578125,25.090906143188477,-11.562990188598633,0
match2_whistle_0261.mp4,0.12625229358673096,0.00832791905850172,2084.7603244162365,-45.55401611328125,3639.111328125,51,1.7925246953964233,5.034542560577393,3953.463467684659,2115.951344744909,0.14755711410984848,22.349761908718953,-0.025332719628770976,-92.72222900390625,113.8824462890625,-20.334842681884766,20.28516387939453,-24.554128646850586,1
match2_whistle_0262.mp4,0.11109458655118942,0.004669083748012781,2136.54063885581,-41.81287384033203,3639.111328125,49,1.8535882234573364,5.071046829223633,3856.216681985294,2007.8158045121575,0.16814108455882354,22.440304783426743,-0.0026284469624370064,-126.62549591064453,122.34529876708984,-18.161375045776367,46.07266616821289,-21.812999725341797,1
match2_whistle_0263.mp4,0.09262091666460037,0.005029387306421995,2002.6935663483475,-40.858177185058594,3660.64453125,72,1.7637343406677246,5.022459506988525,3919.04296875,1987.888626479582,0.15428510918674698,22.503205312576757,-0.0023517746514444076,-131.44610595703125,129.53594970703125,-24.319562911987305,38.400390625,-27.140884399414062,1
match2_whistle_0264.mp4,0.1123821809887886,0.008182058110833168,2352.589899196556,-40.410003662109375,3606.8115234375,62,1.8658854961395264,5.01609468460083,4181.076882102273,2015.0454054170798,0.20301085633116883,22.248575540054116,0.004174601127747684,-119.3593978881836,109.92589569091797,-17.847196578979492,42.76956558227539,-27.139060974121094,1
match2_whistle_0265.mp4,0.09677425771951675,0.004645621869713068,2344.9199905206156,-42.880889892578125,3746.77734375,56,1.8655256032943726,5.019768238067627,4090.4982043850805,1960.7116414179493,0.19227255544354838,22.36115659877335,-0.0021724539788985533,-149.0502471923828,117.54380798339844,-15.939773559570312,43.010887145996094,-19.857866287231445,1
match2_whistle_0266.mp4,0.11345379799604416,0.004667561035603285,2082.1674290776873,-47.8692741394043,3994.4091796875,51,1.8513007164001465,4.946347236633301,3736.667242282774,1986.032522006271,0.17575147675304878,22.14089531869229,0.004565746577207743,-127.31107330322266,121.18359375,-14.036150932312012,42.55157470703125,-18.017471313476562,1
match2_whistle_0267.mp4,0.10105084627866745,0.003132388461381197,2163.449771670452,-46.133209228515625,4005.17578125,49,1.8584531545639038,4.969814777374268,3839.761629971591,1988.2934901180197,0.18774731128246752,22.695291750916613,0.003993795329003433,-163.6750946044922,119.36946868896484,-11.308615684509277,46.812923431396484,-15.985968589782715,1
match2_whistle_0268.mp4,0.1406686156988144,0.009412042796611786,2024.184938221005,-42.09076690673828,3757.5439453125,32,1.7727049589157104,5.140338897705078,3798.73046875,2011.6863332745168,0.15473865327380953,21.775207695844536,0.007606725602333708,-65.47647094726562,121.1466293334961,-33.91630935668945,15.051262855529785,-21.583532333374023,1
match2_whistle_0269.mp4,0.14284388720989227,0.0043285987339913845,1943.5045789648614,-43.31925582885742,3606.8115234375,68,1.8392128944396973,5.0285420417785645,3707.831488715278,1991.4810886372263,0.1473464023919753,22.581485570625894,-0.0026742061002534862,-102.8611831665039,123.27107238769531,-18.08829689025879,48.661197662353516,-15.61902141571045,1
match2_whistle_0270.mp4,0.09458556771278381,0.016817227005958557,2320.1504865378665,-46.543453216552734,3606.8115234375,58,1.9177073240280151,4.88364315032959,4459.5263671875,2115.7956768742633,0.17686298076923077,21.997047697274436,-0.0006918981323954321,-125.66405487060547,102.59896087646484,-27.22580337524414,34.98914337158203,-8.198094367980957,1
match2_whistle_0271.mp4,0.16022518277168274,0.005085985641926527,1787.1185928189498,-44.875545501708984,3639.111328125,61,1.7909276485443115,5.042604446411133,3577.2983685661766,1978.8583813285175,0.1193359375,22.002419539260295,0.006739948751414155,-76.24571990966797,129.38055419921875,-22.329622268676758,25.31085205078125,-24.604555130004883,1
match2_whistle_0272.mp4,0.11896693706512451,0.003127631964161992,1845.6833543008004,-46.3978157043457,3606.8115234375,44,1.8145482540130615,5.021946430206299,3598.9069298852846,1925.0538067532002,0.14094021954113925,22.196811773768115,0.0009670401884788669,-136.00746154785156,127.41280364990234,-17.403675079345703,51.10023498535156,-13.27583122253418,1
match2_whistle_0273.mp4,0.1597696989774704,0.012270425446331501,2072.802325181263,-42.65944290161133,3660.64453125,48,1.832381010055542,4.954196453094482,4135.950600228659,2117.0840107852723,0.13063905297256098,22.140226700041275,-0.010338166457837484,-68.33895874023438,115.6738510131836,-18.589435577392578,20.546545028686523,-20.807899475097656,1
match2_whistle_0274.mp4,0.1224830150604248,0.009633677080273628,2141.485372117806,-46.66947555541992,4145.1416015625,44,1.9562466144561768,4.5545806884765625,4864.3809143926055,2285.5283387467766,0.0996919014084507,21.63816539540551,0.0071786466408028295,-129.93235778808594,107.97543334960938,1.2935672998428345,43.83234405517578,-14.680481910705566,0
match2_whistle_0275.mp4,0.11575472354888916,0.015495633706450462,2269.9079856930052,-42.40180969238281,3994.4091796875,51,1.811510443687439,4.846716403961182,4369.494298986487,2118.4452693968897,0.162841796875,22.109419045534498,-0.015227842759834378,-81.68450927734375,107.76294708251953,-28.376447677612305,23.82583999633789,-28.83553123474121,1
match2_whistle_0276.mp4,0.13868258893489838,0.002676844596862793,1836.6924020198355,-43.24644470214844,4188.2080078125,73,1.826585054397583,5.09271240234375,3953.6596370648736,2086.517245375488,0.10451691060126582,25.535975438095512,0.006713608084269727,-126.15373992919922,120.5517807006836,0.8010411262512207,52.23189163208008,-14.78603744506836,1
match2_whistle_0277.mp4,0.12541426718235016,0.005628916900604963,2077.4788463525583,-42.85956573486328,3628.3447265625,57,1.8337665796279907,4.942126274108887,3893.8264545641446,2069.378009569351,0.15635279605263158,22.323102950092153,0.012793204749293774,-109.9466781616211,118.70934295654297,-17.27369499206543,45.3806266784668,-16.552230834960938,1
match2_whistle_0278.mp4,0.11360173672437668,0.003268179949373007,2101.56748126233,-43.29954528808594,3725.244140625,65,1.8648760318756104,5.090313911437988,3844.7953657670455,1892.6180894615559,0.16314300933441558,23.418014660847835,-0.00667010631177889,-126.05519104003906,122.86817932128906,-33.27296447753906,36.354644775390625,-18.865299224853516,1
match2_whistle_0279.mp4,0.11996416002511978,0.00489078601822257,2089.248703419774,-42.55017852783203,3649.8779296875,60,1.8154195547103882,5.268455505371094,3833.4622896634614,2027.0614449519705,0.1744103064903846,23.450938495192425,0.01143079988388502,-110.82791137695312,121.2855453491211,-22.688398361206055,32.202980041503906,-23.495044708251953,1
match2_whistle_0280.mp4,0.14713560044765472,0.003338663373142481,1715.0668285258719,-46.8810920715332,3682.177734375,65,1.845271348953247,5.004263877868652,3584.096620141006,1989.9173507241528,0.08910537347560976,22.9840194491153,-0.02521619175185297,-122.45426940917969,125.27098083496094,-5.776605129241943,30.06525993347168,-24.776395797729492,1
match2_whistle_0281.mp4,0.15876665711402893,0.0024915707763284445,2111.6991708917176,-43.45022964477539,4220.5078125,75,1.8994652032852173,5.096306800842285,4392.7734375,2244.040693652727,0.14787708629261365,26.609291711111535,-0.003291381021740885,-98.6276626586914,109.86898803710938,2.587914228439331,29.062175750732422,-10.60530948638916,1
match2_whistle_0282.mp4,0.17130151391029358,0.002491728402674198,1852.100455146742,-41.227203369140625,3746.77734375,93,1.799416184425354,5.193869113922119,3714.163948725728,2032.7354613271837,0.11797443871359223,23.672280007137932,0.019922625190423576,-94.0080795288086,127.79359436035156,-4.90320348739624,48.972015380859375,-24.467031478881836,1
match2_whistle_0283.mp4,0.11440721154212952,0.004119372460991144,2049.6552615293635,-43.02046585083008,3951.3427734375,58,1.821207880973816,4.894171237945557,3728.5150069224683,1970.9633109126733,0.1715412381329114,22.91830070747614,0.014780862323319675,-130.16928100585938,120.29845428466797,-16.832061767578125,47.39414978027344,-18.743860244750977,1
match2_whistle_0284.mp4,0.0919550433754921,0.007386229000985622,2095.93562966899,-44.19239807128906,3617.578125,55,1.827314019203186,5.0632853507995605,3776.1124320652175,1920.6190736998751,0.1718466938405797,22.617972055922444,0.014804734141407908,-129.84259033203125,115.62288665771484,-39.88331985473633,31.17108154296875,-18.07248878479004,1
match2_whistle_0285.mp4,0.12874649465084076,0.0061158472672104836,2174.4264817390576,-42.9718132019043,3736.0107421875,73,1.8211009502410889,5.066748142242432,4056.105435832163,2034.4562067873226,0.17891393082865167,22.49452097851505,-0.006194419746281253,-96.79878234863281,117.08161163330078,-30.083885192871094,20.811552047729492,-28.25412368774414,1
match2_whistle_0286.mp4,0.12207962572574615,0.013395418412983418,2012.8766044298266,-38.79427719116211,3682.177734375,61,1.8402888774871826,4.941837310791016,3837.3743568978657,1983.260211016679,0.13205625952743902,21.57193883716409,0.01096911004577266,-69.67332458496094,119.14372253417969,-40.33397674560547,11.018881797790527,-22.10724449157715,1
match2_whistle_0287.mp4,0.13130928575992584,0.010050566866993904,2483.3594190699787,-38.6234130859375,4220.5078125,82,1.840034008026123,5.1403703689575195,4628.572671720297,2139.672213252826,0.19080194152227722,22.799140299890585,0.002130820829640444,-77.74451446533203,99.33626556396484,-32.25230407714844,38.66891860961914,-10.32373046875,1
match2_whistle_0288.mp4,0.18107590079307556,0.012719650752842426,2339.321061914184,-43.289215087890625,3789.84375,34,1.751908779144287,4.958540439605713,5163.827749399038,2316.6450062359795,0.14371995192307693,23.111005629720182,-0.02500761654657645,-30.348094940185547,97.35953521728516,-22.908069610595703,26.019241333007812,-5.036880016326904,0
match2_whistle_0289.mp4,0.18988317251205444,0.01012484636157751,2041.241689812721,-43.167171478271484,3736.0107421875,47,1.7837456464767456,4.919987678527832,4746.931295955882,2292.850141576374,0.09105583639705882,22.702108634409758,0.005675206718216386,-39.89405059814453,111.54814910888672,-10.379761695861816,30.942155838012695,-16.676897048950195,0
match2_whistle_0290.mp4,0.18342292308807373,0.011952560395002365,2125.4306532267565,-41.406578063964844,3692.9443359375,79,1.8086491823196411,4.950050354003906,4792.817590591755,2296.7025991006926,0.10083873559397163,22.408067554152023,-0.0055536971134891215,-32.290157318115234,109.63912200927734,-15.212620735168457,32.64781951904297,-15.678035736083984,0
match2_whistle_0291.mp4,0.18443186581134796,0.010218461975455284,2052.666545581905,-41.199275970458984,3908.2763671875,55,1.7675950527191162,4.861371994018555,4552.040360613567,2242.6865421588245,0.09501834032012195,22.130237769098464,-0.006924875002549303,-37.88637924194336,111.7718505859375,-16.080413818359375,40.17751693725586,-10.707670211791992,1
match2_whistle_0292.mp4,0.12621405720710754,0.022776633501052856,2409.783928825879,-41.03833770751953,3660.64453125,45,1.913841724395752,4.8993096351623535,4878.088224386867,2262.240955861176,0.1506254944620253,21.934099156143443,0.007579758454011258,-72.49754333496094,92.30640411376953,-30.98065185546875,16.875818252563477,-15.619424819946289,1
match2_whistle_0293.mp4,0.10627160221338272,0.01220641564577818,2216.601019185742,-43.93842697143555,3639.111328125,41,1.810912847518921,4.972085475921631,4271.376103940217,2125.2425887467543,0.16137341485507245,21.8744171771485,0.0006657211575348587,-94.55936431884766,108.5994644165039,-27.77123260498047,21.780534744262695,-22.42618751525879,1
match2_whistle_0294.mp4,0.13723717629909515,0.004671493079513311,1850.327955877408,-44.39849090576172,3660.64453125,48,1.852708101272583,5.070839881896973,3598.8055889423076,1945.7127083494026,0.12282777443910256,22.261952551240167,-0.013296478344149409,-95.41724395751953,128.7152099609375,-25.19896697998047,24.50316047668457,-23.081819534301758,1
match2_whistle_0295.mp4,0.14756441116333008,0.003989115357398987,1938.1203018426093,-44.2918701171875,3606.8115234375,70,1.792504906654358,5.099264621734619,3552.1171875,1882.369560617937,0.15649739583333333,23.476596501883943,0.00686013712478598,-93.10202026367188,127.95500183105469,-29.099637985229492,32.52585983276367,-21.158447265625,1
match2_whistle_0296.mp4,0.1626722514629364,0.01098858006298542,2194.3717870330274,-42.378517150878906,4134.375,61,1.8487435579299927,4.949519634246826,4459.418701171875,2223.3307077582963,0.1348974609375,22.395594987269593,-0.0016394550313650457,-62.524932861328125,107.50405883789062,-21.637269973754883,25.617237091064453,-27.60626983642578,1
match2_whistle_0297.mp4,0.1366702765226364,0.010252775624394417,2111.204423406627,-44.450904846191406,3714.4775390625,40,1.8234233856201172,5.000371932983398,4065.8363900533536,2076.7553141356752,0.13624833269817074,22.355703402760255,0.00798307698306939,-66.9495849609375,113.58646392822266,-39.20846176147461,8.472274780273438,-26.120208740234375,1
match2_whistle_0298.mp4,0.14440622925758362,0.012698838487267494,2281.3913575663382,-38.7006950378418,4015.9423828125,65,1.8525115251541138,4.861812591552734,4294.924029181985,2097.0173308450135,0.15973259420955882,21.62866539302468,0.0119027910917655,-55.5748405456543,110.73529052734375,-34.643672943115234,12.485319137573242,-20.234378814697266,0
match2_whistle_0299.mp4,0.14082010090351105,0.010237962938845158,2265.3048675626314,-38.88577651977539,3746.77734375,105,1.8413364887237549,5.116664409637451,4254.417576299649,2082.239820038559,0.16559579439252337,22.290448011136576,-0.008103225496331957,-66.82945251464844,112.94857025146484,-31.321205139160156,20.539470672607422,-23.95426368713379,1
match2_whistle_0300.mp4,0.14841382205486298,0.00778203783556819,2089.1465703289477,-38.05820083618164,3736.0107421875,108,1.8585046529769897,5.030871391296387,3783.6104543585525,2045.471100332533,0.16115851151315788,22.21726501735818,-0.02732555040917534,-65.12620544433594,122.67838287353516,-23.494409561157227,34.63916778564453,-10.750799179077148,1
match2_whistle_0301.mp4,0.17258024215698242,0.00944864097982645,1899.0564577755863,-39.15534210205078,3606.8115234375,42,1.825484275817871,4.973833084106445,3527.530184659091,1936.3910249977102,0.11581143465909091,22.121363019915236,0.022027091945965194,-34.28602981567383,125.90927124023438,-35.234413146972656,29.562915802001953,-14.45320987701416,1
match2_whistle_0302.mp4,0.17269355058670044,0.008211365900933743,1857.0950243855727,-43.788169860839844,3714.4775390625,33,1.7630165815353394,4.747929573059082,3273.5763799948772,1835.523629328055,0.11862032530737705,22.01366200280611,-0.008670106695553355,-40.15461730957031,129.74183654785156,-43.23582077026367,30.854129791259766,-7.270796775817871,1
match2_whistle_0303.mp4,0.16104112565517426,0.0067123412154614925,1961.6833489016217,-42.43256378173828,4005.17578125,58,1.81611168384552,5.035760879516602,3783.0647786458335,2040.5654250089008,0.12903886959876543,22.013751042947074,-0.016851305804289746,-62.329986572265625,122.98235321044922,-31.11431121826172,45.33988952636719,-5.565340995788574,1
match2_whistle_0304.mp4,0.11462519317865372,0.010183465667068958,2120.9955930071806,-38.59711837768555,3736.0107421875,57,1.8441826105117798,5.080716133117676,4034.8861501186707,2020.0227976657068,0.1466945213607595,23.07582404415005,0.027957020855057264,-99.15654754638672,116.80815124511719,-36.98406219482422,30.888996124267578,-23.14965057373047,1
match2_whistle_0305.mp4,0.14237777888774872,0.007686279714107513,1939.770546291885,-43.27054977416992,4026.708984375,42,1.8019245862960815,5.003106117248535,4162.8098707932695,2144.940662485975,0.11994190705128205,22.11957700203698,-0.0013602675175736173,-80.13460540771484,119.4468765258789,-15.915311813354492,26.52131462097168,-19.38120460510254,1
match2_whistle_0306.mp4,0.11639075726270676,0.0019410073291510344,1958.5995844946285,-43.99282455444336,3725.244140625,81,1.811186671257019,5.143820285797119,3595.2679506282216,1900.8670523719825,0.14520578286082475,23.61038849326789,0.004576773335849958,-147.99183654785156,132.79653930664062,-18.32142448425293,42.48503875732422,-24.445730209350586,1
match2_whistle_0307.mp4,0.14670568704605103,0.01911519654095173,2235.9217998394975,-40.4698486328125,3682.177734375,54,1.8432029485702515,5.073211193084717,4260.232859644397,2116.0366264136073,0.14078214798850575,21.699687137709795,-0.010520155877884928,-42.4497184753418,103.89271545410156,-38.46657943725586,10.876876831054688,-12.41897201538086,1
match2_whistle_0308.mp4,0.12026277184486389,0.0043002464808523655,2192.607958070256,-45.06201934814453,4198.974609375,73,1.837242841720581,5.183131694793701,4646.991900275735,2152.449854578595,0.14287109375,23.88966331941875,-0.011210238134420358,-135.0154266357422,111.95819091796875,-8.567119598388672,56.949806213378906,-6.260915756225586,1
match2_whistle_0309.mp4,0.15209543704986572,0.002621795516461134,1613.0786924507543,-39.9622802734375,3714.4775390625,61,1.8257474899291992,5.064114093780518,3408.0232945884145,1888.8113454526501,0.10164586509146341,22.407981697278753,0.002682977134467938,-95.06281280517578,145.2454833984375,-15.942439079284668,48.49129867553711,-22.762941360473633,1
match2_whistle_0310.mp4,0.16094130277633667,0.0073823160491883755,1886.943820149184,-43.556365966796875,3660.64453125,59,1.8117557764053345,4.868627548217773,3843.9393578506097,2005.409197044907,0.10215201028963415,21.88933028289773,-0.0033613364985788734,-66.32099151611328,124.81256866455078,-27.87309455871582,21.244064331054688,-28.66286849975586,1
match2_whistle_0311.mp4,0.10985690355300903,0.0063718887977302074,2073.600263489927,-41.84275436401367,3639.111328125,48,1.822898030281067,5.122435092926025,3802.792770798142,1904.3199743558448,0.16782358530405406,22.770302817493437,-0.009686876957808283,-111.79873657226562,120.19702911376953,-34.00906753540039,30.733596801757812,-21.349885940551758,1
match2_whistle_0312.mp4,0.16511015594005585,0.01206359826028347,2068.0917587106646,-43.281558990478516,4069.775390625,62,1.777317762374878,4.989489555358887,4236.01171875,2098.3963928678086,0.11763671875,21.858609539233417,-0.004782443077939154,-41.17937088012695,113.29484558105469,-34.674503326416016,3.8604986667633057,-28.54230308532715,1
match2_whistle_0313.mp4,0.1295587420463562,0.01779424026608467,2099.763898071559,-39.42603302001953,3736.0107421875,55,1.9705908298492432,4.8375630378723145,4119.8759765625,2130.4401714249793,0.12740234375,21.209095543011134,0.018737131735333624,-74.207763671875,114.74382781982422,-22.4226131439209,26.02355194091797,-2.860328435897827,1
match2_whistle_0314.mp4,0.10636486858129501,0.01776813343167305,2505.108275289115,-38.47452926635742,3606.8115234375,65,1.8619263172149658,4.932990074157715,4660.244853844803,2113.9070841776347,0.1866551088483146,21.494877230904926,0.0035616680369902993,-82.00698852539062,95.8024673461914,-33.417293548583984,26.869203567504883,-18.769651412963867,1
match2_whistle_0315.mp4,0.16862064599990845,0.015034191310405731,2144.447650128948,-40.297550201416016,3703.7109375,71,1.8400800228118896,4.882515907287598,4444.392751533294,2174.077238734901,0.11634783878504673,21.653023519818476,-0.004049529847453558,-36.96266174316406,108.2222671508789,-33.26045608520508,-1.608181357383728,-33.56072998046875,1
match2_whistle_0316.mp4,0.11921536177396774,0.0058555081486701965,2157.1821762489985,-37.461708068847656,3736.0107421875,80,1.883770227432251,5.12294340133667,3997.8626179245284,2004.7135094680243,0.17000479068396226,22.39659550005252,0.0029903204609947357,-103.65602111816406,126.35668182373047,-27.02379608154297,38.68574142456055,-24.393646240234375,1
match2_whistle_0317.mp4,0.19621481001377106,0.005349084734916687,1798.4173636316293,-42.272666931152344,3919.04296875,45,1.7819379568099976,4.943427085876465,3712.346649169922,1965.6807387211782,0.08604939778645833,23.321459525410113,-0.03528499977775913,-42.8065071105957,128.00428771972656,-29.513153076171875,43.04085922241211,-20.55791473388672,0
match2_whistle_0318.mp4,0.1682741791009903,0.003695743391290307,1805.7295476274069,-38.1033821105957,3746.77734375,108,1.8082034587860107,5.068802833557129,3613.5498046875,1926.1165028116452,0.11818067070578231,21.94671619160748,0.020432989965329433,-72.93923950195312,136.8333740234375,-22.601547241210938,50.484615325927734,-21.248016357421875,1
match2_whistle_0319.mp4,0.15719373524188995,0.008664452470839024,1853.8216827603137,-39.17448425292969,3875.9765625,38,1.792157769203186,4.732243537902832,3958.7732449383802,2082.189753507416,0.09434143926056338,20.994007847176725,0.027267786976055135,-59.48632049560547,124.21224212646484,-16.24229621887207,43.54923629760742,-15.956862449645996,1
match2_whistle_0320.mp4,0.1477968543767929,0.009230456314980984,2092.7198417580908,-38.01239013671875,3660.64453125,76,1.8176515102386475,5.1689982414245605,3860.5513352614184,1961.6968402052096,0.1489586463341346,23.27625144435628,-0.0016765979280074156,-54.69345474243164,111.76664733886719,-46.40249252319336,19.83857536315918,-17.64624786376953,1
match2_whistle_0321.mp4,0.17257395386695862,0.006587930954992771,1921.4664089648568,-42.34898376464844,4198.974609375,43,1.805425763130188,5.065898895263672,3618.0788971656975,1830.290581376357,0.10911382630813954,23.45706815750147,-0.015113354904755493,-47.46168899536133,116.2210922241211,-53.734580993652344,16.117544174194336,-23.613086700439453,0
match2_whistle_0322.mp4,0.15772783756256104,0.011191606521606445,2149.0073179223227,-42.53105926513672,4069.775390625,79,1.8338769674301147,4.878216743469238,4389.328125,2158.955567924785,0.1084716796875,22.198444371306028,-0.009267862241955941,-54.730289459228516,103.65178680419922,-37.910858154296875,2.409393072128296,-30.245716094970703,1
match5_whistle_0001.mp4,0.10549355298280716,0.008892432786524296,2706.2369963569367,-41.77399826049805,4015.9423828125,49,1.8756444454193115,5.267623424530029,5385.7319493447585,2510.5153290908484,0.19680884576612903,22.235938066898672,-0.009635233584778354,-187.42349243164062,68.28949737548828,10.801026344299316,59.21916580200195,-2.2654871940612793,1
match5_whistle_0002.mp4,0.14013612270355225,0.01092838216573,2869.7505118411323,-46.83722686767578,3983.642578125,65,1.847882866859436,5.0720343589782715,5260.18703294837,2127.215511696847,0.18819527004076086,21.66945675053684,0.005638481198258698,-146.8362274169922,73.60619354248047,-14.367349624633789,23.579862594604492,-26.4936466217041,1
match5_whistle_0003.mp4,0.08211229741573334,0.011315099895000458,3072.938598746639,-44.90546417236328,3725.244140625,76,1.842926025390625,5.074448108673096,5409.6055464311075,2067.6862438714843,0.2552545720880682,22.116013135520998,-0.017526272413344705,-182.02676391601562,78.64289855957031,-32.856990814208984,30.418603897094727,-25.134071350097656,1
match5_whistle_0004.mp4,0.08069596439599991,0.0026521128602325916,2787.167570497475,-50.79814910888672,4048.2421875,68,1.7715479135513306,4.962592124938965,4707.941228693182,1928.0463664747172,0.22572544642857142,25.322685933679185,-0.0034614207209361847,-242.6790313720703,84.87893676757812,-9.537074089050293,46.943668365478516,-23.606836318969727,1
match5_whistle_0005.mp4,0.1083146408200264,0.016358770430088043,2558.5073036012996,-43.0284309387207,4037.4755859375,49,1.895790696144104,5.081466197967529,4953.968669458763,2250.8339053437044,0.17698433472938144,21.985315802425276,-0.0006411112696113096,-111.09587097167969,93.17383575439453,-24.433530807495117,38.382911682128906,-13.424346923828125,1
match5_whistle_0006.mp4,0.08880267292261124,0.007274659816175699,2196.9682886283663,-51.3034782409668,3811.376953125,55,1.88347589969635,4.6811747550964355,4648.852914663462,2094.766267291982,0.13150540865384616,23.6117235701032,0.016432688020697018,-153.58323669433594,112.99566650390625,-33.192874908447266,29.877328872680664,-18.13788414001465,0
match5_whistle_0007.mp4,0.07687344402074814,0.00852547399699688,2817.5692421404156,-45.39945983886719,4005.17578125,60,1.8704293966293335,5.101480007171631,5325.4302978515625,2304.2027691899943,0.2050048828125,24.4913554402627,0.00209506077778667,-210.59024047851562,71.93830871582031,-2.4783406257629395,54.238670349121094,-7.467104911804199,1
match5_whistle_0008.mp4,0.10987073183059692,0.010347045958042145,2158.3470860071666,-44.14780807495117,3725.244140625,60,1.8629248142242432,5.116734504699707,4061.7731867609796,2066.092228664826,0.15292440878378377,22.553242750534324,0.0013044117461449565,-100.83555603027344,111.77632904052734,-40.161800384521484,14.35236930847168,-20.483531951904297,1
match5_whistle_0009.mp4,0.0709967240691185,0.010663073509931564,3076.667980620001,-47.13148880004883,3692.9443359375,61,1.813700556755066,5.198490619659424,5511.225007709704,2229.388876228044,0.2467041015625,24.374716433608867,-0.015542099409537135,-217.6547088623047,72.46085357666016,-11.570606231689453,54.22273254394531,-18.468530654907227,1
match5_whistle_0010.mp4,0.10284190624952316,0.0159218218177557,2552.359580526067,-43.7368049621582,3606.8115234375,60,1.8536646366119385,4.720204830169678,5004.4189453125,2195.3334649879134,0.1557074652777778,22.489652114330294,0.033220495253767225,-114.16494750976562,84.91465759277344,-20.541933059692383,46.98352813720703,-4.119873523712158,0
match5_whistle_0011.mp4,0.09245744347572327,0.010649406351149082,2318.3089415829913,-44.236209869384766,3703.7109375,65,1.8685942888259888,5.194821357727051,4360.4736328125,2128.837061619837,0.1733192121478873,23.610104597480728,-0.011778902130209695,-131.51153564453125,99.70330810546875,-34.616024017333984,25.895265579223633,-12.327381134033203,1
match5_whistle_0012.mp4,0.07849106192588806,0.003061841242015362,3221.334657900384,-52.28345489501953,4005.17578125,62,1.7480195760726929,5.190626621246338,5301.999136117788,2030.1190733369115,0.24819085536858973,22.79956865304781,-0.020871753167242595,-290.02178955078125,51.49070739746094,10.959330558776855,62.213279724121094,-20.299224853515625,1
match5_whistle_0013.mp4,0.08179513365030289,0.004973346833139658,2517.3857496203536,-45.10426330566406,3703.7109375,86,1.890000820159912,4.976858139038086,4914.204039754747,2199.9597950800226,0.1925064280063291,24.54169725785693,-0.013441885551279968,-226.48556518554688,87.28083038330078,-3.347658634185791,49.2441291809082,-17.90528678894043,1
match5_whistle_0014.mp4,0.1364654004573822,0.013244964182376862,2425.2994832575537,-42.4388313293457,3746.77734375,78,1.8845571279525757,5.001434326171875,4548.03386937792,2165.2484582077145,0.16854373539719625,23.11331876543563,-0.0050755682157624495,-98.35064697265625,100.32882690429688,-22.138532638549805,29.08404541015625,-22.720014572143555,0
match5_whistle_0015.mp4,0.07711880654096603,0.01122751273214817,3001.1344017846527,-50.73647689819336,4026.708984375,67,1.7842442989349365,5.1181511878967285,5372.390625,2150.910273187229,0.23389322916666666,23.727191554216187,-0.01969603826930669,-240.8245849609375,66.78059387207031,-8.77355670928955,45.79729080200195,-14.868060111999512,1
match5_whistle_0016.mp4,0.1340521275997162,0.0048350072465837,2138.7378808857834,-42.74677276611328,4069.775390625,74,1.8669508695602417,5.103605270385742,4300.690660978618,2112.9603986540246,0.12607293379934212,24.139677588301492,0.0069988142188973455,-107.01618957519531,104.95972442626953,-38.28166580200195,23.390323638916016,-28.391653060913086,1
match5_whistle_0017.mp4,0.07142016291618347,0.003038837341591716,2426.172959984633,-51.83716583251953,4005.17578125,71,1.801352620124817,5.182294845581055,4639.343777508803,2223.9051413139323,0.19906745158450703,23.05759186006092,0.010847126623192212,-224.2344207763672,94.95343017578125,-16.741079330444336,47.65342712402344,-5.535951614379883,1
match5_whistle_0018.mp4,0.05672542005777359,0.014498697593808174,2520.5896055568837,-45.17676544189453,3951.3427734375,42,1.8032582998275757,5.105852127075195,4520.456233494719,2050.403117166296,0.22697513204225353,22.294402205716096,2.9046662580681994e-05,-176.28985595703125,95.10355377197266,-47.2489013671875,23.057405471801758,-4.793737888336182,1
match5_whistle_0019.mp4,0.08311615139245987,0.00377196678891778,2789.8578328292874,-48.35488510131836,3983.642578125,70,1.8349770307540894,5.289445877075195,5215.96444371235,2155.547043327239,0.20786662274096385,23.161411364647932,-0.008951606109682457,-244.0479278564453,79.4344482421875,8.366930961608887,56.817012786865234,-24.308340072631836,1
match5_whistle_0020.mp4,0.09321781992912292,0.02010367065668106,2446.375663492257,-45.33614730834961,3617.578125,44,1.8068609237670898,4.774094104766846,4778.57666015625,2170.475883690088,0.1473055752840909,22.47813830315513,-0.02717523183213804,-102.249267578125,94.89329528808594,-35.64401626586914,30.436931610107422,-13.058076858520508,0
match5_whistle_0021.mp4,0.07424319535493851,0.01209678128361702,2833.173384862555,-38.46099853515625,4059.0087890625,62,1.9845541715621948,4.615305423736572,5264.8681640625,2218.977565320618,0.19815989290730338,22.93618055134309,0.0021474062208680414,-144.5950927734375,88.60140991210938,-29.20758056640625,40.725460052490234,-16.335222244262695,0
match5_whistle_0022.mp4,0.05811278522014618,0.02145380899310112,3237.0359580044915,-38.44822311401367,3843.6767578125,51,1.9415279626846313,4.490978717803955,6039.1064453125,2348.915541178576,0.2305935329861111,21.92168552988967,-0.005395601352009072,-187.30853271484375,63.21786117553711,-6.414033889770508,59.73078155517578,-21.06720542907715,0
match5_whistle_0023.mp4,0.10629788041114807,0.013645164668560028,2566.1232122589754,-41.18498611450195,3757.5439453125,45,1.8874338865280151,4.880737781524658,5152.208941915761,2353.3801178695,0.16669497282608695,21.472660677777405,0.0036894829279208274,-127.07628631591797,88.91564178466797,-20.373497009277344,48.83797836303711,-15.374588012695312,0
match5_whistle_0024.mp4,0.12179882079362869,0.013456491753458977,2198.269349628078,-42.45991516113281,4069.775390625,52,1.888486385345459,5.130596160888672,4285.865633252641,2149.095535071144,0.14418738996478872,21.892278373287986,0.00011162440002754244,-94.95305633544922,106.633544921875,-30.113037109375,20.9013614654541,-15.95692253112793,1
match5_whistle_0025.mp4,0.06795185804367065,0.0018654890591278672,3149.0683119496825,-46.54833221435547,3725.244140625,69,1.878619909286499,4.936705112457275,5555.713893942637,2075.270964981802,0.24547838184931506,23.19958312503741,-0.004951693958760972,-304.2262268066406,55.1732063293457,16.59541130065918,63.599937438964844,-21.68766212463379,1
match5_whistle_0026.mp4,0.11050168424844742,0.015508731827139854,2742.0955919817266,-40.409366607666016,4015.9423828125,79,1.844599962234497,5.0442047119140625,5096.022518382353,2280.0881874414026,0.2081112132352941,22.303081056257053,-0.016574119222904905,-120.7301254272461,81.89998626708984,-20.415361404418945,39.275814056396484,-7.875228404998779,1
match5_whistle_0027.mp4,0.09345658123493195,0.0036009266041219234,2485.304581781217,-47.93852996826172,3983.642578125,77,1.807247281074524,5.336221694946289,4568.85507318038,2067.533951451982,0.20831067049050633,24.200438284876206,-0.02030659180224296,-194.46839904785156,99.75740814208984,-14.814264297485352,47.03950119018555,-29.379539489746094,1
match5_whistle_0028.mp4,0.07819581776857376,0.018660027533769608,3050.9275647505124,-41.82305908203125,3649.8779296875,76,1.8833249807357788,4.671008586883545,5865.808370838995,2345.507978956837,0.19522758152173914,21.186040151098528,-0.0055244564281185385,-167.51438903808594,61.766109466552734,-6.359434604644775,48.99494552612305,-12.401019096374512,0
match5_whistle_0029.mp4,0.12698780000209808,0.004063423257321119,2243.4031317824893,-49.289710998535156,4005.17578125,64,1.8358051776885986,4.944462776184082,4181.224266258446,2101.781142043325,0.16312552787162163,23.429965500728912,-0.00045423078406403784,-139.3402862548828,108.98262023925781,-22.698360443115234,31.632980346679688,-19.77335548400879,1
match5_whistle_0030.mp4,0.08806160092353821,0.005573688540607691,2954.093439916487,-46.66996765136719,3951.3427734375,81,1.8788440227508545,5.255789756774902,5357.486881118223,2213.2719951547233,0.23531626506024098,22.976708641411975,-0.013605543514012941,-213.46437072753906,74.64462280273438,-1.84219491481781,62.23176193237305,-18.49200439453125,1
match5_whistle_0031.mp4,0.08280470222234726,0.0023218991700559855,2217.602882408023,-44.28230285644531,4037.4755859375,75,1.8471428155899048,5.226871490478516,4224.727156355574,2037.8143208250365,0.18020877322635134,24.69614292510344,-0.016479543970524552,-188.7520751953125,107.06626892089844,-21.836050033569336,54.1790657043457,-11.679792404174805,1
match5_whistle_0032.mp4,0.10777156054973602,0.006629318930208683,2625.4698157132716,-44.124786376953125,3660.64453125,73,1.8713663816452026,5.095223903656006,4669.922697945927,2106.5265993884755,0.20392051439606743,23.58369997377621,-0.00947771746639329,-140.77110290527344,92.12459564208984,-22.47681427001953,46.33723831176758,-18.157922744750977,1
match5_whistle_0033.mp4,0.09003432840108871,0.011189359240233898,2224.4718120938196,-42.842559814453125,3908.2763671875,60,1.872776746749878,5.143985271453857,3966.9302413712685,2080.259603324698,0.17871822527985073,22.533159859678058,-0.0075969098477064,-120.37387084960938,110.3355712890625,-39.79561996459961,23.21714210510254,-9.654664039611816,1
match5_whistle_0034.mp4,0.07651516795158386,0.009135489352047443,2877.00047714791,-50.15340042114258,3692.9443359375,71,1.790688157081604,5.161331653594971,4880.400333848111,2128.823862176582,0.2200672238372093,22.32953911816419,-0.009515723016373092,-203.3046875,79.18693542480469,-0.1836116760969162,54.53257369995117,-24.088909149169922,1
match5_whistle_0035.mp4,0.0887969508767128,0.01426557544618845,3071.250046579139,-39.69023132324219,3692.9443359375,51,1.9041818380355835,4.739200592041016,5925.957624488902,2420.350777010067,0.22095867406542055,22.29508038257642,-0.011153954914239041,-147.1212158203125,83.9178237915039,-2.6400485038757324,41.02592849731445,-30.070871353149414,0
match5_whistle_0036.mp4,0.08188920468091965,0.005567200947552919,2016.4032491255475,-46.961997985839844,3703.7109375,40,1.8148142099380493,4.800197601318359,4235.415414663462,2101.4369311017595,0.10939753605769231,22.2740796967502,-0.015299090272432021,-160.18572998046875,125.72570037841797,-19.7620906829834,29.153549194335938,-28.5030460357666,0
match5_whistle_0037.mp4,0.17449159920215607,0.0036502976436167955,2046.3577923325774,-47.646060943603516,3714.4775390625,54,1.824059247970581,5.208776473999023,3728.6769701086955,1968.7643442531185,0.11977751358695653,24.862758717193785,0.0034802596245677416,-77.1099624633789,110.35577392578125,-48.338462829589844,12.590929985046387,-23.53955841064453,1
match5_whistle_0038.mp4,0.0915805771946907,0.0024162987247109413,2547.3017009653804,-47.493160247802734,3972.8759765625,68,1.8337119817733765,5.358397960662842,4740.696904430651,2161.762568212634,0.2164490582191781,23.097038897005376,-0.026580625389728756,-217.6413116455078,98.37796020507812,1.7340147495269775,58.9337158203125,-32.36301803588867,1
match5_whistle_0039.mp4,0.06850815564393997,0.02745508775115013,3196.8729541953508,-36.02264404296875,3714.4775390625,53,1.8892874717712402,4.688823699951172,5900.587047230114,2426.253096721759,0.21408913352272727,21.310122917010165,-0.003616547890313019,-157.67787170410156,62.08339309692383,-3.2702198028564453,53.11113739013672,-15.855132102966309,0
match5_whistle_0040.mp4,0.1102847009897232,0.006136923562735319,2227.6861313726067,-43.18423080444336,3746.77734375,80,1.8310514688491821,5.22071647644043,4079.3745293674697,2044.9343747083778,0.19852456701807228,23.132683511785686,0.00216759011112823,-125.59873962402344,116.82518005371094,-31.27742576599121,29.41848373413086,-30.369909286499023,1
match5_whistle_0041.mp4,0.12850481271743774,0.009667584672570229,2503.2198311148195,-42.70396041870117,3994.4091796875,93,1.8454934358596802,5.072520732879639,4448.130021005307,1993.6754558906405,0.18203217128537735,22.53273042198549,-0.017299802400244653,-106.56444549560547,97.46136474609375,-50.45392990112305,8.96116828918457,-28.609230041503906,1
match5_whistle_0042.mp4,0.07749275118112564,0.0020925034768879414,3033.2610990314793,-47.000579833984375,4026.708984375,59,1.798132300376892,5.317502498626709,4912.891923620346,1917.849696086745,0.26045649102393614,24.296734579644603,0.00588849518648625,-256.9897766113281,82.993896484375,-3.0265774726867676,46.37561798095703,-45.09075927734375,1
match5_whistle_0043.mp4,0.07367664575576782,0.016926858574151993,3075.38147091762,-44.139549255371094,4048.2421875,62,1.8054689168930054,5.024392127990723,5453.493430397727,2254.2874086364527,0.2520228794642857,22.76937701171324,-0.0042640738138363275,-158.84695434570312,69.7454605102539,-37.13138198852539,17.680307388305664,-19.13195037841797,1
match5_whistle_0044.mp4,0.1273660808801651,0.01940431073307991,2681.8835089037766,-41.116668701171875,4015.9423828125,62,1.8578901290893555,4.8677897453308105,5198.1520432692305,2271.3138740643103,0.16877420539529914,22.3242782000263,-0.0017522385596935965,-92.34356689453125,84.66888427734375,-23.475439071655273,32.186248779296875,-18.008352279663086,0
match5_whistle_0045.mp4,0.10560467094182968,0.0026482113171368837,2410.8608279465366,-45.75425720214844,3929.8095703125,74,1.8846464157104492,5.2037577629089355,4476.411549637957,2067.01057479658,0.19272818216463414,23.200127007486714,-0.013336620054401173,-197.02357482910156,97.98492431640625,-7.0746235847473145,55.59727478027344,-18.203174591064453,1
match5_whistle_0046.mp4,0.10915467888116837,0.002665851032361388,1883.6613447558348,-45.6511344909668,4005.17578125,59,1.8710631132125854,5.290918350219727,3970.0048828125,2032.6883674699989,0.12768880208333333,23.8636131562235,0.03142080060421586,-149.87950134277344,124.19778442382812,-14.375718116760254,29.052278518676758,-46.928462982177734,1
match5_whistle_0047.mp4,0.10017348825931549,0.009919884614646435,2828.7331014709625,-43.42459487915039,4037.4755859375,73,1.8991713523864746,5.048864841461182,5033.456143465909,2185.7140178867207,0.19950410917207792,23.929007952187735,0.002261397473050177,-195.45022583007812,74.32617950439453,0.8831359148025513,65.7435073852539,-11.948763847351074,1
match5_whistle_0048.mp4,0.08572856336832047,0.0117030655965209,2373.679708177655,-40.56658172607422,3660.64453125,64,1.845887541770935,5.092297077178955,4515.7393606085525,2106.849712029642,0.19115568462171054,22.05460174860774,-0.018024460101055795,-135.47027587890625,106.43572998046875,-27.42811393737793,27.237586975097656,-23.541942596435547,1
match5_whistle_0049.mp4,0.08462057262659073,0.0030926871113479137,2747.8294475201765,-46.80754089355469,3703.7109375,69,1.8761953115463257,5.193161487579346,4965.335787259615,2208.130107382089,0.22062800480769232,23.03464929922278,-0.008556195422475689,-255.02816772460938,74.30561828613281,4.397178649902344,68.44853973388672,-16.93693733215332,1
match5_whistle_0050.mp4,0.08996246755123138,0.009265274740755558,2452.231594154691,-42.68398666381836,4015.9423828125,82,1.8204866647720337,5.092161655426025,4198.974609375,2037.645680111408,0.20855492281626506,23.119700332408037,-0.021972861775550825,-125.9511489868164,102.18318176269531,-42.814178466796875,33.8874397277832,-18.878009796142578,1
match5_whistle_0051.mp4,0.0888926163315773,0.0058474126271903515,2634.498956338335,-50.70131301879883,4015.9423828125,72,1.7925372123718262,5.19038200378418,4979.2771559495195,2150.07677306532,0.21338516626602563,23.43674988179128,0.007686573822353933,-204.0684051513672,84.33821868896484,-19.827733993530273,44.659481048583984,-12.156525611877441,1
match5_whistle_0053.mp4,0.09327254444360733,0.005429739132523537,3292.7110727369427,-51.97709655761719,3768.310546875,54,1.824557900428772,5.148448467254639,5842.890041977612,2371.3135688524617,0.27904909048507465,25.688904967495727,0.005665020764685421,-208.1590576171875,56.2195930480957,31.066333770751953,48.525733947753906,-21.25102424621582,1
match5_whistle_0054.mp4,0.09421415627002716,0.010754154995083809,3065.3371925749693,-44.055023193359375,4005.17578125,52,1.877481460571289,5.170157432556152,5589.892865349265,2360.1856791496625,0.2467428768382353,23.668724483246006,-0.0011431381118499886,-189.80364990234375,68.3608169555664,4.423764228820801,55.964324951171875,-20.521408081054688,1
match5_whistle_0055.mp4,0.1145811378955841,0.016094457358121872,2781.888730412936,-41.1251335144043,3983.642578125,67,1.8591039180755615,5.129473686218262,4895.517064144737,2200.07385497587,0.22360197368421053,22.794758679708128,-0.0067995742696565714,-104.78590393066406,83.8155288696289,-31.406953811645508,31.165788650512695,-18.39811134338379,0
match5_whistle_0056.mp4,0.09638796001672745,0.010447843931615353,1906.1785525002572,-44.58834457397461,4123.6083984375,58,1.796140193939209,4.761953830718994,3505.45166015625,1798.880110690961,0.11200474330357142,21.895690695185305,0.017365851597453724,-118.8011474609375,127.68206024169922,-44.55363464355469,19.514291763305664,-17.721513748168945,0
match5_whistle_0057.mp4,0.08942373096942902,0.0125214708968997,2671.6086989299715,-45.4206657409668,3703.7109375,55,1.8702495098114014,5.016435623168945,5283.288133000753,2345.8416875356443,0.18419968938253012,22.193218543103544,-0.022977364067094046,-176.52684020996094,73.6171646118164,-10.99012279510498,54.17070007324219,-9.956253051757812,1
match5_whistle_0058.mp4,0.1179744154214859,0.0061829001642763615,2009.2308524552302,-44.10679244995117,4005.17578125,49,1.8289552927017212,5.172341346740723,3836.6485595703125,1955.765526391216,0.16792127821180555,23.693447521005965,0.013791251877662284,-116.22539520263672,120.882080078125,-33.690250396728516,25.468181610107422,-17.82456398010254,1
match5_whistle_0059.mp4,0.09715113788843155,0.0058439020067453384,2662.341089212672,-45.189144134521484,3703.7109375,77,1.8346277475357056,5.281221389770508,4514.932955228365,2019.7291492344568,0.21965144230769232,24.003131177945225,-0.009215870419644894,-181.1121063232422,95.04308319091797,-21.284133911132812,45.761085510253906,-22.223745346069336,1
match5_whistle_0060.mp4,0.09406568109989166,0.013364454731345177,2521.69252552917,-42.59270477294922,3994.4091796875,67,1.87088143825531,5.13159704208374,4543.3563232421875,2074.3461348457545,0.1975165473090278,22.76982504336245,-0.012039711032756074,-129.42242431640625,96.2998275756836,-34.94556427001953,31.24382209777832,-11.395644187927246,1
match5_whistle_0061.mp4,0.04378953576087952,0.030496910214424133,2615.5685685089643,-42.35828399658203,3671.4111328125,58,1.8897027969360352,4.621962070465088,5237.02880859375,2279.839430343045,0.164404296875,21.3744648751479,-0.002902843283886269,-192.026123046875,89.2844009399414,-11.570648193359375,37.07740783691406,-19.494186401367188,0
match5_whistle_0062.mp4,0.06843148171901703,0.0025376088451594114,2594.054779533214,-48.150516510009766,3951.3427734375,70,1.835166335105896,5.063658237457275,4730.902924408784,2230.11548749375,0.19362990920608109,22.602334066860156,-0.011027250685039387,-269.9711608886719,73.4012222290039,6.068733215332031,65.39575958251953,-8.950106620788574,1
match5_whistle_0063.mp4,0.16313226521015167,0.006521932780742645,2236.9707211895384,-46.25611114501953,3714.4775390625,72,1.8466390371322632,5.093925476074219,4480.889571340461,2123.768409146552,0.1398219058388158,23.11875891637742,0.018321760564177236,-77.28448486328125,106.83792114257812,-33.733978271484375,28.889362335205078,-19.19219207763672,1
match5_whistle_0064.mp4,0.07114247977733612,0.021931877359747887,2893.7381409095483,-44.17319869995117,4015.9423828125,48,1.9207849502563477,5.099970817565918,5044.835222271126,2123.2865335290253,0.24380364216549297,23.015825176513527,0.008207142820193183,-164.30250549316406,79.3227767944336,-42.3187255859375,15.650375366210938,-20.9908504486084,1
match5_whistle_0065.mp4,0.078146792948246,0.013187152333557606,2686.3737324251724,-40.80058288574219,3768.310546875,77,1.8951706886291504,4.896480560302734,4869.050844254032,2168.0327966466493,0.21296412970430106,23.367660327234358,-0.01167266200628396,-140.61256408691406,94.73017120361328,-29.65353775024414,35.27961349487305,-21.330615997314453,1
match5_whistle_0066.mp4,0.12012087553739548,0.00809249933809042,2750.8399100699594,-44.63186264038086,3962.109375,66,1.8422104120254517,5.08722448348999,4543.037746263587,1984.8280204955406,0.22547978940217392,22.322677695947263,-0.017690713944048208,-128.9029998779297,86.95378112792969,-37.391170501708984,24.790573120117188,-18.79397964477539,1
match5_whistle_0067.mp4,0.10642216354608536,0.003012264147400856,2563.2383837126936,-46.6199951171875,3757.5439453125,46,1.8409868478775024,5.35020637512207,4624.47509765625,2098.7208423900142,0.2068817761479592,23.28783710458051,-0.02384762602704612,-190.84103393554688,100.26986694335938,-13.705293655395508,46.12861633300781,-30.443439483642578,1
match5_whistle_0068.mp4,0.07937872409820557,0.006138064432889223,2920.335756003937,-50.28543472290039,4015.9423828125,76,1.7897859811782837,5.191097259521484,5094.463433159723,2030.2492998584294,0.23137297453703703,23.786890337383614,-0.022452313581761505,-241.40533447265625,83.151123046875,0.7980701923370361,45.48824691772461,-30.20917510986328,1
match5_whistle_0069.mp4,0.08181986212730408,0.022486863657832146,2636.3141529318145,-42.536407470703125,3692.9443359375,70,1.8064030408859253,5.054499626159668,4807.28759765625,2163.9278871096426,0.21748432360197367,21.917678261348684,-0.0037908603813696525,-127.8392562866211,91.26679992675781,-42.04645919799805,17.68853759765625,-22.71268081665039,1
match5_whistle_0070.mp4,0.08289556950330734,0.008499865420162678,2843.4135821395994,-43.03474044799805,3951.3427734375,69,1.804486870765686,5.2454047203063965,5038.9111970600325,2190.2825234911106,0.24343390213815788,23.68237185931878,-0.010244529442833357,-189.9394073486328,82.23229217529297,-16.52943992614746,48.25455093383789,-18.546710968017578,1
match5_whistle_0071.mp4,0.12818647921085358,0.006042084190994501,2242.9386442251257,-44.25105667114258,4059.0087890625,68,1.8260068893432617,5.042407035827637,4207.246510575457,2076.3479272291775,0.16383026867378048,23.83654857653307,0.001778188713881096,-112.76248168945312,105.95658874511719,-33.299068450927734,35.75419616699219,-20.392087936401367,1
match5_whistle_0072.mp4,0.084539495408535,0.0033269866835325956,2390.133311897166,-42.50754165649414,3757.5439453125,73,1.8500065803527832,5.19258975982666,4490.081709849684,2133.536230680366,0.1921479430379747,23.85341347120424,-0.008388770666107782,-183.98513793945312,109.8103256225586,-11.329731941223145,33.89604568481445,-41.8962287902832,1
match5_whistle_0073.mp4,0.09564328193664551,0.006307385396212339,2541.3739181767965,-44.67315673828125,3725.244140625,91,1.8519964218139648,5.042665481567383,4904.18701171875,2101.283076865268,0.206787109375,23.560997245550684,-0.01501682364256449,-162.7001495361328,104.52672576904297,-13.398157119750977,37.79875564575195,-28.3602294921875,1
match5_whistle_0074.mp4,0.06543032824993134,0.021971268579363823,2657.9284593917173,-40.6575927734375,3972.8759765625,66,1.851952075958252,5.155628204345703,4964.00146484375,2165.1781837123362,0.2184990776909722,22.109698556327945,0.016233277446625907,-138.34359741210938,86.44090270996094,-47.662418365478516,17.674760818481445,-13.964580535888672,1
match5_whistle_0075.mp4,0.13658685982227325,0.006911067757755518,2106.5368482911995,-44.517642974853516,4069.775390625,45,1.9083523750305176,5.117298126220703,4268.7421875,2155.581164477834,0.11878255208333334,22.47161091781597,-0.0044279587284251,-92.69760131835938,111.00263214111328,-22.156330108642578,21.058435440063477,-30.418682098388672,1
match5_whistle_0076.mp4,0.12964440882205963,0.009805469773709774,2221.9822956142852,-45.018245697021484,4015.9423828125,70,1.8383421897888184,4.939448833465576,4241.1796875,2125.758143572752,0.12615885416666667,24.10153287628651,0.0021240058834993735,-92.03421783447266,101.94886016845703,-35.69905471801758,13.392980575561523,-19.190263748168945,1
match5_whistle_0077.mp4,0.07754289358854294,0.0017580129206180573,2955.573844181736,-49.91597366333008,3725.244140625,67,1.8038475513458252,5.1691975593566895,5165.591708096591,2025.1136761037483,0.2207919034090909,23.312757955448404,-0.025729399663312794,-266.0466613769531,67.92914581298828,3.89577579498291,60.92667007446289,-18.10738182067871,1
match5_whistle_0078.mp4,0.14777126908302307,0.006546969059854746,2141.0694596053117,-44.4571647644043,4005.17578125,63,1.821994423866272,4.961363315582275,4216.387261284723,1996.4599248639772,0.14717158564814814,23.23329015394491,-0.0024295940802554934,-94.23273468017578,112.893798828125,-37.455726623535156,23.20672035217285,-25.927339553833008,1
match5_whistle_0079.mp4,0.08223709464073181,0.01696484163403511,3407.020657638288,-46.66350555419922,3983.642578125,62,1.8144804239273071,5.374995708465576,5404.5973557692305,2082.723027673521,0.301022707760989,23.561911224202724,-0.012243808925781013,-269.1961669921875,60.531856536865234,3.4380314350128174,61.957191467285156,-31.067337036132812,1
match5_whistle_0080.mp4,0.04772508144378662,0.0027046697214245796,2618.7066186454176,-46.053035736083984,4048.2421875,63,1.883377194404602,5.295187950134277,4860.014447773972,2239.92956234168,0.24509712114726026,24.26970723852404,-0.0021104869566505426,-298.21343994140625,85.86202239990234,4.860311031341553,61.73162078857422,-11.287357330322266,1
match5_whistle_0081.mp4,0.0953470915555954,0.010347461327910423,2336.395878996513,-45.16142272949219,4015.9423828125,44,1.8703843355178833,5.201199531555176,4434.023790474397,2084.111464417001,0.16646860881024098,23.081716205457845,0.01424273715111028,-126.4802017211914,100.69694519042969,-36.2564811706543,18.342914581298828,-31.899673461914062,1
match5_whistle_0082.mp4,0.08588135987520218,0.013616230338811874,2891.175021819804,-45.93925476074219,3779.0771484375,88,1.8527181148529053,5.077859878540039,5108.682528409091,2278.1750966657296,0.21356914569805194,23.06734193253396,-0.009531009792737544,-195.7683868408203,70.89549255371094,-2.0344815254211426,57.02042007446289,-12.723895072937012,1
match5_whistle_0083.mp4,0.14987348020076752,0.006209018174558878,1954.7836623411795,-44.46268844604492,3779.0771484375,64,1.847330093383789,4.918071269989014,3797.394353693182,1940.824115598334,0.13113839285714285,23.86043917334295,-0.009989455256034273,-97.58206176757812,122.75170135498047,-30.358205795288086,35.66400146484375,-19.703330993652344,1
match5_whistle_0084.mp4,0.09013868868350983,0.006769748870283365,2753.401496568558,-45.06402587890625,3725.244140625,65,1.8348904848098755,5.15899658203125,4848.873596191406,2070.2806222661957,0.2247314453125,23.994604983944082,0.0008554158511661571,-185.5585174560547,91.56558990478516,-22.158790588378906,46.442657470703125,-17.091794967651367,1
match5_whistle_0085.mp4,0.1539434790611267,0.007542460225522518,2201.596409260339,-47.64204788208008,4026.708984375,73,1.8161468505859375,4.976293563842773,4365.666934742647,2112.818416346407,0.14491038602941175,23.497564871330056,-0.018016695881196487,-84.00132751464844,108.03472137451172,-34.69490432739258,19.938196182250977,-29.259214401245117,1
match5_whistle_0086.mp4,0.06972216069698334,0.006274268496781588,2744.182446220056,-42.92060470581055,3714.4775390625,79,1.8206992149353027,5.209952354431152,5178.994787744729,2243.7776700102354,0.21658509036144577,22.92862818498115,0.00202201063114396,-222.92733764648438,80.076416015625,-12.086902618408203,45.4856071472168,-20.878389358520508,1
match5_whistle_0087.mp4,0.0837654173374176,0.004466797225177288,2109.0109280142224,-47.33592224121094,3714.4775390625,63,1.8083677291870117,5.10236120223999,3744.98291015625,1923.631894739028,0.17220052083333334,23.37556094741911,0.0069746534431853555,-142.89703369140625,122.65485382080078,-50.504638671875,32.91559982299805,-15.225743293762207,1
match5_whistle_0088.mp4,0.09521039575338364,0.02182183973491192,3019.468334049781,-44.00210952758789,4091.30859375,84,1.8604100942611694,5.021487236022949,5371.5663952773875,2212.817808109625,0.24805236130617977,22.701649374213922,-0.005933192704837265,-128.68197631835938,74.94415283203125,-36.10588455200195,33.56495666503906,-14.858826637268066,1
match5_whistle_0089.mp4,0.12881359457969666,0.01393810473382473,2415.648457594347,-44.1096076965332,3768.310546875,87,1.8490136861801147,5.045537948608398,4637.633673035272,2187.92679811353,0.16171778310643564,23.29008208275541,-0.003767208795029054,-97.2523193359375,97.0350341796875,-28.049190521240234,27.754348754882812,-17.617900848388672,0
match5_whistle_0090.mp4,0.08938001841306686,0.0018227582331746817,2517.565222937903,-52.0816650390625,4015.9423828125,77,1.7779885530471802,5.235722064971924,4503.684182363014,1999.6398285600706,0.21800085616438356,24.969814526619615,-0.00356629843697816,-237.35081481933594,93.44066619873047,-18.849342346191406,46.98814010620117,-15.083678245544434,1
match5_whistle_0091.mp4,0.12303025275468826,0.014959177002310753,2837.0664740937086,-38.493980407714844,4069.775390625,37,1.8487669229507446,4.951685428619385,4807.1337890625,2223.081315518244,0.23861607142857144,23.221060208238804,-0.01043016763700798,-109.97052001953125,84.6910171508789,-20.603042602539062,44.27288818359375,-18.109874725341797,0
match5_whistle_0092.mp4,0.11798638850450516,0.010097332298755646,2212.159046940743,-43.4688720703125,4069.775390625,44,1.8567551374435425,5.100819110870361,4020.10546875,2028.4732705738525,0.17789713541666666,22.92136938114117,0.0029079736437684603,-109.08479309082031,111.60437774658203,-38.66971206665039,32.482479095458984,-9.528596878051758,1
match5_whistle_0093.mp4,0.08603551238775253,0.0037679560482501984,2691.1929190929923,-45.70756912231445,3703.7109375,75,1.8489305973052979,5.183477878570557,5164.0927734375,2222.114762382558,0.21277994791666666,22.303862274968946,0.004053341166533447,-240.56610107421875,73.09893035888672,0.09471362084150314,64.65857696533203,-11.227020263671875,1
match5_whistle_0094.mp4,0.07916390895843506,0.006561540067195892,2437.412265580361,-45.884315490722656,3682.177734375,74,1.827957272529602,5.176329612731934,4027.3818969726562,1950.122409668217,0.22132568359375,22.645276375935502,-0.007650908713528162,-157.606689453125,105.7802734375,-44.93805694580078,41.516387939453125,-10.923887252807617,1
match5_whistle_0095.mp4,0.08978389203548431,0.002206590725108981,2592.1953824117336,-44.93661117553711,3746.77734375,80,1.8181629180908203,5.153761386871338,4157.7923583984375,1918.2332102423356,0.2218994140625,24.356005774877215,-0.007271367479663949,-217.9961395263672,96.31597900390625,-8.806700706481934,55.2629508972168,-20.038175582885742,1
match5_whistle_0096.mp4,0.13627029955387115,0.006739119067788124,2061.0457539033505,-45.118499755859375,3779.0771484375,48,1.8328596353530884,5.121721267700195,3925.0244140625,2081.7421839971253,0.11034478081597222,23.602259020821062,-0.00534956149142816,-113.91941833496094,104.19686126708984,-32.931793212890625,23.37969970703125,-12.248453140258789,1
match5_whistle_0097.mp4,0.08001872897148132,0.005304649937897921,2775.6738843800126,-48.199649810791016,3994.4091796875,75,1.8368333578109741,5.151344299316406,4824.416281960227,1938.3303556400592,0.23865538758116883,23.19608594695589,0.021018538112387547,-197.19052124023438,96.52854919433594,-32.094993591308594,32.56919479370117,-33.8915901184082,1
match5_whistle_0098.mp4,0.1370442807674408,0.012104544788599014,2742.4479418401684,-39.82807540893555,4263.57421875,53,1.839788794517517,4.922922134399414,5090.069221047794,2296.6422607811546,0.18478860294117647,22.888365208016,-0.003621942943197049,-105.77975463867188,85.14837646484375,-17.551401138305664,34.81361389160156,-22.9666748046875,0
match5_whistle_0099.mp4,0.12329820543527603,0.007521225139498711,2222.5522519485,-45.8882942199707,4015.9423828125,60,1.8199390172958374,5.206879615783691,4227.782543285473,2102.853545463372,0.15121542440878377,24.02079507741144,0.012652926215966113,-111.37199401855469,105.05376434326172,-34.505313873291016,20.249553680419922,-26.229360580444336,1
match5_whistle_0100.mp4,0.10147614032030106,0.0025721932761371136,2542.4502955671096,-47.500709533691406,4026.708984375,78,1.7982538938522339,5.1592841148376465,4180.424922345633,1810.9881082261982,0.2225680064006024,25.10272139149831,-0.019208658176058435,-183.7412872314453,107.73413848876953,-37.914485931396484,34.670169830322266,-32.9921875,1
match5_whistle_0101.mp4,0.10219592601060867,0.016086334362626076,2767.9806279908407,-42.73511505126953,4059.0087890625,69,1.8764829635620117,5.094135284423828,4948.811741879112,2152.366226031418,0.20784719366776316,21.345966429239486,0.0009488500620335058,-132.3320770263672,72.4054946899414,-31.146934509277344,36.68458938598633,-9.643943786621094,1
match5_whistle_0102.mp4,0.09291158616542816,0.004551624413579702,2595.687920421285,-42.10882568359375,3962.109375,58,1.9319082498550415,5.034704208374023,5141.171875,2321.709156774797,0.1952853732638889,23.53443515320188,0.005034217243529922,-186.9302978515625,89.48053741455078,-4.550590991973877,55.8281364440918,-13.696141242980957,1
match5_whistle_0103.mp4,0.11134374141693115,0.011342411860823631,2414.533454160201,-43.67050552368164,4005.17578125,54,1.8286943435668945,5.198158264160156,4315.926818847656,2085.059919627193,0.182806396484375,23.022036413939762,9.834913180393549e-05,-105.82462310791016,101.29450988769531,-45.29182052612305,24.639699935913086,-23.234180450439453,1
match5_whistle_0104.mp4,0.11033235490322113,0.013884243555366993,2687.1413171070285,-43.97802734375,4015.9423828125,83,1.8857592344284058,5.221274375915527,4759.1070556640625,2064.5743664721217,0.21783447265625,23.43896946875551,-0.004916103355443598,-117.1283187866211,90.34654235839844,-44.25469207763672,27.809484481811523,-20.248905181884766,1
match5_whistle_0105.mp4,0.11501111090183258,0.01293217297643423,2258.9810187007147,-42.74247360229492,4069.775390625,68,1.8743476867675781,5.062691688537598,4318.88210348887,2088.985756344487,0.1573603381849315,23.22860930202858,-8.459939783737695e-05,-102.009033203125,106.83565521240234,-38.949920654296875,28.321861267089844,-18.227800369262695,1
match5_whistle_0106.mp4,0.09128961712121964,0.0071733491495251656,2351.5862863972206,-44.990840911865234,3757.5439453125,93,1.8371758460998535,5.108917713165283,4516.4078958918535,2083.4718419823384,0.18810897998595505,23.526393968995635,0.0008664120732333078,-149.99929809570312,103.78662872314453,-35.43378448486328,18.06995964050293,-27.561641693115234,1
match5_whistle_0107.mp4,0.10708634555339813,0.020594796165823936,3161.124721016596,-37.762149810791016,4048.2421875,49,1.9007058143615723,4.834136009216309,5869.035391971983,2400.4725460218424,0.2146753771551724,22.481749856537956,0.0010151671173183256,-141.91366577148438,62.65797805786133,-0.8902185559272766,46.56824493408203,-20.791027069091797,0
match5_whistle_0108.mp4,0.1341535747051239,0.011748158372938633,2412.995692510139,-43.20744323730469,3983.642578125,67,1.884460687637329,5.0435991287231445,4517.262268066406,2133.0464007650094,0.16298929850260416,22.785805850626247,0.005975628741066594,-91.28509521484375,98.18869018554688,-36.20505142211914,20.55850601196289,-25.46018409729004,1
match5_whistle_0109.mp4,0.08225401490926743,0.006472423207014799,2271.705746554661,-41.469032287597656,3725.244140625,55,1.904180645942688,5.1028242111206055,4156.6259765625,1989.5046293016644,0.18695963541666666,22.4350904111233,-0.0030546215868194546,-152.1963348388672,113.03614807128906,-40.133460998535156,21.974964141845703,-27.925003051757812,1
match5_whistle_0110.mp4,0.0828637033700943,0.020218122750520706,2304.728483408419,-45.797996520996094,4015.9423828125,60,1.8654108047485352,5.165716171264648,4334.665455537684,2087.5962680349903,0.19188017003676472,22.225086307718,-0.0006245535501286419,-129.76275634765625,110.27227783203125,-39.78700637817383,21.6716365814209,-19.856910705566406,1
match5_whistle_0111.mp4,0.07043001800775528,0.0031903311610221863,2777.4188681717674,-50.48215103149414,4069.775390625,73,1.779056429862976,5.109132766723633,4501.587890625,1919.6850421602765,0.23979166666666665,24.138282876158204,0.03496413474622929,-271.7197570800781,82.6419677734375,-3.9913322925567627,59.15430450439453,-20.278886795043945,1
match5_whistle_0112.mp4,0.13113649189472198,0.010192637331783772,2401.32944017573,-43.622352600097656,3757.5439453125,73,1.8603636026382446,5.055566310882568,4617.15399559508,2172.9091416400784,0.1547384059175532,22.630934445710782,-0.011118074380857995,-106.6391830444336,94.78021240234375,-35.76893615722656,30.14805793762207,-25.22471046447754,1
match5_whistle_0113.mp4,0.04448053240776062,0.009939328767359257,2845.094123773711,-40.46979904174805,3649.8779296875,46,1.8178291320800781,4.966822147369385,4556.489114200368,2067.0283528940736,0.24862132352941177,23.38952665449192,-0.013835251751406565,-228.91737365722656,86.43851470947266,-28.127941131591797,46.61574935913086,-24.282527923583984,1
match5_whistle_0114.mp4,0.07697390764951706,0.003924045246094465,2778.3674163944925,-45.51318359375,3822.1435546875,96,1.835534691810608,5.1545796394348145,4790.674615675403,2024.960000124914,0.2505145329301075,24.13420847824047,0.011153173835466414,-228.3035125732422,103.22093200683594,-14.18903923034668,31.180126190185547,-40.6535530090332,1
match5_whistle_0115.mp4,0.12953513860702515,0.01230299286544323,2655.2539727095004,-42.56193161010742,4015.9423828125,68,1.8529666662216187,4.968316078186035,4699.732960668103,2137.350980982999,0.1856647359913793,22.877068076804356,0.0030184581024583516,-106.59162139892578,87.12003326416016,-28.358579635620117,30.310516357421875,-15.12762451171875,1
match5_whistle_0116.mp4,0.09705405682325363,0.012079372070729733,2611.0367637141658,-44.21459197998047,3703.7109375,85,1.826705813407898,5.218135356903076,4526.729991824128,2078.547581750891,0.22803869912790697,22.388037092002207,-0.004507723511046181,-141.45509338378906,101.57691955566406,-35.60559844970703,18.237682342529297,-30.993011474609375,1
match5_whistle_0117.mp4,0.08787429332733154,0.013151418417692184,2827.53006717361,-45.87908172607422,3757.5439453125,97,1.867681860923767,5.214750289916992,4727.298081341912,2088.209606535405,0.2470358455882353,22.8875997558031,0.006765872725994342,-158.8936004638672,90.02198028564453,-33.968719482421875,20.253890991210938,-22.530269622802734,1
match5_whistle_0118.mp4,0.07295411825180054,0.0015816768864169717,2901.170644595379,-51.46895217895508,3800.6103515625,48,1.7708680629730225,5.2724080085754395,4882.91015625,1991.0088719476548,0.2526448567708333,24.913538892895,0.013772261359911737,-298.70550537109375,81.93106079101562,22.502344131469727,60.53434371948242,-28.17899513244629,1
match5_whistle_0119.mp4,0.07756495475769043,0.0049215019680559635,2987.1106860718232,-48.83795928955078,4048.2421875,71,1.7757115364074707,4.875070571899414,4696.962361163403,1839.1499328473478,0.24415827371987953,23.345318913952084,0.010479876714234228,-254.83819580078125,76.02942657470703,-10.867691040039062,46.16920852661133,-29.839454650878906,1
match5_whistle_0120.mp4,0.09919822216033936,0.009392661973834038,2182.4950691760005,-41.23054504394531,4188.2080078125,52,1.8724803924560547,4.843064785003662,4495.2099609375,2136.319513001045,0.1329310825892857,22.564919547667664,0.009225833467516958,-111.12464904785156,113.91289520263672,-30.847774505615234,20.94552993774414,-24.959579467773438,0
match5_whistle_0121.mp4,0.11853794008493423,0.011647127568721771,2162.309846493262,-46.6220588684082,4048.2421875,71,1.8603012561798096,5.248430252075195,4272.158401076858,2068.3343140647203,0.14036766258445946,22.95627642963469,-0.005075349756969433,-96.18811798095703,111.40679168701172,-41.52321243286133,9.89655876159668,-22.533340454101562,1
match5_whistle_0122.mp4,0.08309955894947052,0.006250401493161917,2805.3045753275765,-48.18693923950195,3725.244140625,59,1.8064302206039429,5.26593017578125,4952.491224134291,2077.6194382688336,0.23558910472972974,23.970849000904725,-0.016055159096927524,-210.9429168701172,94.6369857788086,-15.09630012512207,39.05174255371094,-28.863082885742188,1
match5_whistle_0123.mp4,0.09386666119098663,0.00979648157954216,2425.776152985597,-40.94363021850586,4069.775390625,68,1.8734986782073975,5.084014892578125,4427.590110085227,2098.2488823051413,0.20029677353896103,22.69007710550704,0.001294200436829101,-136.5777587890625,100.08113098144531,-39.8090934753418,35.960655212402344,-20.981754302978516,1
match5_whistle_0124.mp4,0.08675694465637207,0.005765570793300867,2910.1190321239937,-45.139957427978516,4037.4755859375,52,1.8445628881454468,5.234923362731934,5082.425888270548,2325.368243087357,0.2251578553082192,24.68550493611757,-0.006641472268130771,-221.5499725341797,73.8223648071289,6.7424116134643555,67.3247299194336,-19.546966552734375,1
match5_whistle_0125.mp4,0.1193554475903511,0.007366757374256849,2449.32917256211,-44.18558120727539,4026.708984375,71,1.8706856966018677,5.206637859344482,4251.01318359375,2038.315873979929,0.1979542267628205,23.852587656708252,-0.004269821046732738,-124.20952606201172,99.28011322021484,-36.09170150756836,32.69795608520508,-17.028364181518555,1
match5_whistle_0126.mp4,0.0927794873714447,0.010605246759951115,2941.387042350919,-47.357757568359375,4015.9423828125,71,1.8522816896438599,5.342620849609375,5370.764327375856,2256.083029506142,0.21143915881849315,22.6176112176078,-0.006681469801299146,-218.82388305664062,58.115909576416016,0.601796567440033,59.96711730957031,-11.834400177001953,1
match5_whistle_0127.mp4,0.06635519117116928,0.008127844892442226,2780.246401942266,-38.6767692565918,4198.974609375,47,1.8880128860473633,4.717861175537109,5002.977855785473,2309.3865308518334,0.19505516258445946,22.971885422648146,0.0012040197440508409,-194.15835571289062,85.08689880371094,-3.1227283477783203,53.30025100708008,-12.12166976928711,0
match5_whistle_0128.mp4,0.12039938569068909,0.011046121828258038,2416.342654869115,-42.91790008544922,3865.2099609375,76,1.8013426065444946,4.864579677581787,4773.600344313789,2152.5407229270404,0.14040351159793815,22.22549375653835,0.0013610249445240039,-103.83641815185547,99.21537780761719,-30.229061126708984,30.457260131835938,-23.344324111938477,0
match5_whistle_0129.mp4,0.1046404018998146,0.01499923411756754,2428.6469451883095,-44.197635650634766,4069.775390625,67,1.849149465560913,4.963160991668701,4548.4952600990855,2185.1509400929976,0.1873511337652439,22.382273215475703,0.005354969958347079,-104.68350982666016,101.31761169433594,-33.46826171875,23.414640426635742,-26.661808013916016,1
match5_whistle_0130.mp4,0.07024482637643814,0.003428415162488818,2429.696624761651,-47.41707992553711,4069.775390625,70,1.862600564956665,5.207995414733887,4671.209716796875,2092.2225813306104,0.19297960069444445,23.55407861180695,-0.0039783996404535995,-234.8740997314453,101.26429748535156,-4.987785816192627,54.4901237487793,-27.030216217041016,1
match5_whistle_0131.mp4,0.15230122208595276,0.007779058534651995,2287.649143754296,-43.53364181518555,4037.4755859375,61,1.8280965089797974,5.028457164764404,4159.308182565789,2042.0206168453135,0.15071186266447367,24.1873970135575,-0.009377438474569596,-98.2990951538086,96.54579162597656,-45.10460662841797,16.158241271972656,-20.448486328125,1
match5_whistle_0132.mp4,0.08197440207004547,0.0018842230783775449,2665.990695007456,-53.59250259399414,4037.4755859375,41,1.710304856300354,5.038342475891113,4698.829920151655,2038.4937093482208,0.20734719669117646,23.591208550689874,-0.018066509284813764,-282.8992004394531,75.41928100585938,9.117250442504883,59.820430755615234,-17.269311904907227,1
match5_whistle_0133.mp4,0.11663051694631577,0.006254645064473152,2037.0843202508336,-47.68136215209961,4166.6748046875,46,1.8490486145019531,4.729900360107422,4382.701455393145,2171.486476160172,0.1009797127016129,21.82695275218766,-0.0009664051560895635,-128.73269653320312,111.3779525756836,-18.592002868652344,34.626468658447266,-14.27194595336914,0
match5_whistle_0134.mp4,0.09396463632583618,0.010867701843380928,2349.2721001215423,-44.81682586669922,4026.708984375,52,1.9112082719802856,5.196096420288086,4176.903076171875,2050.174134929651,0.18021240234375,22.879345607656415,-0.002851467605231008,-129.26010131835938,106.11369323730469,-34.32262420654297,31.483657836914062,-22.38776206970215,1
match5_whistle_0135.mp4,0.06698373705148697,0.0060478257946670055,2937.3376644314176,-50.232139587402344,4069.775390625,56,1.848193645477295,5.2390851974487305,4903.314044024493,2067.6967392261536,0.23340503589527026,23.471752951939013,0.010170401045555603,-249.478271484375,84.24855041503906,1.1881123781204224,49.70925521850586,-34.506553649902344,1
match5_whistle_0136.mp4,0.14823602139949799,0.007835240103304386,2290.282942509533,-40.67294692993164,4048.2421875,82,1.8697686195373535,5.151716232299805,4215.058051215277,2029.1608986225792,0.17331573109567902,23.43748803348421,0.00015516839047245042,-92.92335510253906,109.04467010498047,-33.92158126831055,23.250125885009766,-34.29586410522461,1
match5_whistle_0137.mp4,0.055514927953481674,0.0055925967171788216,2871.311856833611,-47.472843170166016,4059.0087890625,69,1.8122663497924805,5.3159308433532715,4951.201171875,2011.077719974399,0.24218098958333334,22.586389409935702,0.0036410674566694436,-246.5286407470703,76.02007293701172,-18.926424026489258,50.139591217041016,-24.188505172729492,1
match5_whistle_0138.mp4,0.11462794989347458,0.004889333620667458,2361.7775947123055,-47.442222595214844,3746.77734375,73,1.8401416540145874,5.089697360992432,3920.4058297072784,1763.2482337273002,0.1844466969936709,23.74001730832627,-0.01882945330288489,-154.5471649169922,103.32228088378906,-50.12883377075195,22.526796340942383,-21.77899932861328,1
match5_whistle_0139.mp4,0.06583541631698608,0.0080405930057168,3044.0539962783632,-44.76996612548828,3725.244140625,57,1.8398008346557617,4.977518081665039,5405.232747395833,2224.133439003311,0.2698929398148148,23.643592541733373,-0.003294382427653461,-201.49813842773438,94.11664581298828,-19.1373348236084,36.71044158935547,-39.79138946533203,1
match5_whistle_0140.mp4,0.06641213595867157,0.01442311704158783,2701.086056847322,-41.64753723144531,3962.109375,54,1.8292587995529175,5.1007490158081055,4692.57021621919,2167.632146407819,0.2429990096830986,22.33203760964857,0.00014219157289843543,-186.52243041992188,97.78330993652344,-24.27216148376465,34.313114166259766,-37.44317626953125,1
match5_whistle_0141.mp4,0.07814420759677887,0.00413114670664072,2679.112632755244,-46.475467681884766,3994.4091796875,85,1.8349789381027222,5.219684600830078,4327.500915527344,1906.0990995335517,0.228033447265625,23.488536146621616,-0.014349436592348901,-228.2784423828125,94.51736450195312,-17.26961898803711,59.983726501464844,-19.266071319580078,1
match5_whistle_0142.mp4,0.09464964270591736,0.02131381817162037,3294.749740930169,-39.13945770263672,3757.5439453125,40,1.8729597330093384,4.8972086906433105,5957.049959842289,2458.1173096000143,0.2423152745327103,22.301406153447715,0.000582611707540613,-146.76657104492188,59.02006530761719,3.725583076477051,53.20668029785156,-23.70069694519043,1
match5_whistle_0143.mp4,0.11980287730693817,0.013102680444717407,2465.9821225570427,-39.59708786010742,4059.0087890625,66,1.8440476655960083,4.99663782119751,4583.849676724138,2157.7246051544694,0.17491132363505746,22.627153857610622,-0.0006478398497626438,-95.63890838623047,93.69086456298828,-32.792545318603516,38.03014373779297,-11.672099113464355,1
match5_whistle_0144.mp4,0.08028661459684372,0.01361328549683094,2788.679494908786,-45.62103271484375,3768.310546875,74,1.8747336864471436,5.087033748626709,4879.893141526442,2058.1317329424705,0.23712940705128205,22.39877271391559,-0.021922629251026175,-164.14549255371094,81.57311248779297,-45.429718017578125,25.409896850585938,-8.626991271972656,1
match5_whistle_0145.mp4,0.11082682758569717,0.004313019569963217,2252.104999421504,-44.5343132019043,4005.17578125,76,1.8023653030395508,5.164801597595215,3916.6363166360293,1847.3733512686322,0.1925494025735294,23.183285137470154,-0.0066820148149943455,-131.67694091796875,119.46602630615234,-48.08345413208008,23.65887451171875,-29.952524185180664,1
match5_whistle_0146.mp4,0.08042073249816895,0.00490220682695508,2235.2859750127072,-48.90964889526367,3703.7109375,59,1.8619581460952759,5.1471405029296875,4166.068235585387,2103.2518230666165,0.19332498899647887,22.14311939626605,-0.009871421574618115,-185.53115844726562,104.94117736816406,-31.29058265686035,42.00941848754883,-7.018574237823486,1
match5_whistle_0147.mp4,0.10325568169355392,0.013980346731841564,2348.1207644237024,-42.18313980102539,3951.3427734375,77,1.8269741535186768,5.038832664489746,4339.894432357595,2101.435477153356,0.17748714398734178,21.897658168096747,-0.01209549512328895,-100.13274383544922,100.91510772705078,-37.6063117980957,23.546478271484375,-14.24039077758789,1
match5_whistle_0148.mp4,0.09440290182828903,0.0034483601339161396,2522.9605535116943,-46.96677017211914,3919.04296875,52,1.903182029724121,5.259454250335693,4689.7049753289475,2056.7265914607583,0.19010202508223684,23.19379827529609,-0.02151006476059733,-224.48509216308594,85.7894515991211,-1.6271625757217407,56.970401763916016,-19.19695472717285,1
match5_whistle_0149.mp4,0.14877520501613617,0.0062627182342112064,2154.331710475856,-40.981040954589844,3983.642578125,55,1.803652048110962,5.025569915771484,3796.2757457386365,1955.3293694315703,0.1686409293831169,22.828863389904654,-0.018444856277101022,-83.66136932373047,114.12881469726562,-47.8729133605957,27.62869644165039,-14.772049903869629,1
match5_whistle_0150.mp4,0.08530065417289734,0.004193407483398914,2649.366728229478,-49.61808395385742,4037.4755859375,53,1.8786271810531616,5.224908828735352,4384.523703835227,1950.8088402379328,0.22403865665584416,24.53700638628124,0.0060263095762434485,-203.0630340576172,100.04925537109375,-23.074445724487305,36.553550720214844,-25.56717872619629,1
match5_whistle_0151.mp4,0.14743943512439728,0.0037275112699717283,1998.5491152349148,-43.4149284362793,3757.5439453125,64,1.7964507341384888,5.110097408294678,3910.458786423142,2004.5119609528035,0.12711808488175674,24.453927765255784,-0.023108739970443673,-98.5384521484375,117.77511596679688,-34.19643783569336,15.81098747253418,-40.23863220214844,1
match5_whistle_0152.mp4,0.10249622911214828,0.012687734328210354,2598.7168100853014,-44.065528869628906,4015.9423828125,61,1.821689486503601,5.190316200256348,4388.1378173828125,2038.8500572221221,0.23503282335069445,23.773995747732165,0.0025652451859978693,-149.71763610839844,101.57076263427734,-36.20658874511719,26.49677276611328,-42.429931640625,1
match5_whistle_0153.mp4,0.11652830243110657,0.01040697656571865,2365.388266002947,-41.72438430786133,3983.642578125,45,1.8852908611297607,5.081399917602539,4257.841352982955,2083.9674738822746,0.16271179991883117,22.882138773631638,-0.012762828597913322,-106.00538635253906,96.62920379638672,-43.71882247924805,14.707995414733887,-15.686120986938477,1
match5_whistle_0154.mp4,0.09835973381996155,0.005784271284937859,2551.6544059983703,-41.67594528198242,3703.7109375,76,1.8658945560455322,4.945929050445557,5129.481243265086,2255.388480841128,0.17747059087643677,23.00577010621893,-0.003380673087588014,-159.7000732421875,96.30821228027344,-7.290349960327148,44.3797492980957,-30.32294273376465,1
match5_whistle_0155.mp4,0.12432575225830078,0.007024484220892191,2050.4880382790084,-48.6114501953125,4048.2421875,77,1.8097695112228394,5.092508316040039,3726.4404296875,1938.4890235253229,0.1376003689236111,23.388938064961557,0.003969490009142155,-102.68523406982422,115.46378326416016,-46.46488952636719,10.773460388183594,-15.03883171081543,1
match5_whistle_0156.mp4,0.10084790736436844,0.014027617871761322,2575.0592898435384,-42.134151458740234,4026.708984375,65,1.833846926689148,5.033531188964844,4801.758802259291,2147.9878748083884,0.2037452491554054,21.904404085243893,0.0018397783038409895,-114.02779388427734,90.31687927246094,-34.05276870727539,22.21941566467285,-12.794142723083496,1
match5_whistle_0157.mp4,0.1071220114827156,0.01021480467170477,2329.6714811011534,-43.5909538269043,4069.775390625,63,1.850016474723816,5.19672966003418,4465.644948075457,2158.674870463776,0.18115829839939024,22.721368135358347,-0.005244903579264829,-123.14788055419922,109.59366607666016,-26.2088680267334,32.93647003173828,-31.426204681396484,1
match5_whistle_0158.mp4,0.08713383227586746,0.004612492863088846,2760.030622037564,-46.94438934326172,4048.2421875,86,1.817380666732788,5.186929225921631,4975.233289930556,2164.8903272882735,0.22408492476851852,24.225604301014748,-0.005367273671647651,-208.05506896972656,89.70962524414062,-6.808948516845703,53.407142639160156,-30.100093841552734,1
match5_whistle_0159.mp4,0.11083807796239853,0.0066153667867183685,2050.808204041098,-43.087799072265625,4037.4755859375,58,1.828621506690979,5.180807113647461,4045.8197021484375,2021.169975661394,0.13966064453125,22.619453652880047,-0.0030324714465790282,-106.0553207397461,116.99348449707031,-39.10253143310547,19.347087860107422,-22.987232208251953,1
match5_whistle_0160.mp4,0.10334555804729462,0.012543350458145142,2775.796128376301,-45.863555908203125,4059.0087890625,76,1.904723882675171,5.044303894042969,4888.710021972656,2065.9730617717178,0.21676025390625,22.547160384025116,-0.004361412761509297,-149.10757446289062,83.41788482666016,-28.503076553344727,24.12125015258789,-28.435394287109375,1
match5_whistle_0161.mp4,0.09345656633377075,0.018403969705104828,2653.2651765108876,-42.74636459350586,4015.9423828125,65,1.886860966682434,5.111128330230713,4867.194073016827,2252.1145569301143,0.20097781450320512,21.851688200964933,0.001815408077065262,-128.66551208496094,88.77198028564453,-29.429370880126953,36.580867767333984,-13.293452262878418,1
match5_whistle_0162.mp4,0.062022920697927475,0.010137410834431648,3080.8654864434257,-49.256309509277344,3703.7109375,69,1.777239441871643,5.120398998260498,5229.0659709149095,2002.6556037451692,0.2501647213855422,23.712195909495414,-0.01569504265409491,-259.4188537597656,62.5004997253418,-12.000751495361328,62.6963005065918,-15.818272590637207,1
match5_whistle_0163.mp4,0.08816523104906082,0.012706938199698925,2364.1726254535142,-42.608070373535156,3714.4775390625,59,1.8686034679412842,5.242727279663086,4477.249849759615,2091.4542373859395,0.18377403846153847,22.166514194616067,-0.020767589193461906,-122.60260772705078,100.4362564086914,-47.875221252441406,24.649566650390625,-16.058141708374023,1
match5_whistle_0164.mp4,0.06428476423025131,0.003095924388617277,2956.0517972818093,-46.978477478027344,4015.9423828125,81,1.8362400531768799,5.23853874206543,4617.821670160061,1997.0981039358962,0.26529153963414637,24.236550293679695,0.0064332010600965705,-281.0748291015625,79.03107452392578,-8.254450798034668,55.76723861694336,-24.719804763793945,1
match5_whistle_0165.mp4,0.10024942457675934,0.01183055154979229,2420.0709883282875,-42.80031967163086,3983.642578125,72,1.853506088256836,5.035412311553955,4472.4462890625,2113.364558633111,0.19074978298611112,22.245453118741164,-0.014709346287778325,-123.45384216308594,102.17404174804688,-33.41249084472656,21.252262115478516,-24.878276824951172,0
match5_whistle_0166.mp4,0.07513566315174103,0.015796005725860596,3103.2218636443067,-47.47306823730469,4069.775390625,71,1.848187804222107,5.194557189941406,5463.2427978515625,2143.454223660763,0.265966796875,23.19406842659374,-0.0032311948751062667,-242.81082153320312,73.01534271240234,-7.300991058349609,54.46741485595703,-24.41535186767578,1
match5_whistle_0167.mp4,0.07934659719467163,0.007489494979381561,2634.923999863339,-49.3269157409668,4048.2421875,64,1.8504647016525269,5.111544609069824,4688.85498046875,2020.7442801630523,0.2365044487847222,22.663387760364607,-0.011817827538696061,-184.08116149902344,99.40199279785156,-34.96554183959961,30.68563461303711,-23.539514541625977,1
match5_whistle_0168.mp4,0.10563774406909943,0.01811893656849861,2548.756124311076,-42.38420867919922,3746.77734375,67,1.8453342914581299,5.140312671661377,4385.680147058823,2085.694199666501,0.1944680606617647,23.06143963425818,-0.0054023394335341755,-121.42064666748047,88.04063415527344,-36.587989807128906,35.20089340209961,-10.826437950134277,1
match5_whistle_0169.mp4,0.09414787590503693,0.005970518104732037,2835.778459834586,-46.16987228393555,4015.9423828125,81,1.829774260520935,5.125536918640137,4906.023667279412,2204.9722993891396,0.2178768382352941,22.654068486200988,-0.005625569621622222,-202.45054626464844,80.83248901367188,3.27610182762146,60.831966400146484,-24.376577377319336,1
match5_whistle_0170.mp4,0.03758428618311882,0.021418726071715355,3743.914847699811,-34.60752868652344,4048.2421875,50,1.8803751468658447,4.6870927810668945,6665.91064453125,2592.8920101946333,0.27958984375,22.598448575587412,-0.018901839515439046,-226.64822387695312,55.012081146240234,17.075313568115234,48.606224060058594,-31.15496253967285,0
match5_whistle_0171.mp4,0.10233335196971893,0.010427243076264858,2589.706435346829,-41.239158630371094,3757.5439453125,77,1.8571258783340454,5.110063552856445,4932.4493408203125,2209.3897440084716,0.197320556640625,22.55892786589588,-0.007499991207028805,-154.2321014404297,91.26771545410156,-10.053418159484863,41.13030242919922,-19.914634704589844,1
match5_whistle_0172.mp4,0.07246928662061691,0.006227103061974049,2758.1027810367195,-42.542781829833984,3940.576171875,63,1.826114535331726,5.199387550354004,5347.321251977848,2284.0658774404537,0.21487465387658228,22.64999655050861,-0.004489714763123931,-210.97177124023438,83.01566314697266,0.7987610101699829,57.321048736572266,-24.448884963989258,1
match5_whistle_0173.mp4,0.08849979937076569,0.0043278406374156475,2311.8251966973403,-44.12278366088867,3768.310546875,71,1.818684697151184,5.257036209106445,4269.57275390625,1989.2907235742812,0.1806919642857143,23.17054482044142,0.001700302985872333,-174.5601348876953,105.92071533203125,-29.933828353881836,49.755271911621094,-13.270343780517578,1
match5_whistle_0174.mp4,0.08665551990270615,0.002261887304484844,2412.536422251309,-49.520233154296875,4069.775390625,74,1.8099464178085327,5.370915412902832,4491.770241477273,2035.1087417065887,0.18959263392857142,23.75344419473159,-0.019761835349164383,-230.68258666992188,99.68782043457031,-4.569250106811523,59.64125442504883,-22.974565505981445,1
match5_whistle_0175.mp4,0.07811874896287918,0.006058945786207914,2288.6966150238213,-44.27848815917969,3692.9443359375,76,1.856887936592102,5.222855091094971,4156.211487676056,2004.5094213624486,0.1809597821302817,22.815084323920246,0.005506041779340839,-170.2040252685547,107.77738189697266,-28.9019832611084,40.42570877075195,-2.8640191555023193,1
match5_whistle_0176.mp4,0.07767600566148758,0.008120814338326454,2969.5627324306265,-47.84690475463867,3972.8759765625,49,1.8354696035385132,5.173359394073486,5197.993920554577,2064.0420685568715,0.22956783670774647,22.766813111285032,-0.015613260337776259,-245.6619415283203,71.22362518310547,-4.093511581420898,54.49152374267578,-19.902681350708008,1
match5_whistle_0177.mp4,0.09315422922372818,0.011767611838877201,2303.597290541358,-42.3370361328125,3746.77734375,65,1.8314955234527588,5.074915885925293,4402.044677734375,2108.7110558715267,0.18458387586805555,21.832364094675462,-0.001209319648666538,-113.06100463867188,108.17938995361328,-32.59164810180664,20.211780548095703,-18.776769638061523,1
match5_whistle_0178.mp4,0.08622526377439499,0.010981067083775997,2509.2928796700658,-43.96238708496094,3736.0107421875,60,1.8496228456497192,5.28334903717041,4392.147472292878,1940.9417267559008,0.21524686591569767,22.406101822793527,-0.007620766547426901,-133.13873291015625,99.3218765258789,-52.36509323120117,18.113719940185547,-19.030960083007812,1
match5_whistle_0179.mp4,0.10008437186479568,0.0016695755766704679,2742.0120923236227,-46.761085510253906,3994.4091796875,70,1.8092883825302124,5.367856979370117,4320.832963423295,1801.896671652857,0.24881813742897727,24.35907063431733,0.003228488637959085,-221.02401733398438,97.3621826171875,-23.165245056152344,59.8641471862793,-22.784822463989258,1
match5_whistle_0180.mp4,0.08668779581785202,0.012989955022931099,2919.2450507477747,-43.167633056640625,4015.9423828125,69,1.8400169610977173,5.1552815437316895,5227.41413522274,2235.241053818391,0.2338607463430851,22.45516956851057,-0.00023121958112110456,-173.05789184570312,77.07953643798828,-13.439967155456543,38.68532180786133,-22.12481117248535,1
match5_whistle_0181.mp4,0.09937462210655212,0.011503656394779682,2264.7042323953524,-41.30153274536133,3682.177734375,59,1.8453702926635742,5.156399726867676,4000.5615234375,1950.878205621998,0.18115931919642858,22.056418895493813,0.004457280801754807,-106.77081298828125,105.0615234375,-50.218658447265625,22.853492736816406,-17.284732818603516,1
match5_whistle_0182.mp4,0.07647377997636795,0.002913394942879677,2808.8876093334907,-49.768497467041016,4026.708984375,66,1.8190133571624756,5.164830684661865,4664.913458573191,2033.9008211395378,0.21832596628289475,22.64164026410388,-0.015232257412174896,-261.3543701171875,75.2331771850586,8.93975830078125,59.64260482788086,-20.588077545166016,1
match5_whistle_0183.mp4,0.11881662905216217,0.010067855007946491,2472.043680295081,-41.431209564208984,3757.5439453125,77,1.8388534784317017,5.04826545715332,4493.553835846657,2091.0688514562617,0.17546329941860464,23.723292852085613,-0.0006175931294019278,-101.3154525756836,98.39112091064453,-39.14276885986328,30.877256393432617,-31.958467483520508,1
match5_whistle_0184.mp4,0.07405803352594376,0.0034138322807848454,2786.3209027598905,-46.3615608215332,3929.8095703125,74,1.8083596229553223,5.047338485717773,4975.3276209677415,2164.332219656097,0.2289251512096774,24.14797246094671,-0.013159936020718108,-228.59996032714844,80.92598724365234,-12.223221778869629,66.9525375366211,-7.229557991027832,1
match5_whistle_0186.mp4,0.08981692045927048,0.010331827215850353,2775.426107415877,-45.71970748901367,3746.77734375,84,1.8191524744033813,5.183309078216553,4805.4066853350905,2059.76937077244,0.22905685240963855,25.06461972681208,0.005350310067805619,-157.54710388183594,87.0625,-44.62131881713867,30.99562644958496,-22.566627502441406,1
match5_whistle_0187.mp4,0.14620287716388702,0.009363275021314621,2297.846444787872,-46.14617156982422,3757.5439453125,82,1.855641484260559,5.1065473556518555,4455.992713341346,2123.9445985786015,0.13497220552884615,23.771657422256002,-0.0011337826994106558,-75.5320053100586,97.37259674072266,-40.3704948425293,13.24371337890625,-23.676959991455078,1
match5_whistle_0188.mp4,0.08458498865365982,0.009684310294687748,2306.024495011538,-41.088111877441406,4037.4755859375,61,1.8794938325881958,5.106161117553711,4352.16796875,2129.139936773666,0.18680245535714285,22.284078985148323,-0.012755912284134195,-137.70465087890625,106.04716491699219,-38.99235916137695,27.474449157714844,-16.33072853088379,1
match5_whistle_0189.mp4,0.09526516497135162,0.005923530086874962,2875.689959232639,-44.21026611328125,3714.4775390625,81,1.9284000396728516,5.116037368774414,5225.084258288872,2241.3133956695797,0.2114793730945122,21.858757530524763,-0.0007987494758408285,-200.76553344726562,68.93522644042969,0.5916897654533386,59.533077239990234,-20.719438552856445,1
match5_whistle_0190.mp4,0.07540743052959442,0.0253027081489563,3195.22194793696,-36.79231643676758,4145.1416015625,70,1.8764744997024536,4.854225158691406,5608.038119612069,2216.512087560115,0.24616109913793102,23.156344771413018,0.001158819772045126,-133.74346923828125,65.86734771728516,-26.914596557617188,39.423587799072266,-25.55224609375,0
match5_whistle_0191.mp4,0.1155124306678772,0.0067151752300560474,2140.7421760885104,-43.89280319213867,3768.310546875,74,1.8628723621368408,5.048536777496338,4027.123084435096,2044.477902145272,0.17340244391025642,22.83497838725266,-0.0026145737512529507,-112.96609497070312,120.37552642822266,-33.24216079711914,27.138065338134766,-21.17892074584961,1
match5_whistle_0192.mp4,0.09290176630020142,0.0019577257335186005,2529.0722986524615,-46.829071044921875,4026.708984375,85,1.8605060577392578,5.276376247406006,4207.246510575457,1931.7019599072207,0.22392459032012196,24.830356713420123,0.005133272409224282,-206.0771484375,102.90253448486328,-16.540403366088867,50.50261306762695,-31.095643997192383,1
match5_whistle_0193.mp4,0.10683377087116241,0.008703320287168026,2485.750137214891,-43.312721252441406,4015.9423828125,67,1.861280083656311,5.082709312438965,4491.035712519779,2078.8394821089846,0.1822957871835443,23.723405232495328,-0.01316263029118462,-134.68817138671875,93.57670593261719,-33.58290100097656,39.179054260253906,-16.956872940063477,1
match5_whistle_0194.mp4,0.0744566023349762,0.006081105209887028,2879.581253647352,-50.08908462524414,4005.17578125,87,1.7924340963363647,5.263129711151123,4914.749184137659,2117.6822578104666,0.2439861056170886,24.03724116294889,-0.011275850161362339,-231.84945678710938,82.93125915527344,-8.21981143951416,48.979618072509766,-31.60602569580078,1
match5_whistle_0195.mp4,0.11594351381063461,0.014182092621922493,2199.5144728746673,-42.50731658935547,4048.2421875,68,1.883549690246582,5.029151916503906,4247.628745549841,2085.6319694983513,0.15238083465189872,21.937531916205856,0.004983437414114317,-92.74220275878906,106.3787841796875,-41.9684944152832,12.532183647155762,-21.560876846313477,1
match5_whistle_0196.mp4,0.0908338874578476,0.006615806836634874,2830.5004078758216,-44.89907455444336,4037.4755859375,88,1.823070764541626,5.225130558013916,4804.41650390625,2020.6255928201228,0.22862955729166667,23.464641622429703,-0.004072855598032938,-181.1738739013672,89.13292694091797,-18.806272506713867,42.708351135253906,-35.51757049560547,1
match5_whistle_0197.mp4,0.1034659743309021,0.00814744085073471,2285.375559066873,-44.45927047729492,4026.708984375,61,1.8945692777633667,5.037114143371582,4272.215833162007,2107.2921975467993,0.15596731085526316,22.157427032060763,-0.00024097584227875734,-133.7796630859375,98.99860382080078,-31.313940048217773,31.094341278076172,-18.248079299926758,1
match5_whistle_0198.mp4,0.0819442942738533,0.013555356301367283,2866.847377946708,-46.15436553955078,3714.4775390625,69,1.7887121438980103,5.1725664138793945,5196.493252840909,2267.5904286213145,0.21765295251623376,22.65526106356309,-0.0317352334592824,-191.88848876953125,79.24244689941406,-15.103994369506836,44.855628967285156,-23.68004035949707,1
match5_whistle_0199.mp4,0.1405254751443863,0.009463180787861347,2169.545584364697,-43.22804641723633,3972.8759765625,64,1.8467497825622559,5.007243633270264,4168.129750844595,2092.968106344903,0.14216242609797297,22.506475976533487,0.014348789152915986,-76.6931381225586,107.52544403076172,-38.685447692871094,15.809464454650879,-22.850557327270508,1
match5_whistle_0200.mp4,0.09192022681236267,0.02463356964290142,2682.3752135224836,-42.66722869873047,4037.4755859375,72,1.8483198881149292,5.013220310211182,4943.881460336538,2170.060469292096,0.2104975103021978,21.891733106148884,-0.013240463671315235,-123.13838958740234,89.34510803222656,-39.86217498779297,23.039783477783203,-18.77980613708496,1
match5_whistle_0201.mp4,0.09351935982704163,0.0025601303204894066,2746.80532671643,-46.186275482177734,3757.5439453125,74,1.8073898553848267,5.324734210968018,4701.3756912745785,2118.0412935493923,0.24360296699438203,23.272956964768046,-0.010974992675801617,-233.4779052734375,89.20989227294922,7.856800079345703,59.4537467956543,-26.420412063598633,1
match5_whistle_0202.mp4,0.0887598842382431,0.004875297658145428,2691.845385380901,-47.45587158203125,4059.0087890625,76,1.8161602020263672,5.261535167694092,4648.934659090909,2072.5335706657393,0.2300882711038961,24.417247480652648,-0.0196809668585689,-217.47564697265625,94.986572265625,-0.9725829362869263,57.26192092895508,-28.77332305908203,1
match5_whistle_0203.mp4,0.10142505168914795,0.02507806196808815,2465.0598689810085,-43.3493766784668,4037.4755859375,73,1.886968970298767,5.1323161125183105,4716.559284489329,2197.9312247294038,0.18542778201219512,22.655287179562762,0.008055312579361784,-105.10160827636719,96.93657684326172,-39.24494934082031,18.091184616088867,-14.780035018920898,1
match5_whistle_0204.mp4,0.03645547479391098,0.02900085039436817,4199.125522695544,-31.08890151977539,4209.7412109375,62,1.8894386291503906,4.7957072257995605,6163.684817394578,2136.126284826889,0.36791109751506024,21.11164596126024,-0.0005344787844023175,-239.84686279296875,22.00446891784668,3.750347375869751,55.889373779296875,-29.77761459350586,0
match5_whistle_0205.mp4,0.09033279865980148,0.009299195371568203,2798.3666390114035,-48.366981506347656,3972.8759765625,62,1.873281717300415,5.184366703033447,4880.19287109375,2111.258434614732,0.22571847098214284,23.43330631348646,-0.0036657893490565276,-210.35963439941406,81.28886413574219,-7.1022162437438965,52.450504302978516,-15.421041488647461,1
match5_whistle_0206.mp4,0.1716066300868988,0.006042622495442629,2019.6804318867644,-44.90555191040039,4026.708984375,75,1.8325709104537964,5.02759313583374,3730.8427734375,1940.562383995381,0.11664713541666667,23.20130525535374,-0.010340896086105554,-70.07561492919922,113.66890716552734,-47.11763000488281,4.405331611633301,-23.211807250976562,1
match5_whistle_0207.mp4,0.1660591959953308,0.004169447347521782,2179.895942268559,-46.875099182128906,4048.2421875,43,1.8692662715911865,5.03052282333374,4205.1055908203125,2036.5164858305175,0.11993408203125,24.853270295082055,-0.009873053309032364,-93.51012420654297,96.90253448486328,-54.10942077636719,4.8983988761901855,-24.50084686279297,1
match5_whistle_0208.mp4,0.0779695212841034,0.0018874466186389327,2363.7557747591904,-49.023067474365234,3746.77734375,78,1.7700989246368408,5.1134467124938965,4211.89453125,1915.8805452184345,0.20609375,24.072442167875373,-0.007774254964808487,-220.409423828125,110.31961059570312,-17.743736267089844,45.1286735534668,-32.604732513427734,1
match5_whistle_0209.mp4,0.13032378256320953,0.00930354930460453,2188.7275612265435,-46.23908615112305,4037.4755859375,41,1.7996118068695068,5.050485134124756,4162.424830386513,2071.5823328040506,0.11680201480263158,23.741514632487785,0.04496374257119495,-93.39705657958984,98.42715454101562,-47.067100524902344,7.701484203338623,-16.858064651489258,1
match5_whistle_0210.mp4,0.10702673345804214,0.007154159713536501,2633.8599603632165,-46.58219528198242,4005.17578125,68,1.9006534814834595,5.306579113006592,4827.854567307692,2119.1674871687765,0.20001377203525642,24.45660537263665,-0.04735285757071729,-133.99163818359375,85.57469940185547,-44.45414352416992,1.4372260570526123,-27.32318878173828,1
match5_whistle_0211.mp4,0.0921061709523201,0.017142262309789658,3024.1760424899758,-46.731056213378906,3703.7109375,66,1.8253990411758423,5.112525463104248,4979.301666544977,1961.0803398812545,0.2475038332359813,22.437156098602895,-0.012997552889462085,-177.94381713867188,76.874755859375,-24.495824813842773,47.1309700012207,-26.183979034423828,1
match5_whistle_0212.mp4,0.0802929699420929,0.0037872393149882555,2723.9148382759536,-46.84718704223633,4005.17578125,76,1.805403232574463,5.165052890777588,4963.4033203125,2113.5501765476115,0.19871168870192307,22.47437570382161,-0.012788229424624455,-243.38877868652344,72.45855712890625,9.694477081298828,61.20809555053711,-21.28367042541504,1
match5_whistle_0213.mp4,0.1109483540058136,0.012651453725993633,2405.906769617319,-41.95635223388672,3983.642578125,67,1.8282815217971802,5.0519914627075195,4631.966585726352,2182.2098180490602,0.1801955764358108,21.993464749845785,-0.02159481500655105,-107.4293212890625,102.77484893798828,-35.042076110839844,33.14027786254883,-17.402509689331055,1
match5_whistle_0214.mp4,0.11819928139448166,0.009916760958731174,2403.772161849574,-44.92800521850586,4048.2421875,84,1.8275315761566162,5.201808452606201,4512.674227627841,2042.1384456865044,0.17368386008522727,22.384595907163863,-0.010394016316167147,-117.79377746582031,104.96537780761719,-32.14923095703125,26.622875213623047,-34.234317779541016,1
match5_whistle_0215.mp4,0.09821681678295135,0.02306564524769783,2828.5864167928376,-39.6706657409668,3606.8115234375,50,1.891667366027832,4.789660453796387,5504.698114809783,2332.79217419715,0.18304177989130435,22.28458404568783,-0.012039396482303955,-112.3372573852539,76.6963119506836,-19.479341506958008,48.15435028076172,-14.303777694702148,0
match5_whistle_0216.mp4,0.17244285345077515,0.008060852065682411,2222.246592530925,-45.86896896362305,3962.109375,62,1.8205994367599487,4.983887672424316,4399.66890142205,2109.6416678057863,0.11626031425561797,24.400643688063493,0.012532528656917313,-73.56324768066406,95.14009857177734,-46.907588958740234,-2.133044719696045,-27.40191650390625,1
match5_whistle_0217.mp4,0.097384512424469,0.008494239300489426,2396.524800990153,-42.612972259521484,3682.177734375,89,1.850872278213501,5.107955455780029,4365.85693359375,1988.188286127588,0.204461669921875,22.802130882757915,-0.009694555481304446,-124.06513977050781,111.0733871459961,-48.508785247802734,23.170568466186523,-27.74886703491211,1
match5_whistle_0218.mp4,0.08183008432388306,0.02218058705329895,2699.4603961915664,-45.674190521240234,3617.578125,68,1.83285391330719,4.788293838500977,4809.290686319041,2087.5764176790512,0.1922351925872093,23.403330023513224,-0.011864253057938515,-139.5908966064453,82.0649642944336,-35.30417251586914,46.847877502441406,-8.37397575378418,0
match5_whistle_0219.mp4,0.12970952689647675,0.014951800927519798,2333.5836643348957,-45.09109878540039,3908.2763671875,36,1.8671501874923706,4.8889617919921875,4628.007368607955,2168.1079652617154,0.13657818418560605,23.62898776715757,-0.0036198372020800136,-97.50506591796875,97.54141998291016,-24.901960372924805,25.325469970703125,-17.696508407592773,0
match5_whistle_0220.mp4,0.13087241351604462,0.008076924830675125,2063.153124714549,-42.53998947143555,4015.9423828125,51,1.863303780555725,5.035590648651123,4264.17236328125,2106.976646970581,0.12890625,22.645681222614297,-0.02988644679169077,-104.46343231201172,110.88729095458984,-30.87948226928711,34.66514587402344,-11.677173614501953,1
match5_whistle_0221.mp4,0.08862323313951492,0.0022748128976672888,2628.9021566078286,-46.809112548828125,4059.0087890625,60,1.8367788791656494,5.140279293060303,4432.347972972973,1905.9332122262788,0.22497228673986486,25.751418199220993,0.023615199292367595,-221.7675018310547,100.35470581054688,-26.981704711914062,42.87553787231445,-26.956621170043945,1
match5_whistle_0222.mp4,0.1881665736436844,0.008938359096646309,2332.1408487663957,-45.90009689331055,4005.17578125,78,1.8394222259521484,5.002463340759277,4693.993585759943,2163.4713961305865,0.11971213600852272,23.950140233497923,-0.009106419232078448,-64.7855453491211,92.44436645507812,-39.85470199584961,12.936904907226562,-21.948755264282227,1
match5_whistle_0223.mp4,0.08405578881502151,0.007103338837623596,2736.0766128330956,-45.47372817993164,3682.177734375,80,1.837689995765686,5.21282434463501,4993.9314057555375,2029.8667590070215,0.20102353639240506,23.32152033668239,-0.022547509900910076,-195.0495147705078,84.90153503417969,-17.651121139526367,58.41754913330078,-18.474853515625,1
match5_whistle_0224.mp4,0.09783580154180527,0.0036012802738696337,1968.9384861645296,-43.09682083129883,4015.9423828125,48,1.8738696575164795,5.0651936531066895,3561.3346840018658,1904.8055186767656,0.13902897621268656,23.095148083142675,-0.008857090972367764,-144.930419921875,124.48226165771484,-38.18192672729492,33.05903244018555,-11.048867225646973,1
match5_whistle_0225.mp4,0.08976563811302185,0.0024350075982511044,2168.762849453789,-44.85260009765625,4123.6083984375,53,1.8451288938522339,5.128132343292236,4306.034055897887,2065.44713557676,0.16624257262323944,23.201623781111454,-0.007890642234989611,-195.92263793945312,110.89569854736328,-9.860674858093262,55.16110610961914,-18.06326675415039,1
match5_whistle_0226.mp4,0.06841505318880081,0.002393800998106599,1844.2457366913172,-44.93566131591797,3639.111328125,53,1.8591362237930298,4.996769428253174,3501.5380859375,1813.6865043031642,0.1320374503968254,23.34112847869136,-0.012282345592909768,-188.44252014160156,131.98260498046875,-30.717689514160156,47.082740783691406,-26.521251678466797,1
match5_whistle_0227.mp4,0.08212217688560486,0.0048084259033203125,2681.101905912455,-47.664520263671875,4080.5419921875,46,1.8851038217544556,5.264191627502441,4778.104440789473,2149.2448088523565,0.22795024671052633,24.37848041433323,0.003338056142892192,-209.77362060546875,95.6565933227539,-5.573546409606934,54.96340560913086,-23.46864128112793,1
match5_whistle_0228.mp4,0.10904111713171005,0.013038285076618195,2536.8209458199494,-40.288936614990234,3951.3427734375,74,1.8335037231445312,4.938955307006836,4941.709421641791,2212.235596283075,0.16875218633395522,22.51105943123703,0.001342445350792788,-109.76885986328125,93.42880249023438,-28.343706130981445,28.388566970825195,-16.93555450439453,0
match5_whistle_0229.mp4,0.10192887485027313,0.009162897244095802,2255.7377929398476,-46.282867431640625,4015.9423828125,81,1.7918314933776855,5.234686851501465,4071.2375217013887,2026.421409233234,0.1890673225308642,22.433027848391987,-0.006914096796319293,-111.72078704833984,113.20738220214844,-40.34086227416992,26.345598220825195,-26.835256576538086,1
match5_whistle_0230.mp4,0.16631360352039337,0.008454252034425735,2130.052174225029,-45.178077697753906,3972.8759765625,72,1.8606456518173218,5.076137542724609,3840.0034466911766,1942.7977760300428,0.1473288143382353,24.072466090992872,-0.005479715007729371,-74.14947509765625,109.15367889404297,-48.44749450683594,12.469340324401855,-18.405567169189453,1
match5_whistle_0231.mp4,0.12144551426172256,0.0066621010191738605,2174.165561780463,-46.78742218017578,3972.8759765625,74,1.8632028102874756,5.198451042175293,4008.563026685393,2003.0679723302242,0.1543188202247191,22.52569299304821,-0.006616738191602352,-125.16645812988281,113.84391784667969,-36.196449279785156,8.038199424743652,-32.471588134765625,1
match5_whistle_0232.mp4,0.09639951586723328,0.0064728278666734695,3158.5421402611823,-42.10183334350586,4026.708984375,54,1.8382296562194824,5.399785041809082,5329.4677734375,2096.8894790926975,0.2749837239583333,23.673115452921998,-0.005563913288228449,-191.63710021972656,76.52661895751953,-14.922938346862793,45.92801284790039,-38.230098724365234,1
match5_whistle_0233.mp4,0.041946955025196075,0.024600237607955933,2740.2912951984677,-37.076297760009766,3897.509765625,43,1.8926995992660522,4.682320594787598,5276.139450073242,2267.3084537518926,0.180572509765625,22.28807844640537,-0.005459462984107888,-187.2013702392578,85.69564056396484,-20.192739486694336,39.045814514160156,-16.2193603515625,0
match5_whistle_0234.mp4,0.0691947191953659,0.00209976639598608,2860.0133685324836,-50.56153106689453,4080.5419921875,71,1.7893770933151245,5.134095191955566,4719.406960227273,2053.0749078427516,0.26152851055194803,24.685010758710646,0.016885095165175036,-271.6500244140625,81.44169616699219,-9.76760196685791,59.62049102783203,-18.880779266357422,1
match5_whistle_0235.mp4,0.08846858888864517,0.0073360661044716835,2338.331230415572,-45.978477478027344,4015.9423828125,69,1.8207528591156006,5.185492992401123,4082.4995561079545,2016.531713203044,0.21296672077922077,22.727044789857203,0.013611494535880364,-137.10472106933594,112.83208465576172,-40.03188705444336,21.15671157836914,-21.208694458007812,1
match5_whistle_0236.mp4,0.09959235042333603,0.004401463083922863,2576.7840300925773,-47.07562255859375,4059.0087890625,56,1.817549228668213,5.198912620544434,4125.4500539679275,1813.2763620364656,0.20688348067434212,23.940011441986446,-0.0010939670404017568,-179.2200164794922,96.104736328125,-41.437129974365234,16.135211944580078,-27.78120231628418,1
match5_whistle_0237.mp4,0.08460412919521332,0.018677247688174248,3267.0004198253882,-39.020782470703125,3908.2763671875,42,1.8891527652740479,4.841708183288574,5759.089906754032,2291.254059871902,0.23239037298387097,23.208773330236003,-0.003512700753948529,-152.02992248535156,52.2590446472168,-17.99930763244629,54.438446044921875,-6.756139278411865,0
match5_whistle_0238.mp4,0.09131009131669998,0.007906169630587101,2454.454390191348,-46.24968719482422,3746.77734375,51,1.7946408987045288,5.086321830749512,4818.6181640625,2245.794646475313,0.18238002232142858,22.50565028444202,-0.006222507353722976,-166.7476043701172,92.63350677490234,-15.408214569091797,48.3797721862793,-11.183938980102539,1
match5_whistle_0239.mp4,0.060259755700826645,0.008895103819668293,3125.594996536867,-46.358821868896484,4048.2421875,64,1.8630130290985107,5.2717437744140625,4978.243771114865,2062.6125814052607,0.28279402449324326,23.416794241200165,-0.009722460726505457,-265.4532775878906,78.61138153076172,-7.33519172668457,47.16523361206055,-26.302480697631836,1
match5_whistle_0240.mp4,0.04473194479942322,0.03925686329603195,3474.471209318078,-34.301021575927734,3929.8095703125,40,1.8627077341079712,4.759327411651611,6174.814224243164,2313.184587226235,0.2813873291015625,22.30455762098539,0.0036142694974045874,-171.94583129882812,59.1113395690918,-12.581022262573242,52.23601531982422,-23.777851104736328,0
match5_whistle_0241.mp4,0.1038946583867073,0.009332938119769096,2265.1099402100504,-44.77760696411133,4328.173828125,48,1.856825351715088,4.810689449310303,4786.334134615385,2189.3585370592605,0.1227764423076923,22.84306032523072,-0.0021282630882625245,-121.28152465820312,104.94642639160156,-25.42019271850586,33.832763671875,-10.709959030151367,0
match5_whistle_0242.mp4,0.04790049046278,0.027992021292448044,3752.6504506474803,-32.5533332824707,4037.4755859375,43,1.8431174755096436,4.783205509185791,6261.85546875,2476.8762655287887,0.27744140625,21.836782634673604,0.0050939909831868345,-195.4730987548828,47.2824821472168,18.457246780395508,51.306758880615234,-28.04401397705078,0
match5_whistle_0243.mp4,0.1293773055076599,0.012018060311675072,2702.1159190714347,-41.99409866333008,3639.111328125,54,1.958087682723999,4.801602363586426,5515.799442414314,2377.5233395956866,0.168701171875,22.733828552745795,0.009143693921457724,-108.63665008544922,84.39054870605469,-8.985466957092285,41.06755828857422,-23.953365325927734,0
match5_whistle_0244.mp4,0.12497501075267792,0.006690158974379301,2225.151357867841,-43.30131912231445,3994.4091796875,70,1.826879858970642,5.121259689331055,4343.504532523777,2077.4014839249808,0.16152025305706522,22.812105815711977,0.010750268840892217,-114.1186752319336,110.49649810791016,-31.750621795654297,29.96979522705078,-22.42270851135254,1
match5_whistle_0245.mp4,0.0684824287891388,0.007627313025295734,2919.1812019085987,-49.585086822509766,4037.4755859375,69,1.8125840425491333,5.110537052154541,5117.191129117398,2121.922852801786,0.24800068623310811,23.76445160685469,0.006980048482066666,-247.79885864257812,81.75431823730469,-3.809142589569092,51.201290130615234,-22.543746948242188,1
match5_whistle_0246.mp4,0.1561547964811325,0.008002407848834991,2046.5506025218856,-48.65434646606445,3736.0107421875,41,1.7907532453536987,5.041646957397461,3885.5165892009495,1929.7538869202147,0.11554341376582279,23.29539384459617,0.003091406277888485,-109.32027435302734,111.21574401855469,-36.276390075683594,18.70844268798828,-23.94346809387207,1
match5_whistle_0247.mp4,0.05449029430747032,0.004677561577409506,3166.198656256599,-49.646121978759766,4005.17578125,83,1.764880657196045,5.029493808746338,5126.231553819444,2084.584229706932,0.27621045524691357,23.55540455657869,-0.0033954528715001327,-307.0213623046875,72.86701965332031,0.9274708032608032,57.07402038574219,-24.294981002807617,1
match5_whistle_0248.mp4,0.12226516008377075,0.006441772915422916,2252.700517417581,-48.57013702392578,4005.17578125,75,1.8490744829177856,5.124249458312988,4047.1088610197367,1984.6268329631862,0.16233424136513158,23.387444466168752,-0.00577077880698424,-124.63675689697266,109.25929260253906,-37.22483825683594,26.4010066986084,-23.580698013305664,1
match5_whistle_0249.mp4,0.05577684938907623,0.009505502879619598,2407.033814104202,-40.7353401184082,3660.64453125,68,1.8345372676849365,5.099181175231934,4210.499422315141,1983.7256954884256,0.2138121698943662,22.6112514839948,-0.0054563550493932555,-180.93771362304688,102.8772964477539,-57.5567512512207,7.958380699157715,-23.142316818237305,1
match5_whistle_0250.mp4,0.08906170725822449,0.01354861818253994,2482.6024586938784,-41.351966857910156,4274.3408203125,44,1.9229339361190796,4.627060890197754,4911.589050292969,2259.6957409510624,0.15599822998046875,22.576517287961625,0.013827888216485005,-129.00022888183594,95.84696960449219,-23.857669830322266,38.654422760009766,-12.02526569366455,0
match5_whistle_0251.mp4,0.07735246419906616,0.02029857225716114,2905.990508232581,-43.60513687133789,3940.576171875,53,1.9138567447662354,4.971665382385254,5140.735581341912,2148.7154585654994,0.23302025888480393,22.882588251907233,-0.0051309202915759845,-143.43905639648438,78.21807861328125,-36.549591064453125,34.45084762573242,-21.877666473388672,1
match5_whistle_0252.mp4,0.07183437049388885,0.015097691677510738,3408.6099791665206,-47.716426849365234,3962.109375,73,1.8559951782226562,5.172816753387451,5533.458984375,2171.288818886859,0.289140625,23.009320140748407,-0.010384947298173408,-249.84005737304688,52.9217529296875,-0.2980349659919739,66.6045150756836,-18.540307998657227,1
match5_whistle_0253.mp4,0.06017123907804489,0.026171425357460976,3146.004810031217,-36.39122772216797,4026.708984375,57,1.890340805053711,4.7290825843811035,5941.063262195122,2431.74980997895,0.21729706554878048,22.404703376495398,-0.00830344029661821,-159.9761962890625,67.59606170654297,-13.66761302947998,46.242679595947266,-9.352558135986328,0
match5_whistle_0254.mp4,0.07815777510404587,0.007825959473848343,2261.166950822544,-45.98585891723633,3725.244140625,63,1.8025685548782349,5.098112106323242,4209.5916748046875,2021.734434354263,0.19179280598958334,23.333018593014703,0.0006312189619626796,-173.25347900390625,107.72594451904297,-34.15898895263672,39.103031158447266,-11.141517639160156,1
match5_whistle_0255.mp4,0.08259019255638123,0.004535566084086895,2603.3278051000684,-45.52434158325195,3768.310546875,51,1.9305548667907715,5.2297539710998535,4632.839553420608,2155.356989257421,0.21662531672297297,24.323141847122415,-0.01760713509206173,-187.6719207763672,105.2026596069336,-14.281322479248047,36.1835823059082,-24.600933074951172,1
match5_whistle_0256.mp4,0.11340928077697754,0.004971811082214117,2099.0301844840233,-45.04600143432617,4069.775390625,61,1.8122565746307373,4.9883246421813965,4167.6796875,2110.7765740859463,0.13698567708333334,24.231201299548182,0.00803355540959089,-144.3179473876953,112.94908905029297,-11.102417945861816,31.19370460510254,-34.34334182739258,1
match5_whistle_0257.mp4,0.0821295753121376,0.00886480137705803,2569.188144962584,-46.00790023803711,3951.3427734375,74,1.8006399869918823,5.138422012329102,4785.75439453125,2020.4373330108833,0.2039513221153846,23.448057931964183,0.0038599005855865227,-161.96055603027344,87.99128723144531,-50.2063102722168,30.291933059692383,-18.099609375,1
match5_whistle_0258.mp4,0.10752686113119125,0.007796782068908215,2258.8170679265013,-44.950740814208984,4059.0087890625,54,1.8496837615966797,5.106998920440674,3997.8600135216348,1936.3685346106884,0.17590019030448717,22.966064012832895,-0.000767587609264704,-126.03386688232422,107.87964630126953,-50.29817199707031,28.36355972290039,-10.474968910217285,1
match5_whistle_0259.mp4,0.07579416036605835,0.005943874828517437,2348.4018886717877,-44.12236785888672,3682.177734375,59,1.8744800090789795,5.070498943328857,4723.846435546875,2232.879604787388,0.16997931985294118,22.046471279580278,-0.03740284332403367,-196.36813354492188,92.4262466430664,-15.581426620483398,40.253387451171875,-8.146767616271973,1
match5_whistle_0260.mp4,0.060910437256097794,0.014788271859288216,3446.3128043422807,-37.534854888916016,3886.7431640625,36,1.8396313190460205,4.752208232879639,6180.029296875,2561.317583836648,0.24197137551229508,23.194769080234845,0.01654443462272978,-194.6357879638672,59.71202850341797,9.102086067199707,55.39106750488281,-19.17605209350586,0
match5_whistle_0261.mp4,0.10686258226633072,0.016624389216303825,3522.8495930500735,-42.540348052978516,3714.4775390625,66,1.910412073135376,4.748077392578125,6143.274346713362,2460.7893995776813,0.26134832974137934,21.857560101547367,-2.007774486236995e-05,-164.7903289794922,53.28546905517578,10.902544975280762,45.91206741333008,-26.029720306396484,0
match5_whistle_0262.mp4,0.10987842828035355,0.007544275373220444,2289.8121190689176,-44.56108856201172,3994.4091796875,68,1.8209606409072876,5.026493072509766,4368.775590643825,2112.023217579213,0.15528520331325302,23.11900264192156,-0.007168630327550208,-130.0464324951172,107.79667663574219,-26.8027400970459,31.610260009765625,-23.510456085205078,1
match5_whistle_0263.mp4,0.08502115309238434,0.0019072762224823236,2564.596963440509,-48.14380645751953,3757.5439453125,76,1.8514994382858276,5.16534423828125,4800.814008109177,2131.501212870398,0.1914927808544304,22.298551452891456,-0.03225932581756567,-278.02337646484375,70.55903625488281,9.218673706054688,66.51400756835938,-13.042981147766113,1
match5_whistle_0265.mp4,0.08743361383676529,0.03603197634220123,2889.439084793881,-41.20085144042969,3972.8759765625,63,1.8505029678344727,5.067546367645264,5104.39453125,2329.758400548738,0.2515462239583333,21.6365640270782,0.002957069229180479,-140.46351623535156,85.39471435546875,-15.061002731323242,33.431697845458984,-30.112510681152344,1
match5_whistle_0266.mp4,0.08319545537233353,0.0031981072388589382,2538.404260232001,-47.006004333496094,4005.17578125,75,1.8430222272872925,5.231857776641846,4493.310216955237,1976.6815496185106,0.21661211993243243,23.51942697597655,-0.016324289237845638,-194.24075317382812,108.76935577392578,-18.252756118774414,42.75502014160156,-37.280696868896484,1
match5_whistle_0267.mp4,0.09893251955509186,0.010134132578969002,2244.3667534545275,-41.21316146850586,4048.2421875,75,1.8664058446884155,5.0471272468566895,4126.9211989182695,2030.6140385005879,0.15709510216346154,22.520347122599606,-0.003220317234876446,-126.04105377197266,107.37671661376953,-36.28281784057617,20.60817527770996,-16.863100051879883,1
match5_whistle_0268.mp4,0.08448448777198792,0.004588113632053137,2569.971293767391,-46.83351516723633,3692.9443359375,85,1.847238540649414,5.052722930908203,5010.558309434336,2209.48420570869,0.17669600474683544,22.15964776355597,-0.0018914651603941352,-251.51312255859375,72.13640594482422,-1.0581070184707642,67.7380599975586,-2.547684669494629,1
match5_whistle_0269.mp4,0.08041137456893921,0.01014059130102396,2546.9147028891603,-46.76567077636719,4091.30859375,59,1.8390696048736572,5.185159206390381,4824.6337890625,2299.013627736658,0.19734022352430555,22.918650118541777,-0.0033330404838966166,-216.24752807617188,87.68901824951172,4.780655384063721,55.20298767089844,-21.65703582763672,1
match5_whistle_0270.mp4,0.07529021799564362,0.004255547188222408,2581.2196519106647,-47.99043273925781,4091.30859375,69,1.8710737228393555,4.980799198150635,4700.863882211538,2016.9595511584967,0.2003330328525641,23.476956745425117,-0.009816780103431205,-232.28257751464844,92.1125259399414,-18.967599868774414,31.675321578979492,-22.734132766723633,1
match5_whistle_0271.mp4,0.10492971539497375,0.006334605161100626,2378.364308455476,-44.007755279541016,4005.17578125,60,1.8814929723739624,5.019518852233887,4549.874834947183,2140.015363326053,0.1626526738556338,23.215896109417972,0.005323108294125443,-141.736328125,94.58985900878906,-25.603397369384766,35.827213287353516,-12.390789985656738,1
match5_whistle_0272.mp4,0.04399214684963226,0.005298158153891563,2649.0299658750578,-44.65361785888672,3994.4091796875,30,1.851067066192627,5.175497531890869,4032.8818359375,1932.9822088471824,0.246015625,22.953954707320467,-0.014738353817559122,-250.66671752929688,104.95267486572266,-31.508493423461914,31.096773147583008,-31.7463321685791,1
match5_whistle_0273.mp4,0.09788874536752701,0.0029446124099195004,2848.2469334720095,-45.34913635253906,4005.17578125,74,1.8013845682144165,5.457409858703613,4678.036113850121,1988.3266691906085,0.2702897451456311,23.76770312041959,0.0025077646838056267,-189.82530212402344,97.25362396240234,-21.50455093383789,35.44998550415039,-43.85670471191406,1
match5_whistle_0274.mp4,0.07758830487728119,0.006031008902937174,3162.241917205236,-46.64241027832031,3746.77734375,80,1.8417129516601562,5.097386837005615,5219.569657488567,2058.3151952174667,0.25390625,22.16869534570301,-0.0010419870520004368,-272.78057861328125,56.58973693847656,3.27549409866333,63.63330841064453,-19.110309600830078,1
match5_whistle_0275.mp4,0.09607201814651489,0.010056370869278908,2903.3925587990716,-47.454383850097656,3779.0771484375,67,1.8354991674423218,5.2260355949401855,4980.5588942307695,2115.852675149224,0.2340369591346154,22.90982105783952,-0.006958001989463928,-184.58651733398438,80.37605285644531,-5.152206897735596,50.41694259643555,-27.493566513061523,1
match5_whistle_0276.mp4,0.09965094923973083,0.014738614670932293,2764.457446901528,-41.96708679199219,3994.4091796875,44,1.781685709953308,5.1451592445373535,4878.7888746995195,2142.513621323872,0.22249974959935898,22.384256101507333,-0.013302223840594502,-124.07112884521484,83.23045349121094,-34.032135009765625,40.86557388305664,-22.03949737548828,1
match5_whistle_0277.mp4,0.10584527254104614,0.0032168973702937365,2258.8303240658897,-47.090518951416016,4037.4755859375,81,1.8719894886016846,5.254901885986328,4158.0615234375,1950.6116396318023,0.19088134765625,23.265460010739424,-0.007200414548892058,-163.80215454101562,115.7711181640625,-17.132455825805664,34.74138259887695,-30.39724349975586,1
match5_whistle_0278.mp4,0.1026788130402565,0.014010046608746052,2486.4097945292224,-43.74894332885742,4059.0087890625,65,1.8187376260757446,5.091852188110352,4819.382546164773,2180.9813324232896,0.19183111810064934,22.42135408950849,-0.008605845999447385,-143.6219024658203,97.04930114746094,-27.046730041503906,41.921451568603516,-14.725461959838867,1
match5_whistle_0279.mp4,0.10828670114278793,0.015511486679315567,2646.1004445531166,-42.36745834350586,3746.77734375,56,1.8913339376449585,4.98567008972168,4770.743267352765,2135.2782234408055,0.1781005859375,22.612851931334678,0.0029258133420006715,-129.6981964111328,87.1695556640625,-19.697492599487305,30.4036865234375,-33.57847595214844,0
match5_whistle_0280.mp4,0.08920048922300339,0.01560202520340681,2705.3249563186,-41.301422119140625,4005.17578125,80,1.8264460563659668,5.038930892944336,4930.714361351656,2238.076113412055,0.20798428087349397,21.756709919950158,-0.011011446466864121,-126.24214935302734,80.61268615722656,-32.10289001464844,39.56296920776367,-7.6708550453186035,1
match5_whistle_0281.mp4,0.08225581049919128,0.0037449027877300978,2512.146621736951,-46.30745315551758,3757.5439453125,81,1.8164516687393188,5.157721519470215,4433.9556884765625,1982.3864221721476,0.2117919921875,23.24350046120155,-0.003790761339144676,-190.55615234375,101.34162139892578,-18.088043212890625,48.298133850097656,-25.785802841186523,1
match5_whistle_0282.mp4,0.09528521448373795,0.011737724766135216,2575.4553501951686,-44.34499740600586,3994.4091796875,66,1.8159359693527222,5.050240993499756,4051.266513781601,1870.9394797412867,0.22296348314606743,22.344104806080203,0.010076261069617135,-128.2310333251953,96.583984375,-57.41571807861328,34.89556121826172,-13.868066787719727,1
match5_whistle_0283.mp4,0.021656159311532974,0.010911859571933746,2222.397119929644,-36.01338577270508,4188.2080078125,49,1.8847744464874268,4.5993499755859375,4174.886619438559,2004.7806037674734,0.1504733845338983,22.336609241816348,0.00752123905253896,-247.44654846191406,116.4417724609375,-37.09545135498047,37.29059600830078,-11.017631530761719,0
match5_whistle_0284.mp4,0.06648380309343338,0.002778188092634082,2596.7228097193365,-47.922611236572266,4069.775390625,67,1.7926546335220337,5.280496597290039,4325.18310546875,1854.2628491699475,0.21287706163194445,23.910952827508286,0.019479268184350685,-239.85086059570312,97.11690521240234,-20.581295013427734,49.93689727783203,-25.17013931274414,1
match5_whistle_0285.mp4,0.10329743474721909,0.004524066112935543,2338.634213584663,-42.309364318847656,4048.2421875,70,1.8677208423614502,5.176510810852051,4196.103515625,1944.2057480929395,0.18125651041666666,24.295734018797567,0.010601567898615263,-142.06666564941406,103.58980560302734,-45.481014251708984,20.72844123840332,-24.928037643432617,1
match5_whistle_0286.mp4,0.07525590807199478,0.0073059177957475185,2636.786542408322,-48.93189239501953,4015.9423828125,59,1.8501914739608765,5.019443511962891,4515.778173159247,2060.782253898491,0.22660932148972604,23.625544762986987,0.001740282875670936,-229.17214965820312,93.84716796875,-1.3684959411621094,56.6231689453125,-16.205167770385742,1
match5_whistle_0287.mp4,0.0846712589263916,0.004179007839411497,3260.37790346444,-46.60541534423828,3983.642578125,76,1.814146637916565,5.373044490814209,5245.465850830078,2045.7462529390568,0.2910105387369792,23.953974533091184,-0.008744745035180291,-260.5299072265625,72.60169982910156,15.418034553527832,56.36228942871094,-49.38227844238281,1
match5_whistle_0288.mp4,0.07947427779436111,0.0037837265990674496,2678.8435568549207,-47.20573806762695,4026.708984375,87,1.8163487911224365,5.332154750823975,4737.166654146635,2040.019269701755,0.2364783653846154,24.100201845379264,0.009378036726165788,-230.0205078125,91.05327606201172,-7.303430080413818,62.513916015625,-26.029178619384766,1
match5_whistle_0289.mp4,0.10222733020782471,0.0265129953622818,2930.4475946715747,-39.63514709472656,3736.0107421875,79,1.872631549835205,4.927414894104004,5295.210404829545,2313.482109753049,0.21328519570707072,21.49120312548918,-0.00336969697120233,-128.0540008544922,71.699951171875,-20.29685401916504,48.82801055908203,-13.141295433044434,1
match5_whistle_0290.mp4,0.07424866408109665,0.003107818542048335,2869.6847860733924,-52.905094146728516,3714.4775390625,81,1.7457301616668701,5.042802333831787,5078.114149305556,2092.19016047145,0.22244526427469136,22.843478710587426,-0.013795301353638637,-269.1369323730469,68.0645751953125,5.288180351257324,57.01161193847656,-19.4683837890625,1
match5_whistle_0291.mp4,0.10789542645215988,0.011241675354540348,2876.2348515041654,-41.65654373168945,3692.9443359375,45,1.9336880445480347,4.870229721069336,5265.380859375,2365.2294778159176,0.2060391865079365,23.173205897300303,-0.0030388873941783272,-152.7714080810547,81.04369354248047,2.2422258853912354,47.46042251586914,-26.01329231262207,1
match5_whistle_0292.mp4,0.08373990654945374,0.008776050060987473,2583.787873335207,-40.29668045043945,3919.04296875,64,1.8618286848068237,5.150511741638184,4712.3321533203125,2165.1403889639155,0.19542100694444445,23.280781710540836,0.003459224182385695,-161.53933715820312,94.66324615478516,-20.258872985839844,46.67271423339844,-27.57292938232422,1
match5_whistle_0293.mp4,0.06988351047039032,0.0026206597685813904,2755.9194018410153,-45.1473274230957,3714.4775390625,72,1.9133740663528442,5.079634666442871,4876.252045502534,2025.4458960394318,0.23182801942567569,22.726875982573244,-0.01970530559857392,-247.9528350830078,82.45746612548828,-8.399203300476074,60.79934310913086,-15.392060279846191,1
match5_whistle_0294.mp4,0.12032085657119751,0.011083858087658882,2426.027813570005,-45.84092330932617,4069.775390625,32,1.8708609342575073,4.767453193664551,4887.278897997359,2296.7534941801664,0.1399716659330986,23.039482731184563,-0.014284527071982299,-122.55976104736328,100.1799545288086,-22.37350845336914,10.118996620178223,-30.29220962524414,0
match5_whistle_0295.mp4,0.08025853335857391,0.009363558143377304,2396.1020293611537,-43.748008728027344,3725.244140625,61,1.8618292808532715,5.082616329193115,4209.450221706081,2082.3388047656663,0.1939598289695946,22.10261952544363,0.004709070591514061,-171.01768493652344,104.25978088378906,-31.406982421875,41.488609313964844,-16.25063133239746,1
match5_whistle_0296.mp4,0.08037050068378448,0.007197162602096796,3266.210999045365,-46.6258659362793,4015.9423828125,68,1.802369475364685,5.276824951171875,5256.084883840461,2072.867359900951,0.27619371916118424,23.300164555598503,-0.005367273084606529,-261.388916015625,60.676841735839844,7.0325798988342285,61.6663932800293,-25.1599178314209,1
match5_whistle_0297.mp4,0.0782567709684372,0.015260199084877968,2415.8099389790714,-45.35043716430664,4005.17578125,59,1.8147051334381104,5.093242645263672,4208.342950994318,1983.590713242251,0.2072658786525974,21.93653988218691,0.007887828916712615,-140.96157836914062,106.07699584960938,-48.51463317871094,22.021751403808594,-15.583088874816895,1
match5_whistle_0298.mp4,0.07463432103395462,0.0016745022730901837,2711.9961523691,-50.7381477355957,4069.775390625,74,1.8094217777252197,5.095966339111328,4443.206465871711,2005.8133639366356,0.23892372532894737,24.973681141845063,0.001115202994386813,-260.0710144042969,95.637451171875,3.6071019172668457,45.599300384521484,-35.821712493896484,1
match5_whistle_0299.mp4,0.0777193084359169,0.004520229995250702,2723.266386685917,-43.06682205200195,4005.17578125,58,1.808433175086975,5.219563007354736,5083.585510253906,2348.7446256743838,0.197705078125,22.352115705542804,-0.0007840952757887726,-220.2620849609375,78.78572082519531,6.274232387542725,59.462677001953125,-18.68076515197754,1
match5_whistle_0300.mp4,0.05989985540509224,0.004874751437455416,3148.006143010208,-47.698062896728516,4005.17578125,70,1.8081496953964233,5.289727210998535,5211.314808238636,2144.6719894536623,0.2671595982142857,24.372105833386954,-0.019868174733137782,-285.9686279296875,66.55723571777344,7.034151077270508,65.02658081054688,-21.901716232299805,1
match5_whistle_0301.mp4,0.08677355945110321,0.02433290146291256,3489.5655266471013,-36.59600830078125,3671.4111328125,89,1.851245641708374,4.71412992477417,6010.741668051862,2257.741506614164,0.26502763464095747,22.95986188114986,-0.0006526059614314164,-143.2298583984375,49.11298370361328,-6.54117488861084,54.720298767089844,-23.14900016784668,0
match5_whistle_0302.mp4,0.08256461471319199,0.00833536684513092,2727.368333373432,-42.52125549316406,3725.244140625,67,1.857991099357605,5.021882057189941,5147.815880408654,2313.1813885413635,0.21953041533119658,22.941791071200132,-0.00973554051606653,-184.1104736328125,96.10993957519531,1.4077578783035278,44.728763580322266,-33.268131256103516,1
match5_whistle_0303.mp4,0.054178379476070404,0.02724890597164631,2897.4382309219086,-36.46510696411133,3703.7109375,58,1.8027782440185547,4.725805282592773,5157.0526123046875,2172.8949580658527,0.2205268012152778,21.49984710544615,0.0027445612052065045,-151.27993774414062,77.31845092773438,-42.043914794921875,26.92156219482422,-9.775650024414062,0
match5_whistle_0304.mp4,0.05874946713447571,0.004449567291885614,2830.023193130089,-50.558502197265625,3994.4091796875,65,1.7897528409957886,5.1374311447143555,5069.704555457746,2030.8623236473936,0.24840448943661972,23.963183612827535,-0.008729577534191417,-268.1966247558594,87.97701263427734,-2.2525951862335205,49.30377960205078,-27.99704360961914,1
match5_whistle_0305.mp4,0.09376877546310425,0.003846437204629183,1920.9978594928323,-45.72153854370117,3983.642578125,75,1.7719649076461792,5.066891193389893,3471.3560362119933,1818.05635956918,0.1408493454391892,23.18509073868037,0.0006418158722515018,-139.0286102294922,128.077392578125,-51.416080474853516,30.862756729125977,-10.8803129196167,1
match5_whistle_0306.mp4,0.0976053923368454,0.0028208910953253508,2510.0963774698753,-47.126991271972656,4015.9423828125,73,1.8634469509124756,5.234358310699463,4031.015625,1794.7332895656534,0.223980712890625,24.15204182974801,-0.02045481696202265,-171.8132781982422,104.4604263305664,-41.283180236816406,49.66606140136719,-20.28367805480957,1
match5_whistle_0307.mp4,0.11304911971092224,0.006689237430691719,2580.48884834846,-43.78840637207031,4026.708984375,59,1.8660279512405396,5.115767955780029,4539.031427556818,2075.9789075315243,0.19406960227272727,22.684355245995953,0.003990315301825478,-146.8594207763672,94.72229766845703,-10.794157981872559,37.60909652709961,-26.792667388916016,1
match5_whistle_0308.mp4,0.07573987543582916,0.0026437153574079275,2472.838891814592,-49.99378204345703,4059.0087890625,66,1.8370394706726074,5.062302112579346,4569.611180971747,1984.8457797190636,0.19780072773972604,25.052944747235717,-0.001380359347058947,-231.0686492919922,99.1235122680664,-16.15118408203125,51.914180755615234,-16.744661331176758,1
match5_whistle_0309.mp4,0.09036576002836227,0.013903805986046791,2838.712459374712,-45.69598388671875,4037.4755859375,79,1.833503007888794,5.151644706726074,4925.387912326389,2006.0778198439523,0.24043330439814814,23.130935064200493,-0.004609066875696158,-149.2386474609375,86.27184295654297,-39.885318756103516,32.80750274658203,-22.25299644470215,1
match5_whistle_0310.mp4,0.10417161881923676,0.015813322737812996,2439.6891677816484,-42.249393463134766,3994.4091796875,64,1.8297991752624512,5.056623458862305,4516.8585205078125,2134.25433480101,0.1793701171875,22.539519776408614,-0.013033009970653412,-123.3565444946289,95.4098892211914,-34.08949661254883,39.92327880859375,-13.154728889465332,1
match5_whistle_0311.mp4,0.08059429377317429,0.002304276218637824,2455.9285302997478,-44.189388275146484,3994.4091796875,83,1.8480112552642822,5.169525146484375,4720.616455078125,2161.5677104598853,0.182904052734375,22.74490335183543,-0.03072278003265545,-266.97772216796875,83.69206237792969,15.595420837402344,64.17967224121094,-21.25838851928711,1
match5_whistle_0312.mp4,0.0946165919303894,0.007799999322742224,2342.8561285700202,-46.62925338745117,4015.9423828125,59,1.8202685117721558,5.1158599853515625,3892.724609375,1884.0136043643276,0.1914183063271605,22.229414550080154,-0.019223945880133205,-136.9996337890625,103.80316925048828,-50.652984619140625,37.57676696777344,-7.329136371612549,1
match5_whistle_0313.mp4,0.0893651694059372,0.02399582788348198,2992.677922334903,-44.892059326171875,4015.9423828125,71,1.8763477802276611,5.09141731262207,5118.224325059336,2069.3470758569706,0.24738553204113925,21.78381458454126,-0.010154520197043262,-147.31690979003906,68.34561920166016,-42.15165710449219,24.994657516479492,-8.862321853637695,1
match5_whistle_0314.mp4,0.11118590831756592,0.018515830859541893,2762.300669093672,-40.702110290527344,4015.9423828125,87,1.8463526964187622,4.869387149810791,4913.876953125,2171.0573854198965,0.20365668402777778,22.786671076144135,-0.0062154626781461796,-111.16549682617188,86.12813568115234,-28.096216201782227,32.046714782714844,-17.54471206665039,0
match5_whistle_0315.mp4,0.08576887100934982,0.006403336301445961,2414.663681888498,-45.521976470947266,4048.2421875,74,1.8702038526535034,5.23919153213501,4440.256911057692,2015.871031792342,0.19250175280448717,24.36319635866256,-0.007517637951161062,-158.50408935546875,108.00765228271484,-29.872987747192383,34.21870422363281,-26.237640380859375,1
match5_whistle_0316.mp4,0.10354447364807129,0.01656930521130562,2477.727257014843,-40.636749267578125,3746.77734375,71,1.8395419120788574,4.913247108459473,4545.959009098101,2144.9939779710035,0.17393319818037975,21.990731292999854,0.01847998119761653,-107.69647216796875,93.50941467285156,-33.79958724975586,23.083885192871094,-18.455909729003906,1
match5_whistle_0317.mp4,0.09642133861780167,0.0033173642586916685,2957.8956754968895,-45.355594635009766,3682.177734375,86,1.870431900024414,5.108115196228027,5111.444091796875,2027.013769979008,0.232305908203125,23.403588677365864,-0.0026581915796238093,-224.4813232421875,61.90497589111328,-4.175699710845947,65.23931884765625,-11.993219375610352,1
match5_whistle_0318.mp4,0.06947945803403854,0.025117168202996254,3891.957026452172,-42.26032638549805,3994.4091796875,45,1.9921655654907227,4.498332977294922,6525.5859375,2493.5781180172835,0.2802191840277778,21.33360820343828,0.01126613008126327,-182.29115295410156,37.86741638183594,13.407217025756836,49.15679931640625,-24.243383407592773,0
match5_whistle_0319.mp4,0.09491413086652756,0.022605229169130325,3313.1112926860633,-37.76875305175781,3682.177734375,76,1.8807313442230225,4.693901062011719,5932.733917236328,2372.6604848136312,0.22132492065429688,21.537692496455687,-0.0011176581401434633,-129.50091552734375,57.347904205322266,-7.964466094970703,37.91332244873047,-28.22320556640625,0
match5_whistle_0320.mp4,0.09247657656669617,0.014207535423338413,2405.385348105794,-44.4002685546875,4048.2421875,69,1.8571184873580933,5.080842971801758,4463.653564453125,2143.6658528739563,0.17976888020833334,21.8542961023271,-0.005005329704300525,-119.87323760986328,93.91458129882812,-39.41318130493164,34.97340393066406,-7.37168550491333,1
match5_whistle_0321.mp4,0.09144506603479385,0.00487885158509016,2325.4728216984463,-47.85565185546875,4048.2421875,66,1.8534142971038818,5.228813648223877,4203.5079152960525,2028.8441772513645,0.1880396792763158,24.59909834038078,-0.022589595317852797,-175.1939697265625,106.2821044921875,-20.219852447509766,51.158660888671875,-15.763751983642578,1
match5_whistle_0322.mp4,0.0949058085680008,0.007457340136170387,2671.9862819272184,-43.91385269165039,4048.2421875,77,1.8473877906799316,5.104984283447266,4876.097907642326,2327.4543901955867,0.1936059328589109,22.0280494878838,-0.0034911539100218733,-177.00082397460938,84.38706970214844,-4.5819196701049805,47.957679748535156,-22.562103271484375,1
match5_whistle_0323.mp4,0.09501919895410538,0.005618309136480093,2939.844785609643,-46.72211837768555,3929.8095703125,51,1.7956149578094482,5.065456867218018,5585.457892166941,2185.8866659105,0.19455437911184212,22.534599404201916,-0.024805088572257095,-244.33270263671875,56.047183990478516,10.101349830627441,59.180381774902344,-20.968427658081055,1
match5_whistle_0325.mp4,0.06799828261137009,0.0073021287098526955,2808.7792027894084,-46.935401916503906,4015.9423828125,76,1.8200798034667969,5.280198574066162,5002.834250710227,2141.7829015327966,0.2253513088474026,22.420470149430216,-0.01797551190985779,-242.56268310546875,75.4717788696289,-13.995555877685547,40.36817169189453,-13.781233787536621,1
match5_whistle_0326.mp4,0.0982513353228569,0.016400236636400223,2650.1823998982545,-38.869075775146484,3994.4091796875,65,1.8243223428726196,5.030391216278076,4678.287760416667,2097.746909430003,0.21498842592592593,22.301092981552774,-0.01774858298935449,-99.03646850585938,85.03791809082031,-45.652931213378906,32.36893081665039,-12.056703567504883,1
match5_whistle_0327.mp4,0.10979466140270233,0.0029766506049782038,2160.6747937462746,-45.127628326416016,3994.4091796875,83,1.812613844871521,5.114436626434326,3730.1841107536766,1846.8932089490454,0.17713694852941175,24.056701656001596,-0.008235755345726514,-140.6884002685547,119.8063735961914,-37.0313835144043,32.70475769042969,-22.03799057006836,1
match5_whistle_0328.mp4,0.11847402900457382,0.00789696630090475,2196.917457468834,-42.83186721801758,3983.642578125,77,1.8215221166610718,5.036378383636475,3911.572265625,1904.6211125702782,0.15563715720663265,23.98741069614864,-0.014565966944309,-105.38363647460938,105.56503295898438,-51.0601692199707,21.469024658203125,-20.584915161132812,1
match5_whistle_0329.mp4,0.06647487729787827,0.00338001293130219,2600.822401145806,-46.37192916870117,3682.177734375,61,1.8675007820129395,5.150999546051025,4660.834209735577,2062.56421892504,0.2216671674679487,24.02122105046574,-0.015555577681401162,-210.62742614746094,91.65818786621094,-23.5830020904541,49.066139221191406,-13.606901168823242,1
match5_whistle_0330.mp4,0.12468048185110092,0.0036418414674699306,2008.8933045016856,-44.72745895385742,3994.4091796875,81,1.7978795766830444,5.092156887054443,3798.136943095439,1924.6686542015716,0.1440627639358108,23.88019494221397,0.007110470673188811,-119.52803039550781,117.98372650146484,-43.757347106933594,18.696495056152344,-25.778589248657227,1
match5_whistle_0331.mp4,0.07202207297086716,0.0020616992842406034,2632.874150901847,-44.828582763671875,3703.7109375,65,1.8550516366958618,5.1475114822387695,4654.711579623287,2083.582688867786,0.20894424229452055,23.243707072990073,-0.029396357659220083,-239.35252380371094,93.3297119140625,-0.08598840981721878,53.73406219482422,-27.41969871520996,1
match5_whistle_0332.mp4,0.03796033933758736,0.013459675014019012,3453.2167660942687,-40.94486999511719,4371.240234375,47,1.970739722251892,4.689547538757324,6055.887118252841,2390.8501412623455,0.26072739109848486,22.4173311200151,0.007159303688415882,-261.2066345214844,65.83422088623047,12.572271347045898,52.85329055786133,-25.433271408081055,0
match5_whistle_0333.mp4,0.108130544424057,0.007203922141343355,2370.1153914986376,-43.400230407714844,3692.9443359375,65,1.8424618244171143,5.055356979370117,4191.408889358108,2034.0665025801773,0.18840398015202703,22.52601889977495,-0.011280241537048655,-142.84967041015625,101.6171646118164,-34.94088363647461,23.962533950805664,-24.520843505859375,1
match5_whistle_0334.mp4,0.08034226298332214,0.003248985856771469,2663.0860584023703,-49.1318359375,3736.0107421875,73,1.8693724870681763,5.13577938079834,4797.3709909539475,1975.6682855834617,0.19711143092105263,22.8109572295418,-0.014933382644308837,-260.8095397949219,77.30243682861328,2.411543130874634,60.13816452026367,-15.812650680541992,1
match5_whistle_0335.mp4,0.10533799976110458,0.017091376706957817,2785.4375821542676,-42.21092987060547,4005.17578125,73,1.8504935503005981,4.945898532867432,5009.395433508832,2286.667788612032,0.2014425526494565,21.1581364029663,-0.005409553903958801,-131.21780395507812,75.40180969238281,-11.40515422821045,39.99930953979492,-13.679017066955566,1
match5_whistle_0336.mp4,0.07625392079353333,0.0074616484344005585,2854.0904894451696,-50.203643798828125,3994.4091796875,64,1.8087913990020752,5.177990436553955,4970.049370659723,2134.514851823357,0.23119212962962962,23.77984331880564,-0.006782501792025506,-221.7749786376953,79.36812591552734,-6.671408653259277,49.68934631347656,-23.847686767578125,1
match5_whistle_0337.mp4,0.11227162927389145,0.0075699142180383205,2128.1154202725857,-44.22200393676758,4015.9423828125,63,1.833221673965454,4.97661828994751,4086.339393028846,2009.9693313376442,0.14338566706730768,23.016913192732186,-0.018080089608599605,-120.23656463623047,110.79113006591797,-33.35266876220703,23.101375579833984,-15.893574714660645,1
match5_whistle_0338.mp4,0.06670428067445755,0.006425401661545038,2844.490714158849,-48.63157653808594,3994.4091796875,84,1.7867600917816162,5.127939701080322,4530.720520019531,1957.0938166496167,0.255206298828125,23.084143726684587,-0.00900387478011313,-254.92117309570312,84.0516357421875,-15.191675186157227,57.91571044921875,-18.187454223632812,1
match5_whistle_0339.mp4,0.10023268312215805,0.0074994200840592384,2904.8835261877834,-46.14669418334961,4015.9423828125,72,1.8389630317687988,5.344022750854492,4518.577781883446,2064.71148596201,0.2630340301238739,23.301777231991085,0.008648860043724966,-204.5283966064453,85.32069396972656,-9.960999488830566,48.82061767578125,-27.741552352905273,1
match5_whistle_0340.mp4,0.1000913605093956,0.022015368565917015,2376.3914520038625,-37.26045608520508,3628.3447265625,38,1.8807953596115112,4.766732215881348,4351.267408288043,2030.1530410698338,0.17004217617753623,20.813954324469204,-0.005503066262904723,-88.7316665649414,92.06181335449219,-58.1264533996582,8.139397621154785,-10.719066619873047,1
match5_whistle_0341.mp4,0.11516029387712479,0.007768759038299322,2630.8975833340105,-44.298458099365234,4102.0751953125,87,1.8157087564468384,5.120418071746826,4829.872710129311,2107.9078371579462,0.2179754849137931,24.592155256345713,-0.002139562013357452,-156.8828887939453,93.81656646728516,-21.66642951965332,48.35987854003906,-25.793794631958008,1
match5_whistle_0342.mp4,0.1445004642009735,0.005717308726161718,2168.007838393611,-48.217777252197266,4048.2421875,73,1.8475242853164673,5.142541408538818,4215.2740478515625,2116.705358968519,0.13425699869791666,23.225242854994107,0.02657819989488443,-111.02286529541016,103.26303100585938,-32.67780303955078,16.1527099609375,-14.485007286071777,1
match5_whistle_0343.mp4,0.07788848131895065,0.0035003346856683493,2739.574077340921,-45.90372848510742,3994.4091796875,81,1.8152289390563965,5.251753807067871,4802.701822916667,2076.406588429296,0.2462987075617284,23.47945031571766,-0.013347763778939672,-213.91722106933594,99.29743194580078,-7.349026203155518,37.13937759399414,-29.97727394104004,1
match5_whistle_0344.mp4,0.06598285585641861,0.019378438591957092,3074.090785595475,-40.54094314575195,3682.177734375,44,1.837267279624939,4.715854644775391,5836.57470703125,2396.2196960408255,0.19001116071428573,22.06795297964336,-0.01156621922055242,-172.2429962158203,64.686279296875,-0.9620396494865417,58.26944351196289,-16.31890106201172,0
match5_whistle_0345.mp4,0.10422138124704361,0.016326960176229477,2453.2399659971848,-41.758724212646484,3994.4091796875,35,1.8310856819152832,4.735525608062744,4554.928961032774,2145.3402554511053,0.16090058117378048,22.276836374378835,-0.005304278091235195,-105.42388916015625,92.57327270507812,-27.829904556274414,35.68764877319336,-10.502373695373535,0
match5_whistle_0346.mp4,0.11355168372392654,0.00595297385007143,1972.435697711385,-42.610069274902344,4015.9423828125,68,1.8601776361465454,5.118038654327393,4197.083179370777,2115.62216046721,0.11982025971283784,21.947811518327562,0.026151012238760343,-140.84104919433594,112.59461975097656,-14.974891662597656,35.20039749145508,-13.42314338684082,1
match5_whistle_0347.mp4,0.07764823734760284,0.005513991229236126,2910.8605178061002,-45.00917434692383,4037.4755859375,90,1.8061931133270264,5.182742118835449,4928.8983080760545,2126.098310403533,0.2628541509789157,23.224876480748765,0.016741647836127697,-220.98199462890625,83.82821655273438,-5.069665908813477,54.539390563964844,-27.909061431884766,1
match5_whistle_0348.mp4,0.12563355267047882,0.010026166215538979,2076.5823375136897,-43.69392395019531,4015.9423828125,61,1.8865289688110352,5.060969352722168,3997.100830078125,1982.528948261442,0.14134385850694445,22.985664501763953,0.014684611129417057,-89.59808349609375,118.00691986083984,-44.24790954589844,18.26055908203125,-23.224943161010742,1
match5_whistle_0349.mp4,0.07668906450271606,0.016569409519433975,3265.731250381941,-42.59280776977539,3983.642578125,76,1.8457940816879272,5.130608558654785,5477.1240234375,2160.6803806525486,0.2802734375,22.922632141298536,-0.009263990139611007,-207.9316864013672,64.78253936767578,-8.80595588684082,53.3297119140625,-28.135692596435547,1
match5_whistle_0350.mp4,0.14885437488555908,0.00899116974323988,2236.3500555474457,-43.926658630371094,3983.642578125,72,1.8425211906433105,5.0602922439575195,4220.031414200775,2050.4691577355384,0.14661832826327434,24.303882368667832,-0.001389158061015124,-94.32554626464844,102.61870574951172,-40.75448226928711,19.385665893554688,-23.29372215270996,1
match5_whistle_0351.mp4,0.07584965974092484,0.006135706789791584,2706.251122370655,-42.477256774902344,3736.0107421875,72,1.8656772375106812,5.03235387802124,5111.7431640625,2188.4685003034137,0.21816526813271606,22.928323451995134,-0.0007631150898539049,-218.26300048828125,88.76860809326172,-5.733610153198242,51.705650329589844,-21.440690994262695,1
match5_whistle_0352.mp4,0.05950438976287842,0.016379620879888535,2727.2789713647517,-37.657379150390625,3886.7431640625,62,1.8927867412567139,4.676124095916748,4927.25830078125,2200.880398136579,0.20135207403273808,22.15128577097006,-0.010551075337735525,-151.93283081054688,95.95804595947266,-33.00080108642578,27.34517478942871,-32.55496597290039,0
match5_whistle_0353.mp4,0.13231933116912842,0.011803117580711842,2460.666623937202,-40.058250427246094,3994.4091796875,76,1.8227325677871704,5.022227764129639,4683.188348067434,2243.80881272844,0.16787880345394737,23.01917738149146,0.00046875592580295644,-93.9659423828125,97.44893646240234,-22.144668579101562,26.78495216369629,-23.179780960083008,1
match5_whistle_0354.mp4,0.058175813406705856,0.0036669676192104816,2591.0730849222473,-45.94673538208008,3983.642578125,78,1.8065241575241089,5.2809271812438965,4694.521612870066,1948.3146530669221,0.23041092722039475,23.375531086922344,-0.015077717139818472,-223.3884735107422,113.7549819946289,-23.979633331298828,32.08195877075195,-47.65025329589844,1
match5_whistle_0355.mp4,0.11401166766881943,0.00866710301488638,2240.5524548943367,-46.12796401977539,3703.7109375,72,1.8199265003204346,5.046947956085205,3947.6209852430557,1909.6822597188598,0.17952473958333334,22.541399799457604,0.019203403815462664,-107.34784698486328,114.76750946044922,-48.672119140625,19.852373123168945,-24.74161720275879,1
match5_whistle_0356.mp4,0.07149600237607956,0.002465318888425827,2702.3348273469187,-49.619049072265625,3725.244140625,67,1.8285903930664062,5.075106143951416,4253.545055650685,1917.0738289238911,0.23981967037671234,24.364858499751023,0.007076260767237488,-232.6780548095703,94.68334197998047,-17.425317764282227,45.57086944580078,-30.40058708190918,1
match5_whistle_0357.mp4,0.09825193136930466,0.006380443926900625,3332.5080938146857,-43.12425231933594,3951.3427734375,62,1.8454880714416504,5.306723594665527,5302.152506510417,2045.6081384703534,0.2859157986111111,23.272578348482575,-0.011503763165014988,-217.7327880859375,71.88238525390625,10.357234001159668,61.201507568359375,-47.171531677246094,1
match5_whistle_0358.mp4,0.09025050699710846,0.004719810094684362,2730.845608601871,-45.01307678222656,3768.310546875,84,1.8346593379974365,5.04615592956543,4778.597771139706,1968.2695591306058,0.22163947610294119,23.785812784267556,-0.01378299232765034,-172.69017028808594,96.82479095458984,-28.27918243408203,32.29872131347656,-25.012012481689453,1
match5_whistle_0359.mp4,0.09867864847183228,0.009697419591248035,2466.712223504025,-39.74970626831055,3994.4091796875,44,1.8613648414611816,4.824191093444824,4653.022384643555,2209.805089688294,0.163055419921875,22.12341852113063,-0.015530101413573492,-126.4795913696289,96.85626220703125,-32.875370025634766,29.63555908203125,-15.24643325805664,0
match5_whistle_0360.mp4,0.0881141647696495,0.0014290756080299616,2700.713992311804,-48.287879943847656,3736.0107421875,77,1.8169808387756348,5.232404708862305,4648.6680141715115,1952.2077900761667,0.20837118459302326,23.27366136039594,-0.01399270584022169,-255.68116760253906,78.16283416748047,5.059787750244141,66.61051940917969,-28.769840240478516,1
match5_whistle_0361.mp4,0.09654159098863602,0.011962423101067543,2431.053090247925,-40.575767517089844,4048.2421875,73,1.8456376791000366,5.080094337463379,4532.7392578125,2127.5070425309655,0.1960189494680851,22.195765465513844,0.006454953775410396,-108.82789611816406,101.45429992675781,-34.473793029785156,31.879392623901367,-19.26664161682129,1
match5_whistle_0362.mp4,0.08357887715101242,0.006658253725618124,1953.971067571986,-44.7053108215332,3962.109375,38,1.8015172481536865,4.797651290893555,3959.554588188559,1966.91788503066,0.11320676641949153,22.80863481504642,0.010273255724148167,-147.25682067871094,120.71705627441406,-33.431121826171875,37.45943832397461,-11.37502670288086,0
match5_whistle_0363.mp4,0.08608519285917282,0.025330618023872375,2572.485673001443,-38.42308044433594,4015.9423828125,61,1.8421827554702759,5.146169662475586,4866.0732421875,2200.7605933641676,0.19359375,22.34422344485827,-0.01335171709078659,-109.42985534667969,88.64698791503906,-45.8517951965332,14.060493469238281,-17.856809616088867,1
match5_whistle_0364.mp4,0.08121215552091599,0.003915589768439531,2697.7077492210014,-49.29222869873047,4005.17578125,72,1.7959582805633545,5.145451068878174,4653.761310818829,2035.5648286529051,0.22710022745253164,23.252873812039944,-0.002567068946468229,-228.75865173339844,90.70547485351562,-0.6789860129356384,48.81537628173828,-29.110750198364258,1
match5_whistle_0365.mp4,0.10562301427125931,0.009464798495173454,2235.7246423768847,-41.662471771240234,3983.642578125,59,1.8095775842666626,4.994265079498291,4177.317652209052,2049.9721620550595,0.16354615660919541,22.187969611170207,-0.005321449288284756,-122.81521606445312,109.12928771972656,-38.25865936279297,28.729469299316406,-16.095043182373047,1
match5_whistle_0366.mp4,0.09386013448238373,0.010303457267582417,2355.602862712734,-46.67744064331055,4015.9423828125,78,1.8222801685333252,5.2803120613098145,4348.602764423077,2012.7330245466608,0.2021922576121795,22.903569352522705,-0.008082043166614422,-145.29010009765625,107.38207244873047,-40.60630416870117,31.20827293395996,-18.705564498901367,1
match5_whistle_0367.mp4,0.12132866680622101,0.01396753266453743,2979.3154895252073,-44.0673828125,3768.310546875,102,1.8618240356445312,4.770759582519531,5476.428455911624,2293.681946155064,0.19854386445063693,23.24974698083865,-0.006914310405846282,-125.34687042236328,69.23492431640625,-10.500017166137695,45.61387252807617,-15.185078620910645,0
match5_whistle_0368.mp4,0.15278425812721252,0.003704342758283019,2063.722117867548,-44.524688720703125,4037.4755859375,76,1.7920482158660889,5.076986789703369,3906.48193359375,1947.7549123081594,0.11761944110576923,24.342494871617617,-0.0016431587526713975,-93.63440704345703,107.67813873291016,-53.70249938964844,7.270976543426514,-29.1273136138916,1
match5_whistle_0369.mp4,0.06540311872959137,0.00236607831902802,2738.8926218508213,-46.4581184387207,3757.5439453125,78,1.8596011400222778,5.253746509552002,4549.831237792969,2049.731057560294,0.24625244140625,23.916115578138534,-0.02887688674081818,-258.84381103515625,91.11761474609375,-4.706336975097656,56.935150146484375,-12.094627380371094,1
match5_whistle_0370.mp4,0.10542525351047516,0.021289605647325516,2503.7101463777603,-40.96099853515625,3736.0107421875,74,1.8619109392166138,4.9228034019470215,4584.723455255682,2074.0707446985384,0.17777383207070707,21.991902574302127,0.01615169838689003,-89.46049499511719,91.33549499511719,-50.14659118652344,15.574239730834961,-22.46320915222168,1
match5_whistle_0371.mp4,0.0983152836561203,0.0049447291530668736,2527.3508248571075,-47.30366134643555,4048.2421875,69,1.8065693378448486,5.356381416320801,4664.147010216346,2162.500325365043,0.2073692908653846,24.05157086873739,0.01862343423247659,-205.92494201660156,83.1609115600586,-9.096820831298828,57.94819259643555,-18.404056549072266,1
match5_whistle_0372.mp4,0.11247271299362183,0.011358318850398064,2158.9676205670717,-40.330780029296875,3714.4775390625,56,1.8133282661437988,5.003763198852539,3779.0771484375,1972.5075931620192,0.17116582961309523,22.179459332336677,0.007260771770003976,-88.92243194580078,112.07305908203125,-46.47439956665039,13.1104154586792,-14.646611213684082,1
match5_whistle_0373.mp4,0.0801277756690979,0.00177231733687222,2386.2725491455867,-49.0947380065918,4059.0087890625,66,1.8329119682312012,5.258684158325195,4234.5872145432695,1993.0400659667237,0.19922501001602563,24.645960939187205,0.0008431686225088341,-237.5548858642578,110.56693267822266,-4.309892177581787,45.528656005859375,-24.793489456176758,1
match5_whistle_0374.mp4,0.1122237890958786,0.010462462902069092,2893.7923097418197,-40.82533645629883,4005.17578125,72,1.8603895902633667,5.140045166015625,5068.470501077586,2131.1226206635065,0.22473284841954022,22.827564717782895,-0.01729377432695479,-136.72959899902344,81.52491760253906,-19.44919204711914,43.22315216064453,-31.81752586364746,1
match5_whistle_0375.mp4,0.0904121994972229,0.0016213388880714774,2892.7886320630478,-48.85068893432617,4069.775390625,69,1.8643981218338013,5.340864658355713,4652.8167724609375,1915.3746430342096,0.23658582899305555,23.670762170508024,0.011821171092739835,-255.8970489501953,85.02012634277344,4.008187294006348,50.04925537109375,-37.765525817871094,1
match5_whistle_0376.mp4,0.13053473830223083,0.004480564035475254,2109.1732498989304,-44.07090377807617,4026.708984375,62,1.851783037185669,5.095229148864746,3895.7601928710938,1961.6550614879452,0.1495361328125,24.10005802949698,0.007174727540683606,-116.90763092041016,115.57621765136719,-39.71288299560547,39.829833984375,-17.643230438232422,1
match5_whistle_0377.mp4,0.07816257327795029,0.004484676290303469,3210.8028377183277,-48.152801513671875,4059.0087890625,75,1.9047194719314575,5.1684489250183105,4903.455946180556,2109.9389482986267,0.27159891010802467,22.91433500260361,0.01000728786427416,-282.7545166015625,53.38450622558594,6.403415203094482,68.56726837158203,-18.890756607055664,1
match5_whistle_0378.mp4,0.13072699308395386,0.020228303968906403,3039.820380646184,-40.46467208862305,4263.57421875,54,1.8738950490951538,4.858656406402588,5482.858615451389,2267.3104953745437,0.20510223765432098,21.823727621782854,0.010170304020006031,-106.23522186279297,65.98918151855469,-15.994128227233887,43.16386795043945,-26.465078353881836,0
match5_whistle_0379.mp4,0.15994364023208618,0.004187829326838255,2013.0553085514698,-45.79907989501953,4005.17578125,68,1.8129116296768188,5.048460960388184,3894.8871319110576,1929.7284989069587,0.11840194310897435,22.85429366966342,0.007236110789173168,-88.58865356445312,113.77202606201172,-51.69082260131836,5.956275463104248,-36.795772552490234,1
match5_whistle_0380.mp4,0.08535265922546387,0.010322858579456806,3006.4465567780894,-44.205474853515625,4026.708984375,69,1.8616570234298706,4.935526371002197,5099.2852572737065,2107.0523359025024,0.2158203125,23.056648967846456,-0.006439441257894596,-198.79373168945312,66.98362731933594,-15.231328964233398,62.254356384277344,-16.787281036376953,1
match5_whistle_0381.mp4,0.10018029808998108,0.004793655592948198,2099.1457695032946,-43.85423278808594,4005.17578125,85,1.816131353378296,5.194346904754639,3950.3639914772725,1937.0461684188228,0.16876775568181818,22.991703308332884,-0.0027686253732318936,-134.33372497558594,123.88662719726562,-33.46778869628906,36.98350524902344,-22.98334312438965,1
match5_whistle_0382.mp4,0.0866229310631752,0.004981275647878647,2308.3411605127208,-43.52626419067383,3940.576171875,84,1.8505496978759766,5.258596420288086,4208.607884457237,2070.1561688439874,0.19578793174342105,23.454371242648307,-0.005727513865828754,-170.33168029785156,110.54376220703125,-25.02177619934082,42.28125,-15.057408332824707,1
match5_whistle_0383.mp4,0.10575614869594574,0.012993600219488144,2354.558428384497,-40.8240966796875,3983.642578125,70,1.8620247840881348,5.121467113494873,4419.623480902777,2116.4753740879028,0.18809678819444445,21.883747877583826,-0.0056052403416532075,-113.69497680664062,103.00820922851562,-35.618995666503906,23.614782333374023,-23.80399513244629,1
match5_whistle_0384.mp4,0.0878656655550003,0.010281813330948353,2700.6923490157187,-46.8393440246582,3789.84375,78,1.917590856552124,5.065177917480469,5013.041548295455,2129.748956500961,0.21349939123376624,23.52245794520457,0.009672505783292425,-171.086181640625,91.86695098876953,-22.53005027770996,40.88808059692383,-26.353923797607422,1
match5_whistle_0385.mp4,0.048406802117824554,0.004667121451348066,2093.836348778555,-40.504512786865234,4112.841796875,51,1.800960898399353,4.740795135498047,3866.5771484375,1840.8358237027924,0.1484530009920635,23.1120511298496,0.009688325275232381,-186.7412567138672,128.2116241455078,-49.364585876464844,28.948680877685547,-26.011667251586914,0
match5_whistle_0386.mp4,0.08027414977550507,0.0089607834815979,2442.2617126287737,-43.61621856689453,4015.9423828125,70,1.8550746440887451,4.991605758666992,4527.501451646959,2128.3962181950383,0.20379803631756757,21.674572317159555,0.00326082898692415,-164.1565399169922,99.79053497314453,-27.267221450805664,38.51190185546875,-10.604331016540527,1
match5_whistle_0387.mp4,0.04438580200076103,0.015861231833696365,2684.6983707386858,-38.74942398071289,3951.3427734375,51,1.8526027202606201,4.731719493865967,5045.58837890625,2283.0949887516476,0.18036295572916666,23.185428696496817,0.0028224422308665504,-187.62364196777344,96.87100219726562,-20.94545555114746,36.4599609375,-18.479297637939453,0
match5_whistle_0388.mp4,0.090878926217556,0.002973328810185194,2402.4877795742514,-49.121585845947266,4048.2421875,76,1.854685664176941,5.199937343597412,4254.557189941406,1968.8517195928907,0.202117919921875,24.570263666281605,0.008883331386617585,-200.9177703857422,108.49845886230469,-17.17435073852539,51.8386116027832,-28.93977928161621,1
match5_whistle_0389.mp4,0.05749329924583435,0.0153761962428689,2978.368569986626,-43.7273063659668,3822.1435546875,44,1.9814099073410034,4.644331932067871,5598.2798091700815,2279.9012334935674,0.20867219518442623,22.421942746215493,-0.0007642298496539562,-197.30064392089844,74.67747497558594,-7.376491546630859,48.46222686767578,-15.879011154174805,0
match5_whistle_0390.mp4,0.11779110133647919,0.01618356816470623,2528.3248106754827,-41.7342643737793,4026.708984375,76,1.8255727291107178,5.0436625480651855,4688.651837043042,2147.853915928792,0.19680498231132076,22.28595946271211,-0.00031453004643315657,-94.50887298583984,96.69412231445312,-34.252262115478516,22.224943161010742,-26.83910369873047,1
match5_whistle_0391.mp4,0.10416892170906067,0.005078246351331472,2682.477456215647,-48.359012603759766,3994.4091796875,43,1.8321808576583862,5.161327362060547,5121.952589897261,2079.888207247006,0.19356003852739725,24.574312957545867,-2.511056969544169e-05,-201.62313842773438,84.5824966430664,-3.9246022701263428,57.67290496826172,-14.278005599975586,1
match5_whistle_0392.mp4,0.09444355964660645,0.013438423164188862,2648.0140493418935,-40.45148468017578,3725.244140625,73,1.8926562070846558,5.123705863952637,5020.868434676205,2222.410437380556,0.21382012424698796,22.467403819388156,-0.007776386719683053,-125.62562561035156,93.5766372680664,-27.069738388061523,37.848445892333984,-20.15192985534668,1
match5_whistle_0393.mp4,0.06857828795909882,0.006642541848123074,2917.0858316314043,-47.57478332519531,4026.708984375,79,1.8158808946609497,5.14116096496582,4971.343688964844,2011.6426872018244,0.238983154296875,23.217931850964817,-0.01454653792356513,-248.25076293945312,83.36239624023438,0.26803067326545715,47.1881217956543,-41.69532012939453,1
match5_whistle_0394.mp4,0.13718585669994354,0.012691576033830643,2588.8681447544404,-44.436241149902344,3951.3427734375,67,1.8507964611053467,4.9120192527771,4897.738882211538,2266.5130935462994,0.16545758928571427,22.324009813669786,0.002859809152432333,-116.25530242919922,88.87037658691406,-8.798100471496582,35.19758605957031,-23.858264923095703,0
match5_whistle_0395.mp4,0.13865236937999725,0.0033996906131505966,2178.9883795365836,-44.00850296020508,4005.17578125,82,1.7785842418670654,5.099699020385742,3802.1686754728617,1878.2229659499158,0.17212556537828946,23.00406444429157,-0.02294567260200266,-109.82322692871094,116.5092544555664,-38.43232345581055,15.808009147644043,-38.801944732666016,1
match5_whistle_0396.mp4,0.0863945335149765,0.005416736006736755,2473.737680731641,-45.75465774536133,4059.0087890625,79,1.853015661239624,5.156505107879639,4335.575866699219,1992.6682728714345,0.213336181640625,23.57625428709122,-0.021400426049834442,-189.9193115234375,106.6639404296875,-19.936466217041016,47.89750671386719,-23.116024017333984,1
match5_whistle_0397.mp4,0.08783979713916779,0.014722263440489769,2310.99736656956,-43.12211608886719,3962.109375,68,1.803372859954834,5.128396034240723,4143.275390625,1957.8057962437988,0.18283854166666666,21.691038925438875,-0.0014758302220431337,-103.02015686035156,108.34303283691406,-52.24978256225586,21.271202087402344,-7.914801597595215,1
match5_whistle_0398.mp4,0.07758903503417969,0.004792599938809872,2502.3838165794473,-46.58305740356445,4015.9423828125,72,1.8143010139465332,5.152523040771484,4652.534735957279,2164.002670954464,0.19937945015822786,22.90979718622361,0.0074175354820222705,-211.86618041992188,98.60307312011719,-11.005349159240723,47.90596389770508,-21.929325103759766,1
match5_whistle_0400.mp4,0.11336346715688705,0.00803828053176403,2401.413705341252,-45.388671875,3768.310546875,86,1.8823844194412231,5.228078365325928,4353.424072265625,2048.752654719465,0.18742443266369047,22.793524120086783,-0.004128873237226881,-122.93035125732422,106.53337860107422,-34.58395004272461,13.218395233154297,-27.147733688354492,1
match5_whistle_0401.mp4,0.0819832980632782,0.014848490245640278,2500.775243241102,-42.770843505859375,3919.04296875,85,1.842618465423584,4.959721565246582,4695.263671875,2159.295203666226,0.18263462611607142,21.4778849191982,-0.012746005943514098,-152.8875732421875,93.79642486572266,-28.935579299926758,35.7247200012207,-15.340718269348145,1
match5_whistle_0402.mp4,0.07884460687637329,0.021005313843488693,2796.092891721175,-45.51999282836914,4015.9423828125,68,1.8006294965744019,5.113132953643799,5200.01522288603,2279.8100648621703,0.22494829963235294,22.824309478421792,0.007399694971217227,-163.87916564941406,87.15145111083984,-20.197124481201172,31.01336097717285,-21.22739601135254,1
match5_whistle_0403.mp4,0.09540572762489319,0.006406995002180338,2083.5130571605514,-44.374759674072266,4037.4755859375,76,1.8239994049072266,5.146207809448242,4176.4365234375,2067.937704415182,0.14669270833333334,22.878353073629256,0.003559376489608596,-148.15386962890625,114.13877868652344,-26.13771629333496,33.78919982910156,-19.012088775634766,1
match5_whistle_0404.mp4,0.07648231834173203,0.0037055471912026405,2730.3211462116533,-48.0534782409668,3703.7109375,64,1.8735389709472656,5.2622809410095215,5028.887855843322,2070.3588465682706,0.21919145976027396,24.062059353370326,-0.0111985196598851,-208.10980224609375,97.69879913330078,-16.91347885131836,47.23908233642578,-25.480466842651367,1
match5_whistle_0405.mp4,0.0639800876379013,0.012384019792079926,2415.9566974317654,-43.899147033691406,3660.64453125,50,1.8790702819824219,4.9557318687438965,4882.816938920455,2141.094804646288,0.15383078835227273,22.820887968541395,0.00253920008351078,-159.001708984375,94.25299072265625,-26.324752807617188,49.06834411621094,-11.411968231201172,0
match5_whistle_0406.mp4,0.08360036462545395,0.0029770026449114084,1988.377603593258,-45.17253875732422,4015.9423828125,67,1.8085569143295288,5.29652738571167,4021.1761474609375,1951.3314200223322,0.16786024305555555,23.35027008326906,-0.01565181454646809,-187.0089569091797,125.32083129882812,-31.717397689819336,34.64854049682617,-28.96344757080078,1
match5_whistle_0407.mp4,0.06619031727313995,0.006665749475359917,2773.535074229744,-43.61334228515625,3746.77734375,75,1.810664415359497,5.171215534210205,4860.5386270059125,1959.6767844710525,0.219970703125,23.076651760478125,-0.024294989291127236,-214.56204223632812,87.0613021850586,-27.599746704101562,41.890316009521484,-21.68681526184082,1
match5_whistle_0408.mp4,0.17711566388607025,0.007333365269005299,2337.6450618708795,-48.40275955200195,4059.0087890625,75,1.822965383529663,5.013433933258057,4524.834664260285,2175.7850551913025,0.11401058148734178,24.805010832084967,0.0645773305531719,-92.56017303466797,85.46495819091797,-36.65658950805664,15.15096378326416,-20.12289810180664,1
match5_whistle_0409.mp4,0.10337857156991959,0.0074303606525063515,2481.800563039585,-44.55705642700195,3972.8759765625,68,1.8771684169769287,5.177857875823975,4260.068813590116,1990.279498124929,0.19928688226744187,22.45218241973545,0.002058261535978447,-141.61463928222656,99.68022155761719,-29.03907585144043,25.5391902923584,-30.8230037689209,1
match5_whistle_0410.mp4,0.09851685911417007,0.004323676228523254,3105.4363234836255,-47.5456428527832,4015.9423828125,43,1.778584361076355,5.362490653991699,5154.459712190448,2122.928072886891,0.28194557045990565,24.336079544825502,0.005091173280199935,-233.14601135253906,76.99444580078125,8.850849151611328,60.1373405456543,-35.07866287231445,1
match5_whistle_0411.mp4,0.05933913215994835,0.011201374232769012,3349.93584100512,-46.0216178894043,4048.2421875,73,1.8410522937774658,5.259258270263672,5822.414581685127,2199.1834370690835,0.2542709157436709,23.248614182586955,0.0068355816650320575,-287.2043762207031,47.002105712890625,15.739606857299805,76.92820739746094,-20.266164779663086,1
match5_whistle_0412.mp4,0.16323116421699524,0.005919236224144697,2028.9376354723,-46.197593688964844,4048.2421875,69,1.8335520029067993,5.164651393890381,3965.019267314189,2009.2316345226927,0.11896906672297297,23.999882569201073,-0.0005469281224993591,-77.43109130859375,111.08631896972656,-42.0908088684082,9.52962589263916,-20.451480865478516,1
match5_whistle_0413.mp4,0.06447752565145493,0.002907608635723591,2713.9649421977338,-47.750614166259766,3994.4091796875,79,1.8381537199020386,5.2160868644714355,4789.229689972311,2013.7448872096193,0.23384963409810128,23.90575749514013,-0.02148638950030831,-236.36663818359375,92.61277770996094,-22.047945022583008,43.33860397338867,-27.397953033447266,1
match5_whistle_0414.mp4,0.08511152118444443,0.019805829972028732,2676.5928146687856,-40.91786575317383,3682.177734375,51,1.828107476234436,5.066911697387695,4713.345207966549,2074.6526614141053,0.22099196742957747,22.02608806267872,0.001310435799803935,-138.838134765625,89.24483489990234,-47.79277038574219,19.445886611938477,-22.187894821166992,1
match5_whistle_0415.mp4,0.08763344585895538,0.0024662017822265625,2864.9169483928276,-47.14777374267578,4026.708984375,86,1.8571271896362305,5.127527236938477,4711.09035326087,2034.210571422598,0.22203528362771738,23.718922471586673,-0.011281114509726808,-244.8179931640625,81.83927917480469,-1.1293960809707642,54.988006591796875,-26.438692092895508,1
match5_whistle_0416.mp4,0.12702856957912445,0.007791060488671064,2205.18933668665,-41.80589294433594,3757.5439453125,59,1.8419266939163208,5.020317554473877,4302.4775390625,2099.0194885653154,0.14516927083333334,22.752297723288226,-0.0003463555397849517,-99.38130950927734,107.86335754394531,-41.707191467285156,22.11207389831543,-30.248567581176758,1
match5_whistle_0417.mp4,0.09573068469762802,0.004949160385876894,2418.1457914095654,-46.011070251464844,3768.310546875,82,1.8483619689941406,5.271245956420898,4246.427408854167,1920.6952753355208,0.2157540027006173,23.612208207259766,0.0006532910590131399,-170.01771545410156,111.62820434570312,-35.793907165527344,37.95887756347656,-23.06896209716797,1
match5_whistle_0418.mp4,0.09214115887880325,0.016036029905080795,2830.204451639836,-38.92504119873047,4198.974609375,37,1.9055464267730713,4.736360549926758,5588.742562227471,2460.365106332345,0.17131290879360464,22.22421836729337,0.011280818249258417,-150.0304718017578,81.42371368408203,1.8498038053512573,38.53859329223633,-20.69487953186035,0
match5_whistle_0419.mp4,0.048846736550331116,0.010138478130102158,2715.3909873065854,-35.41764450073242,4392.7734375,39,1.9174258708953857,4.803429126739502,4971.615135063559,2119.6250123359127,0.2112933659957627,23.338446840327524,-0.013359376024904373,-178.36178588867188,102.47643280029297,-31.483930587768555,35.63983154296875,-39.68217086791992,0
match5_whistle_0420.mp4,0.04557962343096733,0.01462317630648613,3345.02647023883,-32.38355255126953,3897.509765625,47,1.9118417501449585,4.551163196563721,5784.790826612903,2354.532853784655,0.25421339465725806,23.021594778855544,0.008833070024928615,-197.66160583496094,74.68156433105469,-5.752171516418457,43.51753616333008,-30.77996826171875,0
match5_whistle_0421.mp4,0.10124412924051285,0.01746753789484501,2915.5505514488827,-39.47675323486328,4015.9423828125,112,1.8570176362991333,4.937239170074463,5121.404912669188,2181.116817985436,0.21982297472133758,22.509276079744474,0.00433893442941562,-125.19083404541016,81.21768951416016,-17.863405227661133,34.5997428894043,-25.954357147216797,1
match5_whistle_0422.mp4,0.09789670258760452,0.0031794330570846796,2220.336526144809,-45.64811706542969,4048.2421875,80,1.8386917114257812,5.254691123962402,4190.733506944444,1970.8476723151232,0.18769892939814814,24.146806986829773,-0.005663300588850861,-177.03201293945312,110.56733703613281,-34.66824722290039,42.728919982910156,-21.38652992248535,1
match5_whistle_0423.mp4,0.13095813989639282,0.009377209469676018,2274.426374412583,-46.53989791870117,3660.64453125,50,1.8449490070343018,4.706965446472168,4820.703125,2238.7499532917936,0.12486049107142858,22.228535745570014,0.013344773971046766,-103.09728240966797,99.68904876708984,-13.49678897857666,34.65879821777344,-29.189952850341797,0
match5_whistle_0424.mp4,0.032882221043109894,0.020457126200199127,3080.9842107781888,-28.24088478088379,4349.70703125,46,1.8549175262451172,4.835455894470215,5511.617491675205,2309.4084142051147,0.25625960553278687,22.66624303026967,0.007756615645751999,-203.76162719726562,90.40058135986328,-43.372066497802734,27.22125816345215,-25.542896270751953,0
match5_whistle_0425.mp4,0.158973827958107,0.004553013946861029,2006.0049280182457,-43.27134323120117,4026.708984375,64,1.814150333404541,4.962688446044922,3725.543212890625,1946.428665674171,0.1278415256076389,24.127555982764147,0.02091462160042707,-90.805908203125,119.21720123291016,-44.25444030761719,13.176770210266113,-24.75299835205078,1
match5_whistle_0426.mp4,0.07667015492916107,0.006739880423992872,2825.6183469194852,-46.05017852783203,3692.9443359375,86,1.8491811752319336,5.194184303283691,5160.2004425435125,2253.0785016360346,0.22030755537974683,23.931112316944066,-0.020217981179768554,-199.97943115234375,79.7865982055664,-3.4497368335723877,46.973087310791016,-15.910321235656738,1
match5_whistle_0427.mp4,0.11355942487716675,0.009406362660229206,2233.298003908953,-39.31985092163086,3703.7109375,114,1.8323781490325928,5.027052879333496,4202.541856880647,2006.8731141428439,0.16280355798192772,22.501035444446682,-0.005157378126502512,-101.57608795166016,114.1230239868164,-32.16326141357422,24.267372131347656,-30.96453857421875,1
match5_whistle_0428.mp4,0.08374354988336563,0.0048421286046504974,2446.350333376766,-46.84587478637695,4069.775390625,71,1.833221673965454,5.1032938957214355,4222.122802734375,1987.8302747539135,0.212139892578125,23.408631459977194,0.006853193294830236,-166.6199188232422,107.14396667480469,-41.76145553588867,32.45500946044922,-19.97028923034668,1
match5_whistle_0429.mp4,0.1192295178771019,0.017487922683358192,3020.9605420075877,-38.90272903442383,3757.5439453125,69,1.871600866317749,4.884767055511475,5314.577792553191,2268.3544980334073,0.2286091256648936,22.410248619448527,-0.018224849065316184,-122.49243927001953,72.42637634277344,-15.617180824279785,45.85986328125,-24.40625762939453,1
match5_whistle_0430.mp4,0.16082066297531128,0.010654298588633537,2250.773926576667,-44.45878219604492,4037.4755859375,67,1.8301301002502441,5.041971206665039,4362.451171875,2056.805048161305,0.13678352200255103,23.41311450879685,0.007539589252446275,-77.90959167480469,100.94437408447266,-50.03421401977539,18.045475006103516,-21.706567764282227,1
match5_whistle_0431.mp4,0.09914502501487732,0.003332330146804452,2319.3110692753125,-44.63255310058594,3768.310546875,93,1.8390653133392334,5.309742450714111,4225.765920239825,1946.0872407900774,0.19111101017441862,24.523764289472297,-0.0011715124566934539,-160.42771911621094,112.42170715332031,-34.10319900512695,23.881834030151367,-32.70689010620117,1
match5_whistle_0432.mp4,0.09052489697933197,0.006037304177880287,2243.2740227854365,-44.85085678100586,3682.177734375,75,1.8068095445632935,5.097565174102783,4022.0947265625,1960.9399056175673,0.17274693080357142,22.085764692414863,-0.003212213097167953,-145.62181091308594,111.59130859375,-40.98552322387695,28.8127384185791,-17.246843338012695,1
match5_whistle_0433.mp4,0.08867383748292923,0.0022761926520615816,2471.3667999753366,-47.376487731933594,4048.2421875,80,1.8280389308929443,5.143249988555908,4181.827799479167,1893.1917274251637,0.20030381944444445,24.64538030266617,0.022956621732439886,-210.28518676757812,95.84027862548828,-23.32663345336914,61.32979965209961,-15.945195198059082,1
match5_whistle_0434.mp4,0.05132736638188362,0.012174635194242,3049.9319696935363,-35.60597229003906,4048.2421875,47,1.8623560667037964,4.828939437866211,5587.209710842226,2388.156087199774,0.2359768006859756,22.69392798943683,-0.008688581548848993,-192.9595489501953,82.09976196289062,-11.21672248840332,48.08843994140625,-20.53839111328125,0
match5_whistle_0435.mp4,0.09665954113006592,0.0030693281441926956,2007.3767528552955,-42.07678985595703,4026.708984375,73,1.811648964881897,5.238680362701416,3747.3839128521126,1920.6566930777647,0.18054027288732394,23.32760475019443,-0.004109340152680913,-136.423095703125,131.91285705566406,-35.19513702392578,25.069019317626953,-37.17323684692383,1
match5_whistle_0436.mp4,0.08816533535718918,0.0023572330828756094,2199.6890213742777,-49.008201599121094,3983.642578125,80,1.7737733125686646,5.183854103088379,4135.5567001714935,1983.0277822901637,0.18376643483231708,23.013210923191536,-0.004310723736502649,-216.34310913085938,111.9244613647461,-7.716915130615234,47.017398834228516,-22.375885009765625,1
match5_whistle_0437.mp4,0.0958361029624939,0.005573856644332409,2317.230506328296,-41.103126525878906,4026.708984375,78,1.8147308826446533,5.213932037353516,4416.586626838235,2079.0240910470816,0.17076056985294116,23.899561956269803,-0.01417032452715717,-149.12538146972656,111.52761840820312,-26.005130767822266,21.625263214111328,-36.74110412597656,1
match5_whistle_0438.mp4,0.0641990453004837,0.005959014408290386,2378.5717109195507,-52.07396697998047,3757.5439453125,69,1.7627838850021362,5.080453395843506,4382.596786708048,2062.340206953486,0.17850358518835616,22.470703818151637,-0.006882769778677176,-242.4918975830078,102.60096740722656,-5.553858280181885,46.91435241699219,-21.89691162109375,1
match5_whistle_0439.mp4,0.10592355579137802,0.002472848631441593,2818.6123372369534,-45.80458068847656,4005.17578125,62,1.7949622869491577,5.358880043029785,4555.7541033543575,1834.1249738151944,0.2507615395642202,23.802010151931945,-0.004026900858252042,-190.75027465820312,94.43927764892578,-29.039953231811523,43.29661178588867,-31.644418716430664,1
match5_whistle_0440.mp4,0.08844710886478424,0.005393735598772764,2786.928285786773,-46.55799865722656,4015.9423828125,90,1.7945984601974487,5.288674831390381,4879.54345703125,2010.778150282937,0.22776692708333332,24.325003308902605,-0.007388502528693637,-192.91482543945312,90.48335266113281,-13.984307289123535,37.89234924316406,-44.81227493286133,1
match5_whistle_0441.mp4,0.11857551336288452,0.013468888588249683,2394.9336807129093,-41.909786224365234,4015.9423828125,56,1.8538869619369507,5.142991065979004,4526.302702530571,2120.8388326439467,0.1569877292798913,22.263555946687784,-0.02123434204689953,-93.48660278320312,100.05110931396484,-35.34703826904297,19.406091690063477,-27.679964065551758,1
match5_whistle_0442.mp4,0.10002043098211288,0.002312849508598447,2235.731374329123,-46.86151885986328,3757.5439453125,71,1.8530738353729248,5.282904148101807,4271.963778409091,1923.2924162028066,0.16874239042207792,23.8166503046096,-0.0065597163427252095,-188.45664978027344,114.22391510009766,-19.113380432128906,36.955135345458984,-30.192424774169922,1
match5_whistle_0443.mp4,0.12406011670827866,0.004066322930157185,1888.021907463024,-47.309967041015625,3692.9443359375,30,1.8261724710464478,5.109272480010986,3497.0564657182836,1924.234159632638,0.10194875233208955,24.63994773222804,0.011351040556500535,-123.88180541992188,119.61676788330078,-42.71754837036133,-3.596444606781006,-18.393024444580078,1
match5_whistle_0444.mp4,0.119059719145298,0.008237278088927269,2259.728162700697,-42.1557731628418,4037.4755859375,84,1.8547544479370117,5.073233127593994,4226.25,2045.412212580052,0.15891384548611112,22.53746239541569,-0.009903418931852828,-108.20124053955078,111.6581802368164,-34.986595153808594,33.3380012512207,-28.33298110961914,1
match5_whistle_0445.mp4,0.09233767539262772,0.014796472154557705,2456.549371372197,-40.459651947021484,3736.0107421875,70,1.8597742319107056,5.203351020812988,4406.940018503289,2072.3142710258617,0.19796592310855263,22.002331566424857,-0.011596313867814867,-122.19422149658203,99.7845687866211,-40.961578369140625,27.348957061767578,-15.67049503326416,1
match5_whistle_0446.mp4,0.08700108528137207,0.006066347472369671,2657.1744590480826,-45.888309478759766,3725.244140625,61,1.8297410011291504,5.103694915771484,4669.980998211597,1898.7504019786734,0.19057676016566266,23.17817650803534,-0.020169272300346517,-217.38502502441406,87.5069808959961,-15.575971603393555,47.46250915527344,-26.174087524414062,1
match5_whistle_0447.mp4,0.15828922390937805,0.005545659922063351,2233.3289411631918,-47.01686477661133,4069.775390625,74,1.829271674156189,5.002383708953857,4445.61478464227,2122.180060939033,0.13170101768092105,24.94937676525319,-0.028051326268151267,-94.17498779296875,99.24382019042969,-37.48638153076172,16.062641143798828,-18.234905242919922,1
match5_whistle_0448.mp4,0.07914736121892929,0.005498935468494892,2415.5927988619733,-46.912654876708984,3994.4091796875,75,1.8290188312530518,5.062085151672363,4487.727080195783,2152.5025069831845,0.19324171686746988,23.292988290272575,0.003059303957834217,-191.3147430419922,103.67000579833984,-14.837806701660156,45.30421447753906,-21.43523597717285,1
match5_whistle_0449.mp4,0.10244452953338623,0.008477779105305672,2703.328595497148,-39.49803161621094,3983.642578125,15,1.8698698282241821,4.94650936126709,4940.294516958841,2342.014187146841,0.2046315262957317,22.58220125325841,0.0032903833306755313,-156.52798461914062,84.77304077148438,-3.7052724361419678,44.79045104980469,-18.792543411254883,0
match5_whistle_0450.mp4,0.08471070230007172,0.009158284403383732,2228.6655065050745,-42.44821548461914,3994.4091796875,52,1.8416130542755127,5.155806064605713,4229.1514222051055,2114.589936557397,0.16914475132042253,22.44953232556738,-0.006410317747050224,-154.50364685058594,106.6522445678711,-30.932493209838867,29.350419998168945,-15.546589851379395,1
match5_whistle_0451.mp4,0.08548044413328171,0.008362925611436367,2753.8700847239506,-45.665733337402344,4048.2421875,61,1.8020927906036377,5.168935298919678,4832.1002828663795,1982.01590442687,0.22563083692528735,24.806900625577658,-0.0026115605392491555,-189.7338409423828,91.60430145263672,-26.57193374633789,45.96134567260742,-28.00791358947754,1
match5_whistle_0452.mp4,0.1560399830341339,0.011787591502070427,2441.1548915641038,-44.36011505126953,4005.17578125,66,1.8728318214416504,5.034407615661621,4276.051401869159,2063.706370442483,0.1767030519859813,22.51281367228832,-0.0005957707551560817,-82.55255126953125,99.712890625,-31.57904052734375,22.063730239868164,-26.811986923217773,1
match5_whistle_0453.mp4,0.07779231667518616,0.0021746819838881493,2616.62762598418,-45.3652458190918,4037.4755859375,84,1.8385465145111084,5.1115336418151855,4376.180204503677,1894.1166232784576,0.21308019301470588,22.9646599295041,-0.010358773863179894,-238.0468292236328,98.58871459960938,-13.363845825195312,50.44682312011719,-31.296573638916016,1
match5_whistle_0454.mp4,0.07820563018321991,0.0090589988976717,2250.91439792387,-46.10531234741211,3800.6103515625,46,1.828116536140442,4.755300998687744,4308.7939453125,2006.014908657561,0.1380615234375,23.775840480964316,-0.00403990568986604,-142.97344970703125,104.267578125,-46.82549285888672,21.28522491455078,-11.78455638885498,0
match5_whistle_0455.mp4,0.11739702522754669,0.004279125481843948,1817.2178890318132,-46.13143539428711,3983.642578125,41,1.8329075574874878,5.163322448730469,3519.90966796875,1873.9825762001947,0.122314453125,22.89155225713672,0.01602954084678634,-115.0201187133789,132.2410125732422,-39.67055892944336,8.679336547851562,-31.798583984375,1
match5_whistle_0456.mp4,0.09388970583677292,0.009712121449410915,2276.3695774558537,-46.98652648925781,3725.244140625,83,1.794976830482483,5.271423816680908,4167.4022777660475,1939.0677048386026,0.210205078125,24.22519613309074,-0.020244879916781748,-158.92462158203125,122.95156860351562,-35.57888412475586,37.53868103027344,-34.3537483215332,1
match5_whistle_0457.mp4,0.08925774693489075,0.0026381027419120073,2557.5637127369528,-46.73716354370117,4048.2421875,90,1.8019285202026367,5.2146501541137695,4596.041686276355,1974.5894670655814,0.21847350338855423,23.73039707426883,-0.010765845227593414,-215.8889617919922,102.36198425292969,-4.736042499542236,39.337860107421875,-37.074188232421875,1
match5_whistle_0458.mp4,0.08323013782501221,0.00652654655277729,2429.253297732098,-47.428504943847656,3768.310546875,81,1.8124923706054688,5.156709671020508,4521.042209201389,1984.1022633838459,0.20767023533950618,23.445117053998086,-0.007471832835879002,-167.14083862304688,110.35029602050781,-34.22129821777344,32.30756378173828,-25.47946548461914,1
match5_whistle_0459.mp4,0.0797310546040535,0.01393312681466341,2533.473820806721,-42.21146011352539,3746.77734375,63,1.928895115852356,4.939889907836914,4418.671479096284,2073.2133688604604,0.19306244721283783,21.53924338969349,-0.017489012716326854,-143.13092041015625,90.3142318725586,-29.287809371948242,29.794248580932617,-10.178485870361328,1
match5_whistle_0460.mp4,0.08718268573284149,0.002683331025764346,2680.054318276496,-48.45812225341797,4080.5419921875,65,1.8382058143615723,5.108739852905273,4655.988512541118,2022.5862157395256,0.20751310649671054,23.885136404338922,0.004712607201158528,-237.7343292236328,85.59915161132812,-3.5679144859313965,59.5556640625,-24.20606803894043,1
match5_whistle_0461.mp4,0.1308635026216507,0.0061134942807257175,2133.240391099559,-45.0130729675293,3994.4091796875,43,1.8599286079406738,4.885289669036865,4487.050217848558,2233.8856841775682,0.11674929887820513,22.14604678684416,-0.005826382254172865,-134.15782165527344,106.99052429199219,-13.326699256896973,43.00956344604492,-17.70071792602539,0
match5_whistle_0462.mp4,0.11131970584392548,0.0025872907135635614,1817.8596953563028,-43.00922393798828,4005.17578125,59,1.7992132902145386,5.108715534210205,3489.7436867297533,1831.9571380676166,0.11698118397887323,22.91832666755027,-0.004289401205305762,-130.74156188964844,130.2907257080078,-45.34602737426758,21.780765533447266,-29.958871841430664,1
match5_whistle_0463.mp4,0.14114169776439667,0.001081408467143774,2668.7260126254246,-47.33832550048828,4015.9423828125,70,1.8005372285842896,5.382870674133301,4264.589935878537,1717.5845443622968,0.2241717644457547,24.463407635278884,0.011469837432732928,-169.2301025390625,104.4052734375,-25.22995376586914,43.36709213256836,-43.68544006347656,1
match5_whistle_0464.mp4,0.08411715924739838,0.001863939338363707,2396.7365989608966,-50.00143051147461,4059.0087890625,72,1.8451168537139893,5.262609004974365,4380.448512027138,2047.873760576642,0.22097296463815788,24.607491769894274,-0.007285885209711013,-228.5313262939453,109.59660339355469,-6.654883861541748,47.880767822265625,-35.38869094848633,1
match5_whistle_0465.mp4,0.1321181356906891,0.013891836628317833,2408.1371620304412,-39.99949645996094,3994.4091796875,74,1.8216161727905273,5.016080379486084,4635.687324438202,2134.5786479675717,0.15872432408707865,23.300328917913212,0.0016903425536568643,-97.76422882080078,102.50253295898438,-29.25795555114746,22.19493293762207,-26.876840591430664,1
match5_whistle_0466.mp4,0.09027649462223053,0.002557656727731228,2931.7784625588965,-44.774017333984375,4026.708984375,61,1.8453975915908813,5.175848484039307,4438.666076660156,1867.3189519889506,0.271484375,23.98440270298502,0.0022796894038023844,-226.50082397460938,91.03947448730469,-11.579130172729492,44.92092514038086,-45.54158401489258,1
match5_whistle_0467.mp4,0.07070634514093399,0.01180188823491335,2744.5000368083647,-45.49481964111328,4048.2421875,70,1.8636493682861328,5.082537651062012,4639.587556863133,1976.4988068249927,0.2198934434335443,22.120179583351586,-0.014416761302081946,-204.25875854492188,86.14090728759766,-17.111608505249023,51.980430603027344,-23.026947021484375,1
match5_whistle_0468.mp4,0.0495629720389843,0.008764468133449554,2833.6612062560566,-48.58464431762695,3757.5439453125,63,1.8141878843307495,5.057744979858398,4774.114825274493,2133.3288090889237,0.232421875,23.100397674371898,0.01339267365792456,-266.8349609375,84.38573455810547,-5.18320369720459,55.82399368286133,-20.31035041809082,1
match5_whistle_0469.mp4,0.06742458045482635,0.004216513130813837,2796.3156896262776,-47.249446868896484,3617.578125,50,1.8500500917434692,5.0861334800720215,4672.570495605469,1995.2334543137415,0.239642333984375,23.19352546701836,0.00023551578270434765,-217.79052734375,91.56192016601562,-16.6689510345459,48.94208526611328,-26.453149795532227,1
match5_whistle_0470.mp4,0.07884467393159866,0.006392804905772209,2908.4211041117997,-45.53828430175781,4048.2421875,69,1.843560814857483,5.185636043548584,5049.263560621044,2134.5525566155743,0.23143295094936708,22.475255233935425,-0.011680509940145307,-258.40264892578125,59.98033905029297,5.7071309089660645,73.05123901367188,-12.739030838012695,1
match5_whistle_0471.mp4,0.10870220512151718,0.019746504724025726,2980.7969387694648,-39.553565979003906,3714.4775390625,64,1.8840540647506714,4.894110202789307,5274.8533187374,2257.4101267786677,0.2117211126512097,22.036609094305632,-0.01426361064110574,-116.87337493896484,71.94612884521484,-19.662986755371094,35.80754470825195,-18.473512649536133,0
match5_whistle_0472.mp4,0.06486380100250244,0.0038889460265636444,2761.3631774370538,-48.45598602294922,3725.244140625,64,1.8214510679244995,5.093551158905029,5166.011186079545,2081.695429447607,0.20208502435064934,23.862048231431913,-0.016495652440592673,-262.1756591796875,75.89972686767578,-4.734024524688721,59.96728515625,-14.232131958007812,1
match5_whistle_0473.mp4,0.1301409900188446,0.018426645547151566,2875.8790183670094,-39.25094223022461,3908.2763671875,44,1.8582050800323486,4.878087043762207,5267.185027689873,2236.2229800431533,0.21194496637658228,23.65561188698328,0.009997323339190385,-103.61743927001953,80.47586059570312,-32.16706848144531,39.963504791259766,-15.47342586517334,1
match5_whistle_0474.mp4,0.1534416675567627,0.007828100584447384,2076.9698216391043,-45.63650894165039,3660.64453125,67,1.8412190675735474,5.0500288009643555,3919.1884633657096,1938.4159576991294,0.12637246621621623,23.789164060493178,0.01698047697905107,-94.48956298828125,110.46849060058594,-50.083473205566406,21.4677791595459,-16.202777862548828,1
match5_whistle_0475.mp4,0.06468832492828369,0.009985016658902168,2501.814214146212,-42.43666458129883,3660.64453125,80,1.8098787069320679,5.184140682220459,4719.686612215909,2133.40377279821,0.19288377637987014,22.080675414101595,-0.01848980648832478,-187.26963806152344,92.53524017333984,-35.955745697021484,40.60555648803711,-12.086774826049805,1
match5_whistle_0476.mp4,0.154788076877594,0.004049306735396385,2013.8559520937893,-44.955162048339844,4005.17578125,64,1.818161964416504,5.027576923370361,3930.57861328125,1994.1260380367673,0.11590401785714285,23.06960115570008,0.010878292855387316,-93.95283508300781,112.666748046875,-43.12823486328125,5.338366508483887,-34.30723571777344,1
match5_whistle_0477.mp4,0.10798744112253189,0.014315641485154629,2146.582062989226,-48.17277526855469,3951.3427734375,62,1.851662039756775,5.081871032714844,4033.3125,2014.225839813912,0.13915364583333334,24.086597782273085,-0.017347511556324215,-139.63424682617188,103.44757843017578,-42.18342971801758,10.437792778015137,-17.284835815429688,1
match5_whistle_0478.mp4,0.07149411737918854,0.004730965942144394,2985.920133481208,-46.69073486328125,4005.17578125,49,1.870522141456604,5.258797645568848,5250.470964298692,2164.9629497408937,0.26649368640988375,23.501302583821527,-0.023512720144952814,-251.6789093017578,81.16761016845703,11.58560848236084,56.53529357910156,-30.766448974609375,1
match5_whistle_0479.mp4,0.08725328743457794,0.005515348631888628,2813.1322769951385,-43.675987243652344,4026.708984375,70,1.7971750497817993,5.225504398345947,5148.795349957192,2328.146004704458,0.2076533069349315,22.51389806128858,-0.014468689647171726,-222.36119079589844,62.76674270629883,3.168046712875366,70.97525024414062,-18.122516632080078,1
match5_whistle_0480.mp4,0.1157553642988205,0.00654390174895525,2191.6175717035553,-44.86868667602539,3757.5439453125,59,1.855574369430542,5.015307426452637,4016.7005941901407,2059.0160633112737,0.14931090448943662,23.176846655598233,-0.0330343133810186,-125.17728424072266,111.79092407226562,-31.048139572143555,30.562576293945312,-14.423635482788086,1
match5_whistle_0481.mp4,0.10845769196748734,0.004803498741239309,2363.745211013801,-46.38868713378906,4015.9423828125,63,1.8688901662826538,5.012731075286865,4357.91015625,2011.1824865226238,0.16441127232142858,22.503345953352582,-0.022118018617153096,-170.4734649658203,98.92584991455078,-12.133301734924316,48.373905181884766,-19.16214942932129,1
match5_whistle_0482.mp4,0.12426599860191345,0.01396054495126009,2796.875164292591,-41.33832931518555,3746.77734375,65,1.879331350326538,4.846471309661865,5108.045543323864,2264.6464749070506,0.20875256470959597,22.721758251973615,-0.008849067744379146,-98.25645446777344,85.85444641113281,-25.413490295410156,42.55891418457031,-14.958043098449707,0
match5_whistle_0483.mp4,0.1350884586572647,0.01145422924309969,2259.6310021569852,-45.27293014526367,4015.9423828125,80,1.878505825996399,5.18658447265625,4223.621046686747,2046.7867826698737,0.1751047157379518,22.360147947976014,0.0006667539776226897,-83.40325927734375,108.9659652709961,-45.64974594116211,22.327442169189453,-14.962586402893066,1
match5_whistle_0484.mp4,0.1016741394996643,0.005250653252005577,2450.8534103219986,-45.29902267456055,4005.17578125,87,1.8329474925994873,5.154966831207275,4342.487074908088,2112.266128839299,0.19373276654411764,23.515087606517405,-0.012855956104095108,-172.5204315185547,98.51162719726562,-13.992372512817383,54.12560272216797,-17.24310874938965,1
match5_whistle_0485.mp4,0.09914453327655792,0.00708541925996542,2168.979183001104,-48.40748977661133,3865.2099609375,32,1.8557984828948975,4.81704044342041,4183.497619628906,1918.2242653011913,0.14469146728515625,23.015339199293695,0.0393584995092136,-130.7730712890625,115.49242401123047,-43.3463134765625,21.706161499023438,-22.178062438964844,0
match5_whistle_0486.mp4,0.10646864771842957,0.007212681230157614,2340.4232952401517,-43.38258743286133,4026.708984375,92,1.8156914710998535,5.12007474899292,4106.163778184336,2001.1139884418153,0.2039346815664557,23.351235083094377,0.01791827155120407,-127.06242370605469,113.4386215209961,-39.90541076660156,22.084867477416992,-39.13787841796875,1
match5_whistle_0487.mp4,0.10655072331428528,0.005417094565927982,2459.1659712415735,-46.6019401550293,4026.708984375,74,1.8728853464126587,5.311901092529297,4157.636176215277,1967.599270675286,0.21235411844135801,24.127881106507438,-0.003947225107928139,-143.62957763671875,103.59100341796875,-40.51474380493164,42.3518180847168,-11.822107315063477,1
match5_whistle_0488.mp4,0.10973454266786575,0.016379917040467262,2404.668006271725,-45.60556411743164,3746.77734375,54,1.890333890914917,4.99631404876709,4340.435791015625,2129.5476771145363,0.19053819444444445,21.98234875158699,-0.008336552575372459,-119.54237365722656,92.96434020996094,-32.53379821777344,29.78554916381836,-4.669060230255127,1
match5_whistle_0489.mp4,0.02499624714255333,0.020841483026742935,3234.51268437539,-33.37181854248047,3865.2099609375,45,1.8864326477050781,4.634110450744629,5674.441486515411,2309.573321073864,0.2606552333047945,22.554074666242578,0.0038008858811660554,-241.220458984375,74.88929748535156,-11.916754722595215,48.8323974609375,-34.45229721069336,0
match5_whistle_0490.mp4,0.02466747909784317,0.015687059611082077,3183.351967067309,-33.94591522216797,3865.2099609375,44,1.8470783233642578,4.812633514404297,5553.744365985577,2238.6945804894067,0.25517578125,23.118569374554287,0.002670715886865974,-249.84486389160156,70.1613998413086,-20.053104400634766,62.68622589111328,-18.634920120239258,0
match5_whistle_0491.mp4,0.09406179934740067,0.01172355655580759,2915.8972400325006,-48.384056091308594,3671.4111328125,54,1.8459275960922241,5.077274799346924,5390.5257375616775,2154.9660420087253,0.20550215871710525,24.346960931390868,-0.0036696457694388677,-198.46771240234375,64.87516784667969,-18.128883361816406,47.59673309326172,-10.702153205871582,1
match5_whistle_0492.mp4,0.12646187841892242,0.005951947066932917,2040.4135466988862,-45.548099517822266,4005.17578125,67,1.8423001766204834,5.0721659660339355,3754.2730790150317,1893.6640870021192,0.12697166732594936,23.405659602119552,-0.00239426263920578,-99.55608367919922,113.66944885253906,-58.30733108520508,4.938056468963623,-31.12040138244629,1
match5_whistle_0493.mp4,0.09221373498439789,0.0027168637607246637,2306.610172319498,-44.65370559692383,4015.9423828125,78,1.869377613067627,5.100844383239746,4286.710958277926,2047.9629489895253,0.16570395611702127,24.431482297176323,0.008941456907872325,-188.1648712158203,106.9732894897461,-15.450935363769531,40.92824172973633,-26.283477783203125,1
match5_whistle_0494.mp4,0.056970518082380295,0.013187333941459656,2775.0730908318023,-43.41838073730469,3779.0771484375,71,1.8279765844345093,4.859919548034668,5417.9931640625,2318.8641729480214,0.18564453125,22.09597005843545,-0.012941038142744664,-194.50148010253906,80.80883026123047,-4.900299549102783,53.05929183959961,-17.529966354370117,0
match5_whistle_0495.mp4,0.10893048346042633,0.007869426161050797,2097.9076832019623,-46.460540771484375,3972.8759765625,61,1.9175277948379517,5.333756923675537,4064.782184103261,1999.7337830832585,0.14112743432971014,23.381234713484172,-0.01447617940552208,-114.26687622070312,113.87106323242188,-40.2741813659668,25.019489288330078,-14.939414024353027,1
match5_whistle_0496.mp4,0.07887726277112961,0.006230509839951992,2390.6532837032037,-48.70068359375,3994.4091796875,68,1.8296027183532715,5.146576404571533,4434.36496682363,2102.0747173804957,0.19665694563356165,23.188838661332966,0.001991098262568323,-205.95738220214844,102.31088256835938,-11.584502220153809,47.6054801940918,-20.158981323242188,1
match5_whistle_0497.mp4,0.10595448315143585,0.010214349254965782,2180.8871999494504,-42.113067626953125,3983.642578125,59,1.8425160646438599,5.025383949279785,4220.224480879934,2106.979011117261,0.1630859375,22.233566615359887,0.006785029033824747,-124.15525817871094,109.78887939453125,-26.20885467529297,39.72590637207031,-10.7883882522583,1
match5_whistle_0498.mp4,0.07178337126970291,0.003947355318814516,3099.1508644387036,-48.86540985107422,4005.17578125,71,1.7984497547149658,5.167614459991455,5139.424736555233,2015.9633571926947,0.25710846656976744,23.602634812820774,-0.0046868804925854915,-251.6155242919922,74.38379669189453,-0.10688025504350662,53.9524040222168,-34.55043411254883,1
match5_whistle_0499.mp4,0.12514843046665192,0.0035487492568790913,1861.8892700457516,-44.18222427368164,3983.642578125,63,1.811649203300476,5.181265830993652,3547.59521484375,1853.3863501492394,0.13522820723684212,23.1705012268528,0.014193584117775646,-107.4735107421875,129.03456115722656,-44.5738410949707,16.6290340423584,-25.6850643157959,1
match5_whistle_0500.mp4,0.07499567419290543,0.007304885424673557,2484.1701033258423,-47.22359848022461,3940.576171875,79,1.8105748891830444,5.264943599700928,4260.1348876953125,2010.8589910565051,0.22993299696180555,24.01953701846084,0.0037802602511375926,-196.25559997558594,108.51985168457031,-30.91828155517578,29.948965072631836,-31.82743263244629,1
match5_whistle_0501.mp4,0.1284724622964859,0.015502585098147392,2556.3205135484104,-41.7663459777832,4306.640625,32,1.8801034688949585,4.7150559425354,5154.914245605469,2276.7997482676474,0.142010498046875,22.103228763380184,-0.008857134903281787,-112.2716064453125,87.05784606933594,-20.921886444091797,31.432687759399414,-18.577133178710938,0
match5_whistle_0502.mp4,0.17269939184188843,0.0027572400867938995,1925.0424346282582,-43.75150680541992,3962.109375,62,1.8353524208068848,5.1824727058410645,3647.0159216772154,1883.3452457545595,0.11182258702531646,24.39716118293554,-0.017778555431706044,-81.49012756347656,119.24122619628906,-51.984275817871094,1.0019676685333252,-40.47328186035156,1
match5_whistle_0503.mp4,0.09953376650810242,0.015409108251333237,2414.997112013342,-44.90398025512695,3994.4091796875,64,1.8559696674346924,5.148396015167236,4234.177767292837,2037.1061749660123,0.17850245786516855,23.08066500345695,-0.03212368696174038,-122.09663391113281,94.26551818847656,-50.551185607910156,11.383667945861816,-30.67636489868164,1
match5_whistle_0504.mp4,0.0822545737028122,0.0062914700247347355,2680.572763532711,-42.98347473144531,3639.111328125,52,1.778006911277771,5.270187854766846,4640.4052734375,2133.5586730301716,0.25124724014945654,23.46685981814716,-0.01619563119041961,-179.5777587890625,102.27201843261719,-27.77762222290039,31.673236846923828,-48.565425872802734,1
match5_whistle_0505.mp4,0.06764566898345947,0.009145884774625301,2471.5029568615346,-44.50471878051758,4059.0087890625,72,1.8844544887542725,5.212299346923828,4746.3486328125,2077.8642527212305,0.20841145833333333,23.680359657542805,0.0021410439572761464,-192.4964141845703,109.03933715820312,-22.799633026123047,33.74532699584961,-29.703332901000977,1
match5_whistle_0506.mp4,0.10962558537721634,0.016980230808258057,2495.5727035070004,-43.98670959472656,3746.77734375,50,1.8157446384429932,5.034518718719482,4571.35546875,2088.8204417461866,0.18805989583333332,24.025167140279706,-0.013518967402913336,-124.13616943359375,92.34929656982422,-37.471492767333984,31.141117095947266,-19.0772647857666,1
match5_whistle_0507.mp4,0.06829239428043365,0.008732679300010204,2962.7164298683338,-45.23258972167969,3757.5439453125,71,1.8309266567230225,5.292778015136719,5323.793483424831,2217.766055466166,0.23695497255067569,23.2525894207854,-0.01877257594567388,-264.1971740722656,63.40872573852539,16.412372589111328,64.625732421875,-23.76767349243164,1
match5_whistle_0508.mp4,0.12960657477378845,0.006126955151557922,1996.2116734974438,-46.71283721923828,4005.17578125,49,1.8149988651275635,5.037417411804199,3820.6886085304054,1947.741445182248,0.12483504011824324,23.941659804560903,0.015177855405162779,-110.9404525756836,117.46884155273438,-38.49863052368164,23.646892547607422,-17.376930236816406,1
match5_whistle_0509.mp4,0.07524482905864716,0.0028118714690208435,3049.917072799779,-46.467769622802734,4005.17578125,64,1.8501745462417603,5.183839797973633,4864.6686900745735,1905.0731301499234,0.24461226029829544,22.846767111166233,-0.003103929542730625,-264.70928955078125,67.57433319091797,-0.6135299205780029,64.24459838867188,-26.0660400390625,1
match5_whistle_0510.mp4,0.09913726150989532,0.0013857180019840598,2136.3777968812387,-48.62510299682617,4026.708984375,85,1.8272756338119507,5.276463031768799,3822.2732727786147,1857.811077315839,0.17971691453313254,25.399778308661652,0.026667236509406576,-181.4852294921875,122.8623275756836,-30.090173721313477,45.33075714111328,-20.255441665649414,1
match5_whistle_0511.mp4,0.1007247120141983,0.012620792724192142,2307.743869325823,-44.52879333496094,4005.17578125,61,1.8605653047561646,5.052342414855957,4626.0498046875,2153.388986813808,0.1435479058159722,23.032247773949234,-0.001482271813621298,-105.49720001220703,101.48334503173828,-37.475929260253906,15.90119743347168,-22.196928024291992,1
match5_whistle_0512.mp4,0.10037536919116974,0.002769727259874344,2369.3847005841103,-47.56612014770508,3983.642578125,70,1.8002780675888062,5.2101006507873535,4416.998291015625,2042.8416938787789,0.18974223889802633,23.551755664498042,-0.00634609983926194,-182.81939697265625,98.9789810180664,-15.493819236755371,56.46316146850586,-11.38615608215332,1
match5_whistle_0513.mp4,0.15375125408172607,0.005929780192673206,2223.925817005445,-42.3569450378418,3972.8759765625,50,1.8227989673614502,4.984236240386963,3908.9709866431454,1943.8076051772848,0.166005124327957,22.71302933051439,0.0007728585467616558,-88.80265808105469,112.3246078491211,-42.31825256347656,11.983282089233398,-40.8117561340332,1
match5_whistle_0514.mp4,0.09263500571250916,0.0013681681593880057,2396.3779355599368,-49.64077377319336,4005.17578125,64,1.8290092945098877,5.115940093994141,4216.874084472656,2033.860478158827,0.18642578125,23.41793747495534,0.008398507851488898,-230.8935546875,99.40678405761719,1.4798599481582642,58.006011962890625,-24.382831573486328,1
match5_whistle_0515.mp4,0.14669112861156464,0.008977771736681461,2110.588980001818,-43.07406234741211,3736.0107421875,52,1.8619325160980225,5.1218366622924805,4108.2275390625,2039.923721375536,0.12857357486263737,22.832408960415503,0.0013838852086941998,-80.47855377197266,111.65694427490234,-36.845436096191406,11.50644588470459,-26.182880401611328,1
match5_whistle_0517.mp4,0.09534141421318054,0.0017856955528259277,2358.450975484328,-47.78325653076172,4015.9423828125,84,1.8164317607879639,5.340005397796631,4060.3716500197784,1927.1086354568174,0.2036998121044304,23.530255294124604,-0.0075527811282613735,-204.23362731933594,108.73876190185547,-13.642095565795898,54.15861129760742,-28.600313186645508,1
match5_whistle_0518.mp4,0.10516224801540375,0.009643567726016045,2376.404545799762,-39.03810119628906,4242.041015625,45,1.8704352378845215,4.832594394683838,4527.066532258064,2067.5279320565455,0.15876491095430106,22.39069823709781,-0.006398933691667191,-105.80804443359375,103.36723327636719,-40.95730972290039,19.64033317565918,-22.3790340423584,0
match5_whistle_0519.mp4,0.06890624016523361,0.028858210891485214,2674.2916968243867,-40.77302551269531,4005.17578125,67,1.8642898797988892,5.157238483428955,4964.027471127717,2253.691183473143,0.22037052762681159,21.626978171290055,-0.011932894104206181,-128.12924194335938,86.16311645507812,-39.82374572753906,17.646360397338867,-10.230133056640625,1
match5_whistle_0520.mp4,0.08848432451486588,0.007209277246147394,2844.420012261599,-46.3092155456543,4037.4755859375,55,1.8801119327545166,5.16610050201416,5033.38623046875,2126.6080937763313,0.244140625,24.288591179146458,0.0006015088246944039,-198.2071990966797,84.82537078857422,-16.720157623291016,37.69021224975586,-19.05110740661621,1
match5_whistle_0521.mp4,0.12498688697814941,0.014323312789201736,2650.3203104131526,-42.79241180419922,4015.9423828125,73,1.8633763790130615,5.088773250579834,4665.399169921875,2113.744184339288,0.2105654761904762,22.69918487454129,-0.02046244582401336,-105.32833099365234,92.40100860595703,-25.917503356933594,42.29029083251953,-16.51026725769043,1
match5_whistle_0522.mp4,0.06645108014345169,0.0035741813480854034,3030.8434076992153,-47.930580139160156,4059.0087890625,72,1.7897733449935913,5.3487958908081055,4866.50390625,1988.9236096100335,0.28546875,24.4633496411141,0.012263658474405657,-265.8727722167969,84.93241882324219,-4.126888275146484,53.758155822753906,-32.26557540893555,1
match5_whistle_0523.mp4,0.11286934465169907,0.013620464131236076,2498.337189771268,-42.80869674682617,4242.041015625,41,1.8532484769821167,4.773602485656738,4782.806396484375,2195.3618664988066,0.14308384486607142,23.13471523022737,-0.004907407885956868,-107.23292541503906,91.57257080078125,-26.627052307128906,29.838727951049805,-22.95302391052246,0
match5_whistle_0524.mp4,0.1388934850692749,0.006613480392843485,2013.5670034328007,-43.30259323120117,3714.4775390625,86,1.8202757835388184,5.079675197601318,3978.9702793337265,1981.056096337748,0.1411593455188679,22.35622308179397,0.003874271808196249,-91.15814971923828,121.38091278076172,-37.23485565185547,15.670328140258789,-39.731815338134766,1
match5_whistle_0525.mp4,0.10029913485050201,0.007599181961268187,2457.5691517073446,-43.99077606201172,4037.4755859375,43,1.8846135139465332,5.017683029174805,4412.51220703125,1969.5408898572769,0.19609142485119047,23.701377522187382,0.0013033709262215468,-145.9525146484375,105.30400085449219,-36.85973358154297,28.534536361694336,-28.155105590820312,1
match5_whistle_0526.mp4,0.0990896075963974,0.009840690530836582,2288.308763526353,-43.94382858276367,4263.57421875,36,1.9230066537857056,4.7182087898254395,4586.424777932363,2183.651719314133,0.12251177226027397,22.203827137405465,0.01196109711392238,-143.48574829101562,98.49674987792969,-12.605045318603516,44.53947830200195,-24.560543060302734,0
match5_whistle_0527.mp4,0.16239316761493683,0.008758224546909332,2432.7014337927576,-44.42142105102539,3725.244140625,40,1.852457046508789,4.907931327819824,4565.3920658299185,2172.1806994362823,0.14586801997950818,22.488325928818433,0.012318778246957162,-98.07733154296875,90.36309051513672,-27.21074676513672,33.49873733520508,-14.127091407775879,1
match5_whistle_0528.mp4,0.17659804224967957,0.004980103578418493,2103.512083069053,-46.689029693603516,4015.9423828125,50,1.8365939855575562,5.080820083618164,4127.625787080224,2065.641546292148,0.11296787546641791,23.801698604049296,0.008723318893808613,-98.20623779296875,97.91161346435547,-35.59968948364258,18.991050720214844,-21.390899658203125,1
match5_whistle_0529.mp4,0.06408007442951202,0.013449245132505894,2987.9229117511,-53.142818450927734,4005.17578125,66,1.782358169555664,5.02922248840332,5222.815085018382,2184.2858588649883,0.23303653492647058,23.346939006678816,0.00022938316279109934,-289.1849365234375,53.62673568725586,10.389345169067383,67.96016693115234,-10.091300010681152,1
match5_whistle_0530.mp4,0.09663661569356918,0.011955248191952705,2707.8143537493047,-41.08528137207031,4112.841796875,59,1.8744028806686401,4.773036003112793,5071.17919921875,2203.432791510338,0.19984155771683673,22.286653177765295,-0.008753381299864093,-128.2977752685547,91.57994842529297,-15.4884672164917,30.842323303222656,-35.0383415222168,0
match5_whistle_0531.mp4,0.0750260278582573,0.005447103176265955,1913.0056526796523,-40.56871032714844,4155.908203125,41,1.8069905042648315,4.865239143371582,3934.7516169313526,1908.1388952828306,0.12286276895491803,21.995753431476093,-0.015601729391712687,-150.10585021972656,129.2054901123047,-34.67255783081055,6.6855788230896,-39.586936950683594,0
match5_whistle_0532.mp4,0.13498371839523315,0.014749853871762753,2409.866021135422,-44.574554443359375,3972.8759765625,25,1.8278119564056396,4.903787612915039,4624.87060546875,2188.4561005463815,0.17803431919642856,22.095796890120187,0.010363464678086106,-100.07396697998047,101.3921890258789,-28.4156436920166,28.019428253173828,-17.72991943359375,1
match5_whistle_0533.mp4,0.10693954676389694,0.017149128019809723,2249.7683730239237,-46.917510986328125,3972.8759765625,66,1.8222225904464722,5.238761901855469,4455.045133023648,2132.519159805891,0.16240630278716217,22.008346676083654,-0.019395161110897983,-106.18668365478516,106.25338745117188,-39.841766357421875,13.883155822753906,-13.836586952209473,1
match5_whistle_0534.mp4,0.09008456021547318,0.011073434725403786,2730.01901346249,-45.06141662597656,3703.7109375,82,1.7977917194366455,5.104033470153809,5021.461197092563,2034.7849215355795,0.2145903382120253,23.680862602114992,-0.014097128818272289,-144.81500244140625,89.58954620361328,-39.662322998046875,36.55027389526367,-29.21893882751465,1
match5_whistle_0535.mp4,0.12126082181930542,0.009292926639318466,2147.954772387931,-43.80276870727539,3972.8759765625,75,1.8198916912078857,4.9183573722839355,4063.963331374447,2000.6546740995689,0.14811774059734514,22.804114440378676,-0.018736982456210336,-107.26406860351562,111.75662994384766,-39.21754455566406,17.156726837158203,-23.223148345947266,1
match5_whistle_0536.mp4,0.07824672758579254,0.004225965589284897,2912.97509530477,-48.8154296875,4005.17578125,80,1.8301281929016113,5.298289775848389,4859.280743176424,1984.468300202483,0.22482570213607594,22.93618872839691,-0.01736300430952192,-279.0676574707031,68.2885513305664,2.8166451454162598,57.82789611816406,-29.198694229125977,1
match5_whistle_0537.mp4,0.08919874578714371,0.004955727141350508,1961.5474917604947,-47.01123046875,3972.8759765625,59,1.8585703372955322,5.247134208679199,3797.1270392922793,1956.605688531092,0.1435834099264706,23.251374317871488,-0.014795734310850857,-146.98690795898438,124.97685241699219,-33.5553092956543,14.968021392822266,-22.583415985107422,1
match5_whistle_0538.mp4,0.09238532185554504,0.004852939862757921,2554.4186255229556,-46.67532730102539,3692.9443359375,87,1.8437687158584595,5.266639232635498,4752.126242897727,2113.6031166736825,0.2121867390422078,23.413796241868628,-0.01911988776510423,-174.53099060058594,99.00670623779297,-9.483636856079102,41.813480377197266,-32.60555648803711,1
match5_whistle_0539.mp4,0.10904140770435333,0.014962400309741497,2385.5831557080546,-41.62864685058594,4242.041015625,49,1.8389958143234253,4.7829790115356445,4826.163221914557,2267.493771037579,0.13762114319620253,22.141805531861152,-0.0056103702025593095,-100.63858795166016,99.13361358642578,-22.921897888183594,20.250709533691406,-21.173219680786133,0
match5_whistle_0540.mp4,0.07882225513458252,0.03180103376507759,3563.7159212579345,-36.41165542602539,3757.5439453125,86,1.8406658172607422,4.722670555114746,6283.312448147124,2393.3070846527244,0.2761036020464602,22.034075507150632,0.0007244180115622918,-129.5528106689453,49.54912185668945,-6.067365646362305,41.05699157714844,-33.189720153808594,0
match5_whistle_0541.mp4,0.14371806383132935,0.01232632901519537,2293.8703632929005,-43.94292449951172,4005.17578125,72,1.7958734035491943,4.93825626373291,4436.527073636968,2101.471625131908,0.14308718417553193,22.73033370892576,-0.004811601052764379,-85.43545532226562,102.48334503173828,-42.405479431152344,12.5318603515625,-27.6273250579834,1
match5_whistle_0542.mp4,0.06348583102226257,0.004492899402976036,3092.264082216921,-50.92070770263672,3779.0771484375,76,1.766924500465393,5.305534839630127,5290.24658203125,2054.149425883854,0.24991861979166666,23.587468168397255,-0.0054499252851540605,-287.27154541015625,63.09093475341797,13.043916702270508,59.391693115234375,-31.579845428466797,1
match5_whistle_0543.mp4,0.08358694612979889,0.020889991894364357,2997.931757608487,-41.8682746887207,4048.2421875,85,1.8385454416275024,4.939322471618652,5248.758737664473,2292.048413716141,0.22869918937969924,23.34963090131651,0.0077072249353400055,-164.36842346191406,71.50679016113281,-10.750666618347168,42.43321990966797,-23.491798400878906,1
match5_whistle_0544.mp4,0.08902043104171753,0.0037015671841800213,2515.4612827116403,-48.444854736328125,4069.775390625,72,1.918690800666809,5.012844562530518,4878.680419921875,2189.398014550841,0.20493861607142858,24.535373992043453,0.002354643809774632,-224.39959716796875,84.73117065429688,-10.15837287902832,65.55000305175781,-6.055222034454346,1
match5_whistle_0545.mp4,0.14216749370098114,0.005198092199862003,2307.503336143391,-45.884849548339844,3994.4091796875,36,1.8706010580062866,5.037464618682861,4082.8588558148736,1934.5127799152374,0.18272226068037975,23.190992046729722,-0.003637994596487183,-107.04930877685547,113.57838439941406,-37.075191497802734,24.267412185668945,-27.506669998168945,1
match5_whistle_0546.mp4,0.08674026280641556,0.010503614321351051,2627.026108984297,-44.47244644165039,3951.3427734375,49,1.8630669116973877,5.198738098144531,4370.0439453125,1989.1190758923685,0.23855854552469136,22.289391827708386,-0.01963857988369586,-176.08343505859375,90.74502563476562,-38.55513381958008,28.91219139099121,-11.587440490722656,1
match5_whistle_0547.mp4,0.10467138141393661,0.011271391995251179,3356.0821473370365,-45.10463333129883,4037.4755859375,40,1.8037631511688232,5.067765712738037,5300.68576926052,1894.7008886105568,0.2775177908415842,22.80899985129824,-0.01143714236726438,-226.03857421875,47.47259521484375,-9.83968448638916,52.85972213745117,-27.9186954498291,1
match5_whistle_0548.mp4,0.07901854068040848,0.004212587606161833,2703.8535307255834,-43.97709274291992,3768.310546875,78,1.8702396154403687,5.317341327667236,4687.6013350813355,2100.3470282548533,0.2597121147260274,24.039417771979927,-0.028487920266568156,-212.48944091796875,96.98017120361328,-26.676576614379883,39.00693130493164,-25.45219612121582,1
match5_whistle_0549.mp4,0.08836378902196884,0.0023227212950587273,2702.558310036533,-45.84479522705078,3951.3427734375,57,1.8635016679763794,5.2509050369262695,4332.693142361111,1982.042308295651,0.26168860918209874,23.581917713285666,-0.013886163459039534,-212.17373657226562,105.94284057617188,-10.92636489868164,46.47981643676758,-49.69166946411133,1
match5_whistle_0550.mp4,0.07499955594539642,0.008836223743855953,2586.48359970089,-44.233726501464844,3692.9443359375,57,1.8661772012710571,5.400091171264648,4372.71511130137,1972.7925176543422,0.2508294092465753,23.649481603665755,-0.004939463478642723,-191.79258728027344,105.68746948242188,-30.982234954833984,42.735923767089844,-39.44581604003906,1
match8_whistle_0001.mp4,0.09401792287826538,0.005744223948568106,2378.510067827335,-40.488059997558594,3725.244140625,40,1.8034862279891968,4.9997029304504395,4093.7363568474266,2141.2009930984996,0.19710765165441177,22.338371016499043,0.0050664798883609105,-162.72523498535156,103.56132507324219,-8.388092994689941,39.8914909362793,-12.405070304870605,1
match8_whistle_0002.mp4,0.08491967618465424,0.005921258591115475,2262.495562849529,-41.0078125,4145.1416015625,64,1.8481669425964355,5.004279136657715,4367.704932369403,2226.647423691111,0.14370773087686567,21.939256366698643,0.0003472526371076424,-170.36428833007812,98.60675048828125,-6.240264892578125,45.64543151855469,-15.341806411743164,1
match8_whistle_0003.mp4,0.07606053352355957,0.009131387807428837,2264.37247642511,-42.98225021362305,3919.04296875,66,1.8450651168823242,4.942717552185059,4216.08318172089,2036.4004922109698,0.1640089897260274,22.25782098600059,-0.012736040670341836,-174.19552612304688,111.96686553955078,-8.446227073669434,50.16350555419922,-14.322325706481934,1
match8_whistle_0004.mp4,0.08354013413190842,0.009078453294932842,2622.901343870036,-41.79102325439453,3725.244140625,58,1.8141659498214722,5.024322032928467,4259.0473521839485,2011.4116713767514,0.21512673117897727,22.604922319873676,0.0015598526715628535,-177.50576782226562,99.56196594238281,-17.454803466796875,33.186546325683594,-19.648653030395508,1
match8_whistle_0005.mp4,0.09302181005477905,0.0016526125837117434,2307.600182911873,-42.32678985595703,4209.7412109375,72,1.83454430103302,5.019096374511719,3873.9578247070312,1876.7986788793303,0.179083251953125,22.756175803194303,0.012245054540441672,-218.8024444580078,105.11430358886719,-18.470808029174805,60.031578063964844,-12.472028732299805,1
match8_whistle_0006.mp4,0.15123875439167023,0.013490143232047558,2588.594054559777,-37.39773941040039,4198.974609375,58,1.8186169862747192,4.843110084533691,4840.0360107421875,2182.7747971182216,0.16624620225694445,23.591485007527652,-0.02053053455441216,-79.29457092285156,85.38661193847656,-26.89608383178711,24.165645599365234,-26.602094650268555,1
match8_whistle_0007.mp4,0.10425179451704025,0.0029588749166578054,2231.5100526279966,-44.25672149658203,4188.2080078125,60,1.8325605392456055,4.9101243019104,3876.9814453125,2035.01167126658,0.1648046875,22.72450964086529,-0.009713582140072546,-184.22372436523438,104.11782836914062,-10.142020225524902,42.34713363647461,-16.1323184967041,1
match8_whistle_0008.mp4,0.14269286394119263,0.007674189284443855,2154.0503764618156,-37.68355178833008,4231.2744140625,65,1.8503262996673584,4.888321876525879,3928.859576056985,1943.6154153012903,0.1396771599264706,23.12666018582486,-0.0016774827507100882,-77.13278198242188,107.22261810302734,-50.3052864074707,13.321783065795898,-18.972091674804688,1
match8_whistle_0009.mp4,0.09995612502098083,0.00404889602214098,2372.328856212137,-39.30736541748047,4123.6083984375,74,1.84800386428833,5.028043270111084,3910.142578125,1878.8712361743667,0.19008463541666668,24.005960906281175,-0.015711465896542445,-154.08799743652344,105.05778503417969,-33.49591827392578,48.16497039794922,-5.406965255737305,1
match8_whistle_0010.mp4,0.08307304233312607,0.035331785678863525,3750.5525319760714,-33.954158782958984,4349.70703125,48,1.841675043106079,4.709777355194092,6956.8037109375,2626.6897300178343,0.24223958333333334,21.218622447450244,-0.008034011033535926,-136.21546936035156,35.065948486328125,12.764374732971191,56.85664749145508,-14.825181007385254,0
match8_whistle_0013.mp4,0.07647492736577988,0.005569639150053263,2272.4621809684845,-40.62672424316406,3789.84375,64,1.8489415645599365,4.963758945465088,4215.777033025568,2119.971958350838,0.16759883996212122,21.416335998154754,-0.001595306925696206,-212.51307678222656,96.85397338867188,-9.018464088439941,50.00625991821289,-9.94727897644043,1
match8_whistle_0014.mp4,0.153713658452034,0.01505015604197979,2469.2924082785307,-40.76049041748047,4263.57421875,57,1.8417880535125732,4.867298603057861,4393.23486328125,2109.6130464675834,0.1558803013392857,23.35484288138497,0.007566702701374973,-92.4059829711914,87.68465423583984,-33.05048370361328,19.541011810302734,-18.756492614746094,1
match8_whistle_0015.mp4,0.126644104719162,0.01932826079428196,2479.347551898177,-42.5977783203125,4155.908203125,60,1.8783725500106812,4.963329792022705,4573.114013671875,2052.066597713911,0.17409153988486842,22.857727057281757,-0.0024783322653951804,-123.7318344116211,96.27195739746094,-25.078067779541016,39.28135299682617,-12.978503227233887,1
match8_whistle_0016.mp4,0.0935831144452095,0.03591403365135193,3235.5824923873165,-39.434974670410156,4252.8076171875,60,1.8341480493545532,4.787450313568115,6013.713635896382,2528.2088887088457,0.20194927014802633,21.037427218327668,0.006599198125671419,-111.68759155273438,55.357505798339844,2.573834180831909,47.855831146240234,-20.292688369750977,0
match8_whistle_0017.mp4,0.15528754889965057,0.008001688867807388,2240.0081079692927,-36.84943771362305,4188.2080078125,72,1.8421967029571533,5.019473552703857,4198.974609375,2028.3216531619844,0.1435744826858108,23.746466390101634,0.022089083750873272,-76.15531921386719,102.59147644042969,-40.33126449584961,25.461204528808594,-18.319984436035156,1
match8_whistle_0018.mp4,0.08168577402830124,0.012514444068074226,2845.426195059833,-38.787353515625,4188.2080078125,73,1.8922045230865479,5.0162763595581055,4809.496131310096,2162.996373505274,0.2279835236378205,23.637650403653886,-0.015181691494441835,-183.60897827148438,82.20868682861328,-16.035186767578125,48.40357971191406,-15.314091682434082,1
match8_whistle_0019.mp4,0.10353127866983414,0.025504203513264656,3052.003554496522,-37.574546813964844,4155.908203125,64,1.8860212564468384,4.7639031410217285,5306.0079152960525,2348.8025150542794,0.21639083059210526,21.8670852603572,-0.0037127759506341393,-148.4758758544922,64.18462371826172,-2.379920482635498,54.3468132019043,-10.185201644897461,1
match8_whistle_0020.mp4,0.07596898823976517,0.005111344158649445,2765.257464325245,-38.33751678466797,4209.7412109375,59,1.8067995309829712,5.017386436462402,4508.698763912671,2157.4137526437735,0.2176931720890411,22.283950753314084,0.01165507945932412,-222.882568359375,80.30581665039062,3.226675510406494,58.42506408691406,-15.734201431274414,1
match8_whistle_0021.mp4,0.11419738084077835,0.00707153370603919,2242.8349561187847,-42.01087188720703,4155.908203125,66,1.839991569519043,5.006532669067383,3962.761896306818,1947.8069385424099,0.16128077651515152,23.743250779864454,0.021485547746649764,-123.01726531982422,107.56433868408203,-43.36513137817383,28.347213745117188,-21.75739097595215,1
match8_whistle_0022.mp4,0.1135672777891159,0.015239467844367027,2658.5610108012656,-36.99382781982422,4134.375,73,1.8417810201644897,4.934473037719727,4511.327027738764,2088.5754141891907,0.2228098665730337,23.125784272671734,0.00901248380290972,-102.44354248046875,96.22491455078125,-37.741153717041016,27.609289169311523,-19.318477630615234,1
match8_whistle_0023.mp4,0.09469722211360931,0.006391759496182203,2628.745969088583,-40.19563293457031,4209.7412109375,72,1.8560833930969238,4.956604480743408,4401.0361782340115,2121.135263638345,0.1910201671511628,22.003641335785964,-0.016332247784329353,-208.14401245117188,81.19086456298828,11.99904727935791,56.48238754272461,-19.878698348999023,1
match8_whistle_0024.mp4,0.10208012163639069,0.0025778585113584995,2284.082116869445,-43.97779083251953,4134.375,70,1.7894642353057861,5.042968273162842,3658.9881310096152,1860.429581018886,0.1828926282051282,23.14220831470041,-0.0038167676157356543,-193.2571563720703,108.54769134521484,-15.24832820892334,57.62434387207031,-11.288379669189453,1
match8_whistle_0025.mp4,0.10108567774295807,0.03198125213384628,3313.230394134105,-33.76213836669922,4037.4755859375,44,1.8347800970077515,4.776673793792725,5773.115090762868,2392.049001112912,0.22434369255514705,22.148634110540723,-0.006543484179982446,-123.23095703125,46.27817153930664,-11.712281227111816,53.43229675292969,-3.4327054023742676,0
match8_whistle_0026.mp4,0.14277127385139465,0.018871961161494255,2323.385766916617,-35.69858169555664,4177.44140625,65,1.8204011917114258,4.904204845428467,4448.08132223887,2127.7288293673228,0.1533537564212329,21.698448510072645,-0.0018973848981767361,-51.740291595458984,100.1317367553711,-39.30888748168945,12.339103698730469,-17.656639099121094,1
match8_whistle_0027.mp4,0.1286221146583557,0.019824909046292305,2828.3510450953627,-37.17820358276367,4188.2080078125,56,1.8260695934295654,4.937228679656982,5230.061068600171,2328.0381354581245,0.17901862157534246,21.45049723732968,0.005269039254295988,-95.12371826171875,70.443603515625,-12.500839233398438,42.01853561401367,-14.583786964416504,1
match8_whistle_0028.mp4,0.10039856284856796,0.005934007000178099,2390.6740819063857,-37.54758071899414,3779.0771484375,69,1.8887684345245361,5.034520149230957,4035.4568481445312,2011.381606062075,0.19635009765625,23.95405941561439,-0.0003584831552209252,-137.83934020996094,108.99166107177734,-32.668983459472656,33.7095947265625,-16.385540008544922,1
match8_whistle_0029.mp4,0.1020306721329689,0.011034487746655941,2706.254573764233,-39.88588333129883,3779.0771484375,51,1.8339561223983765,4.96628999710083,4681.539212740385,2206.434517032543,0.19231395232371795,22.962826246148147,0.005195389751600786,-149.0785369873047,85.33626556396484,-12.424179077148438,48.898067474365234,-15.839424133300781,1
match8_whistle_0030.mp4,0.09514942765235901,0.012384961359202862,2639.763600352044,-38.982200622558594,4231.2744140625,76,1.8457313776016235,4.9708170890808105,4605.243460739715,2144.3188525271603,0.19527541534810128,23.497444467048915,-0.0032057473454283054,-134.67828369140625,79.80158233642578,-32.749839782714844,44.10688400268555,1.2830209732055664,1
match8_whistle_0031.mp4,0.09826574474573135,0.0021601386833935976,2397.004489509792,-40.418338775634766,3789.84375,66,1.8498495817184448,5.0661821365356445,3960.6472439236113,1974.43601426827,0.17540147569444445,22.694336248554215,-0.003274750251614937,-213.2208251953125,101.70518493652344,1.212809443473816,53.01504135131836,-9.766918182373047,1
match8_whistle_0032.mp4,0.15876995027065277,0.003580156248062849,2225.1472869284344,-42.379249572753906,4209.7412109375,70,1.8241244554519653,5.020596981048584,3845.47119140625,1963.5373119665007,0.1385498046875,25.14625908662285,-0.04187853088662227,-121.51705932617188,107.33732604980469,-36.08058547973633,23.635906219482422,-18.07337188720703,1
match8_whistle_0033.mp4,0.10816419869661331,0.00787197332829237,2460.977268409916,-40.67567443847656,4198.974609375,72,1.8493155241012573,4.981303691864014,4145.1416015625,1942.6239816487828,0.1986439378955696,22.506901756276992,0.005541204467029336,-133.67893981933594,105.33822631835938,-26.905202865600586,29.189775466918945,-14.954442977905273,1
match8_whistle_0034.mp4,0.10294290632009506,0.007862408645451069,2654.03282413407,-37.92167663574219,4231.2744140625,74,1.8412718772888184,5.127849578857422,4381.109619140625,2100.093714721459,0.21519833519345238,23.449043382430045,-0.009268135175713406,-159.2138671875,98.39164733886719,-25.004398345947266,52.4976806640625,-7.710655689239502,1
match8_whistle_0035.mp4,0.1390620321035385,0.01631566323339939,2580.028101919644,-38.169715881347656,4166.6748046875,72,1.8153746128082275,4.974870204925537,4442.923134251645,2123.2879922553966,0.20151238692434212,22.04491990931037,-0.001478279127918794,-78.62239074707031,88.44377136230469,-33.14983367919922,31.605289459228516,-1.7016340494155884,1
match8_whistle_0036.mp4,0.05983864143490791,0.0038832034915685654,2666.455407782584,-39.70827102661133,3692.9443359375,42,1.8735027313232422,5.103621482849121,4208.627424568966,2089.791256480755,0.21154925466954022,23.182502003542062,-0.007616680791185429,-254.72738647460938,87.38074493408203,4.052412986755371,46.57105255126953,-27.74814796447754,1
match8_whistle_0037.mp4,0.08788752555847168,0.0018671994330361485,2552.008948877708,-43.6521110534668,3725.244140625,53,1.8522347211837769,5.084709167480469,4022.7699838033536,1893.61525425836,0.18795850800304878,22.497034701858137,-0.010800160078899935,-268.56658935546875,71.92069244384766,8.248496055603027,67.6832046508789,-11.417919158935547,1
match8_whistle_0038.mp4,0.08908764272928238,0.011000513099133968,2564.5395787165066,-39.25833511352539,4188.2080078125,69,1.8280038833618164,5.012955188751221,4444.2138671875,2080.8297448298417,0.1988329475308642,22.27132442861587,-0.006217210580378163,-172.27093505859375,89.7884750366211,-33.21991729736328,51.909854888916016,-11.03119945526123,1
match8_whistle_0039.mp4,0.11595422774553299,0.016926534473896027,2582.813140053375,-37.435096740722656,4220.5078125,45,1.8262858390808105,4.901059150695801,4577.483575994318,2137.651418764737,0.17354910714285715,22.986518478754473,0.0032566367340736246,-109.78305053710938,84.47985076904297,-37.463199615478516,27.282987594604492,-10.192628860473633,1
match8_whistle_0040.mp4,0.0705801323056221,0.001641303300857544,2452.4102462271762,-39.219970703125,4198.974609375,83,1.8900635242462158,5.264512062072754,3814.689753605769,1839.970648501146,0.21215194310897437,23.49079807205984,0.0034026333865119075,-237.95553588867188,115.86762237548828,-20.165132522583008,48.14310836791992,-23.300216674804688,1
match8_whistle_0041.mp4,0.12741175293922424,0.007574633229523897,2317.0230528040765,-37.61616516113281,4123.6083984375,79,1.8645803928375244,4.971658706665039,4177.855506310096,2064.254075986975,0.15430313501602563,23.65013203183059,-0.008139605680960404,-104.84394073486328,98.45567321777344,-35.592872619628906,23.226640701293945,-12.501867294311523,1
match8_whistle_0042.mp4,0.08561184257268906,0.021677544340491295,3127.116608619178,-35.31377029418945,4209.7412109375,78,1.8719913959503174,4.936439514160156,4759.471220128677,2055.5215219659003,0.24736902573529412,21.89743611782583,-0.008383999985863408,-177.0320587158203,58.55073928833008,-23.81987762451172,50.18366241455078,-11.557780265808105,1
match8_whistle_0043.mp4,0.10726097226142883,0.009113851003348827,2464.3330705667895,-37.86005783081055,4198.974609375,76,1.8233349323272705,5.085307598114014,4420.4174144847975,2050.2435388984923,0.18258419552364866,22.67657565161257,0.0012670061869801998,-110.7796401977539,97.70806884765625,-40.795997619628906,25.291276931762695,-17.198427200317383,1
match8_whistle_0044.mp4,0.10558199882507324,0.007258129306137562,2484.388601913448,-39.59930419921875,4231.2744140625,67,1.8531992435455322,5.084470272064209,4477.5604248046875,2117.439898369203,0.19544677734375,22.99138893144312,-0.0013643061974974668,-172.40536499023438,100.24882507324219,-15.279424667358398,48.15836715698242,-21.814807891845703,1
match8_whistle_0045.mp4,0.17190778255462646,0.0193173885345459,2351.922377443501,-40.77750015258789,4102.0751953125,38,1.7968792915344238,4.9750075340271,4041.92578125,1851.3130672591121,0.16702473958333333,24.100058084929945,0.016573781562356737,-80.65020751953125,93.53128051757812,-58.9322509765625,15.786551475524902,-9.88730525970459,1
match8_whistle_0046.mp4,0.10781199485063553,0.004084447864443064,2534.759578292123,-38.27106857299805,4209.7412109375,80,1.8544108867645264,5.0217156410217285,4462.955729166667,2095.0630571514016,0.2018530574845679,23.091534608991555,-0.006580042859817076,-161.59378051757812,99.27133178710938,-10.257867813110352,55.03628921508789,-13.202384948730469,1
match8_whistle_0047.mp4,0.15401822328567505,0.0055154431611299515,2054.37184275686,-42.0736198425293,4242.041015625,68,1.819976806640625,4.853353500366211,3769.9554443359375,1968.904211770942,0.1184421115451389,23.80572089066202,0.021808778710988994,-92.02680206298828,113.22980499267578,-44.053924560546875,-0.3432655334472656,-30.000070571899414,1
match8_whistle_0048.mp4,0.10365717113018036,0.006792433559894562,2722.5529496577624,-37.632164001464844,4242.041015625,75,1.8553876876831055,4.975864887237549,4608.643798828125,2125.480842156623,0.20428466796875,22.843515765934132,-0.003349949096090853,-208.07266235351562,82.30198669433594,-0.7974845170974731,65.06246185302734,-16.244110107421875,1
match8_whistle_0049.mp4,0.12059218436479568,0.022105561569333076,2918.7198318359424,-37.05719757080078,4231.2744140625,66,1.8266559839248657,4.960880756378174,5156.423839890813,2300.604227814777,0.21948536332831325,23.15706222293921,-0.018501946166466745,-108.50247192382812,75.81061553955078,-13.930709838867188,36.91043472290039,-22.050111770629883,1
match8_whistle_0050.mp4,0.0930459275841713,0.011254669167101383,2806.9946037877694,-38.235992431640625,4198.974609375,76,1.8394235372543335,4.9775471687316895,4782.603194073933,2167.5679373505336,0.2095798399390244,22.746554051546475,-0.005717071156798893,-173.54823303222656,83.66071319580078,2.1058549880981445,50.05051803588867,-26.348255157470703,1
match8_whistle_0051.mp4,0.08572114259004593,0.015284784138202667,2858.5187669622806,-41.146507263183594,4198.974609375,64,1.8550771474838257,4.87755012512207,4818.727111816406,2235.0812994256057,0.22569580078125,23.751633284049152,0.0014605249804767115,-160.57037353515625,87.298095703125,-14.426912307739258,38.32073211669922,-18.665674209594727,1
match8_whistle_0052.mp4,0.150737926363945,0.011139966547489166,2175.462832674715,-40.03257751464844,4188.2080078125,68,1.833789348602295,5.052188396453857,4148.8330078125,2075.620121201255,0.13812081473214285,22.574467996337656,0.0011592656533218975,-67.85565185546875,106.31616973876953,-40.940223693847656,-3.400953769683838,-24.418357849121094,1
match8_whistle_0053.mp4,0.11876197904348373,0.0096243591979146,2519.691647584924,-37.04188919067383,3951.3427734375,71,1.8315458297729492,5.070913791656494,4433.4173583984375,2126.205497067984,0.180029296875,23.22636073466483,0.00029793339816879444,-109.42723083496094,97.25426483154297,-33.525394439697266,18.269502639770508,-17.057722091674805,1
match8_whistle_0054.mp4,0.08108732849359512,0.015383499674499035,2993.321685422678,-30.553373336791992,4209.7412109375,55,1.9419463872909546,4.6367316246032715,5665.885062839674,2370.446490970738,0.19979194972826086,22.34549785430392,0.0024079029553008536,-154.82334899902344,77.29300689697266,4.628642559051514,55.669898986816406,-19.79332160949707,0
match8_whistle_0055.mp4,0.12378846108913422,0.00522640161216259,2494.5788825498294,-35.66006851196289,4231.2744140625,82,1.7785751819610596,5.004707336425781,3981.6025904605262,1910.3097086079913,0.22368935032894738,22.702771424653957,-0.0005096505581863561,-109.87567901611328,113.01626586914062,-49.3638916015625,30.06137466430664,-15.543560981750488,1
match8_whistle_0056.mp4,0.0997658371925354,0.01656527817249298,2744.28157382756,-40.714866638183594,4231.2744140625,67,1.8921172618865967,4.983435153961182,4714.327184165396,2128.553728716059,0.21741615853658536,23.70995356594818,0.0016835401266771638,-146.93359375,87.35591888427734,-24.930072784423828,47.364898681640625,-11.89963436126709,1
match8_whistle_0057.mp4,0.08148874342441559,0.00793890468776226,2200.039151549211,-40.74932861328125,4231.2744140625,56,1.8195652961730957,4.954413414001465,4049.688447411381,1991.0670396441367,0.17291715251865672,22.885701026026766,-0.010729078691796052,-144.68386840820312,110.46436309814453,-40.86676025390625,19.22722816467285,-17.896968841552734,1
match8_whistle_0058.mp4,0.06726066023111343,0.016223296523094177,3272.075049604353,-32.4677734375,4242.041015625,77,1.8474289178848267,5.067839622497559,5092.6025390625,2245.4014180517634,0.2690952845982143,23.072188431483568,-0.00675023690921196,-187.12286376953125,63.80747604370117,-21.999109268188477,46.26243209838867,-10.26780891418457,1
match8_whistle_0059.mp4,0.08643441647291183,0.03308236226439476,3170.8725153371424,-36.95246505737305,4392.7734375,46,1.8617690801620483,4.717747688293457,5540.232155539773,2323.8352139261474,0.22496448863636365,23.554887636603134,-0.01508005337242106,-114.43379974365234,52.2538948059082,-22.260135650634766,51.94351577758789,-6.817375183105469,0
match8_whistle_0060.mp4,0.1292363554239273,0.010727135464549065,2380.393833466238,-37.85574722290039,4177.44140625,60,1.8065967559814453,4.965888500213623,4382.5810546875,2107.2465151589895,0.15267578125,23.262726117830027,-0.020231290075654388,-94.0205307006836,95.13119506835938,-38.85691452026367,16.790699005126953,-22.31984519958496,1
match8_whistle_0061.mp4,0.1045088991522789,0.008746951818466187,2535.6910480379624,-38.422950744628906,4231.2744140625,72,1.8899704217910767,4.976521968841553,4377.936535346798,2071.099448063925,0.20008217416158536,24.557678071920957,-0.0006433561260815012,-166.49818420410156,99.1852035522461,-17.478174209594727,44.96134948730469,-15.760885238647461,1
match8_whistle_0062.mp4,0.13649514317512512,0.005247713066637516,2418.0627127531393,-35.278995513916016,4231.2744140625,81,1.8710393905639648,5.027928829193115,3953.9322092563293,1892.6384593881335,0.20402739319620253,24.239166596664553,-0.005250457109730936,-100.7386474609375,108.029296875,-51.80990219116211,23.766857147216797,-21.776535034179688,1
match8_whistle_0063.mp4,0.11106375604867935,0.006169294472783804,2411.3172418509744,-38.39322280883789,3660.64453125,79,1.8693369626998901,5.094144344329834,3915.4541015625,1870.2773211933686,0.20335286458333332,24.311314968264096,0.010333065379054271,-144.49949645996094,110.25593566894531,-49.54781723022461,31.838726043701172,-12.108128547668457,1
match8_whistle_0064.mp4,0.08671437203884125,0.0018505103653296828,2683.4931526779988,-42.7131233215332,4209.7412109375,71,1.8201013803482056,5.033121585845947,4206.954561121323,1951.0092061327198,0.19558249080882353,22.829687709462313,-0.008140861209278216,-294.6904602050781,58.40121841430664,10.099140167236328,84.70037078857422,-6.905997276306152,1
match8_whistle_0065.mp4,0.1298886239528656,0.024860505014657974,2598.1948020254863,-33.741493225097656,4242.041015625,78,1.8317703008651733,5.016717433929443,4782.497829861111,2110.004176946113,0.18382282021604937,22.729005225607853,0.0007343587575181379,-71.69011688232422,83.90855407714844,-42.72418975830078,19.991132736206055,-9.883591651916504,1
match8_whistle_0066.mp4,0.06496652960777283,0.01739255152642727,2807.8713752734634,-33.71507263183594,3929.8095703125,55,1.838793396949768,5.170881271362305,4854.814453125,2283.6619998092647,0.23050362723214285,23.131469156703247,0.014257308274111875,-170.67724609375,85.7509765625,-14.333160400390625,39.28334426879883,-16.613101959228516,1
match8_whistle_0067.mp4,0.10738227516412735,0.01685602404177189,2559.35997975687,-40.25954818725586,4112.841796875,53,1.8147236108779907,5.088435173034668,4610.372121710527,2090.628865833151,0.16577790912828946,23.64280938413356,-0.00012205587954995827,-132.4110565185547,88.5727310180664,-24.09824562072754,39.21387481689453,-20.681976318359375,1
match8_whistle_0068.mp4,0.08523818105459213,0.011470954865217209,2783.1511806663607,-35.88875961303711,4209.7412109375,75,1.8345210552215576,4.970734596252441,4583.946265243902,2076.1144826672044,0.2196848799542683,22.627369721692183,0.003691689319180101,-162.36532592773438,86.94953918457031,-15.790182113647461,50.53277587890625,-18.417146682739258,1
match8_whistle_0070.mp4,0.13399291038513184,0.01218003872781992,2414.415615493211,-38.82945251464844,4242.041015625,69,1.8669464588165283,5.018679618835449,4020.3836059570312,1927.7813654167348,0.19051513671875,22.006558775413406,-0.010222839051969915,-94.38736724853516,96.89817810058594,-51.07959747314453,29.06435775756836,-14.23780632019043,1
match8_whistle_0071.mp4,0.1341039538383484,0.022881634533405304,3193.3561398465895,-38.67620086669922,4198.974609375,32,1.8026500940322876,4.812236785888672,6110.838048598345,2509.9312128493275,0.19715073529411764,21.87532772089617,-0.004444478013282566,-97.00170135498047,58.059139251708984,1.699840784072876,45.07722473144531,-22.592496871948242,0
match8_whistle_0072.mp4,0.1687125265598297,0.003841392695903778,2152.735006790984,-44.196449279785156,4263.57421875,61,1.8268650770187378,4.962984085083008,4121.788691131162,2061.9768955887166,0.12022034551056338,23.19161027692373,-0.003292466545446774,-93.42707061767578,110.74207305908203,-38.18570327758789,3.82623028755188,-32.55194854736328,1
match8_whistle_0073.mp4,0.09020473808050156,0.009242850355803967,2313.637290696444,-38.217735290527344,4188.2080078125,69,1.8305269479751587,4.963263034820557,4014.9507221422696,1995.1239078171297,0.1802271792763158,22.117224316066334,-0.0059311022951468815,-144.4020538330078,111.76358032226562,-30.636314392089844,26.574382781982422,-20.336904525756836,1
match8_whistle_0074.mp4,0.12020204961299896,0.007604018319398165,2078.1400570609694,-40.869178771972656,4198.974609375,54,1.8075995445251465,5.063660621643066,4092.8689707880435,1981.10943566618,0.13280542346014493,23.075940420926784,0.013287926725564472,-110.6741943359375,118.80278778076172,-37.07227325439453,5.1265387535095215,-36.284828186035156,1
match8_whistle_0075.mp4,0.10545096546411514,0.011034497059881687,2673.763502133312,-38.72603988647461,3908.2763671875,64,1.852730393409729,5.051699638366699,4346.436164952532,2094.4923991759174,0.20586308346518986,22.13495672747783,0.0020857520663157773,-148.99710083007812,84.29493713378906,-24.772171020507812,35.43444061279297,-9.121912002563477,1
match8_whistle_0076.mp4,0.09646624326705933,0.032142944633960724,3809.6348734423414,-35.31764221191406,4209.7412109375,23,1.9054101705551147,4.716409206390381,6408.216971781716,2382.32090171251,0.28857421875,21.715876016261724,0.00796341195790577,-138.012939453125,28.247634887695312,8.79870891571045,62.83878707885742,-13.578390121459961,0
match8_whistle_0077.mp4,0.0957426205277443,0.01016630046069622,2442.2461040241296,-38.91545867919922,4102.0751953125,67,1.8474067449569702,5.057090759277344,3992.255859375,1921.6502001736485,0.20712316176470588,22.713198684402936,-0.0007948951673351545,-138.6153564453125,106.94722747802734,-39.63671112060547,24.36063003540039,-22.89739990234375,1
match8_whistle_0078.mp4,0.10609787702560425,0.013082116842269897,2715.907862183645,-37.73109436035156,3746.77734375,71,1.8167222738265991,5.031497955322266,4284.708658854167,2001.4620362885912,0.22155309606481483,22.31453297987589,-0.004163885254740945,-147.18658447265625,98.19194030761719,-18.151212692260742,44.25312042236328,-20.153322219848633,1
match8_whistle_0079.mp4,0.11124999076128006,0.01671053096652031,2847.687446403315,-35.84956359863281,4069.775390625,72,1.851820468902588,4.966560363769531,5184.230804443359,2315.7883091510225,0.2095489501953125,23.099555770181464,-0.00038512084547392907,-117.68234252929688,78.53386688232422,-14.678606986999512,37.22468566894531,-22.18985939025879,1
match8_whistle_0080.mp4,0.1457858830690384,0.01334436796605587,2410.4430445561434,-37.9915885925293,4209.7412109375,75,1.8748574256896973,4.923907279968262,4276.935182134789,2081.494232583511,0.17738140060240964,22.639849633447213,0.0027830574970481433,-74.5418472290039,98.58953857421875,-39.05727767944336,26.088754653930664,-11.706104278564453,1
match8_whistle_0081.mp4,0.1328285038471222,0.017112702131271362,2444.476136863029,-41.043094635009766,4252.8076171875,71,1.8019599914550781,4.778860092163086,4556.365966796875,2170.5343633721163,0.1564398871527778,21.854594604080145,-0.019188722995707334,-78.79655456542969,95.09786987304688,-31.71695899963379,18.237346649169922,-18.291662216186523,1
match8_whistle_0082.mp4,0.08317415416240692,0.011321107856929302,2826.1567527575467,-35.693695068359375,4091.30859375,74,1.8604826927185059,5.038486003875732,4879.06494140625,2267.3463026356358,0.234228515625,22.73943491519778,0.010290834344159772,-161.45089721679688,93.66593170166016,-5.790816307067871,31.655607223510742,-34.279170989990234,1
match8_whistle_0083.mp4,0.08266624063253403,0.01120389997959137,2324.106978368196,-37.22416305541992,3897.509765625,54,1.84160315990448,4.841195106506348,4410.228382457386,2107.943995911147,0.16003787878787878,23.035886749084884,-0.00521944726654005,-148.76112365722656,107.99267578125,-20.229814529418945,45.73424530029297,-20.242162704467773,1
match8_whistle_0084.mp4,0.07317639887332916,0.004060003440827131,2469.281877764626,-38.85435485839844,3779.0771484375,65,1.8202931880950928,4.946998596191406,4166.6748046875,2019.3361926672446,0.20067074424342105,23.872315864384486,-0.008277620926554817,-212.03399658203125,100.8741226196289,-11.042766571044922,44.003421783447266,-11.631522178649902,1
match8_whistle_0085.mp4,0.14211194217205048,0.015250849537551403,2234.9360226158137,-37.719093322753906,4209.7412109375,66,1.853880524635315,4.843067169189453,4212.97119140625,2104.1289007721557,0.13916015625,22.232876923203072,0.00796650948266922,-63.03000259399414,104.72030639648438,-41.8536262512207,-3.8396084308624268,-22.032245635986328,1
match8_whistle_0086.mp4,0.07439213246107101,0.0051676565781235695,2411.8118722264066,-39.26021194458008,4252.8076171875,66,1.8452860116958618,4.869775295257568,4067.681884765625,1915.9001274104448,0.1853569878472222,23.426011034052895,0.0043424410516633,-203.72970581054688,103.55038452148438,-17.832834243774414,47.193851470947266,-18.085254669189453,1
match8_whistle_0087.mp4,0.10772275924682617,0.007178160361945629,2320.3952950108674,-38.85963439941406,4209.7412109375,75,1.8279871940612793,5.029797077178955,3909.9832674352133,1939.2984097518734,0.18566001333841464,22.500417719433816,0.007503972926657263,-113.07022857666016,110.40776062011719,-43.46760177612305,18.71491050720215,-18.588623046875,1
match8_whistle_0088.mp4,0.11016787588596344,0.003937310539186001,2672.275895572494,-36.80876922607422,4209.7412109375,71,1.8356314897537231,4.990481376647949,3943.7019594254034,1814.477280297357,0.2351625504032258,22.921358119986813,0.0059294202318083845,-157.87820434570312,106.62840270996094,-31.058809280395508,38.86052322387695,-20.794103622436523,1
match8_whistle_0089.mp4,0.0875001773238182,0.03991582244634628,3331.3147848606322,-37.805015563964844,4295.8740234375,38,1.8742676973342896,4.752570629119873,6260.16357421875,2447.460163310997,0.22098911830357143,21.28499568564632,0.010029611616460913,-120.43734741210938,48.93408966064453,-3.4275448322296143,51.505558013916016,-16.55756378173828,0
match8_whistle_0090.mp4,0.17484845221042633,0.0111075509339571,2255.172805974391,-36.68461227416992,4231.2744140625,63,1.865850567817688,4.910407066345215,4345.28240047089,2065.807988652734,0.1425513698630137,23.023576420634313,-0.007696000738330431,-57.86518096923828,103.05754852294922,-42.7585563659668,8.190595626831055,-27.919111251831055,1
match8_whistle_0091.mp4,0.06749480217695236,0.0041777812875807285,2292.6584769739384,-41.373722076416016,4220.5078125,67,1.8914287090301514,5.036535263061523,4059.2958984375,1990.6305830448955,0.18418619791666666,22.91451991169078,-0.0059275297957223135,-205.46835327148438,114.09323120117188,-17.684106826782227,37.652061462402344,-18.528900146484375,1
match8_whistle_0092.mp4,0.17043514549732208,0.007599992677569389,2147.7310609661995,-40.27463912963867,4134.375,57,1.863832950592041,4.859958648681641,4193.189569729478,1978.3025492327931,0.13013788479477612,24.1557019900529,0.017828316168575383,-62.749168395996094,103.63865661621094,-49.03879928588867,2.6512482166290283,-22.99315071105957,1
match8_whistle_0093.mp4,0.1155313104391098,0.00927894189953804,2365.929544948146,-38.58250427246094,3757.5439453125,82,1.8498388528823853,4.893200874328613,4091.049157567771,2041.0415587251741,0.18113469503012047,22.50620267196254,0.0057458374844806485,-115.51542663574219,107.16300201416016,-29.693191528320312,28.923236846923828,-16.245834350585938,1
match8_whistle_0094.mp4,0.07925131916999817,0.012027556076645851,3213.742546286225,-34.68006896972656,4306.640625,37,1.8728996515274048,4.844552993774414,5616.791409165112,2394.1229379202696,0.2302938432835821,22.63280219605604,-0.0007675821871074745,-155.18711853027344,63.53942108154297,-0.12771321833133698,52.621055603027344,-22.67180633544922,0
match8_whistle_0095.mp4,0.11309310048818588,0.02624385990202427,3916.1797182943715,-35.3176155090332,4263.57421875,54,1.8254034519195557,4.728047847747803,6788.971502130682,2510.206409521477,0.2861011059253247,21.135688165994605,-0.005617473586533164,-123.98153686523438,29.238229751586914,14.928712844848633,54.43085479736328,-16.5711727142334,0
match8_whistle_0096.mp4,0.13324958086013794,0.05183817446231842,3502.6214124773423,-32.98039245605469,4112.841796875,49,1.7668060064315796,4.727111339569092,6381.5185546875,2482.622191972736,0.23360072544642857,21.252491963888804,0.0010647999156950462,-72.54426574707031,39.17201232910156,-7.688098907470703,55.09195327758789,-11.39795207977295,0
match8_whistle_0097.mp4,0.11387389153242111,0.04753151535987854,3279.703536693302,-36.09465408325195,4371.240234375,61,1.8140695095062256,4.718727111816406,5952.008056640625,2399.509092275169,0.22568475632440477,21.995759484396697,-0.007722783863577001,-76.4397201538086,50.04792022705078,-20.352622985839844,44.75687789916992,-11.159749031066895,0
match8_whistle_0098.mp4,0.11930475383996964,0.012503675185143948,2186.443774636611,-41.422096252441406,4177.44140625,60,1.814988136291504,4.8786468505859375,4028.425399116848,2093.2131831966467,0.13796422101449277,22.751865177688554,-0.009310181396169709,-90.59358215332031,104.13844299316406,-36.6290397644043,4.216275691986084,-14.59770393371582,1
match8_whistle_0099.mp4,0.10115865617990494,0.007439111825078726,2607.3888173618507,-37.13276290893555,4188.2080078125,72,1.8726885318756104,4.9823317527771,4221.405029296875,2026.4354627649564,0.2105771019345238,23.20917901977572,0.006542329838738269,-165.548095703125,104.4069595336914,-16.14125633239746,48.79988479614258,-20.936296463012695,1
match8_whistle_0100.mp4,0.12791889905929565,0.03296034783124924,3370.99676544853,-37.905860900878906,4242.041015625,52,1.8276249170303345,4.727790832519531,6247.08984375,2504.466878602543,0.226123046875,22.244966599434118,-0.008461923103010187,-78.43553924560547,54.32698059082031,-6.7807207107543945,42.830039978027344,-17.18036460876465,0
match8_whistle_0101.mp4,0.10103679448366165,0.031073160469532013,3192.4909971351435,-37.387237548828125,4263.57421875,49,1.811218500137329,4.729651927947998,5739.723501632463,2398.9676145520884,0.2184803521455224,22.207165914095572,0.004073262424063939,-99.6765365600586,58.446922302246094,-21.555500030517578,43.159751892089844,-15.657614707946777,0
match8_whistle_0102.mp4,0.11180184036493301,0.035887230187654495,3665.2745175439513,-36.14031982421875,4317.4072265625,60,1.8391796350479126,4.844834804534912,6583.069957386364,2516.3629000768524,0.2461825284090909,21.369800550367636,-0.003950684999427453,-106.77167510986328,32.97478103637695,7.114823341369629,55.03480529785156,-17.63590431213379,0
match8_whistle_0103.mp4,0.10995112359523773,0.034994907677173615,3186.4509733179098,-40.41096115112305,3692.9443359375,39,1.8378019332885742,4.810484409332275,5872.166907269022,2344.1735665102274,0.2065712749094203,21.930089874281848,-0.0015051783244799455,-95.30007934570312,55.667945861816406,-15.4439058303833,48.43092727661133,-14.673286437988281,0
match8_whistle_0104.mp4,0.142227903008461,0.018715502694249153,2605.915710685817,-37.12358093261719,4198.974609375,72,1.815477967262268,4.938477039337158,4310.502558169158,2032.6232136316407,0.21476944633152173,23.54838907039918,-0.01065005202329704,-94.29444122314453,95.04180145263672,-37.745723724365234,25.86089324951172,-21.5550537109375,1
match8_whistle_0105.mp4,0.099393829703331,0.002950590569525957,2829.179726500861,-40.80739974975586,4112.841796875,60,1.7860095500946045,5.200369358062744,4303.922842081311,2035.9206140177255,0.25646143052184467,23.684154453631947,-0.003912575450809644,-216.6415557861328,96.35970306396484,5.62554407119751,61.23168182373047,-23.449254989624023,1
match8_whistle_0106.mp4,0.10127589851617813,0.005532806273549795,2521.4635529204556,-40.732330322265625,4166.6748046875,65,1.808451533317566,5.034999370574951,4018.9031982421875,1889.9960491515972,0.19503173828125,22.66815013037959,-0.01272075669232718,-183.8607940673828,96.59620666503906,-12.552694320678711,47.4619026184082,-21.596323013305664,1
match8_whistle_0107.mp4,0.16502165794372559,0.00637056864798069,2156.6727994563694,-42.255157470703125,4231.2744140625,63,1.8137567043304443,4.940406322479248,4159.2919921875,2101.591341738111,0.10719866071428572,23.212658407436255,0.014661169995834071,-89.8971176147461,102.5870132446289,-33.02143096923828,5.421507358551025,-38.61346435546875,1
match8_whistle_0108.mp4,0.10119271278381348,0.007714031729847193,2373.9957676255312,-37.09840393066406,4198.974609375,67,1.8555768728256226,4.989781379699707,3981.4892578125,1938.4859123318133,0.18688151041666667,22.663030047949203,-0.002273216367959996,-141.67935180664062,106.61941528320312,-27.8475399017334,26.16042709350586,-23.767122268676758,1
match8_whistle_0109.mp4,0.12218091636896133,0.018011795356869698,2555.425258650178,-39.3720588684082,4177.44140625,67,1.8621711730957031,5.012259483337402,4882.3444234913795,2262.1503829862036,0.17944616558908047,22.31979707708744,-0.007975783549488235,-113.81887817382812,87.74187469482422,-16.843935012817383,36.43465042114258,-9.319138526916504,1
match8_whistle_0110.mp4,0.10950694978237152,0.004275526385754347,2011.3386298071798,-46.99159240722656,4177.44140625,74,1.8154239654541016,4.974907398223877,3864.883700284091,1962.1144311223045,0.1377249053030303,24.34936845775392,-0.023267827533465943,-152.6627197265625,121.05266571044922,-25.000858306884766,19.120426177978516,-22.771337509155273,1
match8_whistle_0111.mp4,0.08190370351076126,0.002905187662690878,2313.095051931081,-39.56745910644531,4198.974609375,68,1.8530274629592896,5.074721336364746,3987.921612079327,1929.477598347019,0.19170047075320512,24.12454212965188,-0.011975125964256133,-203.5290985107422,111.70199584960938,-24.109127044677734,43.49495315551758,-18.74999237060547,1
match8_whistle_0112.mp4,0.08777543902397156,0.0058453320525586605,2284.308070493877,-40.01185607910156,3671.4111328125,64,1.8123654127120972,5.118709087371826,3819.3862542873476,1941.1287291346898,0.19860542111280488,22.763628749623972,-0.005517023225239872,-157.65940856933594,113.14733123779297,-27.251556396484375,34.62284469604492,-18.312145233154297,1
match8_whistle_0113.mp4,0.06907833367586136,0.002349825808778405,2645.433989506376,-38.65558624267578,4145.1416015625,57,1.8130890130996704,5.040098190307617,3940.6985196200285,1922.5625512147851,0.22645707563920456,23.377151037534134,0.005317344798203408,-241.12100219726562,102.89344024658203,-7.670125961303711,51.197898864746094,-21.24494743347168,1
match8_whistle_0114.mp4,0.07919678837060928,0.00902693159878254,2495.0438341259587,-41.374332427978516,3692.9443359375,57,1.847493052482605,5.044926643371582,4547.844639109142,2128.8755348800405,0.19215689132462688,22.54451198150544,0.014391277796380983,-162.0242919921875,102.3206558227539,-19.631744384765625,50.02314758300781,-16.995790481567383,1
match8_whistle_0115.mp4,0.09324560314416885,0.007035079877823591,2077.5976950576505,-37.226036071777344,3617.578125,58,1.8690571784973145,4.9168596267700195,3720.5630095108695,1858.460626018681,0.1611328125,21.913424899066065,-0.006368222411388087,-120.80716705322266,123.77881622314453,-39.1984977722168,32.63894271850586,-13.586932182312012,1
match8_whistle_0116.mp4,0.15025915205478668,0.005631667096167803,2306.894827516164,-37.48712921142578,4198.974609375,69,1.835355281829834,4.904853820800781,4026.068115234375,1974.8018681285544,0.1875,22.872938111966345,-0.005846457679089184,-87.44358825683594,112.9389877319336,-35.87236022949219,22.8169002532959,-24.229618072509766,1
match8_whistle_0117.mp4,0.11102218180894852,0.03250346705317497,3225.86653054325,-36.65375518798828,4209.7412109375,37,1.8562867641448975,4.748859405517578,6021.930252878289,2450.3552688099408,0.21370656866776316,21.983293009056222,-0.010636016605510416,-97.004150390625,54.452205657958984,-12.47486686706543,40.88743209838867,-8.785837173461914,0
match8_whistle_0118.mp4,0.05778443440794945,0.04081353545188904,3459.3556584892526,-33.68744659423828,3649.8779296875,55,1.8668245077133179,4.922887325286865,6103.89404296875,2337.570104828043,0.2495396205357143,21.720656903517064,-0.002221029458700707,-156.39556884765625,41.192359924316406,-13.758183479309082,59.637855529785156,-14.708293914794922,1
match8_whistle_0119.mp4,0.09725113213062286,0.061161451041698456,3947.1230052915057,-32.50367736816406,4242.041015625,60,1.7821356058120728,4.784486770629883,6745.9423828125,2382.2922926745778,0.3050269717261905,21.080269629724324,-0.006431913166905861,-99.71876525878906,9.686073303222656,-8.7766695022583,66.98662567138672,-4.33551549911499,0
match8_whistle_0120.mp4,0.09602799266576767,0.01239166408777237,2549.1900624570894,-35.11322021484375,4209.7412109375,75,1.8166753053665161,4.973902702331543,4410.763202136076,2049.5918922165797,0.20850227452531644,22.778362196831694,0.003740161245694833,-123.95027160644531,108.9873275756836,-34.84317398071289,27.95514678955078,-27.999622344970703,1
match8_whistle_0121.mp4,0.16307944059371948,0.0072754984721541405,2282.279298711236,-39.373390197753906,4198.974609375,62,1.8499755859375,4.99951696395874,4497.44873046875,2152.774118800633,0.1417914496527778,23.436029772442634,-0.015195138967241643,-83.39566802978516,101.70111846923828,-28.71331787109375,15.43767261505127,-28.64035987854004,1
match8_whistle_0122.mp4,0.14424270391464233,0.0030736031476408243,2249.1529512204847,-38.85676193237305,4198.974609375,77,1.8505884408950806,5.0111470222473145,3696.6661241319443,1839.180195297669,0.17819854359567902,23.752229276385695,-0.0031848069341802805,-118.00434112548828,119.39744567871094,-37.094215393066406,29.35786247253418,-25.784215927124023,1
match8_whistle_0123.mp4,0.14061979949474335,0.0064394413493573666,2103.694563470417,-40.28733825683594,4188.2080078125,67,1.8288544416427612,4.955929756164551,3923.3201118364727,1928.1989289442215,0.13933406464041095,23.234135373435095,-0.00112165095275204,-90.95692443847656,113.23251342773438,-45.000301361083984,7.652256965637207,-22.727996826171875,1
match8_whistle_0124.mp4,0.1036798506975174,0.00538185890763998,2504.028436074742,-43.757720947265625,4209.7412109375,70,1.8398553133010864,5.002528190612793,4131.279602050781,2008.591534294214,0.1999755859375,23.240495406847725,0.008082864519607245,-157.1435546875,101.33183288574219,-18.103801727294922,35.27485275268555,-22.96643829345703,1
match8_whistle_0125.mp4,0.1753474920988083,0.013236317783594131,2305.5704830984287,-39.24796676635742,4188.2080078125,67,1.830657958984375,4.8450608253479,4581.980626723345,2165.5839791819512,0.13205853630514705,23.227254104975984,-0.003750924332462956,-45.89149856567383,97.07109832763672,-38.89547348022461,5.455779552459717,-20.201875686645508,1
match8_whistle_0126.mp4,0.0723714753985405,0.013890352100133896,2834.8917857247357,-32.6904182434082,4242.041015625,69,1.87709379196167,4.84965705871582,4712.1826171875,2169.5067734021145,0.23828125,23.562319263097308,-0.005344501410734611,-151.20333862304688,96.30296325683594,-27.73357391357422,35.20085906982422,-37.34296798706055,1
match8_whistle_0127.mp4,0.06977056711912155,0.034276194870471954,3780.5361015664057,-34.88106155395508,4177.44140625,32,1.8764175176620483,4.767176151275635,6486.388050426136,2489.981437184411,0.28074692234848486,21.17602051220712,-0.001394175115432713,-156.58941650390625,35.072994232177734,10.100641250610352,53.886234283447266,-18.615997314453125,0
match8_whistle_0128.mp4,0.16958877444267273,0.016234800219535828,2327.8269693353996,-41.740440368652344,3908.2763671875,59,1.8149868249893188,4.914031028747559,4622.559262628424,2212.076757198486,0.1298293022260274,22.0534628398298,-0.0133565796140077,-46.16358947753906,92.00900268554688,-35.512969970703125,8.00028133392334,-14.7775297164917,1
match8_whistle_0129.mp4,0.07368408143520355,0.007975720800459385,2779.355515090613,-37.281497955322266,4209.7412109375,61,1.876962661743164,4.989891529083252,4591.95556640625,2202.572371665655,0.20683208264802633,22.496621249533764,-0.012434297352099588,-208.14474487304688,84.75623321533203,-3.8800172805786133,55.480712890625,-16.733505249023438,1
match8_whistle_0130.mp4,0.12519703805446625,0.0048934766091406345,2272.0738632200055,-37.895843505859375,4209.7412109375,75,1.8509032726287842,4.96488094329834,3893.879167423692,1986.8611205186173,0.1629837390988372,22.97442780103226,0.007606073541885353,-133.82933044433594,113.52650451660156,-20.609169006347656,38.984535217285156,-19.253101348876953,1
match8_whistle_0131.mp4,0.0765136107802391,0.005417308304458857,2511.3375186828503,-36.91889572143555,4198.974609375,62,1.8565332889556885,4.928566932678223,4300.853576660156,2121.5671563270053,0.193988037109375,22.406941489655257,0.006071553942153351,-193.7843780517578,98.92488861083984,-13.840306282043457,44.86199951171875,-15.494453430175781,1
match8_whistle_0132.mp4,0.16477547585964203,0.006405740510672331,2257.534461499588,-43.358070373535156,3768.310546875,73,1.8109239339828491,4.9309401512146,3959.4867412860576,2006.885180560572,0.15516075721153846,23.529232338423366,0.00807802204706295,-85.9874496459961,104.40198516845703,-36.2246208190918,26.936708450317383,-11.433794975280762,1
match8_whistle_0133.mp4,0.10170204192399979,0.0035565546713769436,2463.0840119739505,-36.45904541015625,3779.0771484375,75,1.850160837173462,4.9438157081604,3978.4449084051726,1881.5470806000221,0.20309693785919541,23.634406543147875,-0.004347271874002735,-159.9676513671875,108.91258239746094,-27.124801635742188,50.42348098754883,-18.672149658203125,1
match8_whistle_0134.mp4,0.10557819157838821,0.015058214776217937,2733.8590779800074,-37.052764892578125,4338.9404296875,53,1.8488953113555908,4.834072589874268,5487.214799360795,2378.8818091260982,0.15400094696969696,23.068334493514918,-0.013976894807256118,-113.5699462890625,79.76627349853516,-14.442451477050781,34.26210021972656,-24.382326126098633,0
match8_whistle_0135.mp4,0.11892051249742508,0.043515339493751526,3356.720132977926,-36.08481979370117,4112.841796875,44,1.8611183166503906,4.586710453033447,6205.948893229167,2497.8384703836614,0.22293354552469136,21.20903436338114,-0.007156126506244423,-92.01754760742188,44.18717956542969,-3.519246816635132,49.778770446777344,-10.077836036682129,0
match8_whistle_0136.mp4,0.13453949987888336,0.017117392271757126,2499.3947896310588,-38.224727630615234,3725.244140625,59,1.8455382585525513,4.947257995605469,4709.00390625,2144.8076956720156,0.16148856026785716,22.39359995447914,0.011007116632098093,-83.48625183105469,88.9203872680664,-34.58549499511719,20.115013122558594,-17.255081176757812,1
match8_whistle_0137.mp4,0.10372098535299301,0.0023258100263774395,2203.719490479515,-40.444725036621094,4188.2080078125,65,1.8301796913146973,5.067990779876709,3709.6923828125,1774.8664473334254,0.17900028935185186,24.2872181926931,-0.00823069864248828,-167.47662353515625,124.30410766601562,-38.263187408447266,37.76311492919922,-24.254459381103516,1
match8_whistle_0138.mp4,0.07166174054145813,0.015149603597819805,3016.0649882060834,-36.850765228271484,4209.7412109375,56,1.829269528388977,4.901904106140137,4933.147807060917,2215.792884666406,0.23575949367088608,22.095516977369066,-0.019238005733214422,-195.9499053955078,67.74274444580078,-3.736219644546509,57.291114807128906,-14.82604694366455,1
match8_whistle_0139.mp4,0.17235514521598816,0.005902724806219339,2108.712593447015,-41.884769439697266,3886.7431640625,67,1.8368486166000366,4.9197516441345215,3787.6007080078125,1915.7958860431763,0.13922119140625,23.524306304497653,-0.004022447975915384,-75.5144271850586,110.76876831054688,-42.08677291870117,16.60507583618164,-21.2244873046875,1
match8_whistle_0140.mp4,0.07508248835802078,0.007674256339669228,2492.3071453694142,-39.23772048950195,4220.5078125,64,1.8201059103012085,4.886227130889893,4307.773951480263,2058.4183677483,0.19697651110197367,22.346142501203914,-0.003971073242284788,-180.0203399658203,95.07288360595703,-18.118181228637695,39.5346794128418,-16.080469131469727,1
match8_whistle_0141.mp4,0.09296774864196777,0.014329073950648308,2480.613581602539,-39.0548095703125,4198.974609375,67,1.8276158571243286,4.959824085235596,4278.815252130682,2042.121978536868,0.20341035917207792,23.120563740546896,0.0010947744828733123,-126.07410430908203,107.04881286621094,-33.63972473144531,26.952281951904297,-19.015995025634766,1
match8_whistle_0142.mp4,0.10919420421123505,0.012964771129190922,2781.5088803812214,-35.82963562011719,3886.7431640625,82,1.8308793306350708,5.052356243133545,4514.263237847223,2078.564914605456,0.21944926697530864,22.884125191779553,-0.00042600975443294746,-151.8093719482422,90.67543029785156,-12.691526412963867,53.805458068847656,-26.3979549407959,1
match8_whistle_0143.mp4,0.08024965226650238,0.030602416023612022,2841.3363163444224,-35.91977310180664,4005.17578125,34,1.8504279851913452,5.093963146209717,5104.160802504595,2279.4928549826786,0.22346047794117646,21.617906331217622,0.005147527530418274,-115.24747467041016,82.09848022460938,-27.340450286865234,26.085874557495117,-18.584474563598633,1
match8_whistle_0144.mp4,0.09791716188192368,0.002411860041320324,2334.2542018065524,-40.57310104370117,4102.0751953125,63,1.8298752307891846,5.184218883514404,3891.485595703125,1917.6161666640526,0.18955194382440477,23.02928146861912,-0.0015228940414844729,-189.14065551757812,115.22782897949219,-25.105655670166016,51.77246856689453,-19.51605796813965,1
match8_whistle_0145.mp4,0.15009473264217377,0.019421812146902084,2510.4861486381346,-38.994415283203125,4080.5419921875,55,1.8000659942626953,4.843312740325928,4844.327920942164,2203.0486018417205,0.14585033815298507,22.79546276356971,-0.01099083127395757,-53.821754455566406,80.86092376708984,-46.06570816040039,2.378438711166382,-13.826995849609375,1
match8_whistle_0146.mp4,0.10997704416513443,0.011791958473622799,2401.1092507029302,-36.34794998168945,3929.8095703125,74,1.872907280921936,4.919618129730225,3981.0531423061707,1906.282847257223,0.19569570806962025,23.608320338315753,-0.0037212949634980036,-114.48429870605469,108.36203002929688,-44.31000900268555,32.652042388916016,-9.987318992614746,1
match8_whistle_0147.mp4,0.1123642772436142,0.003680391237139702,2055.0984626673057,-38.69404983520508,4155.908203125,62,1.864490032196045,5.143887996673584,3406.521067899816,1662.6659141335756,0.17307416130514705,23.03750493173923,0.012934768903787657,-115.42555236816406,128.63710021972656,-67.15399169921875,16.867420196533203,-22.413555145263672,1
match8_whistle_0148.mp4,0.08509413152933121,0.007858967408537865,2975.873374147899,-36.03139114379883,4231.2744140625,66,1.885019302368164,5.016389846801758,4910.899522569444,2263.716610218326,0.2383716724537037,23.32798859293525,0.0030935261506328023,-189.91114807128906,77.53890228271484,-2.2254838943481445,54.86143112182617,-17.435131072998047,1
match8_whistle_0149.mp4,0.11807826906442642,0.00553255807608366,2259.3247628969343,-35.76367950439453,4252.8076171875,71,1.8138625621795654,4.941232204437256,3899.918084395559,1947.7399889527885,0.16496196546052633,23.19678245839835,0.0057162578113031685,-114.21925354003906,114.53397369384766,-41.50862503051758,18.958742141723633,-27.526065826416016,1
match8_whistle_0150.mp4,0.08759921044111252,0.009374832734465599,2836.328803138317,-39.21263885498047,4188.2080078125,66,1.762166142463684,5.003649711608887,4558.32576976103,2011.5436121211956,0.22359260110294119,23.075418103765188,0.006038794853141021,-201.01290893554688,85.34102630615234,-11.4453706741333,60.18032455444336,-14.687429428100586,1
match8_whistle_0151.mp4,0.1226007491350174,0.030024122446775436,2995.0905926417386,-39.68585205078125,4360.4736328125,47,1.8260539770126343,4.8023457527160645,5603.3701171875,2372.857228631457,0.20180989583333334,21.935521746725026,0.0020493707656317876,-92.79778289794922,62.2819709777832,-18.684974670410156,44.94502639770508,-8.891206741333008,0
match8_whistle_0152.mp4,0.15185099840164185,0.018299201503396034,2311.676965450827,-37.025638580322266,4145.1416015625,64,1.8758845329284668,4.845635890960693,4207.652168843284,2090.764033788426,0.15710267024253732,21.97687932444054,-0.015298851923952871,-43.21812438964844,97.11146545410156,-44.43040466308594,6.466542720794678,-11.693706512451172,1
match8_whistle_0153.mp4,0.0784171000123024,0.0025113450828939676,2694.234102316061,-39.491127014160156,4220.5078125,74,1.876158595085144,5.05118465423584,4187.265930175781,1880.1258074672296,0.213079833984375,24.988320736507845,0.009379789347022908,-241.3681640625,83.45001220703125,-12.446198463439941,69.25718688964844,-9.777406692504883,1
match8_whistle_0154.mp4,0.12305355072021484,0.007774364203214645,2205.3334561859983,-37.96378707885742,4263.57421875,64,1.8216092586517334,4.961825847625732,3993.941066576087,1986.5943547772654,0.1410354393115942,22.53141462610756,-0.01086956101712534,-102.35700988769531,105.31641387939453,-43.913089752197266,20.488544464111328,-17.78023338317871,1
match8_whistle_0155.mp4,0.09940646588802338,0.004503976088017225,2511.2124449577204,-36.34196853637695,3692.9443359375,68,1.814717173576355,5.082742214202881,4144.761603860294,1947.5533901381114,0.2140625,22.98018977230411,-0.009433503766598926,-169.65455627441406,108.27643585205078,-22.576431274414062,49.45179748535156,-19.912439346313477,1
match8_whistle_0156.mp4,0.09804952144622803,0.0037894591223448515,2774.547697632077,-38.14241027832031,3908.2763671875,81,1.8145060539245605,4.9782280921936035,4649.168786337209,2061.9560235666495,0.19951966751453487,23.667172650761177,-0.0025738994963546676,-220.49407958984375,70.9464340209961,2.8578476905822754,74.37833404541016,-9.59838581085205,1
match8_whistle_0157.mp4,0.10248410701751709,0.008675741963088512,2844.6936262593877,-37.16552734375,4242.041015625,62,1.8243054151535034,5.029820919036865,4661.4377043968025,2080.698790856091,0.21281681504360464,22.816123286250534,0.001290152941114833,-161.59535217285156,79.63135528564453,-14.369553565979004,53.940670013427734,-13.089568138122559,1
match8_whistle_0158.mp4,0.08290676772594452,0.01549801230430603,2885.5629465987427,-34.132057189941406,4274.3408203125,69,1.8291176557540894,5.000790596008301,4723.554569841867,2185.441800799873,0.23194535956325302,22.713060685117245,-0.011383294537323611,-154.00299072265625,86.71825408935547,-12.29760456085205,42.34608459472656,-16.943138122558594,1
match8_whistle_0159.mp4,0.11685028672218323,0.00897177029401064,2224.9051551387874,-39.669612884521484,4252.8076171875,57,1.884217619895935,4.9502410888671875,4181.342348845109,1988.494013346487,0.15090013586956522,23.539758920431378,0.0249197269473267,-101.45154571533203,108.17393493652344,-48.27739715576172,12.983290672302246,-19.407588958740234,1
match8_whistle_0160.mp4,0.13433875143527985,0.006426669657230377,2468.499471936826,-40.47649383544922,4242.041015625,71,1.861497163772583,4.872399806976318,4120.235728068524,1902.1324695430471,0.18846479668674698,23.623761596964105,0.0076605393178543375,-155.8340606689453,107.54935455322266,-18.65499496459961,35.29999923706055,-29.080453872680664,1
match8_whistle_0161.mp4,0.11641474068164825,0.03432774543762207,3013.908784041961,-40.144065856933594,4263.57421875,62,1.8444315195083618,4.7246623039245605,5577.479607077206,2350.899134048389,0.20043658088235294,21.655796774035547,0.010965964515992554,-94.3109130859375,61.145408630371094,-14.03915023803711,46.37762451171875,-13.410334587097168,0
match8_whistle_0162.mp4,0.139300137758255,0.012882399372756481,2323.348105972054,-37.18111801147461,4145.1416015625,54,1.818011999130249,5.030560493469238,4377.729692851028,2091.4106016115375,0.15344739940068494,23.351190370251203,-0.02137923496101381,-82.257080078125,106.11881256103516,-40.39946365356445,21.335407257080078,-20.45355796813965,1
match8_whistle_0163.mp4,0.0888240858912468,0.045873381197452545,3306.7373926415926,-41.04753112792969,4306.640625,54,1.8203476667404175,4.6551513671875,5846.854599208048,2358.055748642217,0.23979291523972604,22.37025439833183,-0.0006013059874760517,-109.22728729248047,55.5589599609375,-8.946528434753418,34.65443801879883,-25.25160789489746,0
match8_whistle_0164.mp4,0.0999811664223671,0.004557596053928137,2399.376896885465,-39.78903579711914,3779.0771484375,68,1.8431439399719238,5.000439643859863,3822.2732727786147,1934.7030510339373,0.18140530873493976,22.9412120220123,-0.01612191282777956,-180.44857788085938,106.80058288574219,-13.893562316894531,47.15703582763672,-18.803020477294922,1
match8_whistle_0165.mp4,0.11272627115249634,0.029097091406583786,3027.6764285017034,-39.4072265625,4188.2080078125,44,1.8142056465148926,4.689442157745361,5802.666558159723,2421.9578346387725,0.19085768711419754,21.509392408762118,-0.01025048613540002,-95.69567108154297,63.174564361572266,-12.292083740234375,42.12617111206055,-14.822263717651367,0
match8_whistle_0166.mp4,0.10855567455291748,0.029418427497148514,2823.566439038441,-36.82545471191406,4198.974609375,40,1.7762537002563477,4.777418613433838,5141.704767400568,2258.794072561801,0.18412642045454544,21.48093798738864,-0.010970969197556366,-100.57825469970703,70.93656158447266,-28.3716983795166,48.07577896118164,-1.0595340728759766,0
match8_whistle_0167.mp4,0.11906836181879044,0.012926353141665459,2890.783083587194,-36.448455810546875,4166.6748046875,74,1.887683391571045,4.952095985412598,4351.579483695652,1914.6050523019642,0.23833432404891305,22.595489075063217,-0.011149521748086803,-132.62037658691406,78.3503646850586,-33.66828918457031,43.04622268676758,-16.929092407226562,1
match8_whistle_0168.mp4,0.14424438774585724,0.0022815915290266275,2367.185102301903,-45.846221923828125,4155.908203125,70,1.8389787673950195,5.126523017883301,3546.27685546875,1797.4207890927946,0.18696189413265307,23.403078656325206,0.006123110818560385,-155.11587524414062,109.40897369384766,-16.674453735351562,37.253211975097656,-18.99504280090332,1
match8_whistle_0169.mp4,0.10443837195634842,0.004134932067245245,2333.0249466943865,-40.135032653808594,3779.0771484375,70,1.873164176940918,5.015815258026123,4077.337646484375,1994.13489478911,0.1787051246279762,23.069331394932455,-0.019354266299745248,-168.4982147216797,115.88809204101562,-15.817355155944824,50.586456298828125,-14.233854293823242,1
match8_whistle_0170.mp4,0.1459713578224182,0.021276984363794327,3020.065071944303,-35.4453239440918,4091.30859375,35,1.850494623184204,4.851365089416504,5480.689586292614,2432.9830456785135,0.19249378551136365,22.3814659948052,0.004718690143297445,-81.9298095703125,65.7309799194336,-10.069419860839844,40.927574157714844,-13.463846206665039,0
match8_whistle_0171.mp4,0.15868084132671356,0.013963056728243828,2425.523330925789,-38.03303909301758,4166.6748046875,58,1.8663012981414795,4.866036891937256,4585.117319467905,2183.467712248098,0.14869483741554054,22.883085058325854,0.008988454196776696,-62.196632385253906,90.21548461914062,-32.251312255859375,17.514169692993164,-17.078834533691406,1
match8_whistle_0172.mp4,0.07693872600793839,0.010537506081163883,2469.887361240395,-35.573516845703125,4263.57421875,61,1.8017603158950806,5.020747184753418,4317.843710409628,1970.7211946485843,0.18901103251689189,23.516194675776617,0.02182351738323986,-152.9104766845703,104.91901397705078,-40.4992561340332,30.36310386657715,-18.233488082885742,1
match8_whistle_0173.mp4,0.08104266226291656,0.006928907707333565,2391.9796654632996,-35.5468864440918,4188.2080078125,74,1.8050674200057983,4.836333274841309,3966.024502840909,1863.2394670528508,0.19074675324675325,23.028809406434796,-0.005909185654513555,-167.89308166503906,107.07366180419922,-42.788246154785156,34.85422134399414,-16.807716369628906,1
match8_whistle_0174.mp4,0.09297844767570496,0.01150213461369276,2714.4475015998596,-34.67082214355469,4015.9423828125,72,1.8204116821289062,5.067668437957764,4574.508483151355,2073.512607101796,0.2253918015813253,22.839874197177355,0.0032827200038093376,-150.70321655273438,95.00615692138672,-19.855302810668945,41.13241958618164,-24.698638916015625,1
match8_whistle_0175.mp4,0.10257869213819504,0.0017256989376619458,2246.2605955739973,-41.94126510620117,4209.7412109375,69,1.817093849182129,4.985227108001709,3496.7388556985293,1688.5774152178324,0.1879538143382353,23.59443507651822,0.0033629262464070033,-178.33187866210938,126.54290771484375,-27.594209671020508,38.99789047241211,-19.982641220092773,1
match8_whistle_0176.mp4,0.11628109216690063,0.008074359968304634,2314.995821352611,-36.71036148071289,4080.5419921875,73,1.822434663772583,5.099701404571533,4279.8657869037825,2076.036730153053,0.17387309827302633,23.152924522427334,0.0009280085102598216,-116.0763168334961,106.7238540649414,-31.07380485534668,24.059345245361328,-26.192564010620117,1
match8_whistle_0177.mp4,0.10373081266880035,0.008254103362560272,2487.1415758083226,-39.79536056518555,4252.8076171875,75,1.895383358001709,4.8707275390625,4087.4170510165663,1988.284588511951,0.1980598173945783,22.922396345594212,0.006322971029098288,-139.1772003173828,103.96326446533203,-33.9096565246582,31.292110443115234,-14.696349143981934,1
match8_whistle_0178.mp4,0.14487777650356293,0.009102512151002884,2354.1687859633867,-35.24090576171875,4209.7412109375,70,1.7868216037750244,4.979368686676025,4319.324566566781,2079.320041477114,0.15726669520547945,23.36217579838476,-0.0005169426860027743,-80.52648162841797,98.24166870117188,-40.25452423095703,12.668560028076172,-27.890911102294922,1
match8_whistle_0179.mp4,0.08623434603214264,0.008632151409983635,2867.8277314613224,-37.728553771972656,4231.2744140625,67,1.8889374732971191,5.099029541015625,4915.4560546875,2292.907086917798,0.1978125,22.03504782367785,0.005942837560182081,-192.66067504882812,66.89225006103516,-4.019037246704102,57.88050079345703,-11.273173332214355,1
match8_whistle_0180.mp4,0.09823081642389297,0.038468170911073685,3307.652865816573,-36.383697509765625,4285.107421875,19,1.8910671472549438,4.786799907684326,5892.181037454044,2309.6921620709504,0.21625114889705882,21.565832123756802,0.0014389993663607836,-109.78895568847656,34.23958206176758,-23.254655838012695,60.592529296875,-4.713310718536377,0
match8_whistle_0181.mp4,0.15906774997711182,0.007921639829874039,2018.4456196747376,-42.270015716552734,4069.775390625,61,1.8106857538223267,4.951761245727539,3852.2267061121324,2000.535558493949,0.12030388327205882,22.74936453064213,-0.0015041537308091608,-65.69891357421875,117.33068084716797,-39.234432220458984,6.226154804229736,-21.322832107543945,1
match8_whistle_0182.mp4,0.1076389029622078,0.009389352053403854,2422.5027963728503,-36.517093658447266,4123.6083984375,79,1.876600980758667,5.166456699371338,4098.7255859375,1974.0450830760828,0.19982096354166667,22.396913779480204,-0.0009003775015743486,-144.68934631347656,112.8514404296875,-23.93087387084961,40.316673278808594,-28.17702865600586,1
match8_whistle_0183.mp4,0.11121255904436111,0.007577082142233849,2509.1464171194543,-38.20524978637695,4188.2080078125,79,1.9027763605117798,5.049039363861084,4070.5094770951705,1934.407677518364,0.21295720880681818,22.462308268843458,0.0007579395917324337,-127.97885131835938,103.64433288574219,-41.57048034667969,31.156949996948242,-17.078367233276367,1
match8_whistle_0185.mp4,0.1012897789478302,0.00688796816393733,2739.188959845631,-40.05836486816406,4188.2080078125,74,1.8644344806671143,4.947937488555908,4468.890806686047,1987.7492738093495,0.2185512808866279,23.122452806252152,-0.01066806468217299,-163.57940673828125,84.66372680664062,-17.34268569946289,54.693843841552734,-19.10078239440918,1
match8_whistle_0186.mp4,0.15202851593494415,0.009831097908318043,2278.5565816073085,-38.01776123046875,4231.2744140625,69,1.8251508474349976,5.012859344482422,4281.470056482263,2124.1836697975195,0.14974398226351351,23.350461071003615,-0.009051252510447551,-72.13449096679688,99.13471221923828,-36.501399993896484,12.13366413116455,-12.182511329650879,1
match8_whistle_0187.mp4,0.11195646971464157,0.003154478268697858,2285.8464673562803,-40.746158599853516,4220.5078125,67,1.850835919380188,5.074738502502441,3975.6403742609796,1971.2189047098761,0.15382179054054054,25.694269223528394,0.0042643991147158986,-171.5646209716797,96.43805694580078,-32.0157470703125,48.13792419433594,-8.383511543273926,1
match8_whistle_0188.mp4,0.10193659365177155,0.022740470245480537,2637.6699234913863,-35.31356430053711,4166.6748046875,46,1.8040660619735718,4.62429666519165,5095.495058885262,2273.7934343341253,0.17019881063432835,22.760628382367432,0.00031511445872326,-93.17919921875,82.58466339111328,-26.81405258178711,31.67022132873535,-10.665522575378418,0
match8_whistle_0189.mp4,0.11437906324863434,0.04292672500014305,3403.3271923159186,-35.748931884765625,3639.111328125,62,1.8560054302215576,4.7565765380859375,6379.274758731618,2459.327297400204,0.21830193014705881,21.699626665372097,-0.004864999700217485,-84.66567993164062,38.54848098754883,-16.327335357666016,50.12925720214844,-4.222413539886475,0
match8_whistle_0190.mp4,0.09605459868907928,0.028050197288393974,2458.2705772462114,-38.81642532348633,3768.310546875,33,1.8167107105255127,4.651150226593018,4485.303795855978,2040.5129327448371,0.1606162250905797,22.458821461858836,-0.00013082799588020282,-103.9334945678711,87.35882568359375,-42.625247955322266,39.15983963012695,-2.349104404449463,0
match8_whistle_0191.mp4,0.11207259446382523,0.014377598650753498,2590.3610603457623,-37.406517028808594,4145.1416015625,60,1.8621432781219482,4.949421405792236,4728.84521484375,2137.8425630557695,0.17194475446428573,23.29658527672911,-0.002736723418890051,-107.8326644897461,84.83189392089844,-31.981971740722656,18.026782989501953,-20.189701080322266,1
match8_whistle_0192.mp4,0.09177541732788086,0.00645271223038435,2589.1507852827854,-44.9224967956543,4155.908203125,55,1.8432806730270386,5.037862300872803,4384.0867476029825,2102.8347359380855,0.20426247336647727,22.163585591322185,0.004594680258713439,-172.39193725585938,95.20242309570312,-17.140583038330078,48.7766227722168,-20.86393165588379,1
match8_whistle_0193.mp4,0.1324663758277893,0.017338240519165993,2563.9954855030164,-36.82481002807617,3682.177734375,49,1.8090959787368774,4.882331371307373,4603.927384561567,2173.333519530593,0.17457147854477612,21.45131038501609,-0.01018931296578352,-98.70112609863281,88.72882080078125,-25.429555892944336,31.49522590637207,-13.954145431518555,1
match8_whistle_0194.mp4,0.10810890793800354,0.005769725888967514,2603.8277903539306,-32.34172821044922,3929.8095703125,76,1.8118038177490234,4.853483200073242,4264.093091114458,1861.8572977258527,0.21256118222891565,23.521046425098586,0.0075194067645138534,-125.5484619140625,98.00322723388672,-40.638309478759766,42.19847869873047,-23.657255172729492,1
match8_whistle_0195.mp4,0.16918246448040009,0.009517879225313663,2219.1168104990584,-41.13721466064453,4166.6748046875,65,1.856248140335083,4.865320682525635,4276.7333984375,2060.213775288008,0.1267768012152778,23.56868064008708,0.0026910717060081523,-66.35166931152344,94.12457275390625,-46.878746032714844,-4.594682693481445,-24.40635871887207,1
match8_whistle_0196.mp4,0.1207791417837143,0.02440999075770378,2528.9250924060484,-41.4267463684082,4220.5078125,59,1.8330837488174438,5.0301513671875,4663.829906566723,2165.604056634798,0.17708113386824326,22.325571203289748,0.005926641433980355,-78.77256774902344,91.57660675048828,-42.9027214050293,4.679203987121582,-15.841419219970703,1
match8_whistle_0197.mp4,0.11881337314844131,0.030686194077134132,2674.3233971795207,-33.85934066772461,4252.8076171875,75,1.8265324831008911,4.877585411071777,5065.1040566934125,2255.68424276638,0.18045951224662163,21.353107806652076,-0.0021908650103758228,-65.96107482910156,82.1099853515625,-41.54988098144531,5.965620040893555,-15.093302726745605,1
match8_whistle_0198.mp4,0.10117354989051819,0.009236381389200687,2429.5236828394645,-36.18141174316406,4252.8076171875,70,1.8184385299682617,4.929855823516846,4290.065725226152,2037.3356679094677,0.1853734066611842,22.899517733585572,0.004902914849369934,-134.169189453125,102.1690902709961,-30.86039924621582,19.257099151611328,-27.21953010559082,1
match8_whistle_0199.mp4,0.10046558082103729,0.010262048803269863,2676.7460696981575,-38.70574951171875,4198.974609375,77,1.8786379098892212,5.053112506866455,4614.692095588235,2151.823814280699,0.21236213235294119,23.24688628675067,0.007043857666109516,-151.33853149414062,91.6384048461914,-19.989173889160156,42.92052459716797,-12.929048538208008,1
match8_whistle_0200.mp4,0.13194313645362854,0.02408781088888645,2657.890502272272,-38.607933044433594,4285.107421875,55,1.7697694301605225,4.738278865814209,4999.455122514205,2301.39542525636,0.16985529119318182,21.21191781738851,0.0009777353680613934,-71.12454223632812,81.78514099121094,-29.864839553833008,28.8026123046875,-19.455047607421875,0
match8_whistle_0201.mp4,0.1678982675075531,0.006348120979964733,2023.3127038788607,-41.69241714477539,4198.974609375,72,1.8694862127304077,4.936153411865234,3935.0390625,2005.1359159126907,0.11139090401785715,23.12000394964927,-0.021631828724673896,-88.13969421386719,106.38310241699219,-40.704830169677734,9.550924301147461,-19.978384017944336,1
match8_whistle_0202.mp4,0.09503144770860672,0.0038780563045293093,2266.616150887923,-40.238990783691406,4198.974609375,63,1.8504594564437866,5.009869575500488,3770.3203125,1898.1656160648645,0.18516276041666666,24.262525011726336,-0.005032800539463131,-163.13136291503906,112.55380249023438,-27.577545166015625,41.442867279052734,-10.720968246459961,1
match8_whistle_0203.mp4,0.11223462969064713,0.032220859080553055,3020.506085118508,-37.098907470703125,4220.5078125,53,1.8117011785507202,4.759936809539795,5576.07421875,2342.4282458011526,0.2045840308779762,21.77896581444983,0.009821974570408653,-85.61589050292969,64.29257202148438,-21.688018798828125,49.14830780029297,-12.417882919311523,0
match8_whistle_0204.mp4,0.14429078996181488,0.01209945883601904,2430.91454599199,-38.23314666748047,4091.30859375,69,1.8533506393432617,5.015618801116943,4582.5347900390625,2196.187144631052,0.149468994140625,22.680013639871106,-0.019657192172035393,-86.49951171875,92.1791763305664,-33.04326248168945,17.604454040527344,-18.044662475585938,1
match8_whistle_0205.mp4,0.08959197252988815,0.008746311999857426,2735.5953586129367,-40.60285568237305,3736.0107421875,79,1.828864336013794,5.046645641326904,4538.555697737069,2100.9765046813563,0.21233499461206898,22.410892421472642,-0.0025803414683846916,-182.7781219482422,84.29017639160156,-19.29120445251465,44.44677734375,-10.672582626342773,1
match8_whistle_0206.mp4,0.078223317861557,0.010824471712112427,2602.901881204177,-37.8543815612793,4220.5078125,69,1.806943416595459,5.004220962524414,4407.365015933388,2047.8174550689337,0.21530633223684212,22.896035864261453,-0.005152280242211015,-190.7017059326172,92.93186950683594,-21.69313621520996,49.764163970947266,-15.39157772064209,1
match8_whistle_0207.mp4,0.07654009759426117,0.011354818940162659,2527.694201717167,-34.05172348022461,4209.7412109375,59,1.8487733602523804,5.0149970054626465,4313.3697509765625,2092.421921097461,0.2007378472222222,22.63314578962611,-0.0029074352236676004,-146.24734497070312,102.16191864013672,-30.13545799255371,24.28712272644043,-31.83644676208496,1
match8_whistle_0208.mp4,0.09254807233810425,0.0030720133800059557,2525.0940683924764,-39.92315673828125,4220.5078125,72,1.840716004371643,4.924637794494629,4187.809244791667,2007.526556905635,0.18489583333333334,22.748747463253906,-0.005811583288663556,-208.8615264892578,85.1202621459961,-9.948723793029785,70.77796173095703,-8.58450698852539,1
match8_whistle_0209.mp4,0.11602745950222015,0.0163266621530056,2774.357066559059,-40.08753204345703,4263.57421875,51,1.8196501731872559,4.666163444519043,5385.421475497159,2381.8903010178374,0.1577444365530303,23.01167350937944,0.004473314498892563,-123.40061950683594,76.36370086669922,-5.167021751403809,37.90970993041992,-26.98560333251953,0
match8_whistle_0210.mp4,0.06957383453845978,0.004279314540326595,2705.6337684595746,-41.42591094970703,4242.041015625,64,1.8698052167892456,4.917819976806641,4346.436164952532,1954.686157326298,0.23319447191455697,22.971124393740535,-0.0013060392597103578,-220.1188201904297,95.67296600341797,-7.941215515136719,53.029335021972656,-19.85072898864746,1
match8_whistle_0211.mp4,0.14932113885879517,0.01987440697848797,2878.0459292370338,-40.214664459228516,3692.9443359375,52,1.88236665725708,4.728506088256836,5423.60278980152,2422.616149459219,0.1777145798141892,21.80053395791292,-0.005567562562815046,-92.06359100341797,72.60102081298828,-11.006978988647461,50.3780403137207,-14.92924690246582,0
match8_whistle_0212.mp4,0.13383030891418457,0.005073864012956619,2202.053003049241,-40.11237716674805,4166.6748046875,64,1.8465189933776855,5.081630706787109,4148.37158203125,1999.4576541102986,0.15576171875,23.084707435529673,0.008844692201570688,-110.6869125366211,107.7697525024414,-32.936920166015625,38.330894470214844,-9.746604919433594,1
match8_whistle_0213.mp4,0.12374559044837952,0.005502901040017605,2470.1664218726646,-38.54250717163086,4242.041015625,78,1.829645037651062,4.99562931060791,4158.599853515625,2007.409100515233,0.19123767671130953,23.873237969760556,-0.0003472734214459295,-126.83193969726562,110.48856353759766,-24.90537452697754,27.89362144470215,-24.95058822631836,1
match8_whistle_0214.mp4,0.1215820461511612,0.024530163034796715,3168.86980035992,-38.32039260864258,4220.5078125,43,1.852115273475647,4.720224380493164,5745.224233774038,2440.641083240593,0.19457381810897437,21.574856537869493,-0.0023799792777912175,-103.93490600585938,50.559326171875,-9.35367202758789,57.70816421508789,-8.280308723449707,0
match8_whistle_0215.mp4,0.12193596363067627,0.01097157597541809,2413.3530211117322,-38.60379409790039,4198.974609375,61,1.8156572580337524,4.935508728027344,4319.153161951013,2056.8668501593415,0.17058831292229729,23.9006905005233,-0.003015111885873223,-104.45111083984375,104.97373962402344,-36.02568054199219,30.394197463989258,-21.236343383789062,1
match8_whistle_0216.mp4,0.11001656204462051,0.00715741328895092,2245.724246197999,-38.44721221923828,3789.84375,75,1.8704410791397095,4.963266372680664,3784.9037798713234,1896.1597980165063,0.17606847426470587,23.58488207549992,0.008211231469035407,-115.84883880615234,115.00662994384766,-49.60693359375,21.625205993652344,-16.593931198120117,1
match8_whistle_0217.mp4,0.11084414273500443,0.0025655815843492746,2321.6905243940923,-42.374488830566406,3779.0771484375,61,1.8252519369125366,5.013525009155273,3576.5955771169356,1753.0178377446405,0.2115307879704301,23.26679467282336,0.009017561075352763,-148.69613647460938,128.79608154296875,-33.92365646362305,31.924030303955078,-21.32937240600586,1
match8_whistle_0218.mp4,0.10065089166164398,0.005399458575993776,1998.4437564751395,-41.773738861083984,4080.5419921875,69,1.8303648233413696,5.023074150085449,3513.969089673913,1834.387383657024,0.1659873188405797,22.16941267757699,0.0029580917621249312,-134.1290283203125,129.0139923095703,-43.54182052612305,23.22256851196289,-11.859528541564941,1
match8_whistle_0219.mp4,0.10977485775947571,0.004309595562517643,2348.71119164419,-39.387916564941406,4155.908203125,78,1.8471096754074097,5.061730861663818,3825.183536305147,1895.3434485835187,0.19451401654411765,23.42392310067384,0.004092222156311778,-155.10086059570312,118.19290161132812,-24.154165267944336,40.78913879394531,-21.431713104248047,1
match8_whistle_0220.mp4,0.14981673657894135,0.005970481783151627,2203.752540580107,-43.05784225463867,4198.974609375,69,1.8347272872924805,4.926948547363281,3965.9853515625,1993.8762586302057,0.14225260416666666,23.16176373975938,0.02427443198819549,-102.6566162109375,109.58853149414062,-33.665470123291016,32.8848762512207,-19.816186904907227,1
match8_whistle_0221.mp4,0.10399755835533142,0.008263599127531052,2527.729459544661,-35.956485748291016,4198.974609375,65,1.8726832866668701,4.9500861167907715,4388.92822265625,2147.60915513627,0.1929931640625,22.757484655196407,-0.0026004657588871213,-135.35372924804688,97.01410675048828,-25.644092559814453,42.76029586791992,-11.360466003417969,1
match8_whistle_0222.mp4,0.15270183980464935,0.0058945827186107635,2121.514487157666,-41.42814254760742,4231.2744140625,73,1.823891043663025,4.904074192047119,3986.002381207192,2043.1826835882264,0.1126324379280822,23.939263579132444,0.009628814022377797,-111.0787124633789,107.23898315429688,-29.694477081298828,11.12579345703125,-36.60236740112305,1
match8_whistle_0223.mp4,0.09285733848810196,0.010967937298119068,2521.8700766080233,-37.57797622680664,3736.0107421875,67,1.8356963396072388,4.990657806396484,4010.6787109375,1932.4272176032705,0.21951497395833333,22.538952287521084,0.012441662461579331,-124.0916748046875,100.65933227539062,-49.574974060058594,22.37921714782715,-14.49553394317627,1
match8_whistle_0224.mp4,0.07975585013628006,0.007535729557275772,2758.2012589403553,-40.70564270019531,3649.8779296875,68,1.857461929321289,4.946157455444336,4527.221374511719,2169.4805632346665,0.214599609375,23.699233252072098,-0.014057438909123449,-183.2397918701172,87.33551788330078,-6.953713417053223,45.30156707763672,-17.598312377929688,1
match8_whistle_0225.mp4,0.11224387586116791,0.0039677745662629604,2673.1355299736697,-39.72806930541992,4145.1416015625,67,1.8306877613067627,5.085382461547852,3981.181640625,1866.8922792369929,0.22606026785714287,22.931571788473192,-0.001176323237908328,-177.61546325683594,97.07816314697266,-11.880277633666992,53.03812789916992,-17.721073150634766,1
match8_whistle_0226.mp4,0.09549091011285782,0.005841359496116638,2469.5412672395037,-41.2188720703125,3682.177734375,68,1.82749605178833,4.92581844329834,4265.902132601352,2053.6365607951366,0.18669499577702703,22.32578901690374,-0.0008744620692397578,-176.8748779296875,96.53068542480469,-18.309900283813477,50.393310546875,-16.408475875854492,1
match8_whistle_0227.mp4,0.11810540407896042,0.006324991583824158,2442.7578083228077,-40.467777252197266,4263.57421875,59,1.8713984489440918,5.093944072723389,4104.020966679217,2010.2673515115791,0.20286615210843373,23.685391417779563,-0.0014380408316791084,-141.3797607421875,107.62110900878906,-22.07603645324707,34.725196838378906,-19.403932571411133,1
match8_whistle_0228.mp4,0.10383349657058716,0.0030734550673514605,2315.3333777872235,-41.16023254394531,4209.7412109375,72,1.8411145210266113,4.932156562805176,3943.689406061747,1908.8578984109445,0.18602339043674698,23.28115090350187,-0.005490730121442009,-168.6598663330078,115.34286499023438,-22.48821449279785,41.238006591796875,-23.1368408203125,1
match8_whistle_0229.mp4,0.1377452313899994,0.0076666586101055145,2633.574758304114,-37.98360824584961,4091.30859375,73,1.8182034492492676,5.138810634613037,4700.884331597223,2074.802503974614,0.1887719425154321,23.453439954208243,-0.020632458619366845,-106.69857788085938,88.81926727294922,-34.249881744384766,25.603166580200195,-28.03897476196289,1
match8_whistle_0230.mp4,0.12777304649353027,0.00876320619136095,2431.0695700689193,-35.89738464355469,4231.2744140625,79,1.8280075788497925,4.922603130340576,4325.3405119243425,2097.484225582151,0.1733912417763158,23.541637603528912,0.00018995695474488246,-102.61512756347656,100.50434875488281,-29.293594360351562,28.05804443359375,-30.14971923828125,1
match8_whistle_0231.mp4,0.10959626734256744,0.04219033196568489,3352.1485272435148,-35.23150634765625,4285.107421875,32,1.8335882425308228,4.796126842498779,6225.673621808979,2497.3709859933233,0.21819982394366197,21.600607841899322,0.0030967009515029454,-86.5671615600586,47.42613220214844,-8.713980674743652,51.4481086730957,-14.532950401306152,0
match8_whistle_0232.mp4,0.11698390543460846,0.03884604945778847,3281.238507552442,-37.12648010253906,4134.375,46,1.8151377439498901,4.7842936515808105,6265.4144287109375,2566.8044964383703,0.2032402886284722,20.643848858092593,0.0024056161158174075,-101.14073181152344,43.86909484863281,-0.6221781373023987,54.25318908691406,-6.842342853546143,0
match8_whistle_0233.mp4,0.07670895010232925,0.005059611052274704,2439.741068470391,-39.293331146240234,4177.44140625,69,1.812065601348877,4.890346050262451,4000.3591437088817,2033.839568517383,0.18429404810855263,22.982683839002938,-0.008379561797270986,-206.2792510986328,98.7873764038086,-13.879199028015137,43.46767044067383,-12.273937225341797,1
match8_whistle_0234.mp4,0.1144581064581871,0.004667013417929411,2221.681822950458,-38.7755012512207,4198.974609375,72,1.8626117706298828,5.094052791595459,3767.3443134014424,1834.0639852684515,0.16353665865384615,23.036064552106577,-0.0003394613085215346,-146.68592834472656,114.4810562133789,-32.2271614074707,46.744361877441406,-13.572919845581055,1
match8_whistle_0235.mp4,0.08863388746976852,0.006920408923178911,2323.900307309301,-39.226234436035156,4220.5078125,58,1.8691680431365967,4.9405341148376465,4165.389240321829,1996.293118023368,0.17409048507462688,22.461571457369715,-0.00321112413792377,-154.8277130126953,101.89692687988281,-34.128990173339844,30.926729202270508,-21.23783302307129,1
match8_whistle_0236.mp4,0.11971008777618408,0.0033033278305083513,2345.641532118451,-41.96479034423828,4242.041015625,73,1.8306938409805298,4.991621017456055,3999.4517652294303,1975.1876067936055,0.17586160007911392,23.625009093992976,-0.0105455966956705,-158.80726623535156,104.98780059814453,-20.611806869506836,35.57802963256836,-22.625822067260742,1
match8_whistle_0237.mp4,0.12937511503696442,0.020649975165724754,2536.3902783591807,-39.69773864746094,3875.9765625,59,1.8163764476776123,4.86607027053833,4891.360134548611,2191.7952132618616,0.15306110146604937,23.3388426034999,0.00949190428481681,-96.93075561523438,89.26853942871094,-35.19458770751953,24.187986373901367,-18.241287231445312,1
match8_whistle_0238.mp4,0.11712883412837982,0.008699590340256691,2510.248325061222,-35.8613166809082,4220.5078125,87,1.8568249940872192,4.968067646026611,4074.6934678819443,1858.7565628396237,0.19976731288580246,23.248454890927434,0.003829840725282264,-133.72042846679688,103.56401062011719,-37.293514251708984,38.54970932006836,-23.65703582763672,1
match8_whistle_0239.mp4,0.09868371486663818,0.007598547264933586,2736.2708974555385,-39.0438346862793,3779.0771484375,70,1.8800026178359985,5.031124114990234,4244.034830729167,1869.0419317153585,0.21252290702160495,23.486910268221884,-0.005437755034303559,-198.57644653320312,84.13653564453125,-18.117740631103516,64.28205108642578,-12.272488594055176,1
match8_whistle_0240.mp4,0.09588602185249329,0.0070013003423810005,2678.5797066107325,-36.2611198425293,3768.310546875,74,1.828739881515503,5.050395488739014,4242.041015625,1924.4101647787088,0.21256118222891565,23.695949064677787,0.01658337435207416,-163.5220184326172,91.69066619873047,-27.676284790039062,51.61226272583008,-12.512439727783203,1
match8_whistle_0241.mp4,0.10619435459375381,0.008848205208778381,2382.2158007183416,-37.563114166259766,4134.375,56,1.8321843147277832,5.041334629058838,4211.613663383152,1969.0421691474025,0.16885331748188406,23.74859148364842,0.0030882308120378536,-138.66685485839844,101.553466796875,-37.70281219482422,39.070068359375,-15.583413124084473,1
match8_whistle_0242.mp4,0.09597814828157425,0.0026256137061864138,2355.3556977515327,-37.248538970947266,4198.974609375,60,1.8537541627883911,4.942245960235596,4064.0513746044303,1986.6831413778038,0.18954583662974683,23.492419644839938,0.0018007210888452284,-191.98985290527344,105.87541961669922,-17.470233917236328,51.82676696777344,-16.462839126586914,1
match8_whistle_0243.mp4,0.14417079091072083,0.0027547981590032578,2475.300257740772,-42.936256408691406,4209.7412109375,93,1.865365743637085,4.925542831420898,4072.055376838235,1954.68907256572,0.17782054227941177,24.170676187389944,-0.014488205186977998,-157.44642639160156,91.83837890625,-11.18800163269043,48.78306579589844,-23.18752670288086,1
match8_whistle_0244.mp4,0.1366337686777115,0.01818147301673889,2571.9775814993773,-37.83877944946289,4134.375,67,1.8602946996688843,5.089080333709717,4727.006199048913,2238.943788766361,0.1823341259057971,22.272333502449627,-0.00037503419623085345,-71.15424346923828,89.14024353027344,-31.25853157043457,11.21285629272461,-17.35455322265625,1
match8_whistle_0245.mp4,0.10319101810455322,0.00409832363948226,2390.3828305983757,-40.0802001953125,4177.44140625,64,1.8583871126174927,5.098752498626709,3848.7908935546875,1859.6384976341046,0.18660888671875,24.017504581921028,0.005732810979274254,-168.07992553710938,108.7354507446289,-27.36747169494629,43.455772399902344,-11.554950714111328,1
match8_whistle_0246.mp4,0.14191006124019623,0.017139842733740807,2574.0172888692014,-40.1307258605957,4166.6748046875,65,1.8411613702774048,4.905305862426758,4629.922003495066,2147.1142791104417,0.16178813733552633,23.37600926829335,-0.01613333120023813,-93.04655456542969,80.08567810058594,-34.11502456665039,31.410606384277344,-14.884380340576172,1
match8_whistle_0247.mp4,0.09504322707653046,0.006276075728237629,2625.304753714505,-39.712738037109375,4209.7412109375,83,1.8196243047714233,5.012305736541748,4261.195550962936,1962.6506204707528,0.20223360283430233,22.879887379260808,-0.002961169865063859,-198.6881103515625,87.76993560791016,-0.9169384241104126,55.36817932128906,-15.025157928466797,1
match8_whistle_0248.mp4,0.12124387174844742,0.04245707392692566,3135.4095114643324,-38.877689361572266,4306.640625,38,1.791168451309204,4.727957248687744,5729.890352136948,2389.7462411752813,0.20414464613970587,22.042469716960763,-0.008544310943343458,-75.59125518798828,57.756099700927734,-13.224160194396973,42.98292922973633,-24.554792404174805,0
match8_whistle_0249.mp4,0.12423165887594223,0.01544905174523592,2823.543144937898,-37.61875534057617,4220.5078125,61,1.7833328247070312,4.906030654907227,4719.826438210227,2055.931086056616,0.20915559050324675,23.543863125960286,-0.00036482692459758334,-120.51669311523438,75.91311645507812,-21.709190368652344,38.03645706176758,-20.083070755004883,1
match8_whistle_0250.mp4,0.10373308509588242,0.002782096853479743,2361.8575330548456,-39.22745132446289,4177.44140625,61,1.8701494932174683,5.004979133605957,3934.1162109375,1892.364821498274,0.20091337316176472,23.64187258964642,-0.0005684805897957157,-164.6278076171875,122.50984954833984,-20.059602737426758,38.973731994628906,-30.054052352905273,1
match8_whistle_0251.mp4,0.14436067640781403,0.013647453859448433,2581.5536066418385,-35.79497528076172,4188.2080078125,56,1.8220887184143066,4.988862991333008,4474.334131528253,2046.9015521897277,0.17869087114726026,22.343843416455293,-6.509279049757885e-05,-87.70375061035156,84.98774719238281,-34.0045166015625,32.75978088378906,-12.108258247375488,1
match8_whistle_0252.mp4,0.13952632248401642,0.014114880003035069,2350.396015809289,-35.96269226074219,4231.2744140625,73,1.8619567155838013,4.960477352142334,4384.0773362379805,2087.282768737417,0.1652519030448718,22.64898479876324,-0.0029535271951254957,-81.21604919433594,105.53862762451172,-30.1225643157959,9.899493217468262,-28.41916847229004,1
match8_whistle_0253.mp4,0.10827572643756866,0.015156392939388752,2458.504174740048,-38.296810150146484,4198.974609375,62,1.8677619695663452,4.910083770751953,4312.02392578125,2071.122831627298,0.17650082236842105,22.205227408407225,0.012593820309728518,-104.3348617553711,92.9349136352539,-42.0399169921875,24.493810653686523,-10.364500045776367,1
match8_whistle_0254.mp4,0.06979817897081375,0.010754814371466637,2424.3626658823778,-36.994571685791016,3779.0771484375,73,1.8687536716461182,5.117160797119141,4181.5710616438355,1946.4240307712175,0.20522527825342465,22.960778604447572,0.0016002287736627502,-171.1985321044922,105.73367309570312,-49.9941520690918,34.01237106323242,-10.293303489685059,1
match8_whistle_0255.mp4,0.10896426439285278,0.030776886269450188,3097.5674157204476,-34.60487747192383,3875.9765625,57,1.8660885095596313,4.672714710235596,5603.591115851152,2305.707557445638,0.21924470600328946,21.60188549160807,-0.003906339505602169,-101.25846862792969,69.17887115478516,-12.002547264099121,31.791629791259766,-30.985483169555664,0
match8_whistle_0256.mp4,0.157811239361763,0.006001429632306099,2164.5531736193598,-37.51506423950195,4177.44140625,64,1.8282012939453125,4.9480977058410645,3754.62158203125,1958.2773364990862,0.15038364955357142,23.272114194822393,-0.013218212409937598,-82.94154357910156,112.62621307373047,-37.2801513671875,6.368762969970703,-32.74959945678711,1
match8_whistle_0257.mp4,0.07202772796154022,0.0028896534349769354,2492.9015824859093,-37.265953063964844,4263.57421875,61,1.8376845121383667,5.0243144035339355,4109.349926097973,1958.6176135228895,0.20961122255067569,22.795302603724014,-0.01395110566831088,-209.5461883544922,102.38353729248047,-25.78525733947754,48.20119094848633,-16.866212844848633,1
match8_whistle_0258.mp4,0.1067608892917633,0.008187047205865383,2317.859983606792,-34.97857666015625,4220.5078125,71,1.8218109607696533,5.007178783416748,4154.7119140625,2029.1499251039068,0.1643608940972222,23.691286376131703,-0.001084976937584801,-113.4481430053711,101.81124877929688,-41.85649108886719,18.793310165405273,-21.59927749633789,1
match8_whistle_0259.mp4,0.09781308472156525,0.014210871420800686,2844.8510522668566,-39.34911346435547,4242.041015625,72,1.8485007286071777,5.011758804321289,4691.93115234375,2105.3400952047323,0.22093563988095238,22.425788026878713,0.0034166516949133193,-153.3712158203125,84.82079315185547,-10.306404113769531,50.880889892578125,-23.320600509643555,1
match8_whistle_0260.mp4,0.13354870676994324,0.009714407846331596,2178.276950758835,-37.07941818237305,4242.041015625,63,1.7962557077407837,4.865303039550781,4109.85107421875,1958.3925433368595,0.1500583224826389,23.78805993140263,0.01287497909070155,-81.47840118408203,108.203857421875,-53.84170150756836,8.282618522644043,-19.020662307739258,1
match8_whistle_0261.mp4,0.09419916570186615,0.003572758985683322,2236.6619423918555,-38.48226547241211,3779.0771484375,69,1.8453633785247803,4.973645210266113,3837.3513793945312,1956.1130093690874,0.17244873046875,23.133173004300698,-0.00530352030524954,-180.00271606445312,113.8349838256836,-12.971969604492188,40.46826934814453,-12.539631843566895,1
match8_whistle_0262.mp4,0.15197424590587616,0.005939124617725611,2144.201311324028,-37.83903503417969,4048.2421875,54,1.805269718170166,5.029411315917969,3961.948679454291,1952.4973082295242,0.13975046641791045,23.993975830412463,0.009492925628870694,-103.33712005615234,109.66195678710938,-30.395553588867188,27.567888259887695,-27.57365608215332,1
match8_whistle_0263.mp4,0.10247521102428436,0.003553594695404172,2313.3425353231405,-38.822139739990234,4198.974609375,73,1.874409556388855,5.009815216064453,3840.4866536458335,1928.1657894311531,0.18170090663580246,23.4993647258967,0.00441400187014062,-179.24258422851562,113.1425552368164,-10.813334465026855,42.27399826049805,-19.897844314575195,1
match8_whistle_0264.mp4,0.10395549982786179,0.03674739599227905,3574.3516197554504,-36.51245880126953,4274.3408203125,52,1.8538343906402588,4.855964660644531,6214.8329623909885,2418.4033608980267,0.2510276617005814,21.711897765234916,-0.013779763678753519,-109.29853057861328,34.45061111450195,-3.086066961288452,58.066104888916016,-15.676553726196289,0
match8_whistle_0265.mp4,0.14306625723838806,0.03545943647623062,2768.5713853577613,-34.215301513671875,4306.640625,61,1.8130810260772705,4.774161338806152,5264.3860774253735,2308.4115173600935,0.1882069146455224,21.59970455615277,-0.011560355286564735,-48.745506286621094,74.32560729980469,-28.606542587280273,31.53741455078125,-9.021695137023926,0
match8_whistle_0266.mp4,0.12597207725048065,0.019130509346723557,2364.7665022318506,-36.036808013916016,4198.974609375,81,1.7940442562103271,4.8736467361450195,4318.540553042763,2052.198879348445,0.17246607730263158,21.81530677604871,0.0023481912504053053,-58.38636016845703,97.53854370117188,-48.14958572387695,13.375919342041016,-7.914839267730713,1
match8_whistle_0267.mp4,0.09450425952672958,0.011944137513637543,3110.73782976789,-38.059959411621094,4209.7412109375,75,1.851548671722412,5.088798999786377,5178.336588541667,2265.5023049797605,0.22766565393518517,22.426329344534196,-0.00589757651638039,-200.183349609375,57.867279052734375,0.9263561964035034,65.3431167602539,-8.984118461608887,1
match8_whistle_0268.mp4,0.16580022871494293,0.008442635647952557,2177.590371828657,-41.22956466674805,3768.310546875,70,1.8479312658309937,4.903700351715088,3996.6838138204225,2043.8630646000042,0.12942891725352113,23.582812364591327,0.01174070344377674,-73.00492858886719,98.67103576660156,-47.16830825805664,4.696307182312012,-10.077898025512695,1
match8_whistle_0269.mp4,0.11161819100379944,0.01179893035441637,2420.081797615613,-38.01144027709961,4166.6748046875,71,1.8899539709091187,4.944106578826904,4255.430250901442,1993.8962023631577,0.17230068108974358,22.010211264621525,0.008784474686450857,-105.3011474609375,103.350341796875,-40.30817794799805,21.5621280670166,-16.75602149963379,1
match8_whistle_0270.mp4,0.06967033445835114,0.01588636264204979,3526.7600582117507,-34.551822662353516,4166.6748046875,40,1.8892865180969238,4.645914077758789,5913.435386543843,2456.2474439025755,0.2642111707089552,22.845693365907255,-0.0020940790950386696,-168.51608276367188,52.53001022338867,-1.5019723176956177,57.53779983520508,-15.759623527526855,0
match8_whistle_0271.mp4,0.13801226019859314,0.00873215589672327,2183.5147783502657,-37.493385314941406,4209.7412109375,72,1.8239675760269165,4.932131290435791,4138.620983714789,2081.65905131761,0.1407625440140845,23.01526807242887,-0.00896797585113717,-85.51653289794922,105.21073150634766,-32.05852127075195,10.710291862487793,-22.680482864379883,1
match8_whistle_0272.mp4,0.07537385821342468,0.01091105118393898,3013.9000908026896,-41.83113479614258,4198.974609375,53,1.8743304014205933,4.861423015594482,4991.848415798611,2148.849006616362,0.21013575424382716,22.5418895520424,-0.0032782364495926373,-232.27618408203125,50.22004699707031,4.724544048309326,74.37834930419922,-5.303083419799805,1
match8_whistle_0273.mp4,0.15426471829414368,0.03117341361939907,3034.598044759267,-35.073551177978516,4188.2080078125,63,1.8360151052474976,4.721874237060547,5719.37255859375,2443.5533416354815,0.18585495721726192,21.97344068924315,0.00462632086139414,-62.6640739440918,59.827911376953125,-17.134567260742188,43.61619186401367,-10.76585865020752,0
match8_whistle_0274.mp4,0.12684853374958038,0.018990008160471916,2488.066272646506,-35.61635971069336,4177.44140625,72,1.8256415128707886,4.804985046386719,4542.487397065034,2129.1512299019478,0.16786977407094594,22.581034561308474,0.002756484600945214,-77.98007202148438,88.2120590209961,-43.00890350341797,24.138534545898438,-5.577427387237549,1
match8_whistle_0275.mp4,0.059879615902900696,0.006651545874774456,2674.0614875476435,-38.91176986694336,4220.5078125,65,1.8838151693344116,5.027699947357178,4417.8955078125,2046.9592301449516,0.19945663060897437,22.652925296666663,0.0006409554474736531,-232.15335083007812,82.69957733154297,-3.3244996070861816,44.87561798095703,-24.93342399597168,1
match8_whistle_0276.mp4,0.14183366298675537,0.008330811746418476,2137.4679955758133,-38.90634536743164,4242.041015625,56,1.8154733180999756,4.806976318359375,3858.782139109142,1893.378299797975,0.13322061567164178,23.394542816941655,-0.012134035398198706,-84.70602416992188,108.82133483886719,-54.064048767089844,10.031962394714355,-26.634281158447266,1
match8_whistle_0277.mp4,0.06770523637533188,0.009144856594502926,2739.891693581072,-37.71404266357422,4231.2744140625,64,1.9196053743362427,4.954382419586182,4272.6959228515625,2006.7732522395995,0.23008219401041666,23.43706536214964,-0.006031956857620572,-205.02354431152344,91.18292236328125,-21.888465881347656,45.17568588256836,-7.6679816246032715,1
match8_whistle_0278.mp4,0.11063455045223236,0.009204553440213203,2247.565591495449,-38.840087890625,4209.7412109375,63,1.8548061847686768,4.931525230407715,4051.16455078125,2021.7985047974944,0.15330636160714287,23.22848953858132,-0.005953820841639398,-104.76781463623047,104.95391845703125,-45.407379150390625,10.780981063842773,-14.023096084594727,1
match8_whistle_0279.mp4,0.10612013190984726,0.0066656991839408875,2305.478963767667,-40.36359786987305,4220.5078125,66,1.8325320482254028,4.943187236785889,3964.179875300481,1904.9551912057516,0.17658879206730768,23.68213600941334,0.013840517748238556,-128.0382537841797,106.95069885253906,-43.83148193359375,30.772300720214844,-12.450387954711914,1
match8_whistle_0280.mp4,0.13502222299575806,0.015931131318211555,2499.1378865019633,-43.21089172363281,4145.1416015625,62,1.8463369607925415,4.680274486541748,4944.1131591796875,2290.3859252259654,0.1550971137152778,22.715767861488388,0.006106661284954392,-94.09473419189453,93.1326904296875,-15.966182708740234,20.28451156616211,-25.024171829223633,0
match8_whistle_0281.mp4,0.10456868261098862,0.0077218469232320786,2164.642865621671,-42.063743591308594,4209.7412109375,63,1.8873039484024048,5.021692752838135,3823.4019886363635,1880.8586510082116,0.16018161525974026,23.687011982620458,-0.0012275147999208577,-144.61764526367188,114.40675354003906,-39.81602096557617,28.08738899230957,-13.367767333984375,1
match8_whistle_0282.mp4,0.1258857399225235,0.007279844954609871,2243.6121919761654,-39.536964416503906,4123.6083984375,75,1.8421889543533325,4.932375431060791,3917.805428340517,1872.4125161876673,0.18552442528735633,23.251083474123572,-0.006144376565483714,-100.3027572631836,118.74268341064453,-53.245059967041016,22.447866439819336,-23.62504768371582,1
match8_whistle_0283.mp4,0.08992829918861389,0.003226970788091421,2263.797689774111,-40.5342903137207,4048.2421875,67,1.8334048986434937,4.858580112457275,4027.0122689260565,1946.536526281169,0.17291345730633803,23.022523112418497,0.0024805320646093987,-182.60910034179688,115.43231201171875,-18.44196891784668,42.79846954345703,-19.395963668823242,1
match8_whistle_0284.mp4,0.07680630683898926,0.016470085829496384,2558.5698972500713,-36.60873794555664,4198.974609375,63,1.8622404336929321,4.996844291687012,4135.056430478639,1971.7222747743124,0.2180515723892405,21.78730832279088,-0.003974717223049998,-131.0071563720703,95.83578491210938,-52.813655853271484,27.556913375854492,-7.001012802124023,1
match8_whistle_0285.mp4,0.13390667736530304,0.01728411205112934,2440.045268604975,-35.58894348144531,4188.2080078125,75,1.8458251953125,4.840407848358154,4474.599609375,2108.7308851595953,0.16440972222222222,22.75387261709815,-0.01586021839553538,-81.15233612060547,97.53168487548828,-37.9864387512207,22.265626907348633,-10.503775596618652,1
match8_whistle_0286.mp4,0.09064598381519318,0.004295962862670422,2451.494072611832,-38.81577682495117,4091.30859375,62,1.8271517753601074,5.001246929168701,3965.412764115767,1922.0444502553719,0.21648060191761365,22.863956651564997,0.0005156013816433072,-175.92356872558594,108.92948913574219,-26.509416580200195,41.83668518066406,-10.993546485900879,1
match8_whistle_0287.mp4,0.11395104974508286,0.0019009590614587069,2388.87293010299,-37.95785903930664,3779.0771484375,66,1.88589346408844,4.928642272949219,4080.6717102786147,1958.9240123812253,0.18432911332831325,23.560780084148853,0.000937352272563573,-205.4127655029297,99.03335571289062,-3.897336721420288,57.163455963134766,-11.91369915008545,1
match8_whistle_0288.mp4,0.13651806116104126,0.014479115605354309,2400.467159598668,-38.19493103027344,4231.2744140625,62,1.8280342817306519,4.986478805541992,4257.891845703125,2030.0591807994626,0.16994222005208334,22.85554491217656,-0.006930922971625998,-93.77117156982422,101.39554595947266,-36.34124755859375,15.46604061126709,-26.714475631713867,1
match8_whistle_0289.mp4,0.09137977659702301,0.0020331351552158594,2331.780161697327,-38.677452087402344,4198.974609375,60,1.8662891387939453,4.972529888153076,4027.5267009493673,1946.3864915368101,0.17890872231012658,22.989811621928347,0.0074790325395541445,-217.59703063964844,103.2260971069336,-7.905600070953369,54.98316192626953,-19.71511459350586,1
match8_whistle_0290.mp4,0.09843649715185165,0.002566200913861394,2243.4992321369464,-39.7820930480957,4198.974609375,67,1.878130316734314,5.088550567626953,3593.120659722222,1790.9886785666254,0.19076123649691357,23.074528474686034,0.004420020710909032,-177.5060577392578,124.2127456665039,-27.499393463134766,33.61745834350586,-18.70290756225586,1
match8_whistle_0291.mp4,0.1114816963672638,0.004690532572567463,2320.021635132696,-36.82204055786133,3779.0771484375,75,1.8153741359710693,5.140815734863281,3934.9424850109012,1941.2278627776168,0.18279887354651161,22.723133452721683,-0.010550532052386465,-131.56248474121094,114.84182739257812,-31.27100372314453,15.41736125946045,-37.33517837524414,1
match8_whistle_0292.mp4,0.11645644158124924,0.006611889693886042,2483.0713592163265,-39.34505844116211,3919.04296875,79,1.8422104120254517,4.944267272949219,4017.5987830528848,1928.2249319673592,0.21150090144230768,22.9520292146402,-0.00034811330743174645,-122.01023864746094,110.88502502441406,-36.20078659057617,44.83119201660156,-10.223225593566895,1
match8_whistle_0293.mp4,0.07970233261585236,0.0037663558032363653,2407.3485859445777,-44.08222961425781,3660.64453125,58,1.8412948846817017,5.092341423034668,3884.148802240211,1917.5575398640249,0.19519484186746988,22.41779714974148,-0.015964572901639697,-205.35997009277344,107.8810043334961,-9.169065475463867,53.374900817871094,-22.5614070892334,1
match8_whistle_0294.mp4,0.06385914981365204,0.005423883907496929,2475.8152441006705,-40.08797073364258,3606.8115234375,68,1.8582404851913452,4.782895088195801,4559.65576171875,2172.5997371027174,0.18199247472426472,21.747838326127926,-0.018006617485773972,-207.5325927734375,96.01719665527344,-2.0766656398773193,57.26353073120117,-19.27401351928711,1
match8_whistle_0295.mp4,0.08259785920381546,0.004387774504721165,2371.289367519707,-41.0075569152832,3757.5439453125,64,1.8598092794418335,5.1015305519104,3773.9630126953125,1871.7911681145556,0.201409912109375,23.18360418257895,-0.005616392755064494,-179.3992156982422,107.48481750488281,-36.28949737548828,46.71394729614258,-1.9676491022109985,1
match8_whistle_0296.mp4,0.15743358433246613,0.011433107778429985,2191.7813310853235,-39.17108154296875,4220.5078125,74,1.8546034097671509,4.832673072814941,4216.329728311567,2001.0388159952065,0.1336141557835821,22.593083076759964,-0.00034310160080689746,-61.67159652709961,103.11904907226562,-53.02329635620117,-3.7124946117401123,-30.675128936767578,1
match8_whistle_0297.mp4,0.08401207625865936,0.003447234630584717,2757.202391430072,-38.71871566772461,4188.2080078125,67,1.8907806873321533,5.122292995452881,4423.054504394531,2050.8049229185463,0.21336669921875,23.329577758696143,-0.002716217766405884,-239.8554229736328,76.3739242553711,6.831751823425293,67.2924575805664,-13.232000350952148,1
match8_whistle_0298.mp4,0.08391524851322174,0.006104331463575363,2732.835428524152,-35.98965835571289,4209.7412109375,61,1.8257641792297363,4.992572784423828,4432.856327654367,2048.9662277403427,0.2482292451054217,23.404443769081006,-7.1392501087180335e-06,-166.70350646972656,103.99851989746094,-33.52717971801758,45.52861785888672,-22.27507972717285,1
match8_whistle_0299.mp4,0.13389891386032104,0.00865038949996233,2157.8745298437634,-40.10662841796875,4155.908203125,67,1.8054187297821045,4.96578311920166,3840.985107421875,1929.6238385933584,0.14994981553819445,23.206978622199536,-0.007753329642008249,-80.15348815917969,108.87877655029297,-49.658729553222656,8.509418487548828,-12.108586311340332,1
match8_whistle_0300.mp4,0.10812288522720337,0.01869416981935501,3043.1895348018415,-37.52204895019531,3736.0107421875,69,1.882965326309204,4.974377155303955,4822.518399866616,2117.626154375627,0.23526819740853658,22.76927819138464,-0.009450623062439798,-147.5303497314453,70.11001586914062,-10.142402648925781,47.405250549316406,-17.54928970336914,1
match8_whistle_0301.mp4,0.08060680329799652,0.03542962670326233,3171.9704479531856,-36.508548736572266,3660.64453125,65,1.8280235528945923,4.750489711761475,5930.218505859375,2426.0063802276472,0.21383812313988096,22.154441737593697,-0.004401077970538736,-117.71542358398438,57.480247497558594,-13.267450332641602,49.0386848449707,-22.179574966430664,0
match8_whistle_0302.mp4,0.11962105333805084,0.01761511154472828,2321.2525006979677,-35.75810241699219,4102.0751953125,68,1.7970421314239502,4.897824287414551,3945.2511436060854,1956.787923401878,0.18728155838815788,21.178092618260635,0.0010132663937986947,-61.46049880981445,102.13644409179688,-55.87846755981445,8.956904411315918,-8.844720840454102,1
match8_whistle_0303.mp4,0.0908300057053566,0.0020620545838028193,2530.1440260575737,-40.889373779296875,3768.310546875,79,1.8338980674743652,5.001824855804443,3878.6025628810976,1758.563994437496,0.20778749047256098,24.48767072131077,0.005435888589288503,-219.24473571777344,103.47494506835938,-18.871665954589844,52.42155838012695,-19.272125244140625,1
match8_whistle_0304.mp4,0.11441659927368164,0.03253806754946709,3646.096465798581,-40.55524444580078,3865.2099609375,43,1.8413487672805786,4.786839962005615,6403.235409864738,2569.2643813558084,0.25980206389925375,21.61887654959014,0.0021142431294177127,-108.94468688964844,42.253414154052734,5.919510364532471,47.78010559082031,-16.605125427246094,0
match8_whistle_0305.mp4,0.1608058661222458,0.014084812253713608,2361.554665804393,-41.56893539428711,4188.2080078125,57,1.8368045091629028,4.82902193069458,4443.68408203125,2142.8084845326252,0.13106166294642857,24.15742075411594,-0.013294756254089374,-83.82782745361328,88.92510986328125,-33.53642654418945,14.963460922241211,-19.637645721435547,1
match8_whistle_0306.mp4,0.07837511599063873,0.005283520556986332,2379.421086117456,-36.68388366699219,3940.576171875,74,1.8182294368743896,5.074268341064453,4248.288302951389,2000.8501034926103,0.18357566550925927,23.588294240568985,0.013525133099961967,-204.85243225097656,106.50469970703125,-18.352684020996094,50.90679931640625,-11.174334526062012,1
match8_whistle_0307.mp4,0.13688531517982483,0.02327675372362137,2736.0789870687095,-33.99945068359375,4220.5078125,73,1.8205811977386475,4.88759708404541,4936.170151654412,2204.7776415016715,0.20329733455882354,22.73156709931025,0.006400589568914096,-84.87224578857422,87.61454772949219,-22.829566955566406,41.26885986328125,-19.168954849243164,1
match8_whistle_0308.mp4,0.10144650191068649,0.01333096344023943,2643.748312964303,-38.312625885009766,4220.5078125,56,1.8376359939575195,4.948522567749023,4514.885779272152,2154.3133061853678,0.20332278481012658,22.314665739118407,0.002755652705644715,-151.78765869140625,95.43418884277344,-6.778434753417969,38.490413665771484,-20.622718811035156,1
match8_whistle_0309.mp4,0.12155893445014954,0.008585168048739433,2349.8248316270056,-38.25994873046875,3703.7109375,62,1.857784628868103,4.969777584075928,4213.857852711397,1953.5071163272287,0.16558478860294118,23.387375376226924,0.02413818378439475,-103.70164489746094,95.93424987792969,-45.24234390258789,17.12259292602539,-23.802366256713867,1
match8_whistle_0310.mp4,0.07567021995782852,0.003400156507268548,2420.578979174341,-39.54059600830078,3768.310546875,66,1.8537802696228027,4.948547840118408,4018.8134765625,1982.0397961621172,0.19175130208333332,23.016834021921543,-0.002167071152682246,-217.46572875976562,100.20394897460938,-9.19568920135498,53.248313903808594,-13.22974681854248,1
match8_whistle_0311.mp4,0.1338871270418167,0.010580997914075851,2096.182032152872,-38.137611389160156,4209.7412109375,61,1.8361417055130005,4.929580211639404,3742.977366727941,1933.1811876676554,0.13377470128676472,22.62771313859964,0.003203077766137895,-74.77784729003906,108.1495361328125,-49.49806213378906,4.914371013641357,-16.738754272460938,1
match8_whistle_0312.mp4,0.1345427930355072,0.018486419692635536,2767.276437619033,-34.37335968017578,4188.2080078125,64,1.8729019165039062,4.87036657333374,4853.358636900436,2192.70678587201,0.20456713299418605,22.30831029708289,-0.005849127306685563,-90.6443099975586,85.87787628173828,-15.393572807312012,34.629032135009766,-27.289138793945312,1
match8_whistle_0313.mp4,0.14308063685894012,0.013440728187561035,2522.612103318363,-38.377811431884766,4123.6083984375,59,1.8326828479766846,4.897861957550049,4552.452753631162,2052.4669993734997,0.18094602772887325,22.554284480577877,0.003003132752069718,-79.873779296875,88.61189270019531,-41.368202209472656,26.876632690429688,-18.13018798828125,1
match8_whistle_0314.mp4,0.10084600001573563,0.007732865400612354,2526.1219523924724,-37.15939712524414,4242.041015625,81,1.8366708755493164,4.935629367828369,4580.47551534262,2098.7188826490055,0.18898249246987953,23.014757579234665,-0.00561711004554778,-150.53622436523438,101.68717193603516,-18.389692306518555,42.32483673095703,-21.727767944335938,1
match8_whistle_0315.mp4,0.11149816960096359,0.00834735669195652,2227.31815166586,-40.94918441772461,4188.2080078125,61,1.8627800941467285,5.067110538482666,4209.888698630137,2017.4669192030935,0.14503290881849315,23.453347305967405,-0.00020655020902064368,-136.1265869140625,103.64547729492188,-37.84347915649414,37.45704650878906,-11.918933868408203,1
match8_whistle_0316.mp4,0.08524326235055923,0.003490301314741373,2195.0905964608487,-38.98926544189453,3779.0771484375,78,1.817604899406433,4.875162601470947,3770.9331805889424,1932.8793244376004,0.173095703125,23.447359075197987,-0.0024455674952913544,-180.6595001220703,119.09600067138672,-21.61284637451172,31.511816024780273,-19.20292854309082,1
match8_whistle_0317.mp4,0.15370601415634155,0.00949509534984827,2335.41941176306,-39.523990631103516,4220.5078125,57,1.8661260604858398,4.971424579620361,4673.008362676056,2217.3961080737868,0.1224210497359155,23.639991497732627,0.008782592513900945,-95.39009857177734,96.37749481201172,-18.171279907226562,14.7324800491333,-35.10546875,1
match8_whistle_0318.mp4,0.09098051488399506,0.011577311903238297,2569.8943329098383,-40.188175201416016,4198.974609375,67,1.8598839044570923,4.959212303161621,4436.248702037184,2161.7531276168847,0.19797023338607594,22.401997939612297,-0.00468913473055505,-150.828857421875,96.72277069091797,-22.03529930114746,18.340625762939453,-22.25434112548828,1
match8_whistle_0319.mp4,0.15502962470054626,0.008199919946491718,2164.3275409340636,-42.16792297363281,4231.2744140625,64,1.8090829849243164,4.9496612548828125,4049.192181755515,2019.7210382937003,0.11970789292279412,23.21684125961716,-0.005176250670282736,-102.96003723144531,105.05829620361328,-30.336196899414062,1.0173921585083008,-48.64340591430664,1
match8_whistle_0320.mp4,0.11535659432411194,0.009075963869690895,2285.4969857038236,-34.6269645690918,4242.041015625,36,1.7577948570251465,5.057616233825684,4101.585804332386,2021.1440653695627,0.1621981534090909,23.05534280489019,0.00015304526573113947,-101.54660034179688,102.52368927001953,-43.74528503417969,13.671724319458008,-18.307287216186523,1
match9_whistle_0001.mp4,0.1426408439874649,0.0029317177832126617,1945.480083958404,-47.31819534301758,3736.0107421875,80,1.8109886646270752,5.093576908111572,4618.253300107759,2430.944483353138,0.08075722880747127,23.10901932711143,0.020570399099649396,-149.31573486328125,97.28565979003906,10.719395637512207,53.137454986572266,11.461034774780273,1
match9_whistle_0002.mp4,0.11885562539100647,0.007198086008429527,2569.3154099994945,-49.63458251953125,3822.1435546875,66,1.7951074838638306,4.880425930023193,3972.54638671875,1978.5041105745352,0.19135144292091838,22.17942610669142,-0.006531166337064499,-152.34817504882812,94.88053131103516,-22.41372299194336,21.260061264038086,-14.364994049072266,1
match9_whistle_0003.mp4,0.0663696750998497,0.042130302637815475,3336.393960605422,-38.00663375854492,3682.177734375,57,1.9260461330413818,4.92708158493042,6153.173279494382,2360.801975739395,0.27844101123595505,20.977608240788882,-0.010189810607112494,-131.22247314453125,62.500125885009766,-34.935359954833984,20.946149826049805,-13.708398818969727,1
match9_whistle_0004.mp4,0.10674789547920227,0.012445538304746151,2514.4547199601725,-40.975982666015625,3757.5439453125,67,1.8728539943695068,4.721487522125244,4638.298764436141,2134.8401454663162,0.17155655570652173,22.972065725163393,-0.006751187037215295,-138.1898651123047,90.42729187011719,-17.485097885131836,37.080604553222656,-8.776863098144531,1
match9_whistle_0005.mp4,0.1049707755446434,0.0033866700250655413,1892.1083276506058,-52.986881256103516,3660.64453125,92,1.7425456047058105,4.792530536651611,3444.1012573242188,1919.9084966571886,0.12562255859375,23.595830218056793,-0.00896212438428415,-160.4767608642578,125.58799743652344,-23.659343719482422,21.62627410888672,-18.444128036499023,1
match9_whistle_0006.mp4,0.08854252099990845,0.010459812358021736,2225.2218768431535,-43.0994987487793,3660.64453125,71,1.8718414306640625,4.980699062347412,4134.634436182229,2037.8190420561652,0.16502141378012047,22.802162049617987,-0.018463271088224275,-127.57152557373047,112.36357879638672,-27.740732192993164,28.101198196411133,-16.650012969970703,1
match9_whistle_0007.mp4,0.1563943475484848,0.004057595040649176,1778.9253987041352,-51.29533767700195,3736.0107421875,72,1.790230393409729,4.88383150100708,3102.0396839488635,1796.474690113542,0.09676212459415584,23.676098757252348,0.0027801357058921993,-84.55743408203125,126.6868667602539,-50.58789825439453,0.7581292390823364,-14.393736839294434,1
match9_whistle_0008.mp4,0.13652218878269196,0.0053429738618433475,1848.3558371749796,-50.61098098754883,3671.4111328125,48,1.832299828529358,4.7984089851379395,3610.1578995988175,1960.036586795156,0.09987990920608109,23.93983416034509,0.0001389938381588458,-106.05030059814453,124.57427215576172,-34.48228073120117,11.164423942565918,-14.088197708129883,1
match9_whistle_0009.mp4,0.06138960272073746,0.015384909696877003,2818.596871093427,-40.11825942993164,3617.578125,68,1.8526595830917358,4.813631057739258,4913.205788352273,2328.796425370711,0.21226283482142858,22.256407301500175,-0.012944764942649916,-183.3535919189453,84.10154724121094,3.6689305305480957,39.84626770019531,-20.634864807128906,1
match9_whistle_0010.mp4,0.08653184026479721,0.015891212970018387,2346.8403371547424,-42.09693145751953,3639.111328125,83,1.7783582210540771,4.88452672958374,4258.66943359375,2067.1162328985,0.17919379340277777,22.332084909115792,0.003305554041645996,-124.83526611328125,102.58140563964844,-39.57018280029297,21.34514617919922,-11.540569305419922,1
match9_whistle_0011.mp4,0.11620701104402542,0.012303098104894161,2018.987422588168,-46.59956741333008,3714.4775390625,74,1.8392850160598755,4.867718696594238,4024.3810705236488,2070.0185728874835,0.10779578406531531,22.461955132391843,0.0029978994012929147,-103.16940307617188,118.51274108886719,-30.76806640625,7.208261489868164,-12.347811698913574,0
match9_whistle_0012.mp4,0.0738842785358429,0.005277301650494337,2180.6896066685154,-46.8258171081543,3660.64453125,65,1.8475658893585205,4.718323230743408,4383.653492647059,2304.9589230433826,0.13058363970588235,21.509480370440663,-0.0003051156517042514,-205.9432373046875,100.7689437866211,5.451879024505615,47.08514404296875,-5.363251686096191,1
match9_whistle_0013.mp4,0.13299748301506042,0.01457416545599699,2329.635170394433,-44.49689865112305,3779.0771484375,75,1.8484907150268555,4.867964744567871,4636.643448795181,2167.103427630923,0.14505482868975902,22.62751516636588,-0.014906187366112872,-77.0341796875,103.28324127197266,-37.658321380615234,13.900193214416504,-15.843730926513672,1
match9_whistle_0014.mp4,0.1369340419769287,0.0044792769476771355,2004.7950998863564,-45.402896881103516,3768.310546875,89,1.8138529062271118,4.893265247344971,3619.5047800164475,1998.147104994723,0.13212890625,23.47410010217661,-0.004240181537111957,-127.8426742553711,115.0838623046875,-16.690736770629883,31.81007194519043,-8.863505363464355,1
match9_whistle_0015.mp4,0.17358969151973724,0.0027542945463210344,1828.167156161444,-50.887413024902344,3811.376953125,63,1.8210172653198242,4.888161659240723,3505.8038008840463,1861.5054185292058,0.08697188527960527,24.209391977345135,-0.044000742279161786,-101.19001770019531,122.97428894042969,-41.175594329833984,8.434989929199219,-17.803430557250977,1
match9_whistle_0016.mp4,0.14592649042606354,0.0031195455230772495,1794.0690669714998,-51.11038589477539,3757.5439453125,45,1.8201887607574463,4.995660305023193,3660.802863625919,2032.6709413647084,0.07993451286764706,23.93226863619691,-0.01941227432177436,-120.75491333007812,121.91165161132812,-19.262081146240234,4.497585296630859,-25.43343734741211,1
match9_whistle_0017.mp4,0.09550982713699341,0.010052960366010666,2090.0634388323892,-49.296051025390625,3757.5439453125,61,1.8404737710952759,4.826590538024902,4021.1876502403848,2038.072963240242,0.10844851762820513,22.0267098921017,-0.004398623035764196,-126.68385314941406,107.7568588256836,-42.389373779296875,1.9772686958312988,-15.731704711914062,1
match9_whistle_0018.mp4,0.07751033455133438,0.0045066215097904205,2393.3000613348477,-44.16664123535156,3660.64453125,79,1.844503402709961,4.985648155212402,3798.835637019231,1941.8052096452352,0.21124334649725274,23.105088035650876,-0.005845656260831636,-179.994140625,112.08477783203125,-26.17806625366211,32.14457321166992,-26.929542541503906,1
match9_whistle_0019.mp4,0.09549874067306519,0.007271540351212025,1883.6686422639111,-47.079830169677734,3811.376953125,42,1.7529526948928833,4.815162181854248,3423.937629250919,1836.5369559241806,0.10962632123161764,22.63038452217353,0.0167549253068918,-111.73596954345703,126.09053039550781,-51.443477630615234,19.671302795410156,-1.8412245512008667,1
match9_whistle_0020.mp4,0.06894756853580475,0.005618725903332233,2160.397843251303,-47.959327697753906,3682.177734375,80,1.8081223964691162,4.847617149353027,3820.174054401677,2011.1559935596536,0.17154153963414634,23.2345756439535,0.007788100813931982,-181.35585021972656,116.68624877929688,-25.943796157836914,32.29376220703125,-16.180583953857422,1
match9_whistle_0021.mp4,0.08023817837238312,0.009489561431109905,2321.3238846745003,-42.424766540527344,3649.8779296875,76,1.876523494720459,4.814286231994629,4292.408910290948,2159.663405881697,0.17644912895114942,22.131890651698573,-0.004345561594044212,-165.42807006835938,101.70743560791016,-21.546167373657227,34.7696533203125,-6.638459205627441,1
match9_whistle_0022.mp4,0.0876772478222847,0.04360261559486389,3092.5139861881316,-43.7889404296875,3789.84375,49,1.869117021560669,4.693615436553955,5836.878380408654,2403.8347904260354,0.21766075721153846,21.68195479941447,0.00125978622357972,-122.00222778320312,70.35084533691406,-7.963709831237793,26.121124267578125,-18.340478897094727,0
match9_whistle_0023.mp4,0.1522357165813446,0.0027439212426543236,1689.284734496789,-50.679386138916016,3746.77734375,51,1.8028018474578857,4.764850616455078,3151.4739990234375,1804.4648490818945,0.08854166666666667,24.1689136611749,-0.016392216662910634,-109.86376953125,130.34814453125,-32.43693542480469,8.576213836669922,-24.297313690185547,1
match9_whistle_0024.mp4,0.1463162899017334,0.0067148697562515736,1735.5532419173694,-48.567535400390625,3865.2099609375,48,1.8209353685379028,4.853557586669922,3480.3855202414775,1889.4178758185285,0.08777225378787878,22.72100433690122,-0.0006810814083433155,-101.54906463623047,127.99773406982422,-32.77846145629883,12.689470291137695,-17.542814254760742,1
match9_whistle_0025.mp4,0.09624714404344559,0.012635632418096066,2143.325610711357,-40.75801467895508,3660.64453125,85,1.8757612705230713,4.829050064086914,3704.6897194602275,1910.272265098771,0.1654940518465909,21.663415774246836,-0.001027375913287911,-99.00261688232422,112.033935546875,-51.507869720458984,16.95622444152832,-2.9250359535217285,1
match9_whistle_0026.mp4,0.11913634091615677,0.007389298640191555,1797.1847409055435,-52.90488052368164,3779.0771484375,56,1.8521391153335571,4.716846466064453,3302.39692583476,1766.282019343977,0.11035825128424658,22.504762021956036,0.013725740169856095,-104.87335205078125,130.10511779785156,-47.03086471557617,24.13257598876953,-0.1873517781496048,1
match9_whistle_0027.mp4,0.07240070402622223,0.0059521980583667755,2022.265293129409,-47.14669418334961,3649.8779296875,72,1.8033610582351685,4.864945411682129,3731.84765625,1926.0246990555893,0.15207682291666666,23.501638794008137,-0.022700529804407548,-180.10125732421875,124.49846649169922,-26.891660690307617,34.81167221069336,-12.985467910766602,1
match9_whistle_0028.mp4,0.12634867429733276,0.008427159860730171,1923.7898832195851,-48.93306350708008,3746.77734375,72,1.8156936168670654,4.814114093780518,3447.1285532756024,1849.0783580453012,0.1188405967620482,22.47652100794116,-0.006209827155171167,-82.46041107177734,125.95008850097656,-49.33003616333008,17.352760314941406,-9.382234573364258,1
match9_whistle_0030.mp4,0.0841028243303299,0.004046162124723196,2108.1504626887786,-44.117183685302734,3617.578125,76,1.824100136756897,4.883066654205322,3614.501953125,1943.219570812404,0.17611258370535715,22.96063700990708,-0.016299214766131772,-168.75833129882812,121.22505950927734,-18.722206115722656,34.255001068115234,-19.937795639038086,1
match9_whistle_0031.mp4,0.1594250202178955,0.0018736044876277447,1381.3616956056924,-52.21928405761719,3692.9443359375,69,1.79273521900177,4.799808025360107,2536.45751953125,1585.6563638081566,0.07704380580357142,23.256001670873598,0.01594106072703033,-116.11174011230469,153.1270294189453,-31.19088363647461,14.064393997192383,-17.9040470123291,1
match9_whistle_0032.mp4,0.06985093653202057,0.009055329486727715,2464.4299790405516,-43.48110580444336,3736.0107421875,71,1.8117419481277466,4.859218597412109,4353.80859375,2103.9553495793725,0.18668038504464285,21.936958113095947,0.0056113672876956944,-171.57127380371094,98.10628509521484,-29.941280364990234,31.826932907104492,-9.593269348144531,1
match9_whistle_0033.mp4,0.05611151456832886,0.004752389620989561,2606.621729746599,-47.38829040527344,3639.111328125,63,1.887215256690979,4.845178604125977,3976.7788696289062,1994.4587685542215,0.20906982421875,22.292578967778685,-0.010676370239507267,-254.9471435546875,92.62052917480469,-1.006171464920044,48.04581832885742,-15.716586112976074,1
match9_whistle_0034.mp4,0.10294397175312042,0.01314990222454071,2249.366550142774,-44.252017974853516,3736.0107421875,77,1.8089454174041748,4.81911563873291,4060.6295677923385,1979.2554872280152,0.15409736223118278,21.79444053521511,0.01976881623023863,-100.48247528076172,104.1562728881836,-47.38250732421875,13.965659141540527,-14.926298141479492,1
match9_whistle_0035.mp4,0.1547306627035141,0.0049937390722334385,1798.2693959479966,-49.899742126464844,3757.5439453125,62,1.8134434223175049,4.868898868560791,3378.12890625,1882.14288713045,0.09688151041666666,23.385437557527926,-0.018531272944081606,-85.02603912353516,125.39114379882812,-37.699275970458984,10.5359468460083,-16.5738582611084,1
match9_whistle_0036.mp4,0.06982196122407913,0.025197260081768036,2476.574731466923,-40.316017150878906,3660.64453125,85,1.8636374473571777,4.779056072235107,4508.982517408288,2083.627807942209,0.1881050441576087,21.90809019315294,-0.020997962550296213,-136.8284149169922,92.8460922241211,-35.233642578125,26.976896286010742,-6.151524543762207,1
match9_whistle_0037.mp4,0.12855030596256256,0.004644325934350491,1764.8788079089607,-48.277400970458984,3789.84375,70,1.7930197715759277,4.972837448120117,3335.7802734375,1817.6262978355137,0.09793619791666666,23.55975749413068,-0.004278233414613754,-108.48007202148438,126.01899719238281,-43.74789810180664,16.633237838745117,-15.721948623657227,1
match9_whistle_0038.mp4,0.09361471235752106,0.009443807415664196,2209.232974470216,-44.776004791259766,3725.244140625,66,1.841353416442871,4.79066276550293,4075.50977623981,2076.1145702173976,0.1620828379755435,22.461087288736973,-0.0005678912855600988,-136.37841796875,110.0006332397461,-21.972797393798828,28.62000846862793,-8.722284317016602,1
match9_whistle_0039.mp4,0.08136829733848572,0.005388795863837004,1852.8979496626935,-45.139190673828125,3746.77734375,67,1.7746922969818115,4.815312385559082,3573.7239186356705,1897.6699671196757,0.13952934451219512,23.212379723670733,-0.013240490766493062,-146.2354278564453,132.9916229248047,-29.7625789642334,22.497684478759766,-10.476569175720215,1
match9_whistle_0040.mp4,0.08127842098474503,0.002894877688959241,1852.2445176350648,-57.163414001464844,3639.111328125,68,1.667456030845642,4.838434219360352,3612.984375,1837.4014859956612,0.14962239583333334,23.47039434668532,-0.01976197604659282,-204.4051055908203,131.55880737304688,-20.401344299316406,19.970457077026367,-23.24331283569336,1
match9_whistle_0041.mp4,0.12119119614362717,0.011126572266221046,1830.8010056904939,-54.49595642089844,3649.8779296875,63,1.7784503698349,4.718457221984863,3344.637784090909,1829.7203991817923,0.1193054991883117,23.205518337164648,0.016210157242516343,-127.363525390625,128.27276611328125,-29.460445404052734,17.702985763549805,-19.508699417114258,1
match9_whistle_0042.mp4,0.06794994324445724,0.015329602174460888,2233.55370296511,-43.25086212158203,3660.64453125,65,1.8358442783355713,4.869461536407471,4058.489916698042,2004.944280994137,0.16205054593373494,21.359339088883125,-0.012643219129632555,-140.5984344482422,101.10236358642578,-40.62569808959961,18.571565628051758,-11.326580047607422,1
match9_whistle_0043.mp4,0.08625328540802002,0.0047959317453205585,2023.9927396214562,-45.541595458984375,3671.4111328125,52,1.8008630275726318,4.933955669403076,3366.401188548018,1825.183804971445,0.16809379763719512,22.672929447296184,0.0029752718050066332,-163.287841796875,120.04367065429688,-38.57650375366211,28.682825088500977,-6.592792987823486,1
match9_whistle_0044.mp4,0.1201707124710083,0.0022344719618558884,1758.4514587221338,-51.99848175048828,3746.77734375,60,1.800106167793274,4.809665679931641,3085.1475545804797,1526.2775543075918,0.11517417594178082,24.307020462303164,-0.0005882156071362446,-129.50596618652344,132.96810913085938,-69.41520690917969,36.78196716308594,12.190898895263672,1
match9_whistle_0045.mp4,0.08512260019779205,0.005287830252200365,1947.4423409289732,-46.26764678955078,3725.244140625,73,1.829287052154541,4.869217872619629,3760.0608132102275,1967.121837172962,0.11894404423701299,22.73301315155219,0.009161294755526475,-157.67359924316406,115.36630249023438,-27.692426681518555,43.4481201171875,-7.092381000518799,1
match9_whistle_0046.mp4,0.11386051028966904,0.007401406764984131,1870.0740467141434,-49.63334274291992,3789.84375,59,1.8119639158248901,4.763394355773926,3623.033203125,1945.1048787597058,0.09390625,22.46090553511023,-0.019650525003457105,-124.28958129882812,117.04169464111328,-32.412254333496094,10.097879409790039,-13.10025691986084,1
match9_whistle_0047.mp4,0.1313546895980835,0.00375207862816751,1731.8399505969364,-50.8201789855957,3962.109375,49,1.7856495380401611,4.724167823791504,3298.0129076086955,1774.1489243456206,0.09038864356884058,23.567754178878587,-0.012413770814160039,-124.96920013427734,131.75845336914062,-43.5568733215332,10.653875350952148,-18.684206008911133,1
match9_whistle_0048.mp4,0.0642663836479187,0.006327508483082056,2413.7101939256095,-45.12126922607422,3703.7109375,68,1.8553884029388428,4.72999382019043,3727.5320434570312,1884.771288068244,0.203411865234375,22.75316968188964,-0.014103266678150912,-224.090087890625,108.96041107177734,-7.704982757568359,39.067604064941406,-24.663616180419922,1
match9_whistle_0049.mp4,0.1524016261100769,0.004923406057059765,1801.9844976192094,-49.44736099243164,3779.0771484375,62,1.821213722229004,4.841091156005859,3456.4879598496836,1829.3028360864812,0.08985611155063292,23.503089234085863,-0.025766224058890386,-105.48045349121094,123.31761932373047,-39.84027099609375,11.849268913269043,-22.062488555908203,1
match9_whistle_0050.mp4,0.12499924004077911,0.006428636610507965,1972.6746524728767,-45.457481384277344,3746.77734375,77,1.891485571861267,4.8729987144470215,3992.9041708669356,2087.2101710155794,0.11895161290322581,22.37816913386246,0.0008836737810452716,-129.0707244873047,112.18024444580078,-19.944778442382812,37.457157135009766,-5.421327114105225,1
match9_whistle_0051.mp4,0.12993749976158142,0.008042454719543457,1863.0116153528325,-48.422279357910156,3779.0771484375,44,1.8456579446792603,4.75421142578125,3479.91943359375,1898.1774703782605,0.10751255580357143,22.753028368919345,0.018590635603501496,-103.5169906616211,120.35601043701172,-36.116851806640625,19.6561279296875,-8.590229034423828,1
match9_whistle_0052.mp4,0.049490220844745636,0.015290272422134876,2774.531086159553,-42.44691848754883,3692.9443359375,74,1.872033715248108,4.8893561363220215,4910.3778076171875,2173.0793495867224,0.210015869140625,22.977102612181486,-0.014404683474357634,-224.44790649414062,77.11668395996094,-6.118903160095215,49.23931121826172,-11.350130081176758,1
match9_whistle_0053.mp4,0.07785587757825851,0.004218081943690777,1976.0857377995674,-46.89056396484375,3682.177734375,67,1.7863036394119263,4.863482475280762,3378.134971941021,1672.8742979688775,0.15281827684859156,23.220749203288406,0.03269020399661611,-161.88015747070312,128.59747314453125,-60.190574645996094,23.59070587158203,-10.178699493408203,1
match9_whistle_0054.mp4,0.0521242693066597,0.010935021564364433,2865.3675593071493,-37.961448669433594,3682.177734375,54,1.8275914192199707,4.849960803985596,4791.85546875,2159.3208697819737,0.22934244791666666,23.305642097291493,-0.009754598544571677,-203.99786376953125,83.78445434570312,-8.687552452087402,56.06304168701172,-18.893718719482422,1
match9_whistle_0055.mp4,0.11368653923273087,0.008599377237260342,2118.736774309576,-41.1909065246582,3703.7109375,68,1.7850860357284546,4.824131011962891,3752.16064453125,1937.136692703858,0.154656982421875,22.917854143100307,-0.029125375096961486,-106.8881607055664,113.396728515625,-39.288124084472656,15.111312866210938,-9.708996772766113,1
match9_whistle_0056.mp4,0.06692779809236526,0.016875363886356354,2272.6793825854866,-43.09105682373047,3606.8115234375,59,1.815977931022644,4.72664213180542,4199.411093222128,2110.893832744278,0.1719871727195946,21.879408417669946,-0.024521827079495077,-151.52847290039062,109.23094940185547,-25.869152069091797,16.246944427490234,-11.829853057861328,1
match9_whistle_0057.mp4,0.073880635201931,0.006840161047875881,2550.7760887652444,-46.07764434814453,3746.77734375,75,1.790932536125183,4.810883045196533,4011.6357421875,1922.0350005727053,0.20616383272058825,22.516438349005874,-0.012694668599793856,-228.23536682128906,95.61457061767578,-9.885692596435547,47.9057502746582,-13.622147560119629,1
match9_whistle_0058.mp4,0.12822626531124115,0.002647620625793934,1727.297670933851,-49.10908126831055,3843.6767578125,65,1.8458269834518433,4.802461624145508,3190.971042798913,1792.682382018,0.09738026494565218,24.77966864889306,-0.016764133159924546,-133.09088134765625,130.68463134765625,-39.16135025024414,15.708477020263672,-23.78969955444336,1
match9_whistle_0059.mp4,0.05677865445613861,0.00899546593427658,2073.670711875364,-45.84228515625,3682.177734375,71,1.8294765949249268,4.915645122528076,3806.4422607421875,1960.2957922946216,0.16434733072916666,22.142560946117026,-0.009714197877417962,-181.3159637451172,113.90280151367188,-31.75969123840332,36.49998092651367,-6.2978715896606445,1
match9_whistle_0060.mp4,0.14554092288017273,0.010272756218910217,2203.804750085686,-45.830509185791016,3746.77734375,81,1.82672119140625,4.819389820098877,4314.3310546875,2138.321170787345,0.11906156994047619,22.79929914752628,0.0009381252612656728,-82.80013275146484,96.45661926269531,-33.08012771606445,25.017871856689453,-3.3602917194366455,0
match9_whistle_0061.mp4,0.06514749675989151,0.02567807212471962,2379.1923533469485,-42.62076950073242,3736.0107421875,68,1.9062938690185547,4.674714088439941,4508.0657958984375,2161.4830284764757,0.1555107964409722,20.512306421639053,-0.0015340985067806053,-139.22959899902344,90.39768981933594,-40.83572006225586,24.28659439086914,4.585315227508545,1
match9_whistle_0062.mp4,0.09422997385263443,0.00394248915836215,1789.7176785718964,-48.079471588134766,3757.5439453125,72,1.8209407329559326,4.8787970542907715,3486.409405964177,1837.0761468825574,0.12512504763719512,23.180737977508766,0.005013748780925141,-149.64112854003906,133.97930908203125,-33.887115478515625,21.783796310424805,-18.711997985839844,1
match9_whistle_0063.mp4,0.06351675093173981,0.01061378326267004,2203.8424471671674,-39.47633743286133,3800.6103515625,76,1.8781850337982178,4.848233222961426,4077.617730034722,2035.084325103138,0.15769675925925927,22.339687475506015,0.004837362875346231,-150.7444610595703,106.53276062011719,-35.323272705078125,36.40175247192383,-10.215394020080566,1
match9_whistle_0065.mp4,0.11454075574874878,0.003111453028395772,1675.8623707818358,-50.84244155883789,3703.7109375,83,1.8048702478408813,4.896882057189941,3245.2663845486113,1871.9998067510253,0.10563151041666667,22.832356444456355,0.0049908646259140665,-163.74993896484375,130.14697265625,-14.147746086120605,34.32243347167969,-8.214472770690918,1
match9_whistle_0066.mp4,0.09276652336120605,0.011158144101500511,2184.177238145755,-41.746543884277344,3714.4775390625,71,1.9013257026672363,4.822766304016113,4311.56991246235,2196.9659046619545,0.13757765436746988,22.296945698007125,-0.00665651012087925,-142.64065551757812,102.992919921875,-21.974035263061523,39.0563850402832,2.912123680114746,1
match9_whistle_0067.mp4,0.123924620449543,0.01598873734474182,2096.8846321596566,-47.30843734741211,3886.7431640625,46,1.8199037313461304,4.8614501953125,4369.24072265625,2124.8488455689962,0.10509207589285714,21.694360206735762,-0.007887655935626316,-96.64595031738281,109.53550720214844,-30.271270751953125,14.846435546875,-14.730934143066406,1
match9_whistle_0068.mp4,0.061940938234329224,0.010572335682809353,2391.870368155169,-42.52402877807617,3789.84375,77,1.8859659433364868,4.84104061126709,3918.0296415441176,1931.2516690111845,0.19376148897058823,22.387432916132997,0.010453810639803182,-187.9252471923828,106.58318328857422,-25.847558975219727,42.07753372192383,-0.6250110268592834,1
match9_whistle_0069.mp4,0.06591865420341492,0.01822253130376339,2352.4791697802107,-39.46426010131836,3832.91015625,69,1.8638968467712402,4.782925128936768,4378.41796875,2110.571060595545,0.15803410456730768,22.476380958522903,-0.0020652973604584927,-148.48280334472656,97.55690002441406,-33.96087646484375,32.21990966796875,-3.7557458877563477,1
match9_whistle_0070.mp4,0.07561838626861572,0.01071140542626381,2311.5103991531037,-45.472373962402344,3779.0771484375,67,1.8657169342041016,4.85689640045166,4534.836647727273,2203.6797117863307,0.17591441761363635,22.590888743850964,-0.005282411936219603,-173.0678253173828,106.46986389160156,-12.95366096496582,41.256019592285156,-10.827034950256348,1
match9_whistle_0071.mp4,0.09243132919073105,0.01830565184354782,2274.2702041252446,-42.309085845947266,3800.6103515625,85,1.875187635421753,4.767665863037109,4500.794396033654,2182.311412959497,0.15011160714285715,22.027911056035048,-0.0013274659420075526,-109.42823791503906,105.27981567382812,-29.603919982910156,21.996871948242188,-13.585898399353027,1
match9_whistle_0072.mp4,0.07002270966768265,0.005922762211412191,2082.4109279135573,-42.984718322753906,3671.4111328125,87,1.8059757947921753,4.747014999389648,3559.311810661765,1876.2317809163271,0.1689108455882353,22.162942000429073,0.005310977318600821,-164.58670043945312,122.60245513916016,-26.407943725585938,36.902442932128906,-13.260220527648926,1
match9_whistle_0073.mp4,0.12423650175333023,0.008421382866799831,1926.8617169416777,-49.04410934448242,3725.244140625,62,1.8199061155319214,4.7273640632629395,3932.3990061313293,1992.17110525515,0.10087025316455696,23.310691633724208,0.017132813488469265,-104.15750885009766,116.97560119628906,-33.03500747680664,25.75701904296875,-4.0715508460998535,1
match9_whistle_0074.mp4,0.08050026744604111,0.009562402963638306,2063.3229232151016,-40.82372283935547,3725.244140625,74,1.9149550199508667,4.85117244720459,3788.3994497903964,1979.6311298570945,0.14813381288109756,22.58985740525179,-0.0033229607846490083,-141.4348907470703,120.56492614746094,-33.9127311706543,18.4356746673584,-15.386852264404297,1
match9_whistle_0075.mp4,0.08586041629314423,0.006567392498254776,2070.8114087012173,-46.10900115966797,3736.0107421875,88,1.8525372743606567,4.86949348449707,3545.1005144817073,1880.406396451918,0.16647413300304878,22.706156285636364,-0.0029243379987764126,-144.84725952148438,120.10994720458984,-36.809295654296875,24.879192352294922,-8.234878540039062,1
match9_whistle_0076.mp4,0.14755134284496307,0.014888972043991089,1915.4671794782055,-46.564083099365234,3854.443359375,63,1.8757386207580566,4.816244602203369,3764.2730712890625,2009.5599490851794,0.10445149739583333,22.18329959379789,0.016499869459367197,-77.03269958496094,121.04861450195312,-30.93836212158203,9.610031127929688,-7.803914546966553,1
match9_whistle_0077.mp4,0.05749493092298508,0.022321810945868492,2625.187397075921,-42.4244270324707,3660.64453125,79,1.8146086931228638,4.768643379211426,4687.5555630387935,2225.1638776005043,0.20181730423850575,22.026008129219253,-0.013168115797928375,-183.3791046142578,95.56468963623047,-8.665489196777344,35.47966766357422,-16.43579864501953,1
match9_whistle_0078.mp4,0.10165385901927948,0.00712963892146945,1833.3982122707887,-41.91471862792969,3779.0771484375,84,1.8856791257858276,4.888261318206787,3718.9749802215188,1868.3422386254024,0.12271311313291139,23.72378397316811,-0.030280804356903248,-121.22992706298828,130.27371215820312,-36.238399505615234,26.23627281188965,-11.843450546264648,1
match9_whistle_0079.mp4,0.07533711940050125,0.008451143279671669,2022.8203594541553,-43.65876388549805,3692.9443359375,78,1.8314383029937744,4.843393325805664,3634.2287995094475,1954.1338374231134,0.16692973292151161,22.064725200840464,-0.007780953313929733,-148.1667938232422,118.14189910888672,-32.522953033447266,24.61713409423828,-6.600284099578857,1
match9_whistle_0080.mp4,0.1293804943561554,0.009748983196914196,2155.4615546027285,-46.46996307373047,3703.7109375,69,1.8613673448562622,4.824316501617432,3945.6187574169303,2005.2378355443645,0.1367620154272152,22.83801427948965,-0.039767325668769185,-103.9882583618164,104.53055572509766,-37.4754638671875,22.596677780151367,-8.488700866699219,1
match9_whistle_0081.mp4,0.08454183489084244,0.00455991318449378,1795.3332163576097,-42.473411560058594,3768.310546875,65,1.777014970779419,4.891935348510742,3369.17724609375,1862.7765151166116,0.1314755394345238,22.704479020270576,-0.011674504716931497,-143.5481719970703,135.1551513671875,-27.46487808227539,23.616455078125,-13.866802215576172,1
match9_whistle_0082.mp4,0.11602073162794113,0.029438696801662445,2414.9024106151596,-41.8458251953125,3822.1435546875,61,1.9100743532180786,4.807188034057617,4706.691217996988,2218.907939442519,0.15170839608433734,21.682936192802128,0.0047716346786443094,-67.54295349121094,94.79072570800781,-36.65517807006836,10.02590560913086,0.3940054178237915,1
match9_whistle_0083.mp4,0.08487708866596222,0.010204891674220562,2066.87120119564,-43.4223747253418,3692.9443359375,76,1.8715825080871582,5.043828964233398,4082.1983924278848,2095.9907250759366,0.1472606169871795,22.424987472807963,-0.0055026147603719966,-144.91676330566406,112.5283432006836,-19.26285743713379,34.88306427001953,-9.801836013793945,1
match9_whistle_0084.mp4,0.08612733334302902,0.009344822727143764,1995.3671775973232,-44.942466735839844,3703.7109375,81,1.8195022344589233,4.7281413078308105,3859.550593449519,2013.119404997751,0.12560722155448717,22.182908848435183,-0.0027433504147957232,-130.91555786132812,114.35347747802734,-31.88668441772461,25.89500617980957,-0.9739649891853333,1
match9_whistle_0085.mp4,0.12417777627706528,0.0077890437096357346,1935.4913509515459,-46.74444580078125,3682.177734375,70,1.8204764127731323,4.829923152923584,3686.864372702206,2053.85385180916,0.12499425551470589,22.35861882641289,-0.002667250282645552,-107.69476318359375,118.4912109375,-20.101558685302734,26.900800704956055,-4.622262954711914,1
match9_whistle_0086.mp4,0.08144771307706833,0.011917652562260628,2066.8249470683713,-42.536293029785156,3800.6103515625,59,1.9409308433532715,4.548267364501953,4175.232872596154,2193.2973343230883,0.13039613381410256,21.33334279492035,-0.004539385885131028,-146.7576446533203,107.60093688964844,-17.156770706176758,25.34280014038086,1.6686800718307495,1
match9_whistle_0087.mp4,0.1168212890625,0.013293865136802197,1988.8139998406177,-46.28950500488281,3822.1435546875,65,1.8322256803512573,4.7348761558532715,3802.2552490234375,2001.3487540831193,0.1077880859375,21.979165666850673,0.01091983538750879,-86.15768432617188,118.6435546875,-40.37486267089844,5.326719284057617,-9.569950103759766,1
match9_whistle_0088.mp4,0.0784035474061966,0.00436731893569231,1980.4727454912982,-42.37451934814453,3703.7109375,60,1.883565068244934,4.878642559051514,3485.8534071180557,1843.870961375773,0.15842616705246915,22.794979996699926,-0.005563869566193601,-163.9016876220703,128.05482482910156,-34.41404342651367,23.228713989257812,-21.517105102539062,1
match9_whistle_0089.mp4,0.10269748419523239,0.015359967947006226,2064.9200061488914,-47.923213958740234,3746.77734375,59,1.9742189645767212,4.759863376617432,4071.2109375,2050.578132719625,0.1173828125,22.380130808140045,0.004463264431949915,-105.60921478271484,110.71533966064453,-35.91960144042969,21.390716552734375,2.3994226455688477,1
match9_whistle_0090.mp4,0.14060352742671967,0.011671989224851131,1910.0095768340693,-46.5623779296875,3725.244140625,66,1.830479621887207,4.784999370574951,3583.0186631944443,1894.914397496908,0.12464433834876543,21.59978758687885,-0.009882899468367335,-66.5324478149414,126.66996765136719,-40.828216552734375,12.486814498901367,-14.543978691101074,1
match9_whistle_0091.mp4,0.06873563677072525,0.003955340478569269,1918.7594040156262,-44.13279342651367,3714.4775390625,67,1.8469356298446655,4.955372333526611,3644.7856181376687,1978.711685223484,0.14252533783783783,22.356478293224054,-0.003176509683679627,-189.4202880859375,123.62599182128906,-9.4297456741333,41.644615173339844,-18.03839111328125,1
match9_whistle_0092.mp4,0.09621451795101166,0.005568651482462883,1872.5235593967193,-42.58211135864258,3682.177734375,74,1.8075696229934692,4.867579936981201,3507.3486328125,1948.0290789949722,0.13717796688988096,21.912309392796878,0.0026497196164331324,-132.9769744873047,126.85333251953125,-21.30986785888672,27.75382423400879,-13.464921951293945,1
match9_whistle_0093.mp4,0.11453279107809067,0.007036933209747076,1765.8855865379508,-45.91507339477539,3854.443359375,56,1.8923441171646118,4.796164035797119,3464.9794921875,1876.9610099992249,0.10271484375,22.28249183724972,-0.009194122195185225,-102.33934020996094,129.69358825683594,-36.36146926879883,28.888212203979492,-5.276207447052002,1
match9_whistle_0095.mp4,0.10260696709156036,0.008573240600526333,1968.0628608202571,-45.488121032714844,3746.77734375,87,1.8892409801483154,4.772027492523193,3886.99951171875,2077.9158287869395,0.1301211402529762,22.399843365586552,-0.0016484536121122613,-122.47434997558594,117.64383697509766,-19.08112907409668,29.490718841552734,-1.6379966735839844,1
match9_whistle_0096.mp4,0.050511494278907776,0.004295050632208586,2257.219088362222,-45.658756256103516,3649.8779296875,74,1.8607597351074219,4.725764751434326,3734.71875,1905.4363262256977,0.20212239583333333,22.288340330149953,0.00041054615814816153,-234.82675170898438,111.02526092529297,-21.900470733642578,47.79620361328125,-5.689411640167236,1
match9_whistle_0097.mp4,0.0968690738081932,0.015140466392040253,2005.1810232346397,-45.80517578125,3768.310546875,38,1.834307312965393,4.735391616821289,3735.542629076087,1882.4482161472997,0.12246659873188406,21.76876587601521,0.0016198624716043364,-114.34751892089844,117.45417022705078,-42.81474304199219,26.26655387878418,-5.850365161895752,1
match9_whistle_0098.mp4,0.07770688086748123,0.007174443919211626,2197.2011523715323,-43.64363098144531,3703.7109375,89,1.8677653074264526,4.844505786895752,3873.65195534446,1992.4664989528042,0.16443425958806818,22.597506391780264,0.006344601711996311,-170.50381469726562,116.00996398925781,-18.480131149291992,40.37649154663086,-8.995257377624512,1
match9_whistle_0099.mp4,0.13692013919353485,0.016693172976374626,2159.9799734248536,-44.99514389038086,3908.2763671875,75,1.80832040309906,4.774792671203613,4110.557972301136,1930.8111669805771,0.1428839172979798,22.86565723688816,0.016325293633080957,-84.99108123779297,113.02592468261719,-44.945552825927734,34.24176025390625,-1.8803210258483887,0
match9_whistle_0100.mp4,0.0812576487660408,0.009391297586262226,2404.8990982631562,-41.18057632446289,3703.7109375,71,1.8281307220458984,4.913948059082031,4568.0373566060125,2200.3678703188293,0.1828953223892405,22.709176740575153,-0.009112317823152983,-164.1609649658203,99.05289459228516,-6.871241092681885,43.21689224243164,-11.371798515319824,1
match9_whistle_0101.mp4,0.1223030686378479,0.005527826026082039,1949.0847153367436,-49.27456283569336,3940.576171875,52,1.853157877922058,4.679325580596924,3597.186834161932,1831.8247432013563,0.11695815577651515,24.073668600470068,-0.033605045306147975,-123.77974700927734,116.79588317871094,-52.59032440185547,21.151182174682617,-2.494163751602173,1
match9_whistle_0103.mp4,0.10027521103620529,0.006274334155023098,2117.9473721872596,-40.84051513671875,3682.177734375,54,1.8229814767837524,4.89819860458374,4028.2081314280063,2003.123139661644,0.16412430775316456,23.262537622984734,-0.007440997557748945,-120.57514953613281,118.25337219238281,-28.296123504638672,37.94044494628906,-14.325286865234375,1
match9_whistle_0104.mp4,0.14067502319812775,0.011448048055171967,2015.5810220609796,-44.98450469970703,3897.509765625,65,1.903397798538208,4.929722785949707,3821.0249467329545,1860.376511532338,0.12873503449675325,22.434091892872296,0.0074836928259629275,-74.15876770019531,116.74348449707031,-51.70960998535156,17.172687530517578,-6.487448692321777,1
match9_whistle_0105.mp4,0.07375075668096542,0.01336318626999855,2443.5813310714266,-41.7247314453125,3714.4775390625,77,1.8754081726074219,4.7558112144470215,4234.384765625,2087.169598344497,0.1817654079861111,22.587943436382336,-0.004118952931504283,-153.7586212158203,102.43700408935547,-22.992387771606445,30.323802947998047,-15.289427757263184,1
match9_whistle_0106.mp4,0.05948740616440773,0.008727082051336765,2139.2267686439272,-40.28480911254883,3811.376953125,62,1.8447613716125488,4.820372104644775,4166.391473067434,2007.5428957006707,0.15932103207236842,22.353248131129227,0.005724446864212682,-174.68560791015625,119.1562271118164,-27.645694732666016,31.487388610839844,-22.042203903198242,1
match9_whistle_0107.mp4,0.07348178327083588,0.007485935464501381,2094.8381393824993,-45.077598571777344,3660.64453125,61,1.83368718624115,4.732698440551758,3619.096491887019,1898.4271219738828,0.15204952924679488,22.353554634472566,-0.013874462585442995,-165.4846954345703,120.2973861694336,-31.651029586791992,17.26419448852539,-23.84720802307129,1
match9_whistle_0108.mp4,0.14809121191501617,0.00614474480971694,1858.8337793033468,-49.6910400390625,3757.5439453125,61,1.924102783203125,4.753346920013428,3387.9838423295455,1901.65738558305,0.09926060267857142,23.088302770476457,0.011922642136085163,-89.50733947753906,121.31359100341797,-40.24608612060547,12.78475570678711,-1.5906535387039185,1
match9_whistle_0109.mp4,0.11484555900096893,0.007333714049309492,1939.2517261724895,-48.115440368652344,3703.7109375,43,1.8689292669296265,4.822385311126709,3491.4783824573865,1863.2226658008865,0.11088423295454546,22.505534504248686,0.02315644654008191,-106.11990356445312,118.92918395996094,-45.87047576904297,9.418363571166992,-16.27814483642578,1
match9_whistle_0110.mp4,0.15288005769252777,0.003727450966835022,1921.3532819450925,-50.10079574584961,3929.8095703125,56,1.851483702659607,4.857959747314453,3684.8037347560976,1957.7788864589227,0.09781702553353659,25.163347587839972,-0.00884731516843124,-115.7874526977539,112.04318237304688,-34.030372619628906,13.372587203979492,-21.04067611694336,1
match9_whistle_0111.mp4,0.08257009088993073,0.014826742000877857,2281.2217805771243,-42.54148483276367,3682.177734375,74,1.8977125883102417,4.897187232971191,4257.8815328663795,2127.3881368303432,0.17175152658045978,21.327297037114715,-0.00571280581688836,-146.8742218017578,100.80227661132812,-21.452850341796875,39.740081787109375,-9.056594848632812,1
match9_whistle_0112.mp4,0.10473847389221191,0.02633841522037983,2507.7490748660794,-46.996822357177734,4220.5078125,54,1.9023994207382202,4.662099838256836,4767.577837775735,2210.4543191735693,0.1640682444852941,22.81591493590191,0.015480521043603205,-152.47677612304688,89.60582733154297,-4.070879936218262,35.242713928222656,-10.225593566894531,0
match9_whistle_0113.mp4,0.07457428425550461,0.016534240916371346,2258.5044507651364,-41.361167907714844,3736.0107421875,50,1.8773846626281738,4.871487617492676,4039.658005173142,2006.3000789512566,0.15869800464527026,21.648976991911205,-0.0006602832689741855,-122.91107940673828,101.60517120361328,-47.966548919677734,10.349400520324707,-10.565994262695312,1
match9_whistle_0114.mp4,0.13000264763832092,0.008419396355748177,1843.5418345816513,-44.08009719848633,3811.376953125,68,1.8479214906692505,4.795825958251953,3815.478515625,2042.3737006527797,0.0941743396577381,22.53233776666991,0.007403158088055663,-97.30106353759766,124.25139617919922,-23.105167388916016,15.68852710723877,-15.618009567260742,0
match9_whistle_0115.mp4,0.06972166895866394,0.0021814347710460424,2135.155482672167,-47.429779052734375,3779.0771484375,82,1.8649107217788696,4.742059707641602,3808.372320130814,1864.1541284092827,0.16282476380813954,23.041335542305188,-0.007074651546235762,-225.88035583496094,120.21589660644531,-5.117743968963623,51.315940856933594,-13.381004333496094,1
match9_whistle_0116.mp4,0.0737459659576416,0.013454782776534557,2312.8693763810525,-46.736106872558594,3768.310546875,73,1.8697019815444946,4.9445414543151855,4445.7564504523025,2140.13446764828,0.16282252261513158,21.6364710463565,-0.0013818153230589691,-147.93125915527344,102.15467834472656,-20.347326278686523,33.972591400146484,-4.897565841674805,1
match9_whistle_0117.mp4,0.12636733055114746,0.014573436230421066,2270.4382655569884,-44.963802337646484,3811.376953125,63,1.8667287826538086,4.854815483093262,4688.709485853041,2217.9567607679833,0.11795291385135136,22.051765571558732,-0.0075161068672669465,-108.16680908203125,100.10121154785156,-24.271329879760742,17.763669967651367,-9.30180549621582,0
match9_whistle_0118.mp4,0.10698453336954117,0.007060778792947531,2037.4927365031365,-43.41854476928711,3768.310546875,82,1.8478888273239136,4.886009216308594,3906.8565955528848,2160.877384847968,0.13532902644230768,22.60731907806646,0.0005099933952981328,-143.82803344726562,112.26288604736328,-8.613130569458008,40.06161880493164,-7.458014488220215,1
match9_whistle_0119.mp4,0.10182119160890579,0.00377660128287971,1723.9037299382699,-49.60618591308594,3682.177734375,89,1.8116967678070068,4.844105243682861,3505.7990256320227,1954.1779020219728,0.10571563377808989,22.987505065664784,0.021050862206336843,-170.02784729003906,127.09032440185547,-7.0769548416137695,38.604331970214844,-11.63729190826416,1
match9_whistle_0120.mp4,0.09627563506364822,0.006630846299231052,1976.6446730536402,-44.96308517456055,3800.6103515625,63,1.868152141571045,4.791782855987549,3851.69189453125,2066.5788548676105,0.12129991319444444,22.54978250280191,-0.004945892009831714,-143.95521545410156,116.9604721069336,-24.517383575439453,26.35999298095703,-6.843341827392578,1
match9_whistle_0121.mp4,0.04250933602452278,0.02162814326584339,2403.0768703944846,-43.05971145629883,3886.7431640625,58,1.8909796476364136,4.774040222167969,4803.59619140625,2237.7925886575654,0.15811941964285714,21.945461668235662,0.0009537525862011725,-186.2167205810547,107.13107299804688,-11.102567672729492,20.904863357543945,-23.808021545410156,0
match9_whistle_0122.mp4,0.08795016258955002,0.014240882359445095,2398.1989500895434,-44.1190071105957,4166.6748046875,52,1.8909413814544678,4.708710670471191,4841.1779230291195,2255.722746867744,0.1311922940340909,22.64424750718179,-0.0012377530353660966,-127.1933822631836,94.93771362304688,-21.013263702392578,32.83681869506836,-16.56482696533203,0
match9_whistle_0123.mp4,0.08787262439727783,0.011158020235598087,2087.4253210746,-41.7684211730957,3854.443359375,62,1.888148307800293,4.850494861602783,4248.879262563345,2178.0716269235395,0.1241356102195946,22.07368572100483,-0.016471077849658792,-139.4967803955078,103.83153533935547,-22.14870834350586,32.1621208190918,5.765386581420898,1
match9_whistle_0124.mp4,0.16622883081436157,0.004239676985889673,1878.2868610556961,-49.01676559448242,3854.443359375,62,1.820052146911621,4.9080963134765625,3504.2378193623313,1916.4446936015663,0.0925952808277027,24.28417361744687,0.026136055247079182,-106.23432922363281,114.11373138427734,-36.77644348144531,6.268645763397217,-25.542930603027344,1
match9_whistle_0125.mp4,0.08868935704231262,0.01194809190928936,1989.059760954304,-48.32310104370117,3714.4775390625,66,1.8256993293762207,4.708115577697754,3630.262066566781,1954.7221873220126,0.11568921232876712,22.21695104006087,-0.0022166378767319137,-118.52940368652344,116.90235900878906,-43.12712097167969,11.45423412322998,-7.344635486602783,1
match9_whistle_0126.mp4,0.0831090584397316,0.009859149344265461,1934.3860348011497,-49.5317268371582,3789.84375,74,1.8798110485076904,4.79390811920166,3370.9125225360576,1815.306271455063,0.1489383012820513,22.150116672193985,0.0052686750481716,-143.27879333496094,127.25537109375,-41.74645233154297,9.052708625793457,-9.423163414001465,1
match9_whistle_0127.mp4,0.060433246195316315,0.007059534080326557,2428.7684350886143,-44.65458297729492,3682.177734375,78,1.8100062608718872,4.839916706085205,3811.915283203125,1936.174437537408,0.20888671875,22.023453397126456,-0.004451461693384341,-211.14102172851562,108.64163970947266,-13.577987670898438,37.592430114746094,-20.174068450927734,1
match9_whistle_0128.mp4,0.10494359582662582,0.018221182748675346,2442.4679608356137,-41.193294525146484,3725.244140625,74,1.8499975204467773,4.836906909942627,4674.518400493421,2224.0463099888966,0.17596114309210525,23.206726801067433,0.007886767432414874,-120.74716186523438,97.99618530273438,-18.554426193237305,36.92506790161133,-6.598636150360107,1
match9_whistle_0129.mp4,0.08202193677425385,0.008507815189659595,2322.535066029355,-47.58741760253906,4382.0068359375,59,1.8615598678588867,4.736081123352051,4557.329644097223,2171.25613227133,0.14727406442901234,23.765533363329283,-0.01665858361247452,-141.82020568847656,110.73397827148438,-29.823123931884766,24.16512107849121,-17.020544052124023,0
match9_whistle_0130.mp4,0.11926636844873428,0.0037614605389535427,1819.082090746115,-48.72932434082031,3779.0771484375,63,1.7945754528045654,4.93015718460083,3540.7569679054054,1784.16476428869,0.11135451858108109,24.67175043812478,-0.016036641687318543,-126.05192565917969,128.98451232910156,-46.52058792114258,24.765499114990234,-17.257673263549805,1
match9_whistle_0131.mp4,0.14082546532154083,0.015165098942816257,2101.893561288689,-41.779762268066406,3692.9443359375,72,1.855513572692871,4.803368091583252,4041.4357152478447,2042.9538148969089,0.1363988415948276,21.697707636152487,-0.01714685168360474,-53.36357498168945,112.16736602783203,-41.91197967529297,7.280401706695557,-9.0071382522583,1
match9_whistle_0132.mp4,0.09800387173891068,0.012954482808709145,2264.73044237815,-44.08080291748047,4392.7734375,66,1.8228175640106201,4.63937520980835,4996.721587309966,2336.7708947528786,0.11599978885135136,22.261261860948867,-0.006861400414066246,-126.68001556396484,95.96112823486328,-12.632975578308105,40.513877868652344,2.3490326404571533,0
match9_whistle_0133.mp4,0.09217763692140579,0.02447785995900631,2405.5142164710096,-38.833126068115234,3811.376953125,79,1.8544915914535522,4.719043731689453,4645.660400390625,2166.6773636589646,0.16599237351190477,21.644418452369987,0.02335545187915803,-92.99552917480469,98.24989318847656,-38.02065658569336,5.571497917175293,-17.903417587280273,1
match9_whistle_0135.mp4,0.10867658257484436,0.004269715398550034,1906.89742345248,-46.92407989501953,3692.9443359375,79,1.830923080444336,5.007802486419678,3432.313798113567,1857.157638009885,0.1295433974847561,22.51255558705128,-0.013866682290367402,-132.897705078125,124.3224105834961,-34.28703308105469,11.924160957336426,-29.68292999267578,1
match9_whistle_0136.mp4,0.11701028794050217,0.0023873294703662395,1838.4422406267852,-44.494380950927734,3736.0107421875,85,1.8464996814727783,4.811681747436523,3261.1402803308824,1737.154212688456,0.14520909926470588,23.573870851583127,0.00946177466440375,-132.2822265625,137.11758422851562,-43.83653259277344,23.769441604614258,-21.35524559020996,1
match9_whistle_0137.mp4,0.09088435024023056,0.010740968398749828,2156.8601131857968,-38.8103141784668,3789.84375,69,1.8777885437011719,4.874968528747559,3901.390749909157,1979.2763514949884,0.17005813953488372,22.939515057912317,-0.0015583843003810045,-135.27745056152344,121.48442077636719,-27.735536575317383,29.185861587524414,-17.506511688232422,1
match9_whistle_0138.mp4,0.12829241156578064,0.007030604872852564,1812.7139939598087,-52.96589660644531,3779.0771484375,79,1.800441026687622,4.755028247833252,3360.6065865022592,1796.952640630274,0.10846903237951808,22.834317047948797,0.01126398009760807,-113.59459686279297,129.36782836914062,-42.90531921386719,14.872629165649414,-7.616403579711914,1
match9_whistle_0139.mp4,0.07594654709100723,0.005825964268296957,2134.8393148443056,-50.85934066772461,3746.77734375,70,1.7953392267227173,4.711884498596191,3724.0478515625,1875.0986646572362,0.16999421296296297,22.749454957454947,-0.02059100935245668,-184.1236114501953,117.8499984741211,-25.35455894470215,26.991106033325195,-18.69408416748047,1
match9_whistle_0140.mp4,0.11811312288045883,0.010905020870268345,2118.0607549738675,-39.863948822021484,3671.4111328125,97,1.8423024415969849,4.919134140014648,3972.284405048077,2020.1636242847833,0.14721411401098902,23.028834132183853,0.012409007672691133,-91.37813568115234,113.24815368652344,-36.271236419677734,20.09861946105957,-13.686602592468262,1
match9_whistle_0141.mp4,0.07665963470935822,0.026768336072564125,2455.624943153332,-37.90695571899414,3779.0771484375,60,1.8236865997314453,4.818915843963623,4902.85701976103,2314.5637933969565,0.15389476102941177,21.68373398252852,0.0034583346083986084,-110.87042999267578,92.87102508544922,-24.117931365966797,13.371485710144043,-14.957253456115723,1
match9_whistle_0142.mp4,0.08305604755878448,0.013716001063585281,2393.8333322824865,-38.046016693115234,3639.111328125,66,1.8570592403411865,4.873958110809326,4270.318134014423,2009.7286583571563,0.18233816964285715,22.651369576539516,-0.007644221180423409,-124.05989074707031,97.54244232177734,-46.5102653503418,24.698226928710938,-5.207828998565674,1
match9_whistle_0143.mp4,0.09129049628973007,0.02859850414097309,2259.556552844901,-46.62059783935547,3660.64453125,68,1.8640308380126953,4.732844829559326,4439.516244283536,2157.2816476701882,0.13235994664634146,21.86049421626486,0.01155937362533246,-113.99275970458984,105.76957702636719,-28.892805099487305,14.064400672912598,-4.9516191482543945,1
match9_whistle_0144.mp4,0.08597511798143387,0.01009972020983696,2175.606972661294,-43.479583740234375,3768.310546875,77,1.9225921630859375,4.710811614990234,4108.031187666224,2070.415839181014,0.15488385139627658,22.006652629756747,-0.0008731286595188639,-149.8138427734375,108.2333984375,-26.983728408813477,37.965476989746094,-2.6688497066497803,1
match9_whistle_0145.mp4,0.11836205422878265,0.018229516223073006,2451.209862055116,-41.33011245727539,3768.310546875,74,1.8697313070297241,4.819522380828857,4983.073073167067,2381.507867893742,0.15207613431490385,22.64676320694611,-0.013402903738916833,-122.05964660644531,92.96653747558594,2.3287599086761475,41.073143005371094,-10.439703941345215,1
match9_whistle_0146.mp4,0.11723609268665314,0.012821572832763195,2131.3505142569666,-42.00209045410156,3779.0771484375,62,1.8635839223861694,4.718070983886719,4189.537217881944,2131.583180990144,0.14480854552469136,22.211389001460386,-0.01113286944567297,-103.92212677001953,108.65784454345703,-24.01161766052246,29.408292770385742,0.8470072150230408,1
match9_whistle_0147.mp4,0.15430374443531036,0.007103804033249617,1995.752393178176,-46.31867218017578,3768.310546875,85,1.7831214666366577,4.826057434082031,3900.3184442934785,1964.9587083406263,0.11618970788043478,23.06293506870189,-0.002093939960776474,-85.94066619873047,118.22116088867188,-36.5015983581543,17.6081485748291,-12.10010051727295,1
match9_whistle_0148.mp4,0.09184639155864716,0.002640982624143362,1849.8496505455646,-49.62226867675781,3757.5439453125,72,1.7483150959014893,4.787957668304443,3434.8368876689187,1846.7177253658238,0.13347233952702703,23.884467012803178,-0.005203328624983503,-171.75778198242188,126.33642578125,-31.264423370361328,38.0104866027832,-8.275355339050293,1
match9_whistle_0149.mp4,0.14744043350219727,0.005630414467304945,1860.753404953809,-48.65211868286133,3811.376953125,49,1.7827253341674805,4.8502349853515625,3314.3434289383563,1708.6547364564103,0.11986301369863013,23.897275237544612,0.010630884483453593,-89.49883270263672,127.91414642333984,-52.2103157043457,32.86185073852539,2.3741917610168457,1
match9_whistle_0150.mp4,0.0654883161187172,0.018938222900032997,2590.757844783234,-44.18997573852539,3714.4775390625,69,1.886013150215149,4.770179748535156,4634.381103515625,2210.4532244166176,0.21090262276785715,22.000761227256667,-0.013287663084496214,-192.94216918945312,93.13018798828125,-4.3136677742004395,50.60192108154297,-9.353129386901855,1
match9_whistle_0151.mp4,0.10317408293485641,0.01648842915892601,2542.4924199831994,-41.598514556884766,3725.244140625,59,1.8807964324951172,4.782256126403809,4951.4550185785065,2252.8439690289088,0.1606981230945122,23.072269739555804,-0.034952780882866415,-118.27392578125,90.09188842773438,-16.81612777709961,38.54111862182617,-9.810614585876465,0
match9_whistle_0152.mp4,0.06280038505792618,0.01976298913359642,2438.237245086269,-40.19919967651367,3746.77734375,64,1.9119213819503784,4.840522289276123,4393.551746046687,2076.189490606741,0.1899472891566265,22.698117980186694,-0.015797059814760504,-159.23277282714844,97.84762573242188,-29.902809143066406,39.311275482177734,-0.06256696581840515,1
match9_whistle_0153.mp4,0.07550239562988281,0.01264586765319109,2670.55476889282,-45.44017028808594,3606.8115234375,48,1.8637607097625732,4.730330944061279,5888.6035816089525,2628.652705748433,0.12613492398648649,22.361011058620583,-0.0015024219615564001,-205.506103515625,70.8778305053711,12.511999130249023,54.0147819519043,-5.390346527099609,0
match9_whistle_0154.mp4,0.16275976598262787,0.005063361022621393,1891.8992911385362,-49.30623245239258,3843.6767578125,73,1.838923692703247,4.814260482788086,3471.7282317405525,1806.1784983041177,0.12317746184593023,23.62685059766402,0.004029059502933288,-99.75025177001953,125.99032592773438,-42.20622634887695,6.389557361602783,-27.51028823852539,1
match9_whistle_0155.mp4,0.07916823774576187,0.005546924192458391,2414.0257038133655,-44.78093719482422,3714.4775390625,63,1.8837854862213135,4.90614652633667,3867.694561298077,1987.739644293281,0.1974587912087912,22.992170679171185,-0.01033177923059913,-215.3003692626953,104.02340698242188,-2.216740608215332,46.12767791748047,-17.511537551879883,1
match9_whistle_0156.mp4,0.05577461048960686,0.010860337875783443,2729.8248226794567,-44.7133674621582,3682.177734375,88,1.8072850704193115,4.797526836395264,4754.27791819853,2114.7839045113888,0.1984087775735294,22.7951109573942,-0.005849242231216068,-227.3628387451172,79.40628814697266,0.41274574398994446,47.712928771972656,-13.217367172241211,1
match9_whistle_0157.mp4,0.09869515150785446,0.019940191879868507,2850.5346716595845,-46.72826385498047,4285.107421875,55,1.8546127080917358,4.825679779052734,5643.571671195652,2440.492235465595,0.18808027626811594,21.96125972714538,-0.007658666605965525,-177.85118103027344,74.73660278320312,16.06470489501953,46.345191955566406,-10.794193267822266,0
match9_whistle_0158.mp4,0.16700303554534912,0.004426604602485895,1826.2433102484258,-49.26077651977539,3779.0771484375,54,1.7710005044937134,4.814895153045654,3353.864529766614,1805.8706268484066,0.10544402689873418,24.177014483264234,-0.03339600817995149,-98.3126449584961,125.81576538085938,-41.13024139404297,7.835453987121582,-15.938759803771973,1
match9_whistle_0159.mp4,0.12296213954687119,0.012947294861078262,2177.643172585996,-43.71709442138672,3779.0771484375,66,1.8772867918014526,4.707390785217285,3821.8709824960442,1951.9884123457475,0.15915496439873417,21.804898655575577,-0.0037253256543889135,-81.08526611328125,110.55482482910156,-48.60055923461914,6.073990345001221,-8.527421951293945,1
match9_whistle_0160.mp4,0.06375961005687714,0.00900392234325409,2516.2368186745443,-42.12506103515625,3725.244140625,66,1.8476815223693848,4.799396514892578,4573.114013671875,2164.501296621393,0.18968505859375,21.949138970997573,-0.011240023650687613,-206.85598754882812,87.7995834350586,-12.02046012878418,60.153968811035156,-2.4757022857666016,1
match9_whistle_0161.mp4,0.07200971245765686,0.021385494619607925,2824.4894158883276,-39.558895111083984,4252.8076171875,34,1.8575894832611084,4.823954105377197,5627.215576171875,2459.0418110008986,0.18269856770833334,22.40402197034722,0.01800032145220818,-160.8600616455078,79.59749603271484,-4.670252323150635,35.540130615234375,-12.6481294631958,0
match9_whistle_0162.mp4,0.08980071544647217,0.051938045769929886,3435.4759375707376,-40.405296325683594,3649.8779296875,60,1.9019221067428589,4.7321457862854,6563.556652534298,2531.491158174847,0.23102848704268292,22.278827188543588,-0.020268798561310523,-106.33020782470703,48.45353317260742,-11.362617492675781,37.089786529541016,-14.220880508422852,0
match9_whistle_0163.mp4,0.054281093180179596,0.0157921239733696,2448.5545188741994,-39.65410232543945,3692.9443359375,68,1.8715546131134033,4.847397327423096,4499.179531665559,2081.282494018987,0.18050822805851063,22.29563224708145,-0.022455082059565788,-174.26242065429688,96.42984008789062,-32.39606475830078,17.765953063964844,-21.02902603149414,1
match9_whistle_0164.mp4,0.08841115981340408,0.012053651735186577,2626.4311935737255,-48.34178924560547,3779.0771484375,36,1.8637152910232544,4.705057144165039,5989.765770755597,2642.354313717607,0.09786030783582089,21.753567119776395,0.01915673086648011,-177.6289825439453,66.4074935913086,10.203914642333984,56.29773712158203,3.439239025115967,0
match9_whistle_0165.mp4,0.14828409254550934,0.007589937187731266,1907.878442052462,-46.07478713989258,3811.376953125,61,1.8532966375350952,4.879670143127441,3431.002459948576,1811.9505120409672,0.11769432357594936,22.579545958823022,0.003005487167420634,-71.9306869506836,124.5882339477539,-55.192630767822266,6.8227152824401855,-18.38187026977539,1
match9_whistle_0166.mp4,0.05543483793735504,0.012327570468187332,2204.2683189510544,-41.77626419067383,3757.5439453125,54,1.9414615631103516,4.725710868835449,4102.0751953125,2010.1257907480285,0.157109375,23.027703968400942,-0.008109019668768569,-176.7771759033203,104.23239135742188,-36.52932357788086,19.176910400390625,-12.712594985961914,1
match9_whistle_0167.mp4,0.12671875953674316,0.012434940785169601,2304.854592346889,-47.94261169433594,3671.4111328125,29,1.832008957862854,4.633090019226074,5103.042879971591,2418.0103520449125,0.11633670691287878,22.38717517798679,0.006070701807683615,-125.5802230834961,92.39672088623047,-3.4934659004211426,29.568817138671875,-8.471854209899902,0
match9_whistle_0168.mp4,0.12053680419921875,0.014616725966334343,2110.939830389655,-40.17540740966797,3746.77734375,91,1.810749888420105,4.781911849975586,3731.6871462844488,1891.40113908246,0.14814145546259844,21.39846697668041,0.0009014012951019706,-67.75410461425781,112.1962890625,-56.9608039855957,5.42137336730957,-10.60775375366211,1
match9_whistle_0169.mp4,0.10900095850229263,0.01175738126039505,2217.496327677095,-45.35047912597656,3757.5439453125,86,1.8810454607009888,4.76384973526001,4310.26611328125,2182.114196697598,0.14035594706632654,22.16618098975158,-0.00878852563874038,-114.81437683105469,103.08560943603516,-20.892864227294922,29.34189224243164,-4.347228527069092,1
match9_whistle_0170.mp4,0.11381462961435318,0.017550187185406685,2186.4565072086452,-44.91922378540039,3779.0771484375,57,1.9205968379974365,4.694386005401611,4506.993036684783,2151.4047085271245,0.12343608469202899,22.141117494930945,-0.006452512725821245,-84.87443542480469,105.99654388427734,-33.67249298095703,11.076037406921387,-9.311728477478027,1
match9_whistle_0171.mp4,0.08571735769510269,0.006321130786091089,2166.588918067418,-47.767398834228516,3736.0107421875,76,1.8689998388290405,4.691595554351807,3951.206487341772,1967.326267320642,0.1536973397943038,22.19651526557829,-0.0012018280587414313,-179.51206970214844,111.79310607910156,-14.181204795837402,33.680381774902344,-21.989063262939453,1
match9_whistle_0172.mp4,0.10331713408231735,0.022124934941530228,2651.5240563399702,-45.3070182800293,4059.0087890625,44,1.8961024284362793,4.812248229980469,5163.7671493902435,2304.685277991728,0.16698027820121952,21.62062745229357,0.01402046564905924,-158.44366455078125,80.72105407714844,4.170793533325195,46.00337600708008,-13.597085952758789,0
match9_whistle_0173.mp4,0.10443613678216934,0.00628342479467392,1899.1371460232663,-47.502559661865234,3854.443359375,58,1.8356997966766357,4.828826427459717,3680.79345703125,2017.1267130624524,0.11570172991071428,22.404938348315447,0.02665368807316284,-132.038330078125,121.33312225341797,-20.67218589782715,26.889848709106445,-13.422307014465332,1
match9_whistle_0174.mp4,0.06484793871641159,0.00970196072012186,2548.8036287600294,-41.757843017578125,3617.578125,51,1.8485996723175049,4.620862007141113,4487.806640625,2132.40828477425,0.19513020833333333,22.61717738546668,0.009914489860145719,-196.54237365722656,99.55714416503906,-3.743669033050537,40.174217224121094,-20.945959091186523,1
match9_whistle_0175.mp4,0.06060557812452316,0.03472765162587166,3201.41395569099,-38.10055923461914,4177.44140625,51,1.9250531196594238,4.724743366241455,5726.16396621919,2376.9556800462274,0.251189755721831,21.805385396721118,0.015484688152914847,-153.9260711669922,70.40636444091797,5.705890655517578,49.38825988769531,-24.504194259643555,0
match9_whistle_0176.mp4,0.17234259843826294,0.0031911630649119616,1667.7923292589292,-51.00583267211914,3822.1435546875,45,1.8341145515441895,4.833249092102051,3046.6572529560813,1658.3799122397224,0.09744510135135136,23.28248072624466,0.001208506951659317,-80.07487487792969,135.53591918945312,-50.67153549194336,17.81197738647461,-12.070873260498047,1
match9_whistle_0177.mp4,0.09735347330570221,0.003001521108672023,1945.7728266286904,-47.67268371582031,3682.177734375,76,1.7935614585876465,4.711662292480469,3605.2359232088415,1967.2163731556434,0.13900533536585366,23.745542398025215,0.007349138396429072,-176.46517944335938,115.21371459960938,-17.989757537841797,44.622596740722656,-2.327641487121582,1
match9_whistle_0178.mp4,0.1480744183063507,0.006303509697318077,1960.1639394012268,-45.14007568359375,3692.9443359375,53,1.7539116144180298,4.889141082763672,4026.8470177283652,2054.274577670489,0.1112530048076923,22.925700197940973,0.00965178783099236,-105.28739929199219,110.88166046142578,-26.36750030517578,33.42738723754883,-5.8603620529174805,1
match9_whistle_0179.mp4,0.11979635059833527,0.012163635343313217,2184.643964209823,-42.345314025878906,3832.91015625,103,1.825158953666687,4.789087295532227,3910.2596885279604,2005.5778118541311,0.14903714364035087,22.452357629995344,-0.0011597387557498264,-81.16880798339844,106.21505737304688,-49.11212158203125,15.393708229064941,-1.3605464696884155,1
match9_whistle_0180.mp4,0.11324066668748856,0.006842417176812887,1821.1306517308374,-47.42903137207031,3822.1435546875,59,1.8861051797866821,4.775580883026123,3563.603451377467,1857.094273991254,0.10428017064144737,22.875878299289525,-0.01157016802947998,-110.80616760253906,132.58705139160156,-40.583953857421875,11.043956756591797,-24.929704666137695,1
match9_whistle_0181.mp4,0.08229319751262665,0.006653668824583292,2126.079798449996,-45.02402877807617,3692.9443359375,81,1.8050682544708252,4.9798197746276855,3667.7790262612953,1996.724783917094,0.16400955384036145,22.672465429656903,0.0008358138889670432,-175.3065643310547,117.02297973632812,-17.347679138183594,32.67505645751953,-15.469670295715332,1
match9_whistle_0182.mp4,0.06035166233778,0.004533214028924704,2193.892225444355,-47.27719497680664,3649.8779296875,60,1.875910758972168,4.807640552520752,4472.9409707559125,2316.2934273050964,0.1335647170608108,21.388682714082687,-0.0009946755337224577,-247.519287109375,87.4619369506836,9.333863258361816,58.01247787475586,3.930718421936035,1
match9_whistle_0183.mp4,0.07740497589111328,0.017148764804005623,2568.302338478575,-43.43242263793945,3757.5439453125,71,1.8173404932022095,4.829469203948975,4844.329833984375,2091.279272293809,0.1755312965029762,23.25126672481335,-0.0019268868283205936,-158.6287841796875,91.48004150390625,-24.258684158325195,41.10468673706055,-8.049704551696777,1
match9_whistle_0184.mp4,0.11016932129859924,0.010960294865071774,2233.785949326814,-45.641456604003906,3919.04296875,76,1.8892879486083984,4.866052150726318,4550.8271484375,2330.517511319941,0.122587890625,22.060992690806508,-0.0004253919214976944,-140.48345947265625,97.51819610595703,-7.071524143218994,41.175636291503906,1.6234354972839355,1
match9_whistle_0185.mp4,0.03700077533721924,0.015369931235909462,2590.3499543147423,-42.4373664855957,3746.77734375,82,1.8523896932601929,4.820522308349609,4582.161850527108,2129.388845357406,0.2114198983433735,22.28185164761617,-0.0044982596397489345,-233.50213623046875,98.49369812011719,-16.40220069885254,38.472137451171875,-16.797574996948242,1
match9_whistle_0186.mp4,0.13947993516921997,0.007480742875486612,2177.052072064414,-48.14904022216797,3779.0771484375,54,1.8062440156936646,4.7616424560546875,4426.6956068065065,2211.2643181464273,0.10836499357876712,23.70135439782379,-0.0017833771982780715,-141.30567932128906,93.30799102783203,-10.703991889953613,36.23793411254883,1.3341953754425049,1
match9_whistle_0187.mp4,0.07748336344957352,0.01315771508961916,2189.2662533793014,-43.33871841430664,3736.0107421875,90,1.871824026107788,4.910650730133057,4034.3994140625,2022.1631745365726,0.17782559237637363,22.207337582830267,-0.016934900513591734,-143.57818603515625,117.275390625,-29.67973518371582,36.01518630981445,-2.52006459236145,1
match9_whistle_0188.mp4,0.10070103406906128,0.019708313047885895,2276.3566479974706,-46.8903923034668,3789.84375,68,1.8521634340286255,4.758810043334961,4920.896218039773,2346.6415461547667,0.11672458400974026,21.94924818952883,-0.008505762774993477,-156.90895080566406,88.29915618896484,-2.5564980506896973,47.474788665771484,2.8215935230255127,0
match9_whistle_0189.mp4,0.15198799967765808,0.007149538490921259,1851.31078035406,-46.16162109375,3660.64453125,49,1.7968639135360718,4.767695426940918,3670.098132621951,1854.633577636808,0.09913895769817073,23.186922834690815,-0.002247727302778873,-98.61567687988281,124.02925872802734,-41.87887954711914,28.603057861328125,-2.7862348556518555,1
match9_whistle_0190.mp4,0.08286529779434204,0.010462546721100807,2292.8211255794386,-41.78065872192383,3768.310546875,78,1.8426936864852905,4.8798627853393555,3869.05517578125,1937.8045368401222,0.19396100725446427,23.13170858217329,-0.0013670373171459523,-137.15687561035156,113.25849151611328,-44.03125,29.17752456665039,-16.31913948059082,1
match9_whistle_0191.mp4,0.0637698844075203,0.012538351118564606,2437.396600601421,-43.98522186279297,3671.4111328125,38,1.7881816625595093,4.770462989807129,4190.305397727273,2083.8349376136666,0.2050273944805195,22.146765698059866,-0.0022907199872148525,-191.86209106445312,101.90379333496094,-15.250710487365723,44.49063491821289,-13.175450325012207,1
match9_whistle_0192.mp4,0.08507814258337021,0.012812661938369274,2530.6249038019264,-38.77277374267578,3746.77734375,69,1.883562445640564,4.9084014892578125,4637.766400505515,2220.9414192467793,0.19799325980392157,22.951695484933158,-0.007521400307024714,-135.53701782226562,97.14629364013672,-18.257434844970703,36.91117477416992,-12.490285873413086,1
match9_whistle_0193.mp4,0.08020114153623581,0.021443484351038933,2518.0961662322115,-45.1873893737793,3800.6103515625,76,1.842475175857544,4.776254653930664,4303.8621471774195,2057.558635916934,0.20309349798387097,22.145584315538002,-0.020355801384709892,-142.6204833984375,97.52436065673828,-36.40541076660156,20.975797653198242,-23.15892791748047,1
match9_whistle_0194.mp4,0.06632508337497711,0.012761993333697319,2472.5698308497726,-42.85012435913086,3725.244140625,62,1.8482617139816284,4.844119548797607,4575.157073606928,2203.3740160731227,0.18211714043674698,21.811148899778985,-0.016956530379146326,-181.40185546875,97.6496810913086,-11.056873321533203,40.33586120605469,-19.328937530517578,1
match9_whistle_0195.mp4,0.11285152286291122,0.007705112919211388,2003.7912497070304,-46.73583984375,3822.1435546875,100,1.802126169204712,4.8376851081848145,3584.8334194214876,1884.463960935597,0.1450276020144628,22.388063549916758,-0.009696911472879901,-100.32231903076172,123.98308563232422,-44.26492691040039,13.736991882324219,-22.47651481628418,1
match9_whistle_0196.mp4,0.06828508526086807,0.008153179660439491,2452.175136418034,-48.233158111572266,3789.84375,69,1.855526328086853,4.793924331665039,4417.1604386295185,2129.8151792778403,0.16568029932228914,21.27525672707363,-0.0018381481578326065,-202.48858642578125,96.63783264160156,-13.326873779296875,40.08755111694336,-15.604682922363281,1
match9_whistle_0197.mp4,0.058178819715976715,0.020955411717295647,2356.5126605544024,-39.397483825683594,3746.77734375,64,1.8473395109176636,4.909685134887695,4380.46875,2137.138848591063,0.1786602069805195,21.371391175499113,0.008817169993082467,-147.04933166503906,100.59970092773438,-26.834205627441406,34.2943115234375,-6.569515705108643,1
match9_whistle_0198.mp4,0.052709802985191345,0.010267198085784912,2462.508314852286,-41.354469299316406,3671.4111328125,57,1.8744531869888306,4.801549911499023,4218.2647705078125,2053.587982612181,0.20265706380208334,21.302023339384693,-0.013880823712571504,-204.93890380859375,100.00069427490234,-27.813304901123047,37.53759765625,-6.841898441314697,1
match9_whistle_0199.mp4,0.08284169435501099,0.016328971832990646,2568.761192385508,-40.85419845581055,3757.5439453125,72,1.868776559829712,4.7704315185546875,5055.43212890625,2442.515600764587,0.16127813430059523,20.85202060374744,0.005219420254409798,-173.63330078125,75.13687896728516,2.9733924865722656,53.69463348388672,-0.9757492542266846,1
match9_whistle_0200.mp4,0.14077633619308472,0.007543574087321758,2107.4683331482024,-50.15596389770508,3779.0771484375,57,1.8360787630081177,4.726369857788086,4006.4677734375,2035.8815100333595,0.13620442708333333,22.82436538271814,-0.010367044768459295,-125.11897277832031,110.82803344726562,-32.69603729248047,11.473325729370117,-15.944584846496582,1
match9_whistle_0201.mp4,0.0806797668337822,0.01669771410524845,2279.0351234619056,-39.88865280151367,3886.7431640625,61,1.8604182004928589,4.6908745765686035,4228.548692147943,2107.0413664981443,0.15734399723101267,21.535916471509164,-0.002809903918248776,-122.49269104003906,100.28453826904297,-42.476924896240234,15.783068656921387,-0.1766645759344101,1
match9_whistle_0202.mp4,0.13554061949253082,0.0067640128545463085,1840.2155749250207,-43.27674865722656,4026.708984375,51,1.816310167312622,4.789167404174805,3297.3823442851026,1848.208418964938,0.12194991438356165,22.17072346052276,-0.001106566568534165,-85.85218048095703,128.7149658203125,-43.08755111694336,8.994356155395508,-12.714365005493164,1
match9_whistle_0203.mp4,0.11115392297506332,0.006915735546499491,2037.5346388661771,-48.741737365722656,3832.91015625,49,1.826655626296997,4.724393844604492,4262.875088778409,2071.6770320459955,0.10689554586038962,23.808263902796174,0.013009725354730012,-128.09176635742188,110.25082397460938,-30.042362213134766,30.040298461914062,-6.447088718414307,1
match9_whistle_0204.mp4,0.10153470188379288,0.002917404053732753,1787.1569395863978,-48.01438522338867,3649.8779296875,78,1.8124027252197266,4.92154598236084,3559.0701454564146,2012.0635829037085,0.12137001439144737,22.386817864097956,0.008802571310897568,-169.4337921142578,121.40504455566406,-8.921862602233887,45.04548645019531,-5.1675639152526855,1
match9_whistle_0205.mp4,0.06911303848028183,0.020530303940176964,2378.8221820675926,-40.80228805541992,3779.0771484375,71,1.8785024881362915,4.809409141540527,4266.208599983378,2071.974001451698,0.18296002327127658,21.57168851646135,-0.007664682529072034,-135.68109130859375,103.74581146240234,-42.93288803100586,13.326641082763672,-14.270000457763672,1
match9_whistle_0206.mp4,0.09841529279947281,0.012175050564110279,2277.6743654392653,-46.523860931396484,3919.04296875,83,1.815006971359253,4.904717445373535,3785.7904411764707,1931.723916816337,0.1810891544117647,22.44495563961846,0.016597816957087477,-122.03681182861328,106.07417297363281,-48.6077766418457,18.761510848999023,-16.41338348388672,1
match9_whistle_0207.mp4,0.10124349594116211,0.011241354048252106,2015.7062905009748,-40.934226989746094,3628.3447265625,78,1.8750520944595337,4.8158745765686035,3538.623046875,1859.6735185193033,0.15350811298076922,22.095738108213283,0.004845993299367056,-104.314697265625,119.81271362304688,-39.33950424194336,21.957454681396484,-16.478736877441406,1
match9_whistle_0208.mp4,0.0933840200304985,0.006049781572073698,2173.615611262157,-45.69584655761719,3660.64453125,72,1.828829288482666,4.802152156829834,4405.0966561558735,2312.5962491187556,0.12278214420180723,22.328306637743733,-0.0007656647996734271,-186.35287475585938,92.95479583740234,3.5499815940856934,55.77653121948242,-2.77789044380188,1
match9_whistle_0209.mp4,0.13940289616584778,0.007766250055283308,1929.1365238733647,-51.93815994262695,3822.1435546875,54,1.8350090980529785,4.778824329376221,3566.5057842548076,1920.7158869988164,0.11014498197115384,23.36250385358299,0.011719403322875127,-93.1776351928711,117.74181365966797,-41.08460235595703,10.08480167388916,-19.232847213745117,1
match9_whistle_0210.mp4,0.07723671197891235,0.003986763302236795,1916.425974170167,-45.3991813659668,3800.6103515625,78,1.8276350498199463,4.854381561279297,3337.5167662838853,1812.4683860921468,0.1533144295933735,23.1834084493292,-0.0028184435591919257,-170.92408752441406,131.93063354492188,-32.63539123535156,34.31915283203125,-10.248055458068848,1
match9_whistle_0211.mp4,0.07803000509738922,0.0050462884828448296,2251.181000038114,-44.97770690917969,3789.84375,73,1.8071584701538086,4.740251064300537,4129.186276355422,2173.521320232149,0.1520731362951807,22.354480895931804,-0.00668396033753386,-203.39666748046875,97.51063537597656,3.663804292678833,54.65976333618164,-5.4668073654174805,1
match9_whistle_0212.mp4,0.1212921142578125,0.010510072112083435,2010.3839696354094,-47.92167282104492,3843.6767578125,50,1.84773850440979,4.868957042694092,3989.716045673077,1913.7418952328253,0.12481845953525642,22.844071232393638,-0.0025409625649962775,-92.77007293701172,118.43357849121094,-44.130096435546875,8.976847648620605,-17.93014144897461,1
match9_whistle_0213.mp4,0.09859105944633484,0.004430173896253109,1895.2919293133475,-43.89657974243164,3768.310546875,83,1.836249589920044,4.9367804527282715,3478.143988715278,1859.361939614853,0.14691237461419754,22.965749197890464,0.005445571425984229,-137.8173828125,127.83650207519531,-34.17570877075195,31.367042541503906,-5.894176006317139,1
match9_whistle_0214.mp4,0.12022748589515686,0.006477332208305597,1805.6141922223048,-46.25059509277344,3768.310546875,55,1.8581137657165527,4.87451696395874,3416.1293431332238,1857.2967384306723,0.10575786389802631,22.568227513669218,0.0029481098182822674,-102.3712387084961,129.53445434570312,-36.425201416015625,12.818038940429688,-17.76543617248535,1
match9_whistle_0215.mp4,0.09048860520124435,0.0035346404183655977,1909.488563492535,-45.8983154296875,3639.111328125,65,1.7871997356414795,4.989330291748047,3186.6414903085442,1742.7706684859493,0.14540892009493672,23.00878168047851,-0.010270884057949223,-150.72042846679688,128.95803833007812,-34.7624626159668,34.212894439697266,-8.134082794189453,1
match9_whistle_0216.mp4,0.12854799628257751,0.005451895296573639,1818.6226412781411,-49.51249313354492,3822.1435546875,64,1.805422306060791,4.793105602264404,3782.332167514535,1952.5396012231427,0.08532430959302326,23.584062300248107,0.02606091688914554,-115.9771728515625,118.4249496459961,-29.341297149658203,29.709941864013672,-11.293171882629395,1
match9_whistle_0217.mp4,0.052799250930547714,0.015300130471587181,2409.614075968778,-45.376914978027344,3779.0771484375,61,1.8426165580749512,4.75321626663208,4998.287109375,2351.2371172766393,0.13879557291666667,22.58921413769983,0.008100730364187583,-184.57984924316406,95.72483825683594,-11.194429397583008,33.89848327636719,-9.379194259643555,0
match9_whistle_0218.mp4,0.05572229251265526,0.008949941955506802,2643.9187029770665,-41.81532287597656,3692.9443359375,66,1.8973214626312256,4.79063081741333,4769.35116038603,2155.256943905767,0.19868451286764705,22.262430051831775,-0.015512881996014456,-215.49342346191406,95.35336303710938,-4.461219787597656,46.5125846862793,-22.123470306396484,1
match9_whistle_0219.mp4,0.04814719036221504,0.005774193909019232,2518.4071081818342,-48.12665939331055,3628.3447265625,73,1.829614281654358,4.862454414367676,3982.9342490748354,2038.8194724915938,0.21422054893092105,22.064348628742938,-0.012922852538769484,-254.5410614013672,100.19598388671875,3.4476730823516846,52.11676025390625,-22.860506057739258,1
match9_whistle_0220.mp4,0.13284580409526825,0.007599306758493185,1981.2240474044079,-44.83938980102539,3929.8095703125,61,1.8873990774154663,4.841176509857178,3753.08349609375,1909.0281239755825,0.11882672991071429,23.068735681255884,0.021211992016137906,-89.21263885498047,117.0785140991211,-44.24466323852539,20.704130172729492,-14.78062915802002,1
match9_whistle_0221.mp4,0.08502733707427979,0.03486226126551628,3162.290971966524,-42.07598876953125,4231.2744140625,48,1.9160022735595703,4.711643695831299,6124.972811612216,2452.581591596739,0.20231489701704544,22.20703954533277,0.00781014294342974,-132.4915008544922,61.30998229980469,-3.5625152587890625,38.437625885009766,-20.186634063720703,0
match9_whistle_0222.mp4,0.09967008978128433,0.015361040830612183,2575.495691263333,-45.63487243652344,4382.0068359375,53,1.8537031412124634,4.792564868927002,5231.589577414773,2351.7464554579533,0.15747387378246752,21.91635185634765,0.007052417609694582,-147.781005859375,85.10530090332031,-3.3118185997009277,38.01342010498047,-13.56811237335205,0
match9_whistle_0223.mp4,0.06562665849924088,0.008785057812929153,2143.800305052832,-47.54821014404297,3736.0107421875,89,1.8452463150024414,4.686192035675049,3687.689208984375,1917.0453533997331,0.17720540364583334,22.947433417017205,0.0018385910554800167,-183.01565551757812,119.91251373291016,-28.133712768554688,29.199172973632812,-8.273088455200195,1
match9_whistle_0224.mp4,0.1098550334572792,0.01186513900756836,1961.1266231153731,-45.035560607910156,3800.6103515625,71,1.83628249168396,4.767502784729004,3868.582631306476,1943.2252669873687,0.11365775602409639,22.534547228939747,0.0032158778405761462,-96.67779541015625,121.2131118774414,-36.907039642333984,28.362092971801758,-10.283843994140625,1
match9_whistle_0225.mp4,0.08413281291723251,0.003653010120615363,1750.8726739662266,-45.308658599853516,3779.0771484375,75,1.8561137914657593,4.86880350112915,3319.7021484375,1849.7110715430556,0.134765625,22.761565620095464,-0.01692508305215345,-165.74342346191406,137.88687133789062,-23.310272216796875,33.09955978393555,-10.387514114379883,1
match9_whistle_0226.mp4,0.07193232327699661,0.0076670260168612,2195.946784418254,-45.29804992675781,3682.177734375,79,1.803419828414917,4.7905049324035645,3885.0867638221152,1998.4411130803362,0.1632308121565934,22.99995721491256,-0.01349651645439751,-177.48895263671875,112.10969543457031,-31.511249542236328,39.231719970703125,-9.561543464660645,1
match9_whistle_0227.mp4,0.0917930155992508,0.010552233085036278,2053.39041442275,-41.116798400878906,3714.4775390625,62,1.8918521404266357,4.857720375061035,4103.388195503048,2192.4914164113557,0.11746141387195122,21.638839068698804,-0.011657074320571167,-130.00303649902344,105.36123657226562,-20.01710319519043,24.816383361816406,5.364601135253906,1
match9_whistle_0228.mp4,0.13593192398548126,0.007618429604917765,2019.9629584838713,-47.63995361328125,3822.1435546875,65,1.8509862422943115,5.0344719886779785,3739.690466772152,1991.7134998245142,0.11229232594936708,23.583347130967027,-0.018916031123587015,-88.40777587890625,111.90662384033203,-38.177490234375,14.361559867858887,-6.934689998626709,1
match9_whistle_0229.mp4,0.09273968636989594,0.003520210972055793,1807.200184012559,-47.97191619873047,3822.1435546875,74,1.8164583444595337,4.8916239738464355,3644.1623263888887,2047.5416216634596,0.09936222029320987,22.134475343763366,-0.006862276297152738,-180.37481689453125,114.883056640625,-8.163615226745605,44.42414474487305,-1.6542682647705078,1
match9_whistle_0230.mp4,0.12030612677335739,0.01852458529174328,2283.139290251729,-46.57481002807617,3660.64453125,69,1.8862065076828003,4.816525459289551,4686.105236904226,2168.3680114300455,0.13295301258992806,22.664483186354968,-0.013708446909316835,-101.65865325927734,104.24519348144531,-28.40652084350586,26.598094940185547,-15.333669662475586,0
match9_whistle_0231.mp4,0.09570237994194031,0.0041370997205376625,1926.6487939384992,-45.28852462768555,3703.7109375,83,1.8620108366012573,4.815755844116211,3659.7365046121986,1940.728165966751,0.1386777579066265,22.96039421290337,-0.001906270807998394,-161.3253936767578,125.33610534667969,-24.35847282409668,35.92876434326172,-7.077775478363037,1
match9_whistle_0232.mp4,0.09818969666957855,0.017623933032155037,2560.6947546860115,-43.36854934692383,3865.2099609375,55,1.871828317642212,4.753482818603516,5518.987567608173,2482.4112682130867,0.15990584935897437,21.953267297162114,-0.0076126007802602294,-149.076904296875,94.98114776611328,5.692514419555664,34.46277618408203,-10.963955879211426,0
match9_whistle_0233.mp4,0.14832162857055664,0.004506510216742754,1673.908576019223,-48.09777069091797,3832.91015625,52,1.8003103733062744,4.8265767097473145,3427.3259420955883,1880.7640790592889,0.08881548713235295,22.38532787459133,-0.0031431396552037945,-98.10585021972656,132.1107635498047,-28.984512329101562,20.339160919189453,-15.128985404968262,1
match9_whistle_0234.mp4,0.12505429983139038,0.013012375682592392,1985.3487713070479,-44.625587463378906,3854.443359375,50,1.8806768655776978,4.811318874359131,3900.3509521484375,2077.5205981116574,0.11182996961805555,21.65924662274509,-0.001967769774043976,-88.58646392822266,117.75596618652344,-32.24837875366211,16.594261169433594,-6.431304931640625,1
match9_whistle_0235.mp4,0.06812094151973724,0.0033309878781437874,2047.1910935241476,-44.41554641723633,3757.5439453125,75,1.8571112155914307,4.906460762023926,3898.4177922628014,2129.5019023616433,0.1370070124246988,22.83919316444329,0.008622206978731436,-232.38572692871094,106.72080993652344,-2.4481348991394043,53.09029006958008,-4.276714324951172,1
match9_whistle_0236.mp4,0.06447359919548035,0.012348409742116928,2406.364457390465,-41.27497863769531,3757.5439453125,67,1.877788782119751,4.829713344573975,4685.184548117898,2295.781778186667,0.16715309836647727,22.016855951501864,0.0018690612425292295,-178.46217346191406,95.79114532470703,-5.154326915740967,40.41465377807617,-9.809656143188477,1
match9_whistle_0237.mp4,0.1506870985031128,0.005024717189371586,1894.7703670115432,-52.478275299072266,3768.310546875,80,1.8430460691452026,4.7718987464904785,3456.2171349158652,1881.2034267069837,0.11688701923076923,23.878107761850483,0.0020418202554401328,-102.86231231689453,124.63070678710938,-37.26381301879883,4.68825626373291,-11.416089057922363,1
match9_whistle_0238.mp4,0.09613336622714996,0.004592615645378828,2056.4375831743528,-42.14846420288086,3757.5439453125,80,1.8810672760009766,4.811633586883545,3601.752517884036,1889.1969689415043,0.15992093373493976,22.896468070595795,0.004972176563973803,-145.2202606201172,121.53199005126953,-27.414522171020508,25.988195419311523,-17.79544448852539,1
match9_whistle_0239.mp4,0.10035311430692673,0.01576799899339676,2694.2413365558273,-46.724483489990234,4059.0087890625,45,1.915479302406311,4.804452419281006,5566.598849826389,2488.8683455180594,0.16949387538580246,22.624781086734327,0.017724042733538743,-136.55877685546875,91.7117691040039,0.009063414297997952,26.29741096496582,-20.069194793701172,0
match9_whistle_0240.mp4,0.10715088248252869,0.007982086390256882,1975.8017553306,-45.124568939208984,3886.7431640625,53,1.864993691444397,4.853555202484131,3602.069091796875,1868.4038753746597,0.12418619791666667,23.040178666509966,-0.005040464500735158,-115.00245666503906,120.07401275634766,-46.531089782714844,17.413368225097656,-12.106351852416992,1
match9_whistle_0241.mp4,0.09538882970809937,0.002889480674639344,1931.7534526313261,-46.54093551635742,3800.6103515625,82,1.8054908514022827,4.980493068695068,3345.4295698418673,1956.145092088793,0.13494211219879518,22.78264259245773,0.011275543542203729,-168.70753479003906,124.9167251586914,-12.0957612991333,37.754920959472656,-10.82369327545166,1
match9_whistle_0242.mp4,0.07054255157709122,0.02326512709259987,2859.7512450223235,-45.957130432128906,4242.041015625,34,1.8691461086273193,4.744724750518799,5806.048224954044,2562.798440389148,0.16718606387867646,21.650017835850097,-0.016568761530557842,-163.1463165283203,76.94696044921875,5.632236957550049,32.449424743652344,-21.26631736755371,0
match9_whistle_0243.mp4,0.0692879930138588,0.01484056655317545,2418.108262332687,-38.934322357177734,3660.64453125,85,1.8484824895858765,4.887922763824463,4901.719665527344,2335.9553447098883,0.15677388509114584,22.30451416604477,0.002153945928040647,-176.8394317626953,98.5485610961914,1.4870916604995728,43.44243240356445,-17.634538650512695,1
match9_whistle_0244.mp4,0.08126882463693619,0.008862131275236607,1983.8241651826788,-49.45882797241211,4349.70703125,55,1.826904296875,4.797235488891602,4234.076680222603,2154.660067285033,0.10047222816780822,22.74569287812394,0.012683009788744015,-152.49525451660156,114.23611450195312,-15.057206153869629,24.35823631286621,-14.042553901672363,0
match9_whistle_0245.mp4,0.13637882471084595,0.00936129316687584,2035.6730301447913,-49.294368743896484,3746.77734375,61,1.8818107843399048,4.721746444702148,4084.9336322985196,2160.7228915192836,0.09485505756578948,22.69707454658757,-0.008163543676797029,-95.47005462646484,107.3424072265625,-29.97882080078125,11.760339736938477,-5.506122589111328,1
match9_whistle_0246.mp4,0.08450947701931,0.006137685384601355,1919.7243815278905,-44.660099029541016,3789.84375,78,1.8645105361938477,4.838741302490234,3627.9555722891564,1902.8035587654185,0.14404296875,22.60459146651153,0.010710340014560291,-147.01683044433594,125.82073974609375,-29.223041534423828,29.48719024658203,-10.735424995422363,1
match9_whistle_0247.mp4,0.11244140565395355,0.010785424150526524,2134.806887805455,-47.81647872924805,3703.7109375,36,1.865805745124817,4.744978904724121,4361.526887313179,2173.5583224727748,0.11571204144021739,22.972556214493377,0.0038160255887230016,-106.20953369140625,109.02715301513672,-20.100130081176758,17.85344886779785,-13.133740425109863,0
match9_whistle_0248.mp4,0.16406495869159698,0.0070307436399161816,1858.3481111104227,-49.20134353637695,3779.0771484375,64,1.830272912979126,4.70219087600708,3655.196371423193,1947.724481447779,0.09466185052710843,22.8039995472996,-0.009268695886860006,-78.51596069335938,119.15670013427734,-38.43153762817383,-17.42864990234375,-39.47968292236328,1
match9_whistle_0249.mp4,0.07538613677024841,0.010291283950209618,2079.982374181569,-42.94089889526367,3736.0107421875,66,1.9094719886779785,4.727541923522949,3844.727157964939,1976.12233406042,0.15480302019817074,22.762007857967866,-0.018629576155587305,-143.91226196289062,115.97017669677734,-32.456329345703125,14.453306198120117,-18.9722843170166,1
match9_whistle_0250.mp4,0.056396812200546265,0.02657383680343628,3297.2170505606596,-43.82768630981445,4328.173828125,47,1.8090611696243286,4.847292900085449,6069.118552011986,2494.684235175401,0.22988682577054795,22.5188885433802,0.017527280586137686,-195.37257385253906,59.07864761352539,18.151153564453125,45.75775146484375,-22.296537399291992,0
match9_whistle_0251.mp4,0.1323569118976593,0.006174521055072546,1975.2915913278416,-48.570072174072266,3843.6767578125,55,1.8204662799835205,4.8115410804748535,3830.2875225360576,2103.4252841805605,0.11022636217948718,22.27179809579678,-0.008530437315259974,-106.8515853881836,112.73070526123047,-22.32624626159668,21.483652114868164,-10.564544677734375,1
match9_whistle_0252.mp4,0.07546936720609665,0.014859706163406372,2392.338553036933,-44.29462432861328,3628.3447265625,68,1.8921191692352295,4.701788902282715,4062.3318142361113,1949.0477851958526,0.18826557677469136,21.35239344745576,-0.0121247325302059,-152.28302001953125,92.8022689819336,-53.3403205871582,12.74476432800293,0.18582859635353088,1
match9_whistle_0253.mp4,0.1386757344007492,0.008100438863039017,2230.0726489353447,-46.08938217163086,3832.91015625,58,1.8712722063064575,4.761555194854736,4352.865234375,2164.4710158253542,0.13838541666666668,23.09253542769994,-0.0024225085119427645,-97.52860260009766,99.08192443847656,-25.665857315063477,24.84596061706543,-4.497546195983887,1
match9_whistle_0254.mp4,0.0734778568148613,0.005187515635043383,1970.6106920894829,-42.99502182006836,3822.1435546875,77,1.838488221168518,4.965109825134277,3626.0278629351264,1908.3248468476102,0.15089744857594936,23.5010955457779,0.005843724301656381,-161.8889617919922,126.92398834228516,-38.60155487060547,19.62567138671875,-26.77067756652832,1
match9_whistle_0255.mp4,0.09432312846183777,0.006918217986822128,1795.7500170188964,-46.55339431762695,3822.1435546875,43,1.8099621534347534,4.676085472106934,3928.314208984375,2048.4342656524937,0.0912204318576389,21.676883007542536,-0.0035928081344063496,-140.4095001220703,121.49359893798828,-22.661617279052734,19.792009353637695,-21.677085876464844,0
match9_whistle_0256.mp4,0.16619180142879486,0.006849717348814011,1982.0134517463887,-47.05250549316406,3789.84375,65,1.8860219717025757,4.78226900100708,3896.935546875,2045.4460255571646,0.10462890625,23.515749949068496,-0.04665855092419052,-73.37567901611328,111.56356811523438,-34.25652313232422,-6.425089359283447,-20.05084991455078,1
match9_whistle_0257.mp4,0.14669114351272583,0.005581067409366369,1701.7034329740836,-46.394569396972656,3746.77734375,59,1.8128513097763062,4.787455081939697,3276.4921875,1837.1806978151842,0.09466796875,22.17063225265592,-0.018543499935582276,-80.19409942626953,136.0409698486328,-34.85146713256836,2.8888564109802246,-23.93402099609375,1
match9_whistle_0258.mp4,0.09575476497411728,0.008159156888723373,2250.6061708204716,-43.47640609741211,3757.5439453125,79,1.8602733612060547,4.758098602294922,3882.236214571221,2006.2222362528591,0.17890397892441862,23.167534717315668,-0.007107546588798903,-140.90382385253906,108.37378692626953,-29.618541717529297,34.411006927490234,-9.46454906463623,1
match9_whistle_0259.mp4,0.10343612730503082,0.008802591823041439,2283.511973893949,-41.18714141845703,3779.0771484375,88,1.8437539339065552,4.797735691070557,4134.498754040948,2132.742137767046,0.17521439475574713,23.2918822177274,-0.0012846774366311049,-127.83555603027344,109.5956802368164,-16.916431427001953,27.86952018737793,-12.880797386169434,1
match9_whistle_0260.mp4,0.1338692158460617,0.006174443755298853,2081.0139030655014,-45.165191650390625,4026.708984375,81,1.8513283729553223,4.852527141571045,3772.3318076995483,1977.4954570329953,0.15130247552710843,23.0839975086311,0.01168694909119824,-114.24323272705078,115.30961608886719,-30.3737850189209,36.8590087890625,-0.9297017455101013,1
match9_whistle_0261.mp4,0.06849823892116547,0.012821200303733349,2239.023571735166,-45.03786849975586,3800.6103515625,70,1.8745591640472412,4.914998531341553,4297.187023628048,2133.624491048465,0.16324075838414634,22.608432357629084,3.287531535128367e-05,-193.4969024658203,115.7394027709961,-3.1557164192199707,33.43436813354492,-20.412818908691406,1
match9_whistle_0262.mp4,0.11248555779457092,0.008797280490398407,2078.6016240669774,-45.91786575317383,3606.8115234375,49,1.837300181388855,4.795243263244629,4165.22854477612,1921.2601208540348,0.1339931203358209,23.51570325719987,0.013852573618229764,-116.86022186279297,108.73688507080078,-39.4676399230957,45.1263427734375,3.1001791954040527,0
match9_whistle_0263.mp4,0.1340845823287964,0.0061875334940850735,1812.8124018199128,-47.807708740234375,3714.4775390625,60,1.8086223602294922,4.812359809875488,3263.017711900685,1820.6594998156922,0.09882678724315068,22.476855485571917,-0.005147123511610924,-91.9373550415039,122.30319213867188,-47.62932586669922,6.332662105560303,-16.674161911010742,1
match9_whistle_0264.mp4,0.09462814778089523,0.0062911491841077805,2073.0536286658653,-44.57772445678711,3639.111328125,65,1.8007639646530151,4.744340419769287,3830.992816245719,1959.0205226428388,0.16057095462328766,22.724165524885837,-0.03264661525110227,-135.58262634277344,118.9307861328125,-32.18458557128906,14.674182891845703,-25.558517456054688,1
match9_whistle_0265.mp4,0.0933801680803299,0.010993021540343761,2319.862790561339,-41.1030158996582,3768.310546875,61,1.8996455669403076,4.79120397567749,4348.716998922414,2182.6661183226047,0.1744903915229885,22.38939109069239,-0.000756256924849604,-150.12413024902344,107.46315002441406,-4.142149448394775,39.06549835205078,-18.80147933959961,1
match9_whistle_0266.mp4,0.11944076418876648,0.008179806172847748,1865.35979337243,-48.643821716308594,3811.376953125,57,1.8224022388458252,4.831916332244873,3212.4847412109375,1797.0789741597457,0.11345757378472222,21.864292566689237,-0.0028969909966272247,-90.61371612548828,126.49210357666016,-53.31968307495117,-2.9598426818847656,-14.605606079101562,1
match9_whistle_0267.mp4,0.05386313050985336,0.012041543610394001,2209.412087755916,-46.634117126464844,3649.8779296875,53,1.8100770711898804,4.844525337219238,3884.019084149096,1987.7061005576973,0.17308687876506024,22.67364203037661,0.002883731502505791,-221.5408935546875,114.67864990234375,-14.555656433105469,36.37181854248047,-16.416133880615234,1
match9_whistle_0268.mp4,0.12314067780971527,0.00975891761481762,2213.6384479036133,-44.99848175048828,3714.4775390625,53,1.850892186164856,4.81951904296875,4020.982068650266,1987.7447925916385,0.14218853889627658,23.128088538461004,0.016635750295046693,-96.3561782836914,103.14881896972656,-49.3068962097168,11.175917625427246,-11.733214378356934,1
match9_whistle_0269.mp4,0.061715900897979736,0.009205009788274765,2018.1170818879323,-40.948829650878906,3703.7109375,75,1.8379217386245728,4.8596882820129395,3693.8864135742188,1952.6012240948762,0.143658447265625,22.219869688765435,-0.010425641564350363,-155.5169677734375,116.81727600097656,-42.43058395385742,22.733478546142578,-5.618376731872559,1
match9_whistle_0270.mp4,0.1350840926170349,0.007358222268521786,1864.5986346459833,-43.21149444580078,3725.244140625,63,1.8589062690734863,5.0406084060668945,3548.719200721154,1937.415631609835,0.1201171875,22.88616463323744,-0.0036880864444295515,-87.67716217041016,126.96347045898438,-32.319034576416016,17.213329315185547,-15.71885871887207,1
match9_whistle_0271.mp4,0.1243366077542305,0.006740111391991377,1936.045050613957,-48.12059783935547,3757.5439453125,77,1.8638635873794556,4.915186882019043,3542.4844862539558,1894.346922170179,0.13166287579113925,23.759074016262872,-0.004161546052226777,-130.17698669433594,120.38622283935547,-34.64689254760742,23.207822799682617,-10.074583053588867,1
match9_whistle_0272.mp4,0.09139704704284668,0.010321980342268944,2127.135200284667,-44.45667266845703,3779.0771484375,64,1.8768881559371948,4.916950225830078,4222.824676127373,2075.241937131956,0.12338063686708861,22.795428062529187,-0.01861039652883875,-119.31839752197266,108.88227081298828,-35.988258361816406,9.515718460083008,-16.724714279174805,1
match9_whistle_0273.mp4,0.06433694809675217,0.0025089422706514597,1979.50338098382,-44.088897705078125,3779.0771484375,82,1.8300541639328003,4.84517765045166,3734.697741996951,2056.121825683134,0.13531940739329268,23.101142161049044,-0.004622288711567694,-243.920654296875,115.62832641601562,9.3493013381958,55.47650909423828,-9.25369930267334,1
match9_whistle_0274.mp4,0.1358635425567627,0.015137573704123497,2278.8831866623773,-42.21035385131836,3779.0771484375,73,1.8752611875534058,4.740726947784424,4658.688181751179,2226.524665469191,0.12066995872641509,21.942445219242167,4.155129624787467e-05,-73.90533447265625,99.28829193115234,-28.78291893005371,11.300736427307129,-9.823304176330566,0
match9_whistle_0275.mp4,0.07794884592294693,0.018208902329206467,2205.4448790453202,-39.339271545410156,3768.310546875,48,1.9029862880706787,4.867938995361328,4039.295293243838,2055.610279075123,0.15195174955985916,21.701785704028214,0.013582291782775766,-118.12689971923828,101.81233978271484,-46.73780822753906,8.07091236114502,6.281682968139648,1
match9_whistle_0276.mp4,0.07185318320989609,0.011102455668151379,2324.500778932263,-44.52622604370117,3703.7109375,80,1.8640761375427246,4.82750129699707,3959.1258589043673,2030.6027824746734,0.17804616905120482,22.329690044980467,0.011635670632394877,-162.56729125976562,104.2668228149414,-35.84756088256836,29.100305557250977,1.1808897256851196,1
match9_whistle_0277.mp4,0.1460956484079361,0.005175468977540731,1730.5764631465931,-45.016563415527344,3886.7431640625,78,1.8491450548171997,4.869699001312256,3491.530106707317,1969.3129258099411,0.11290015243902439,22.464245173386075,-0.00012793984145249092,-95.64190673828125,135.65679931640625,-18.991024017333984,29.267223358154297,-8.309941291809082,1
match9_whistle_0278.mp4,0.06356620788574219,0.006137894466519356,2502.0804091255964,-48.465633392333984,3832.91015625,72,1.8661344051361084,4.830344200134277,4920.197088068182,2325.0049096959533,0.1630478896103896,23.17264864387956,-0.00595138760288391,-228.39540100097656,87.71410369873047,3.175067186355591,54.9708366394043,-4.984111785888672,1
match9_whistle_0279.mp4,0.16580750048160553,0.0034924724604934454,1636.2449150092816,-48.234249114990234,3800.6103515625,70,1.821923851966858,4.7429118156433105,2936.687864740211,1742.5754460847381,0.0915027296686747,23.720335885466817,-0.0031928555286756173,-91.31538391113281,132.97434997558594,-38.6717414855957,6.810038089752197,-13.18320083618164,1
match9_whistle_0280.mp4,0.0790005624294281,0.012389427050948143,2217.6693002776874,-42.249393463134766,3736.0107421875,70,1.908913493156433,4.812108993530273,4407.7416396722565,2261.171538244122,0.14622832507621952,21.96787273552675,0.010548238328557653,-150.77908325195312,102.96604919433594,-9.945202827453613,38.197296142578125,-3.6803195476531982,1
match9_whistle_0281.mp4,0.11180782318115234,0.01787590980529785,2165.9882996290726,-43.47015380859375,3865.2099609375,58,1.9402570724487305,4.833398342132568,4266.5888671875,2193.767415264567,0.12046223958333334,21.580820300708687,0.00533179104137774,-88.02137756347656,100.84947967529297,-31.964820861816406,6.725780487060547,1.5519911050796509,1
match9_whistle_0282.mp4,0.1562279611825943,0.002828312572091818,1711.1001857301937,-47.541568756103516,3822.1435546875,67,1.8130837678909302,4.951590538024902,3043.083308293269,1778.6452550393128,0.09892077323717949,23.074753464249017,-0.01833486060961151,-102.95580291748047,136.3917694091797,-39.49029541015625,-8.186602592468262,-33.73284149169922,1
match6_whistle_0001.mp4,0.056955114006996155,0.026210306212306023,2726.496212692597,-42.628456115722656,3649.8779296875,42,1.870965600013733,4.746727466583252,5720.465409128289,2457.483766272645,0.18248012609649122,22.334350406038997,0.005909421074735876,-144.69630432128906,92.65995788574219,-11.146599769592285,22.674036026000977,-15.890419006347656,0
match6_whistle_0002.mp4,0.04443218186497688,0.032618094235658646,2854.0521341681047,-39.52608108520508,3692.9443359375,43,1.874157190322876,4.603087425231934,5756.0943603515625,2527.7439771430986,0.17489188058035715,21.37899708837651,0.006102185612344079,-171.32337951660156,87.09546661376953,-1.3697450160980225,19.837764739990234,-15.20477294921875,0
match6_whistle_0003.mp4,0.057242464274168015,0.03477245196700096,2696.4519057782363,-38.01952362060547,4123.6083984375,39,1.8181599378585815,4.780529022216797,5603.330965909091,2486.5422310445088,0.15729758522727272,21.048180053163698,0.010841378323452071,-129.35897827148438,89.02816009521484,-14.907952308654785,20.79931640625,-7.5528788566589355,0
match6_whistle_0004.mp4,0.14602436125278473,0.023450279608368874,2287.1805638903875,-46.29557418823242,3875.9765625,32,1.8536545038223267,4.474236965179443,4834.791370738636,2302.625878815031,0.11333451704545454,21.931380245645904,-0.00905270038149562,-76.13318634033203,98.97321319580078,-23.567590713500977,9.883481979370117,-14.936644554138184,0
match6_whistle_0005.mp4,0.09222783148288727,0.05452844128012657,3156.8546677217764,-38.847511291503906,3843.6767578125,78,1.9373345375061035,4.819113254547119,6146.22015551986,2483.542699120224,0.25883469626168226,21.181306213695333,0.009996044382430513,-83.26565551757812,60.70184326171875,-30.735013961791992,15.302181243896484,-0.9182283878326416,1
match6_whistle_0006.mp4,0.1121205985546112,0.029216188937425613,2972.0244787737665,-41.11143112182617,3628.3447265625,36,1.837364912033081,4.705073356628418,5959.499595905172,2488.897817401364,0.16566204202586207,22.377463078141353,-0.004556648783369521,-102.42510986328125,60.729400634765625,-19.960590362548828,37.338417053222656,-2.357098340988159,0
match6_whistle_0007.mp4,0.15374095737934113,0.026460831984877586,2497.999134965996,-41.78860855102539,3660.64453125,40,1.809733271598816,4.608870029449463,5250.692138671875,2380.7708627110615,0.13594563802083334,22.22323148133763,0.006952455757243909,-43.8262825012207,89.74478912353516,-34.4234733581543,3.627794027328491,-11.453553199768066,0
match6_whistle_0008.mp4,0.1466490924358368,0.019512705504894257,2539.6911772512417,-41.633026123046875,3865.2099609375,36,1.8563554286956787,4.943309783935547,5462.316687632415,2473.632194142719,0.13518769862288135,22.60042865641894,-0.001758720809464364,-63.51492691040039,83.79190063476562,-20.60257911682129,2.0975236892700195,-19.51576805114746,1
match6_whistle_0009.mp4,0.07472339272499084,0.013020381331443787,2269.948299100125,-50.29232406616211,3875.9765625,30,1.8071757555007935,4.824609279632568,4114.3798828125,2088.6317653233755,0.15822637648809523,22.759251594004922,-0.007014450172724945,-160.63958740234375,101.06011962890625,-31.297500610351562,26.97801399230957,-10.017991065979004,1
match6_whistle_0010.mp4,0.06161130592226982,0.02202420122921467,2807.244742386926,-41.7833251953125,3779.0771484375,32,1.9293218851089478,4.5662994384765625,5692.510022615132,2507.0911627212977,0.18003015350877194,22.224552160999096,-0.005193635765941355,-156.53997802734375,84.75712585449219,-7.606904983520508,26.755863189697266,-11.408164978027344,0
match6_whistle_0011.mp4,0.08844802528619766,0.014776683412492275,2773.1650456044713,-44.28102111816406,3714.4775390625,53,1.8016982078552246,4.891332626342773,4713.596413352273,2243.114156310453,0.23709753787878787,22.752237244156817,-0.010306443351943178,-172.3560791015625,83.3089599609375,-9.59415054321289,44.492652893066406,-8.51297664642334,1
match6_whistle_0012.mp4,0.14277507364749908,0.02802964486181736,2814.067658528282,-42.62649154663086,3908.2763671875,47,1.8860177993774414,4.79707670211792,5697.034543059593,2440.1471734860056,0.19460278888081395,22.54393433461165,-0.00819466073409564,-58.713043212890625,80.49519348144531,-27.792863845825195,9.962162017822266,-13.401351928710938,1
match6_whistle_0013.mp4,0.13071398437023163,0.021123986691236496,2369.8374426291825,-44.046207427978516,3682.177734375,59,1.8490486145019531,4.793407440185547,4651.63330078125,2239.5334580552217,0.11448102678571428,22.082576408370617,-0.007967747746521583,-80.19266510009766,93.77485656738281,-37.211647033691406,7.262465953826904,-12.838123321533203,0
match6_whistle_0014.mp4,0.08632820844650269,0.03836565464735031,2740.7661807305963,-43.74132537841797,3779.0771484375,39,1.8783648014068604,4.722879886627197,5825.845231681034,2483.084363209598,0.15901973329741378,21.52726784147246,-0.02593490392122818,-100.30819702148438,82.0179214477539,-24.241348266601562,11.441743850708008,-5.007003307342529,0
match6_whistle_0015.mp4,0.10628341883420944,0.06171609088778496,3263.796276929766,-39.16029357910156,3897.509765625,43,1.8332797288894653,4.772670745849609,6423.95459784836,2581.3586960296934,0.2359038806352459,21.42869464928838,0.018495116428181902,-75.51570129394531,61.24829864501953,-21.888992309570312,15.68749713897705,-3.459522247314453,0
match6_whistle_0016.mp4,0.09041642397642136,0.05150048807263374,3230.7328016038537,-41.54395294189453,3854.443359375,67,1.8662283420562744,4.944859504699707,6170.667034646739,2486.139180492529,0.25053074048913043,21.034448759269782,0.0037430041810757888,-100.22534942626953,62.9348030090332,-21.5344295501709,17.927997589111328,-7.808189868927002,1
match6_whistle_0017.mp4,0.12278737127780914,0.042616162449121475,3218.1009258592194,-41.961387634277344,3639.111328125,28,1.8947724103927612,4.822653770446777,6142.431640625,2591.2278844407756,0.18660869295634921,22.192805019553806,0.0032036653406197087,-108.66899108886719,54.38945388793945,-2.080909252166748,30.655805587768555,-2.457094430923462,0
match6_whistle_0018.mp4,0.11927656829357147,0.01631363108754158,2265.3955524140715,-44.56228256225586,3886.7431640625,55,1.845819115638733,4.926760673522949,4382.705965909091,2214.4477117964875,0.13007305194805194,22.82225372053058,-0.008111091835668213,-98.9066390991211,94.58404541015625,-29.935670852661133,14.279026985168457,-8.188509941101074,1
match6_whistle_0019.mp4,0.0856371819972992,0.007234127260744572,2576.3854515149765,-53.40047073364258,3843.6767578125,64,1.8141496181488037,4.9561004638671875,4501.1669262035475,2181.9210326722327,0.21188107052364866,22.69812923273336,-0.006088578587295837,-206.45086669921875,88.2845230102539,1.0688602924346924,50.455902099609375,-9.544876098632812,1
match6_whistle_0020.mp4,0.07436084002256393,0.013136680237948895,2265.3013179062254,-38.174991607666016,3854.443359375,33,1.8261557817459106,4.710534572601318,4714.874267578125,2247.205480107982,0.13334147135416666,22.778804611034857,0.009573902775418582,-141.7831573486328,108.59329986572266,-19.658039093017578,21.89063835144043,-14.510546684265137,0
match6_whistle_0021.mp4,0.08064073324203491,0.026890598237514496,2624.7342366251632,-42.887203216552734,3908.2763671875,38,1.8223439455032349,4.6256890296936035,5148.001598011364,2295.9667239968962,0.17030362215909092,21.764591161474847,0.012780245530421579,-104.59380340576172,91.0029525756836,-33.99036407470703,24.809112548828125,-11.930475234985352,0
match6_whistle_0022.mp4,0.07920146733522415,0.08474413305521011,4046.6059332809887,-36.26991653442383,3606.8115234375,35,1.838327169418335,4.697162628173828,7218.635085533405,2733.266576742537,0.2966645339439655,21.748490325480343,0.015099169274242792,-91.9691390991211,31.829936981201172,-0.9712672233581543,28.782550811767578,-15.146076202392578,0
match6_whistle_0023.mp4,0.07086219638586044,0.06225960701704025,3584.938642448225,-37.97157669067383,3606.8115234375,51,1.8332022428512573,4.864987850189209,6697.804953835227,2617.061338880658,0.25048193993506496,21.738799181625005,0.010021044451706112,-126.43772888183594,48.00832748413086,0.18867334723472595,40.321659088134766,-13.609848976135254,0
match6_whistle_0024.mp4,0.08142663538455963,0.05015994980931282,3030.4756877222953,-33.59902572631836,3832.91015625,49,1.8516241312026978,4.615513801574707,5792.936325073242,2388.6847821860197,0.209991455078125,21.79194719156038,0.010588120521923953,-91.00592803955078,70.43164825439453,-32.837738037109375,17.66259765625,-19.189590454101562,0
match6_whistle_0025.mp4,0.12006575614213943,0.032522790133953094,3129.7007588806773,-40.128318786621094,3660.64453125,30,1.8651665449142456,4.82016134262085,6165.673828125,2620.5930118823185,0.20379083806818182,21.296599715161967,-0.018317010707103162,-89.1981201171875,63.857872009277344,-4.251351833343506,34.59263610839844,-12.184025764465332,0
match6_whistle_0026.mp4,0.13165439665317535,0.015612989664077759,2471.2780438488953,-43.73411178588867,3649.8779296875,66,1.8775010108947754,4.94799280166626,4718.697191321332,2283.0491442045413,0.16361137058423914,21.651694617899132,-0.01851141184997393,-73.8753433227539,94.4619369506836,-27.73297119140625,10.023954391479492,-18.362560272216797,1
match6_whistle_0027.mp4,0.0682719424366951,0.07130789756774902,3590.3028544287945,-27.35794448852539,3811.376953125,43,1.8781768083572388,4.78430700302124,6727.816525021115,2561.175862311109,0.2821407833614865,21.033697607045895,0.003664935107264145,-102.43408966064453,53.337120056152344,-14.186365127563477,24.802576065063477,-20.402061462402344,0
match6_whistle_0028.mp4,0.0914638489484787,0.006380725651979446,2484.072128199721,-46.43075180053711,3897.509765625,65,1.814202904701233,5.067600250244141,4151.150867550872,2055.653595919031,0.19721452579941862,22.988905033649463,0.00879798133405265,-165.1577606201172,101.97435760498047,-19.4361515045166,35.144657135009766,-17.80177116394043,1
match6_whistle_0029.mp4,0.08549465239048004,0.022730838507413864,3325.4175481261486,-37.629459381103516,4048.2421875,54,1.8439112901687622,4.727527618408203,6454.57763671875,2662.8081045722693,0.20714480377906977,22.666998472871008,0.005972533278486043,-142.68814086914062,56.48084259033203,7.5847272872924805,48.28413391113281,-1.8685952425003052,0
match6_whistle_0030.mp4,0.054961178451776505,0.0438898503780365,3469.3087542432354,-32.04818344116211,4080.5419921875,35,1.7996784448623657,4.787796497344971,6693.29613857582,2704.6498729668815,0.2263543801229508,21.6202476769357,-0.007247039115031848,-168.0381622314453,46.64988327026367,15.455742835998535,57.410343170166016,-3.561481475830078,0
match6_whistle_0031.mp4,0.10121848434209824,0.031136536970734596,3194.5732878128515,-38.27585220336914,3800.6103515625,38,1.8403561115264893,4.710797309875488,6385.259331597223,2572.145207735384,0.2003098476080247,22.28631606170359,-0.019606207047933633,-100.19850158691406,60.71162414550781,0.7521017789840698,45.56904602050781,-7.427555084228516,0
match6_whistle_0032.mp4,0.1303728222846985,0.03826162591576576,2882.967820028599,-37.888973236083984,3854.443359375,31,1.8389674425125122,4.729642868041992,6249.747454533812,2622.707678528553,0.16543128842213115,21.534499657999703,-0.01881015841409808,-57.37508773803711,74.44627380371094,-12.592045783996582,27.057504653930664,-4.861198425292969,0
match6_whistle_0033.mp4,0.12464457750320435,0.05274828523397446,3107.4980493819344,-34.10334014892578,4112.841796875,48,1.8628294467926025,4.770995616912842,6564.39697265625,2634.5647550557533,0.20191824776785713,21.555629245279416,-0.0021610935548922114,-44.989898681640625,68.69580841064453,-21.234527587890625,18.490747451782227,-8.372894287109375,0
match6_whistle_0034.mp4,0.09483559429645538,0.029868407174944878,2677.3163921906985,-40.977108001708984,3746.77734375,38,1.8298991918563843,4.676557540893555,5156.663818359375,2326.3509151020044,0.176318359375,22.834172200404918,-0.023509894384022456,-93.63053131103516,92.05763244628906,-24.762468338012695,18.15088653564453,-18.97153663635254,0
match6_whistle_0035.mp4,0.11311162263154984,0.037108369171619415,3214.61567349135,-35.77559280395508,3628.3447265625,38,1.8240400552749634,4.771294593811035,6659.9326171875,2706.803357471747,0.21967447916666666,21.837711856921132,-0.018958664685073068,-79.77143859863281,66.0237808227539,-6.084689140319824,36.4016227722168,1.8407928943634033,0
match6_whistle_0036.mp4,0.14392372965812683,0.022562183439731598,2459.8009152245813,-43.09050369262695,3606.8115234375,52,1.890531063079834,4.994626998901367,4852.911071777344,2318.439696875899,0.147943115234375,22.67986384537153,0.004473480409918673,-56.896026611328125,90.8878402709961,-32.63367462158203,4.223883628845215,-13.132898330688477,1
match6_whistle_0037.mp4,0.04688525199890137,0.035075943917036057,2645.610596920713,-42.49143981933594,3736.0107421875,41,1.8143203258514404,4.717256546020508,5505.7708740234375,2444.118046645062,0.15935407366071427,21.066314286730552,-0.010571453524778248,-156.45091247558594,87.10179138183594,-29.634700775146484,9.29759693145752,-7.933728218078613,0
match6_whistle_0038.mp4,0.07482193410396576,0.034664954990148544,2741.1744594097963,-41.647640228271484,3951.3427734375,52,1.9134652614593506,4.80340051651001,5848.05908203125,2566.4492266617226,0.161328125,20.743226674275277,-0.012344236146662042,-137.5446319580078,76.94294738769531,-7.035412311553955,32.92811965942383,0.3172699213027954,0
match6_whistle_0039.mp4,0.09380054473876953,0.007083576172590256,2527.0646895702484,-47.65398025512695,3865.2099609375,32,1.8955864906311035,4.824343204498291,4780.123585668103,2356.9893232904174,0.19638447377873564,22.87956658719899,-0.013552381915614333,-165.71142578125,89.24919891357422,-1.1591169834136963,38.222999572753906,-14.875022888183594,1
match6_whistle_0040.mp4,0.12730340659618378,0.011743642389774323,2126.7651850616576,-42.51128005981445,3897.509765625,43,1.8755531311035156,4.939314842224121,4061.95854291524,2073.3115260660697,0.14586900684931506,23.070889222614383,0.0040955283603702815,-73.03343200683594,109.90216827392578,-37.277828216552734,16.671493530273438,-10.926553726196289,1
match6_whistle_0041.mp4,0.0899023786187172,0.027334146201610565,3237.3084826817367,-42.20475387573242,3886.7431640625,55,1.8643611669540405,5.051790714263916,6356.148231907895,2557.5373435465126,0.24344675164473684,22.65859413804873,0.019856756385467845,-139.52096557617188,62.98831558227539,-1.1635431051254272,47.9509391784668,-2.8369226455688477,1
match6_whistle_0042.mp4,0.06768389046192169,0.027184540405869484,3611.407481397897,-36.57423782348633,3628.3447265625,38,1.96016526222229,4.534956932067871,6593.925701203893,2623.154032008032,0.23108510502049182,22.059563235700807,-0.0033487916319849802,-176.08880615234375,39.87004089355469,19.633134841918945,63.08037567138672,-6.289373874664307,0
match6_whistle_0043.mp4,0.05910712108016014,0.026511041447520256,3314.3718913876587,-35.2705192565918,4134.375,38,1.881332278251648,4.7534403800964355,6211.772208378233,2533.721647484636,0.22227741109913793,22.40786510988709,-0.004819072685788861,-161.79469299316406,60.57886505126953,-5.884975910186768,40.12130355834961,-13.891397476196289,0
match6_whistle_0044.mp4,0.08861780911684036,0.02758950926363468,2927.8873096525967,-43.230079650878906,3994.4091796875,42,1.8266150951385498,4.698819637298584,6070.7209182997885,2605.8803611488524,0.17780885858050846,20.96850556687286,-0.002543660907625946,-144.37513732910156,64.27198028564453,8.502167701721191,45.98665237426758,-1.3450831174850464,0
match6_whistle_0045.mp4,0.16595466434955597,0.008854969404637814,2122.7587549675,-47.70083236694336,3865.2099609375,40,1.832220196723938,4.782148838043213,4465.776248094512,2274.8730392884454,0.09628072599085366,23.172255319260568,0.01241235253235166,-85.39327239990234,95.3387451171875,-22.664731979370117,17.817298889160156,-3.9989426136016846,1
match6_whistle_0046.mp4,0.09229253232479095,0.015574994497001171,2798.9915641754997,-43.81315231323242,3822.1435546875,36,1.8392431735992432,4.967832565307617,4986.73095703125,2260.019920001003,0.21089409722222222,22.318523875026923,-0.008937139427024881,-154.50509643554688,81.91047668457031,-16.49022674560547,30.8089599609375,-12.628016471862793,1
match6_whistle_0047.mp4,0.15351805090904236,0.02295389212667942,2676.6160289665,-45.871551513671875,3725.244140625,64,1.8336881399154663,4.945580959320068,5190.253111373547,2423.394905557228,0.15856081940406977,23.051881082540113,0.012974699681815846,-89.87202453613281,79.11767578125,-12.014232635498047,18.39874839782715,-9.31735610961914,1
match6_whistle_0048.mp4,0.035011302679777145,0.029199115931987762,2939.8665215475385,-34.36516571044922,3639.111328125,56,1.8207961320877075,4.70408821105957,5699.462890625,2434.732689388886,0.2049618675595238,22.095920792098738,-0.004054695773369195,-193.21746826171875,83.5816421508789,1.4498183727264404,35.74072265625,-21.559415817260742,0
match6_whistle_0049.mp4,0.09708897024393082,0.015911104157567024,2719.9683947510475,-47.030616760253906,3854.443359375,65,1.8588252067565918,5.1318535804748535,4700.9375,2295.362470323028,0.231787109375,23.089357771839822,0.001507684112323949,-141.96083068847656,89.93771362304688,-14.665794372558594,27.0045108795166,-7.049502849578857,1
match6_whistle_0050.mp4,0.11272592842578888,0.022996921092271805,3540.20488739103,-37.175357818603516,4231.2744140625,37,1.8828257322311401,4.690678596496582,6568.46809387207,2586.7504879287103,0.238677978515625,23.090339769103714,-0.013599664238682488,-117.92527770996094,45.3985595703125,5.295689582824707,50.76112365722656,-9.499395370483398,0
match6_whistle_0051.mp4,0.08154691755771637,0.03850296512246132,3230.124236514006,-39.55424499511719,4392.7734375,59,1.8586535453796387,4.7230610847473145,6103.630672089041,2538.2024107483076,0.2160075984589041,22.553135376897348,-0.021312993642547476,-128.244140625,61.22999572753906,-11.395947456359863,40.97526931762695,-7.134549140930176,0
match6_whistle_0052.mp4,0.17352178692817688,0.018531112000346184,2420.727535217792,-44.94047164916992,3639.111328125,63,1.8368557691574097,4.780353546142578,5054.278564453125,2423.395579088979,0.12303524925595238,21.852452051312156,0.022783450529794292,-48.32643508911133,91.0188980102539,-21.20738410949707,11.71741771697998,-6.224414825439453,1
match6_whistle_0053.mp4,0.07982243597507477,0.007361960597336292,2455.3548362901192,-45.43974304199219,3789.84375,62,1.7956687211990356,4.908578872680664,4314.560883620689,2105.9977421493677,0.19938151041666666,23.754978782048877,-0.0004910024760368626,-183.80532836914062,91.66004943847656,-13.395503997802734,48.343807220458984,-5.446219444274902,1
match6_whistle_0054.mp4,0.11824142932891846,0.04176164045929909,3371.9930645900054,-38.34120178222656,3789.84375,70,1.849526047706604,4.738378524780273,6488.127136230469,2617.870991764295,0.21660940987723215,21.841308977238693,-0.0016944788306153106,-86.67555236816406,56.27982711791992,0.27054357528686523,36.05793380737305,-10.808700561523438,0
match6_whistle_0055.mp4,0.09953270852565765,0.03776386380195618,3252.6360852373796,-42.08578109741211,3789.84375,41,1.8003040552139282,4.732765197753906,6669.167143723061,2817.3679670001516,0.1815143453663793,21.52907229271643,0.0014409779417394286,-108.06639862060547,57.10359191894531,10.243934631347656,36.430965423583984,-10.078985214233398,0
match6_whistle_0056.mp4,0.09382651001214981,0.0424526184797287,3531.8741066264442,-35.2234001159668,4123.6083984375,36,1.8781180381774902,4.737764358520508,6756.2239400456465,2653.9130230598635,0.260473358497191,22.49757775877497,-0.014904158138519806,-96.25508880615234,59.42472839355469,-6.478813171386719,27.03850746154785,-16.807613372802734,0
match6_whistle_0057.mp4,0.13904598355293274,0.03580638766288757,3174.645981117261,-41.02432632446289,3660.64453125,39,1.8889532089233398,4.862286567687988,6013.315200805664,2546.269358662281,0.20481109619140625,23.048825470462905,0.0021634608829405252,-82.02887725830078,62.167137145996094,-9.443628311157227,23.820201873779297,-12.374956130981445,0
match6_whistle_0058.mp4,0.16422028839588165,0.016550395637750626,2344.0635188297156,-45.29702377319336,3660.64453125,45,1.9050354957580566,5.008163928985596,4891.862086245888,2375.2102287004172,0.11268374794407894,23.356321708135965,0.016435175368520603,-76.83987426757812,92.13322448730469,-18.03861427307129,11.266005516052246,-10.137402534484863,1
match6_whistle_0059.mp4,0.10425369441509247,0.0031921027693897486,1894.7492405436192,-49.934120178222656,3660.64453125,51,1.801505208015442,4.8722825050354,3956.9473057577056,2179.5284927630805,0.08654617936643835,23.58369362964224,0.012495240909175243,-188.65740966796875,103.45977783203125,-7.516597270965576,42.058555603027344,-1.6785956621170044,1
match6_whistle_0060.mp4,0.06013667955994606,0.07365532964468002,4241.738887758945,-29.300764083862305,3865.2099609375,36,1.915126085281372,4.702760219573975,7365.3167724609375,2682.9758885508063,0.34074183872767855,20.883305791629912,-7.655858951188348e-05,-146.1255645751953,31.672101974487305,11.469484329223633,41.637123107910156,-18.810293197631836,0
match6_whistle_0061.mp4,0.09287556260824203,0.053833626210689545,3366.110664890407,-31.07391929626465,3875.9765625,62,1.8170338869094849,4.665988922119141,6332.489691840277,2529.5663148059234,0.25438850308641975,21.343741663412334,-0.007433349497805345,-87.45852661132812,63.20158004760742,-15.633627891540527,27.09370994567871,-13.468249320983887,0
match6_whistle_0062.mp4,0.0643470361828804,0.016783136874437332,2496.9056569065187,-35.80698013305664,3714.4775390625,34,1.8499587774276733,4.8405046463012695,4882.745050979873,2313.730384702117,0.15701966366525424,22.504940209553123,0.0047409424498011,-137.47589111328125,99.0898208618164,-22.983055114746094,21.80366325378418,-16.71087646484375,0
match6_whistle_0063.mp4,0.06023455411195755,0.027902672067284584,2719.6253187776465,-41.559749603271484,4188.2080078125,39,1.8889573812484741,4.6834516525268555,5509.6160888671875,2444.065333689764,0.15721784319196427,22.902056854900128,0.01179539650188363,-156.4921112060547,85.28864288330078,-14.122485160827637,21.489688873291016,-9.001762390136719,0
match6_whistle_0064.mp4,0.11412189155817032,0.06935547292232513,3417.9535549637526,-39.96150207519531,3617.578125,32,1.8127050399780273,4.662322521209717,6679.176005379099,2620.151159671807,0.22450531506147542,21.751800231966488,-0.006186897028937824,-63.425636291503906,46.96540451049805,-14.93628215789795,25.194238662719727,-9.669047355651855,0
match6_whistle_0065.mp4,0.17417724430561066,0.011150635778903961,2206.0884847685797,-45.896244049072266,3606.8115234375,47,1.8270381689071655,4.911888122558594,4541.0654296875,2361.6490100550413,0.10106770833333334,23.415698977771584,0.03606862352722015,-70.15685272216797,94.31459045410156,-18.255178451538086,9.392460823059082,-10.432372093200684,1
match6_whistle_0066.mp4,0.0724453255534172,0.005581165198236704,2138.5585963157305,-48.9288444519043,3617.578125,63,1.8660187721252441,4.995477199554443,4134.789100060096,2153.069172590253,0.14890700120192307,22.638706778310336,0.008869975271313038,-194.50086975097656,99.92356872558594,-11.560198783874512,40.00985336303711,-0.02206229604780674,1
match6_whistle_0067.mp4,0.07481731474399567,0.06606633216142654,4111.842017456741,-35.36608123779297,3660.64453125,46,1.906442403793335,4.714559555053711,7135.3515625,2671.0136566762717,0.3036566840277778,21.086857732251257,-0.007720760765082975,-132.10606384277344,23.381061553955078,16.680706024169922,52.16461944580078,-10.915731430053711,0
match6_whistle_0068.mp4,0.11491882055997849,0.050245266407728195,3958.2256992384528,-39.4229621887207,3671.4111328125,37,1.8958300352096558,4.773209095001221,7167.02660732582,2798.8143030304836,0.2693871670081967,21.095007637844315,-0.005195372078257186,-104.3287124633789,27.626708984375,20.80105972290039,51.73374938964844,-3.874345302581787,0
match6_whistle_0069.mp4,0.14009733498096466,0.05257942155003548,3597.5597778513343,-38.64289855957031,3800.6103515625,35,1.8768377304077148,4.773277282714844,7023.1705949113175,2819.152241569472,0.22721574113175674,21.37317862281526,-0.010858563771368679,-70.8375015258789,43.49696350097656,14.62829303741455,42.62762451171875,-4.226565837860107,0
match6_whistle_0070.mp4,0.12148686498403549,0.05465161055326462,3208.51286191869,-38.39250946044922,3789.84375,36,1.8878214359283447,4.762207984924316,6618.7281366604475,2693.1665765340595,0.1994082322761194,20.953770794191723,-0.007586557672919719,-70.58143615722656,60.08151626586914,-3.0040762424468994,35.10597229003906,-6.830841541290283,0
match6_whistle_0071.mp4,0.0786447674036026,0.07174334675073624,3428.855664768532,-32.841556549072266,3789.84375,30,1.8618195056915283,4.7788543701171875,6511.718455854669,2589.60916919064,0.2495176016566265,20.960102458184025,-0.012431472628756534,-84.6314926147461,57.750919342041016,-15.578688621520996,24.8115234375,-14.835536003112793,0
match6_whistle_0072.mp4,0.10213562101125717,0.043758783489465714,3176.275403021529,-42.253883361816406,3811.376953125,26,1.8760141134262085,4.7602715492248535,6042.755126953125,2545.119802560792,0.2053493923611111,21.718881034203932,-0.015557325243191596,-93.61375427246094,64.40235900878906,-12.10609245300293,22.027748107910156,-20.337282180786133,0
match6_whistle_0073.mp4,0.0986461490392685,0.04850364848971367,3079.0757683431884,-42.83732223510742,4091.30859375,31,1.8612345457077026,4.924775123596191,6184.923206676136,2583.480339655703,0.17993607954545454,21.71509580816602,-0.013336846226422268,-96.77143859863281,66.20989990234375,-13.474616050720215,17.312223434448242,-23.111652374267578,0
match6_whistle_0074.mp4,0.1189899817109108,0.028954291716217995,3232.4369913215187,-37.20820236206055,4037.4755859375,47,1.868626594543457,4.760788917541504,6660.2197265625,2716.0246537756852,0.209820556640625,21.826078958493337,0.00018514849191974154,-102.8651123046875,64.4617919921875,6.907678127288818,35.661354064941406,-13.059582710266113,0
match6_whistle_0075.mp4,0.09963677823543549,0.0313662551343441,3027.303687994756,-37.943031311035156,4091.30859375,31,1.8277344703674316,4.644942283630371,6065.866194100216,2485.8617883866655,0.1998754040948276,22.776892653617907,-0.004945477664974193,-83.7320327758789,72.3123550415039,-30.079015731811523,11.200181007385254,-14.607077598571777,0
match6_whistle_0076.mp4,0.07757925987243652,0.04819043353199959,3628.9492006596383,-37.55194854736328,3908.2763671875,27,1.8578215837478638,4.820903778076172,7031.349031690141,2654.575134186792,0.2731692891725352,22.140994443687276,-0.00808048480523131,-122.46717071533203,57.94136428833008,-11.381126403808594,15.931865692138672,-19.080608367919922,0
match6_whistle_0077.mp4,0.04848005995154381,0.05978992208838463,3788.0118328893554,-27.608606338500977,3854.443359375,36,1.875018835067749,4.855578422546387,7165.7944899338945,2670.4820118360617,0.295166015625,21.690688423056535,-0.011556495822109917,-151.91954040527344,50.955970764160156,-2.0717434883117676,26.840919494628906,-15.781621932983398,0
match6_whistle_0078.mp4,0.08466178923845291,0.053872499614953995,3464.5075865944746,-34.70851516723633,3919.04296875,29,1.8949631452560425,4.886070251464844,6476.6876220703125,2597.5117378263726,0.22996303013392858,21.840709491393945,-0.010511162350593716,-111.56055450439453,46.609100341796875,-3.6592023372650146,36.16443634033203,-8.372974395751953,0
match6_whistle_0079.mp4,0.07301580160856247,0.0671144649386406,3414.38449892955,-28.83815574645996,4134.375,52,1.8723982572555542,4.864938259124756,6371.6064453125,2584.0489471932337,0.24366009424603174,21.487902112804438,-0.017021112384991224,-95.66938018798828,59.090293884277344,-14.721440315246582,15.102548599243164,-21.9351749420166,0
match6_whistle_0080.mp4,0.10251321643590927,0.04532589763402939,3185.2818278282593,-38.469356536865234,4134.375,48,1.8897148370742798,4.730929851531982,6211.586577316811,2600.402276458685,0.20371991738505746,21.642961587659492,-0.0009942499826744743,-99.58646392822266,61.832801818847656,-7.232215404510498,32.25449752807617,-10.522455215454102,0
match6_whistle_0081.mp4,0.06644324958324432,0.0572299025952816,3550.139327763847,-34.66336441040039,3628.3447265625,53,1.8434795141220093,4.704212665557861,6673.043231110075,2520.672522414883,0.2568359375,21.346858400578885,-0.011126140693092474,-122.67059326171875,42.72895050048828,-20.038949966430664,31.178525924682617,-6.498453617095947,0
match6_whistle_0082.mp4,0.08865366131067276,0.021399429067969322,2895.2170042582725,-39.16315841674805,3779.0771484375,45,1.8458001613616943,4.848985195159912,5981.015396118164,2565.687464717956,0.176116943359375,21.789184081798304,0.007039485240786733,-127.66358947753906,79.51190185546875,-1.6566529273986816,27.146991729736328,-27.67032241821289,0
match6_whistle_0083.mp4,0.12712810933589935,0.027748309075832367,2600.267879842507,-42.08427810668945,3660.64453125,68,1.8565517663955688,4.780452728271484,5207.56591796875,2384.1538692657095,0.15951063368055557,21.87787758436696,-0.012319698880312178,-57.70421600341797,89.4042739868164,-25.565168380737305,11.115921974182129,-14.53670883178711,1
match6_whistle_0084.mp4,0.06200545281171799,0.03097541816532612,3034.7898538797863,-40.46486282348633,3617.578125,59,1.8690682649612427,5.062503814697266,5468.4765625,2379.6449875732624,0.25437825520833335,21.554762037763453,-0.003173445419145546,-155.7941131591797,75.00883483886719,-19.157304763793945,26.483675003051758,-4.825291156768799,1
match6_whistle_0085.mp4,0.039616409689188004,0.03645253926515579,2817.929992046447,-39.172645568847656,3951.3427734375,61,1.7912503480911255,4.71438455581665,5802.219460227273,2498.1111681282628,0.1667184540719697,20.959043538413543,-0.0036057349396180125,-200.51380920410156,71.8801040649414,-3.155498504638672,46.96367645263672,0.8576630353927612,0
match6_whistle_0086.mp4,0.05261319503188133,0.04081179201602936,4137.588756533954,-28.644309997558594,4134.375,48,1.8463653326034546,4.679234027862549,7284.719743399784,2635.7798662974938,0.3093177532327586,22.135708423565696,-0.003993166603496143,-182.8839111328125,27.441417694091797,24.73269271850586,56.1239128112793,-8.648550987243652,0
match6_whistle_0087.mp4,0.04335801675915718,0.04559854045510292,3777.026722623543,-26.863624572753906,4145.1416015625,66,1.8655195236206055,4.780948162078857,6658.902023087687,2502.2988358711086,0.2816435401119403,22.1474743643112,-0.012125576995764917,-188.45884704589844,37.520626068115234,12.889681816101074,60.663936614990234,-10.86318302154541,0
match6_whistle_0088.mp4,0.11267968267202377,0.03201955929398537,2735.314868270835,-41.823265075683594,4252.8076171875,44,1.8606178760528564,4.7663726806640625,5480.842977495336,2436.39803914842,0.16173041044776118,21.660373385746645,-0.0071912406225748664,-79.100341796875,81.4267807006836,-15.754986763000488,26.138216018676758,-2.5721120834350586,0
match6_whistle_0089.mp4,0.07567457854747772,0.056499939411878586,3791.641597261613,-31.145795822143555,3714.4775390625,74,1.8198829889297485,4.8037238121032715,6978.48046875,2622.575640291182,0.26572265625,21.904894385079313,-0.008261252080347998,-118.46588897705078,38.79895782470703,8.460541725158691,43.040496826171875,-17.25787925720215,0
match6_whistle_0091.mp4,0.11460041254758835,0.012242562137544155,2685.2979960032044,-43.68119812011719,3757.5439453125,62,1.8856714963912964,4.742693901062012,4809.0123445084955,2286.142798290903,0.2001953125,22.33456333834686,-0.0012598227361078447,-128.35894775390625,86.29805755615234,-10.209368705749512,30.555173873901367,-14.985383987426758,1
match6_whistle_0092.mp4,0.16186262667179108,0.02086484245955944,2543.378572036959,-40.6468620300293,3628.3447265625,60,1.8183660507202148,4.7914910316467285,5297.299268769055,2442.017408295578,0.12776295731707318,22.456823169378552,-0.008677035017047058,-52.60609436035156,85.38265228271484,-24.71958351135254,4.043283939361572,-14.445303916931152,1
match6_whistle_0093.mp4,0.08891180902719498,0.057524777948856354,2947.7702809008233,-39.059913635253906,3768.310546875,51,1.8056761026382446,4.8274149894714355,5794.078297334559,2472.9152998294303,0.2115291819852941,21.369670482495927,-0.00461539395261147,-87.02229309082031,68.69588470458984,-28.066452026367188,9.50197982788086,-10.9395751953125,1
match6_whistle_0094.mp4,0.10045669972896576,0.026779018342494965,2833.0755191436056,-37.70832824707031,3617.578125,47,1.875030279159546,4.755186080932617,5620.957677504595,2356.6283317264747,0.19736615349264705,22.497195589821892,0.003261314946567497,-88.55231475830078,82.02010345458984,-33.72837448120117,26.595050811767578,-7.801013946533203,0
match6_whistle_0095.mp4,0.057939983904361725,0.031824175268411636,2918.642548839993,-36.59599685668945,4091.30859375,34,1.8319668769836426,4.68964147567749,5744.724457839439,2455.529346637387,0.20485082165948276,21.599881434510966,0.0011724908006528134,-143.42601013183594,83.72972869873047,-24.019065856933594,32.244110107421875,-4.1508026123046875,0
match6_whistle_0096.mp4,0.1740516573190689,0.01744198054075241,2490.8822066472057,-43.76481246948242,3606.8115234375,52,1.8689535856246948,4.818580627441406,5489.280461690512,2487.466602350431,0.11745223079819277,22.275970564875895,0.013506368997817788,-54.470645904541016,83.60353088378906,-18.314077377319336,18.081382751464844,-4.437499046325684,1
match6_whistle_0097.mp4,0.14222440123558044,0.004085703287273645,1804.3624175710286,-52.843772888183594,3757.5439453125,56,1.7582038640975952,4.7482733726501465,4119.928673852848,2299.3338180448977,0.04801226265822785,22.69862535573428,0.06380865969967923,-194.53343200683594,89.0896987915039,2.5398783683776855,45.79863739013672,2.8052823543548584,1
match6_whistle_0098.mp4,0.06967109441757202,0.020387381315231323,2398.8610681342207,-37.22539520263672,3843.6767578125,45,1.8347855806350708,4.812635898590088,4467.2272245762715,2139.5897533849356,0.15273271980932204,21.586333584565132,0.01000418582427358,-115.34130859375,100.39813232421875,-44.82155990600586,17.224210739135742,-14.768747329711914,0
match6_whistle_0099.mp4,0.08935388177633286,0.00966270174831152,3550.5615680810456,-41.69161605834961,3649.8779296875,98,1.8292500972747803,5.104281425476074,6448.9892578125,2566.513386734925,0.2903227306547619,23.25070212229543,-0.007953802291661639,-157.2057342529297,42.167354583740234,23.634206771850586,43.21629333496094,-6.062051296234131,1
match6_whistle_0100.mp4,0.040709659457206726,0.02290123701095581,2660.601581903341,-36.57135009765625,4188.2080078125,30,1.8709473609924316,4.675118923187256,5030.594889322917,2275.3665220887265,0.18168583622685186,22.66965091536647,-0.004360140534078313,-182.67498779296875,90.27415466308594,-12.732574462890625,34.04853820800781,-11.262334823608398,0
match6_whistle_0101.mp4,0.0766909196972847,0.013749302364885807,2558.0156245175535,-45.67866516113281,3843.6767578125,34,1.8119958639144897,4.9597649574279785,4728.153076171875,2251.7141132078013,0.2051513671875,23.023257524870065,-0.0027918022046627454,-158.51600646972656,91.38520812988281,-17.843137741088867,22.140155792236328,-17.4483585357666,1
match6_whistle_0102.mp4,0.1239013522863388,0.023019226267933846,2541.15062071154,-39.40821075439453,3875.9765625,39,1.8942409753799438,5.042177200317383,4633.818646599265,2225.0351580907927,0.19361213235294117,22.417279897619924,-0.012982607476202097,-73.38436889648438,88.32614135742188,-34.966156005859375,15.415473937988281,-11.362205505371094,1
match6_whistle_0103.mp4,0.11370120197534561,0.002866682829335332,2133.63922962652,-50.96686935424805,3606.8115234375,79,1.8484632968902588,4.980332851409912,4444.031823199728,2339.8795283795102,0.09068762737771739,23.029893085029858,0.04973726113314521,-216.12509155273438,84.41395568847656,8.58814811706543,53.306644439697266,2.8190596103668213,1
match6_whistle_0104.mp4,0.1401800960302353,0.014855648390948772,2831.7742706616027,-45.841609954833984,3972.8759765625,56,1.8288310766220093,5.013982772827148,5886.836354325457,2625.2831198000436,0.11884884717987805,23.15753596529468,0.06460710313896395,-142.47555541992188,58.448486328125,14.499065399169922,48.248138427734375,-5.55334997177124,1
match6_whistle_0105.mp4,0.12224458158016205,0.025153765454888344,2638.1676580638564,-42.56170654296875,3886.7431640625,52,1.8708053827285767,4.789327621459961,5533.116896609043,2526.3809020776616,0.13546687998670212,21.934290876376153,0.0339730473653965,-88.19813537597656,82.13211822509766,-9.995348930358887,26.64169692993164,-3.6507155895233154,1
match6_whistle_0106.mp4,0.07043656706809998,0.03400751203298569,3326.394983797848,-34.79907989501953,3692.9443359375,42,1.9124248027801514,4.672202110290527,6349.6504934210525,2494.7646498679824,0.22000925164473684,22.18989674784547,-3.215967077475422e-05,-154.5010986328125,58.077545166015625,-2.2234244346618652,49.158782958984375,-9.118380546569824,0
match6_whistle_0107.mp4,0.08161691576242447,0.03920043259859085,3567.2157082976005,-43.54679489135742,3725.244140625,42,1.9068500995635986,4.70426082611084,6652.717836441532,2605.66054756664,0.22438886088709678,21.83226083630433,-0.017961830790206877,-147.28912353515625,30.19748306274414,14.836585998535156,63.49508285522461,-1.7498183250427246,0
match6_whistle_0108.mp4,0.06380850076675415,0.024864740669727325,2567.960787421182,-41.51739501953125,3617.578125,48,1.9362552165985107,4.764067649841309,5171.962811869959,2373.024140490747,0.1406801285282258,22.129115885256596,0.0031281603055721917,-166.3988494873047,95.50078582763672,-2.646561622619629,32.80793380737305,-22.03289031982422,0
match6_whistle_0109.mp4,0.10190258920192719,0.04473960027098656,3571.059689535887,-31.892663955688477,3875.9765625,70,1.8219811916351318,4.885051250457764,6912.626316236413,2688.2927775758294,0.24971870754076086,22.574762026351785,-0.007311095983773805,-106.08810424804688,51.73085021972656,10.760891914367676,39.955238342285156,-16.56493377685547,0
match6_whistle_0110.mp4,0.08585003763437271,0.030067889019846916,3405.965186339571,-36.157779693603516,3865.2099609375,65,1.816880226135254,5.020341396331787,6591.56680836397,2604.632915524823,0.23759765625,23.515132268435764,-0.004208843882948154,-142.85836791992188,52.256134033203125,1.3044006824493408,43.78617477416992,-5.8373799324035645,1
match6_whistle_0111.mp4,0.08589709550142288,0.023273194208741188,3038.908339706815,-41.759193420410156,3671.4111328125,49,1.810433268547058,4.860750675201416,6275.7692307692305,2607.1019122616126,0.15718900240384615,23.751181147644992,-0.02797897597545716,-140.05120849609375,62.65521240234375,-8.654595375061035,31.236562728881836,-7.9771552085876465,0
match6_whistle_0112.mp4,0.18462054431438446,0.02025521732866764,2264.167932341615,-45.80859375,3789.84375,38,1.8618849515914917,4.595101833343506,4816.848982625933,2348.8129654677305,0.1043828708022388,22.42709201325283,0.011165589128550162,-40.6192741394043,96.968505859375,-24.868066787719727,5.122159004211426,-11.115610122680664,0
match6_whistle_0113.mp4,0.10585267096757889,0.022786445915699005,2420.0920773296825,-41.63114929199219,4328.173828125,55,1.8675402402877808,4.877983093261719,4853.648262593284,2269.5450057422904,0.1253935401119403,21.832657462687013,-0.04244817802157751,-95.01475524902344,92.3700180053711,-33.966224670410156,10.045731544494629,-20.169538497924805,0
match6_whistle_0114.mp4,0.09118251502513885,0.021589651703834534,2611.4486498833517,-41.485408782958984,3746.77734375,48,1.819286584854126,4.940183639526367,5100.78515625,2351.619421037381,0.2046923828125,22.19494188670617,-0.018616209876982842,-133.2162628173828,91.54290008544922,-13.050766944885254,26.553422927856445,-16.773950576782227,1
match6_whistle_0115.mp4,0.074375219643116,0.010811162181198597,2362.218583664269,-47.299278259277344,3714.4775390625,56,1.8253463506698608,4.731056213378906,5139.683610301907,2354.291749140141,0.12197927701271187,22.302911471747063,-0.03561133807078722,-162.6420440673828,101.47888946533203,-9.174190521240234,15.808216094970703,-25.606428146362305,0
match6_whistle_0116.mp4,0.05342917516827583,0.04245064780116081,3062.7525902130606,-35.19881820678711,3725.244140625,39,1.7832038402557373,4.6890950202941895,6194.195877878289,2579.94536663051,0.20297080592105263,21.252189913419578,-0.01148726625820545,-148.4965362548828,74.30130767822266,-5.475452423095703,28.744632720947266,-19.77953338623047,0
match6_whistle_0117.mp4,0.15085673332214355,0.019602175801992416,2598.786856314093,-40.49208068847656,3606.8115234375,42,1.882302165031433,4.8167924880981445,5433.937454223633,2432.4622144432974,0.14188385009765625,22.9908604685314,-0.012244093795515505,-69.56326293945312,82.441650390625,-13.357040405273438,20.99355125427246,-15.627741813659668,0
match6_whistle_0118.mp4,0.1848137378692627,0.00869838148355484,2202.3901404018447,-48.041038513183594,3929.8095703125,34,1.8344324827194214,4.98939847946167,4779.066051136364,2377.934530653545,0.0986032196969697,24.23930487999075,0.02204978450085043,-73.1099853515625,91.09358215332031,-16.061330795288086,9.11978530883789,-6.19625997543335,1
match6_whistle_0119.mp4,0.0540241114795208,0.011218133382499218,2320.0337818098355,-45.15412139892578,3671.4111328125,77,1.8207874298095703,5.107678413391113,4272.357498972039,2188.849610509231,0.17445775082236842,22.176555999198197,-0.00014965374046085547,-195.2106475830078,101.50616455078125,-14.898151397705078,31.490880966186523,-7.0845046043396,1
match6_whistle_0120.mp4,0.06019562482833862,0.016608314588665962,2896.872353905765,-37.72740173339844,3789.84375,30,1.8438414335250854,4.804144859313965,6028.423907305743,2565.5663330989073,0.20009633657094594,23.45217661893202,-0.008920560884890712,-177.14247131347656,89.49291229248047,-8.448151588439941,33.871219635009766,-10.344464302062988,0
match6_whistle_0121.mp4,0.05708424374461174,0.021885933354496956,3154.149908462943,-41.310272216796875,3768.310546875,33,1.8130536079406738,4.825170993804932,6656.304598721591,2704.98111428783,0.20628551136363638,23.17408996845114,-0.028374994244357136,-170.70986938476562,82.15184020996094,-1.8585004806518555,29.997987747192383,-9.873997688293457,0
match6_whistle_0122.mp4,0.08078394085168839,0.04811668023467064,3330.060911994803,-32.48888397216797,4220.5078125,42,1.863377332687378,4.708811283111572,6685.378139833861,2703.9837102450083,0.2191146657436709,21.808610443458335,-0.002173724542265501,-120.39261627197266,61.55717086791992,1.538074016571045,31.861494064331055,-12.393045425415039,0
match6_whistle_0123.mp4,0.11193469911813736,0.01787564717233181,2478.230181525045,-42.85274124145508,3692.9443359375,67,1.8579298257827759,4.97062349319458,4780.239793730945,2294.1812481034535,0.16018602324695122,22.152290096977953,0.011816225306610544,-104.69407653808594,91.06766510009766,-23.686765670776367,24.073680877685547,-4.107144832611084,1
match6_whistle_0124.mp4,0.07711677998304367,0.0061080181039869785,2515.808216814882,-45.73704147338867,3617.578125,83,1.765876054763794,5.049663066864014,4698.724365234375,2285.819712299401,0.1789703369140625,24.101100388060978,-0.006699577437879557,-198.9361572265625,91.62774658203125,-1.6152172088623047,39.00741958618164,-13.238243103027344,1
match6_whistle_0125.mp4,0.17944584786891937,0.011613437905907631,2178.025794975375,-45.88351058959961,3875.9765625,53,1.8105628490447998,4.961249351501465,4359.9786166487065,2248.137705091965,0.11635124820402298,23.29036452635456,0.003820463022465296,-68.65325164794922,97.02867126464844,-23.232027053833008,22.35694122314453,-1.2865190505981445,1
match6_whistle_0126.mp4,0.09885835647583008,0.006170606706291437,2009.716262137396,-49.62120819091797,3639.111328125,89,1.7701537609100342,5.191832065582275,3975.0089825324294,2093.6016039497,0.11807654038915094,22.88811079905767,-0.007754143829704774,-187.4930877685547,106.84065246582031,-16.060951232910156,38.43556213378906,-3.327968120574951,1
match6_whistle_0127.mp4,0.14353276789188385,0.0156411062926054,2369.7701196269404,-45.45123291015625,3671.4111328125,58,1.8099464178085327,4.973644256591797,5113.156960227273,2404.9369315985678,0.10613458806818182,23.118538365887918,0.028298662504982634,-76.26676940917969,88.3732681274414,-22.726886749267578,11.193695068359375,-7.015506744384766,1
match6_whistle_0128.mp4,0.13261431455612183,0.005291391164064407,1959.9979658657974,-48.516963958740234,3757.5439453125,76,1.8474349975585938,4.920228958129883,4073.3642578125,2234.261058900516,0.07421313757183907,22.523815629031283,0.0046271740140994885,-147.4326934814453,95.36949920654297,-15.524312019348145,42.111331939697266,8.658045768737793,1
match6_whistle_0129.mp4,0.0949028953909874,0.01972242444753647,2970.7914133692243,-40.49159622192383,3649.8779296875,134,1.7801125049591064,5.25699520111084,5766.829170767716,2413.9364053775344,0.25359867125984253,22.536505806482023,-0.017872563671688248,-98.00804138183594,64.5501937866211,-13.574091911315918,24.051546096801758,-3.331315040588379,1
match6_whistle_0130.mp4,0.04075033217668533,0.024770356714725494,3054.574158610885,-29.479503631591797,3639.111328125,41,1.907157301902771,4.6927690505981445,5854.584295099432,2470.7566150325656,0.22084369081439395,22.725498277704872,-0.001130126269494192,-179.5401611328125,78.34010314941406,-13.471222877502441,39.81868362426758,-11.49307918548584,0
match6_whistle_0131.mp4,0.0864696353673935,0.00770975649356842,2478.3194304983417,-52.19102478027344,3908.2763671875,68,1.8393481969833374,4.957885265350342,4191.754653033088,2129.8098190156097,0.2015625,23.331162537383346,-0.01216449356108127,-200.33984375,96.962646484375,-6.7437615394592285,32.37813949584961,-16.531723022460938,1
match6_whistle_0132.mp4,0.10092540085315704,0.03917279466986656,3797.606416499101,-38.06379318237305,3682.177734375,27,1.9048784971237183,4.6179423332214355,7069.016450026939,2719.302824395562,0.25471443965517243,21.682715539719855,-0.013924512437994037,-119.56779479980469,36.144676208496094,22.09648895263672,55.13568878173828,-5.251540660858154,0
match6_whistle_0133.mp4,0.1436266452074051,0.027828054502606392,2916.52277018713,-35.552513122558594,3897.509765625,72,1.838058590888977,4.885990142822266,5834.545250276548,2511.1390423539965,0.18794939159292035,22.380571863707612,-0.022722824101547485,-61.310794830322266,73.58570098876953,-5.558176040649414,29.933263778686523,-5.693233013153076,1
match6_whistle_0134.mp4,0.14214377105236053,0.02909129671752453,2439.8623131104787,-40.38298416137695,3983.642578125,44,1.8554034233093262,4.744143486022949,4819.48974609375,2284.2806505316603,0.123193359375,21.419539043657405,-0.01359816242497983,-53.231624603271484,88.29456329345703,-37.729026794433594,0.537439227104187,-18.0460147857666,0
match6_whistle_0135.mp4,0.05565939098596573,0.007480712607502937,2821.9993042703513,-47.846275329589844,3639.111328125,75,1.8263919353485107,5.143272399902344,4827.4749755859375,2265.0495841052807,0.23552357066761365,22.571424698218355,0.0015582742379667877,-259.6884765625,82.37141418457031,4.799074172973633,57.256404876708984,-10.24936294555664,1
match6_whistle_0136.mp4,0.12429795414209366,0.01584034413099289,2416.1723985575254,-42.047142028808594,3875.9765625,47,1.8785338401794434,4.942506790161133,4379.655509159483,2196.1532334160515,0.17169540229885058,22.85024798696984,0.012420159002694615,-77.74478912353516,92.14517974853516,-39.94111251831055,7.876104354858398,-12.884194374084473,1
match6_whistle_0137.mp4,0.11294510960578918,0.010890046134591103,2381.6832314847143,-41.775814056396484,3757.5439453125,71,1.8142740726470947,4.8540520668029785,4125.742319467905,2068.7304923929405,0.18229606559684686,23.612227946580497,-0.015375251729641175,-116.24197387695312,98.01753234863281,-30.300477981567383,31.43467140197754,-13.605533599853516,1
match6_whistle_0138.mp4,0.09763344377279282,0.018083274364471436,2417.48703829788,-40.166805267333984,3854.443359375,27,1.885697603225708,4.720152378082275,4840.3564453125,2254.9745807687186,0.13889857700892858,21.803075973879523,-0.015482082730228917,-103.9423599243164,92.13886260986328,-29.721210479736328,14.893844604492188,-19.38534927368164,0
match6_whistle_0139.mp4,0.13913461565971375,0.013304023072123528,2563.6618862197174,-39.147911071777344,3886.7431640625,76,1.823938012123108,4.96756649017334,4850.738525390625,2298.519288394248,0.1564999534970238,22.719223073959526,-0.0032777843696303864,-90.92900085449219,82.36578369140625,-18.96030044555664,25.858552932739258,-5.380153656005859,1
match6_whistle_0140.mp4,0.14014850556850433,0.022996557876467705,2392.817477302341,-43.490543365478516,3639.111328125,44,1.8515008687973022,4.6737799644470215,4999.471435546875,2379.9725457905147,0.10689290364583333,20.943127832876765,-0.025643276568950397,-64.9022445678711,91.89430236816406,-29.173795700073242,-2.0005054473876953,-10.945104598999023,0
match6_whistle_0141.mp4,0.11964814364910126,0.01659139059484005,2188.4299808891146,-49.146610260009766,3692.9443359375,33,1.8131413459777832,4.644648551940918,4500.642596550708,2245.822154447368,0.10203235554245282,21.26602108908655,0.011970956710021387,-101.00338745117188,98.89624786376953,-31.804628372192383,22.503284454345703,3.7684590816497803,0
match6_whistle_0142.mp4,0.15275777876377106,0.008138509467244148,1846.9521786232806,-47.663265228271484,3875.9765625,32,1.820664644241333,4.849472522735596,3783.6392677436443,2019.5577506800055,0.07238148834745763,21.924989319851782,0.01898376912823534,-91.23197174072266,113.73003387451172,-32.617671966552734,18.606271743774414,-5.698583126068115,0
match6_whistle_0143.mp4,0.13327237963676453,0.0021214266307651997,2022.3244752780722,-49.64921951293945,3779.0771484375,82,1.7795915603637695,4.8691725730896,4073.288702713816,2193.5799688623756,0.10498046875,23.77554538016723,0.038635791719133596,-188.02757263183594,95.79291534423828,2.196812152862549,59.055824279785156,6.143176078796387,1
match6_whistle_0144.mp4,0.1414579153060913,0.016928469762206078,2401.3757614234682,-40.42864227294922,3703.7109375,66,1.7798362970352173,4.954248905181885,4809.575500488281,2265.9736515840946,0.1302001953125,23.196010023061767,0.006096023613566857,-61.214683532714844,88.93629455566406,-38.80537033081055,-3.578871250152588,-14.6546049118042,1
match6_whistle_0145.mp4,0.1334097534418106,0.030495528131723404,2475.75099879516,-43.29997634887695,3886.7431640625,35,1.8673371076583862,4.728967666625977,5232.169596354167,2451.1340409959644,0.12158203125,22.08253944792192,-0.019012111345165127,-61.397369384765625,90.87893676757812,-25.50489616394043,-6.386467456817627,-2.320871114730835,0
match6_whistle_0146.mp4,0.13306069374084473,0.038063935935497284,2554.85894818747,-39.08655548095703,3865.2099609375,33,1.8544259071350098,4.587594509124756,5282.171630859375,2453.1259645575915,0.13420758928571427,21.378881909060265,0.005334443420377373,-49.75012969970703,90.46678924560547,-26.084550857543945,-9.262171745300293,-7.10970401763916,0
match6_whistle_0147.mp4,0.08926622569561005,0.019728492945432663,2525.6938492100203,-39.7390251159668,3768.310546875,72,1.8153587579727173,4.878313064575195,4381.340860583118,2081.4512578092217,0.20894913820876287,22.265090468182716,0.008059478865771748,-107.3888931274414,92.11457824707031,-46.95210647583008,8.989631652832031,-10.733283996582031,1
match6_whistle_0148.mp4,0.07627253979444504,0.035047747194767,2608.075477017187,-37.98476028442383,3832.91015625,47,1.8655678033828735,4.924666881561279,5075.800115411932,2330.4731741687283,0.19762073863636365,22.178792806300468,-0.012433945194685088,-116.18706512451172,87.71174621582031,-26.85943031311035,21.89836883544922,-10.485682487487793,1
match6_whistle_0149.mp4,0.08172350376844406,0.022623160853981972,2427.4722936755616,-38.21885681152344,3897.509765625,55,1.8528352975845337,4.715055465698242,4954.345703125,2252.947121207767,0.15108816964285715,22.294601502478873,-0.0018056997436950487,-101.56097412109375,101.72604370117188,-34.85309600830078,11.4374361038208,-11.571484565734863,0
match6_whistle_0150.mp4,0.06007223576307297,0.004274869803339243,2461.800406143292,-53.76263427734375,3628.3447265625,90,1.7735812664031982,5.047499656677246,4141.149490870786,1913.5849974476391,0.1987085235252809,23.446904918600993,-0.011969553965585808,-275.50543212890625,91.911865234375,0.5988260507583618,56.43319320678711,-5.354964256286621,1
match6_whistle_0151.mp4,0.08348638564348221,0.0372137576341629,3423.3923100253737,-40.739044189453125,4015.9423828125,21,1.8251150846481323,4.776916980743408,6416.708900188578,2621.615497622607,0.22767376077586207,21.342910940177084,-0.008576859689121554,-129.1048583984375,55.886390686035156,8.106409072875977,39.355709075927734,-11.046462059020996,0
match6_whistle_0152.mp4,0.09634965658187866,0.04230262339115143,3655.5238170293615,-38.06086730957031,3736.0107421875,33,1.8185683488845825,4.7327351570129395,6964.291221217105,2777.613679372941,0.22704221491228072,20.927846656539906,-0.0016074982145800791,-118.22213745117188,41.2211799621582,19.06001853942871,47.124935150146484,-10.594663619995117,0
match6_whistle_0153.mp4,0.08566076308488846,0.034440670162439346,2776.1393129293097,-40.266056060791016,4048.2421875,35,1.8431531190872192,4.798772811889648,5327.460440942797,2309.116998557879,0.1782805879237288,21.987277837364527,-0.0047198969523445915,-101.56037139892578,75.68470764160156,-35.068233489990234,21.42469024658203,-14.640170097351074,0
match6_whistle_0154.mp4,0.0839565098285675,0.03489190712571144,3292.3235036967453,-36.891204833984375,3800.6103515625,49,1.8179601430892944,4.633704662322998,6731.014854029605,2772.5446602242764,0.18297697368421054,21.786477287223253,-0.0019034540223922122,-135.8928680419922,51.49290466308594,17.17092514038086,55.87161636352539,6.370455741882324,0
match6_whistle_0155.mp4,0.15207712352275848,0.021907899528741837,2422.2196087376183,-43.98899841308594,3671.4111328125,59,1.8789772987365723,4.956790924072266,4875.301007526677,2332.029209781005,0.13586128048780488,22.27366688668394,-0.010001041287814908,-55.349735260009766,90.40193176269531,-27.14177703857422,9.520861625671387,-7.685242652893066,1
match6_whistle_0156.mp4,0.12447363883256912,0.014525406062602997,2119.3743498548342,-42.72169876098633,3746.77734375,30,1.825632095336914,4.8087921142578125,4099.997430098684,2081.8167966794663,0.11243318256578948,22.36153634293481,-0.02609798723498002,-79.48868560791016,107.70282745361328,-39.9058723449707,14.018126487731934,-10.470427513122559,0
match6_whistle_0157.mp4,0.0986817330121994,0.02570304088294506,2319.7211868203276,-39.49760055541992,3822.1435546875,43,1.799483299255371,4.775786399841309,4593.423739346591,2205.8048163396465,0.12815163352272727,20.994751561962566,0.00028157036987992907,-78.86784362792969,98.1215591430664,-38.37855529785156,8.548084259033203,-13.945657730102539,0
match6_whistle_0158.mp4,0.07488885521888733,0.008233747445046902,2427.7331080796484,-44.404518127441406,3639.111328125,102,1.8320748805999756,5.114226341247559,4263.7939453125,2245.53845272593,0.20081812021683673,22.197278593145995,0.009955106488328671,-196.80490112304688,98.11708068847656,-5.028972148895264,40.28609085083008,-3.160449266433716,1
match6_whistle_0159.mp4,0.05122089385986328,0.054264817386865616,3818.4097464550355,-33.86431884765625,4382.0068359375,31,1.8778799772262573,4.6638712882995605,6908.92822265625,2612.3293792350714,0.2869059244791667,21.77702628865536,0.0026294981952656267,-177.35617065429688,36.5991325378418,7.997689247131348,53.388450622558594,-3.0140974521636963,0
match6_whistle_0160.mp4,0.10320141166448593,0.04079654812812805,3053.8823998628213,-38.58059310913086,3682.177734375,32,1.8402937650680542,4.7208781242370605,6595.225847271126,2735.0376517101095,0.1688902948943662,21.18202298057954,-0.012993758986194513,-105.48539733886719,62.38240051269531,3.4674649238586426,42.57894515991211,4.912477016448975,0
match6_whistle_0161.mp4,0.10620184987783432,0.02687956765294075,2513.67691236799,-41.16288375854492,3746.77734375,50,1.8967230319976807,4.968855381011963,5202.628357769692,2411.7826848674085,0.1478622645547945,21.735561804836564,0.004117944218789567,-85.40691375732422,90.3257064819336,-19.48845100402832,21.374773025512695,-4.003645420074463,1
match6_whistle_0162.mp4,0.07454237341880798,0.011718266643583775,2626.7012753548543,-41.010616302490234,3768.310546875,83,1.8080915212631226,4.927555561065674,4795.073872227823,2135.174211287913,0.208485593077957,22.78572167175079,-0.011726187327796225,-160.99876403808594,87.77315521240234,-21.05622673034668,29.555110931396484,-17.852998733520508,1
match6_whistle_0163.mp4,0.06958204507827759,0.011906109750270844,2455.7790493044504,-49.900413513183594,3703.7109375,55,1.8308671712875366,4.874366283416748,4704.732310621044,2313.925834926974,0.1647053006329114,22.202228748109107,-0.004153751073077066,-179.1884765625,94.34202575683594,-8.274340629577637,36.19546890258789,-5.093681812286377,1
match6_whistle_0164.mp4,0.04425306245684624,0.03589854761958122,3466.2429130993137,-33.549964904785156,3886.7431640625,31,1.8313686847686768,4.658001899719238,6715.0465745192305,2690.1123067964613,0.2543719951923077,21.836761577134187,-0.006937663859484051,-180.19688415527344,58.61300277709961,10.3623685836792,50.468631744384766,-4.3343634605407715,0
match6_whistle_0165.mp4,0.16979201138019562,0.01451342273503542,2217.690958911942,-44.79155349731445,3843.6767578125,43,1.9006685018539429,4.875823497772217,4555.1337890625,2305.110220517366,0.11904947916666667,23.103289063308633,0.008966685314618958,-55.94927215576172,98.32914733886719,-19.720897674560547,15.069222450256348,-4.378786087036133,1
match6_whistle_0166.mp4,0.07523039728403091,0.0061414060182869434,2513.8541456638395,-49.640541076660156,3606.8115234375,64,1.841312289237976,4.842758655548096,4442.4048447027435,2132.531428255098,0.17707936356707318,23.01738669194666,-0.004305393635092864,-225.4693145751953,93.73029327392578,2.3790853023529053,40.637542724609375,-12.822304725646973,1
match6_whistle_0167.mp4,0.07057356089353561,0.03983314335346222,3419.6757488885673,-38.27180862426758,3854.443359375,34,1.7987685203552246,4.651375770568848,6820.456458782328,2714.282901367067,0.18813981681034483,22.696421039680356,-0.026696097279385926,-133.79071044921875,53.21504592895508,4.892526626586914,34.44218063354492,-18.27977180480957,0
match6_whistle_0168.mp4,0.10959497094154358,0.020251329988241196,2472.805597438007,-39.14315414428711,3908.2763671875,67,1.823279619216919,5.04647970199585,4777.482493330793,2319.7369273206095,0.15853063071646342,22.069099876225522,0.010307539465809593,-94.08399963378906,90.25152587890625,-24.637582778930664,24.470388412475586,-9.977880477905273,1
match6_whistle_0169.mp4,0.05350562557578087,0.03853996470570564,2961.781681518021,-28.250320434570312,3897.509765625,34,1.876619577407837,4.629982948303223,5799.087357954545,2463.569869518608,0.21198508522727272,21.52013491461208,-0.0021201700702332964,-136.2111358642578,86.12983703613281,-20.855134963989258,28.392988204956055,-8.519853591918945,0
match6_whistle_0170.mp4,0.08814913779497147,0.03442223742604256,3045.1697390449053,-40.41893005371094,3682.177734375,44,1.8507180213928223,4.6648993492126465,6270.10986328125,2615.1081101934874,0.17703450520833333,21.801765470533596,-0.011997154567339186,-105.34078216552734,74.69453430175781,-5.755784511566162,22.12931251525879,-22.93692970275879,0
match6_whistle_0171.mp4,0.08304407447576523,0.02097650058567524,2511.429385067273,-43.098358154296875,3692.9443359375,39,1.8075472116470337,4.697812557220459,5287.380149147727,2402.858698353624,0.12972301136363637,21.539044586972825,-0.019135033006148546,-117.51826477050781,95.99908447265625,-12.281661987304688,21.416900634765625,-16.859418869018555,0
match6_whistle_0172.mp4,0.09892196208238602,0.0059412200935184956,2287.1626425270783,-49.39983367919922,3628.3447265625,97,1.778700828552246,5.053107738494873,4125.783469460227,2059.3882046091885,0.15417357165404041,23.883611252989898,0.008353744737252195,-169.45521545410156,104.25846099853516,-12.162691116333008,33.702598571777344,-12.166802406311035,1
match6_whistle_0173.mp4,0.15994460880756378,0.020055724307894707,2516.3415147871324,-41.66903305053711,3811.376953125,56,1.8835242986679077,4.748022556304932,5400.336543215981,2459.1733765746353,0.13271978837025317,22.19464078600806,-0.0019352523335589996,-58.84501647949219,87.75562286376953,-15.383217811584473,13.351738929748535,-6.90269136428833,1
match6_whistle_0174.mp4,0.13365322351455688,0.0029456212650984526,1834.2100739171913,-50.3509635925293,3649.8779296875,64,1.8643168210983276,5.189685344696045,3865.9440474076705,2135.296158581371,0.11696555397727272,23.313194120769843,0.024689992492166985,-159.86256408691406,116.75814819335938,-4.75366735458374,36.11220932006836,-5.619718551635742,1
match6_whistle_0175.mp4,0.11257051676511765,0.016578249633312225,2433.743890676978,-41.96704864501953,3832.91015625,47,1.8748987913131714,5.019325256347656,4582.061932538007,2272.249712845552,0.18544130067567569,22.437808063502267,-0.015385213375529951,-93.0940170288086,95.81546020507812,-19.42685890197754,24.220123291015625,-8.5502347946167,1
match6_whistle_0176.mp4,0.04381612315773964,0.020892301574349403,2832.223646458088,-33.8096923828125,3822.1435546875,32,1.8854129314422607,4.8182806968688965,5655.926513671875,2452.3586110701,0.19814627511160715,22.54673543650742,-0.0031942631960453294,-178.48507690429688,86.11640167236328,-8.38185977935791,37.27732467651367,-3.91363787651062,0
match6_whistle_0177.mp4,0.04629819467663765,0.059008508920669556,3182.3782772679674,-31.255582809448242,3886.7431640625,34,1.8440122604370117,4.684025764465332,6012.853338068182,2467.05750748944,0.22417436079545455,21.457861410499348,0.005032828256144936,-150.90939331054688,67.47979736328125,-5.196624755859375,38.292091369628906,-12.414316177368164,0
match6_whistle_0178.mp4,0.10043890029191971,0.009136785753071308,2819.4169385813716,-46.01375961303711,3822.1435546875,60,1.8153603076934814,5.023888111114502,4442.9798005756575,2131.7735100788896,0.24314350328947368,23.076831742655642,-0.00046929722493006977,-175.89280700683594,80.8392562866211,-10.54353141784668,46.3880615234375,-9.049041748046875,1
match6_whistle_0179.mp4,0.07962249219417572,0.009050541557371616,2096.694332049918,-43.511775970458984,3822.1435546875,39,1.841458797454834,4.880703926086426,4263.371075324292,2167.443713442425,0.11134655070754718,22.632881754666425,-0.005385307415956006,-137.89285278320312,109.14118957519531,-25.740135192871094,26.571298599243164,-6.51483678817749,0
match6_whistle_0180.mp4,0.061507511883974075,0.024178868159651756,3111.0086744121636,-42.89531707763672,3606.8115234375,38,1.8932539224624634,4.785273551940918,6262.006578947368,2571.9029550224627,0.19646038925438597,21.501945656968424,-0.007783866325966797,-184.86312866210938,62.406341552734375,5.198080539703369,49.041908264160156,-3.5829546451568604,0
match6_whistle_0181.mp4,0.07796400040388107,0.022167159244418144,2812.309635192988,-43.00384521484375,4091.30859375,65,1.8075722455978394,4.634321689605713,5423.208984375,2420.414023812221,0.18549479166666666,22.313386291847127,-0.011643776964725279,-146.80218505859375,75.39752960205078,-6.889009475708008,40.093875885009766,-4.3326945304870605,0
match6_whistle_0182.mp4,0.15102648735046387,0.020844917744398117,2856.244557030877,-42.40646743774414,3822.1435546875,44,1.8411883115768433,4.743651390075684,5958.8653564453125,2615.8203635991795,0.1400078667534722,21.7473162107436,0.012888483851728132,-90.53347778320312,65.82901000976562,3.2573275566101074,41.158302307128906,-11.79879379272461,0
match6_whistle_0183.mp4,0.15507625043392181,0.01744401827454567,2753.1707659513036,-44.004486083984375,3779.0771484375,15,1.8562686443328857,4.733389854431152,5328.097478693182,2389.4888696531534,0.14462890625,22.84416913449225,0.0178566794722027,-78.0722427368164,73.7134780883789,-14.6764554977417,28.68724250793457,-21.340225219726562,0
match6_whistle_0184.mp4,0.13724163174629211,0.021471291780471802,2450.860798898964,-47.48689651489258,3811.376953125,46,1.877637505531311,4.6876325607299805,5052.190911279966,2418.3309950348057,0.12831763698630136,22.683636985307842,-0.022311298784594643,-87.15386962890625,88.82028198242188,-14.338982582092285,14.757166862487793,-5.168385028839111,1
match6_whistle_0185.mp4,0.07105996459722519,0.005499004852026701,2478.845016563682,-43.8636589050293,3811.376953125,41,1.7862039804458618,4.992635726928711,4052.7525205869933,2120.8344157858332,0.23374815244932431,23.312565957079585,0.003732682990786364,-186.4337921142578,91.8169174194336,-20.817461013793945,46.07210159301758,-8.143020629882812,1
match6_whistle_0186.mp4,0.06746954470872879,0.00825194176286459,2409.925306842235,-45.07405471801758,3800.6103515625,31,1.7785900831222534,4.836901664733887,4321.996269851435,2275.1048720689137,0.1991547131147541,23.34654585041341,-0.003596708245611015,-192.00758361816406,89.94713592529297,-9.179481506347656,44.88395690917969,-3.078725814819336,1
match6_whistle_0187.mp4,0.15384966135025024,0.010913481004536152,2288.421005747455,-43.213897705078125,3800.6103515625,46,1.8586496114730835,4.8531060218811035,4644.521915211397,2271.6743671407844,0.11163689108455882,23.849466830122186,0.011689443522611887,-83.79576873779297,89.77923583984375,-29.665809631347656,9.163482666015625,-6.8086137771606445,1
match6_whistle_0188.mp4,0.071346715092659,0.011440126225352287,2860.2824483780405,-44.2773551940918,3606.8115234375,62,1.8985576629638672,4.861817359924316,4971.839008134665,2290.717234275595,0.21966112274484537,23.632975274188887,-0.026721564402091003,-203.40211486816406,81.07828521728516,-9.092550277709961,46.18632888793945,-8.392207145690918,1
match6_whistle_0189.mp4,0.12238560616970062,0.04315387085080147,3013.136108302796,-33.5587043762207,3843.6767578125,58,1.7947884798049927,4.767621994018555,6172.08251953125,2594.8126277198253,0.18020484561011904,21.94609333099792,-0.010163761333828148,-61.40853500366211,68.81769561767578,-10.062153816223145,27.54469871520996,-7.000571250915527,0
match6_whistle_0190.mp4,0.11242496222257614,0.04531310126185417,2934.6965518080806,-36.402587890625,3886.7431640625,39,1.8187178373336792,4.682775020599365,5835.498046875,2468.4958978630657,0.175439453125,22.3782645618262,0.00530885041055239,-65.87625122070312,69.93111419677734,-22.48167610168457,23.656713485717773,-8.431841850280762,0
match6_whistle_0191.mp4,0.13760757446289062,0.023316606879234314,2485.525854470538,-47.05340576171875,3811.376953125,61,1.8625938892364502,4.768652439117432,5155.4304291930375,2402.0628585600416,0.12143369264240507,22.9673007641607,-0.01326438463991788,-80.57746124267578,82.14936828613281,-23.52323341369629,15.62006664276123,-3.365125894546509,1
match6_whistle_0192.mp4,0.07602132111787796,0.009950843639671803,2340.2237223253574,-44.44522476196289,3822.1435546875,65,1.809928297996521,4.944928169250488,4286.2085515802555,2182.925238629915,0.17756791548295456,22.729763088365083,-0.00447518104918222,-161.81988525390625,96.8944320678711,-19.729637145996094,25.701108932495117,-16.59564971923828,1
match6_whistle_0193.mp4,0.07861343026161194,0.04381932318210602,3145.8954371539658,-38.91602325439453,3886.7431640625,47,1.8505889177322388,4.7459397315979,6575.457208806818,2744.157777330097,0.17438742897727272,21.000647397493665,0.012981507997632754,-129.62344360351562,60.82384490966797,7.916834831237793,42.081504821777344,-3.388146162033081,0
match6_whistle_0194.mp4,0.09557273238897324,0.03860365226864815,2875.47839281734,-39.0224494934082,4209.7412109375,43,1.8321747779846191,4.816116809844971,6097.0436448317305,2660.9085569010563,0.14913611778846153,20.98004488870955,-0.008360531683449504,-105.09673309326172,71.29359436035156,0.13987767696380615,37.20479965209961,-3.636470079421997,0
match6_whistle_0195.mp4,0.10134373605251312,0.0328153595328331,2781.8405847007034,-43.274017333984375,3606.8115234375,47,1.8623398542404175,4.996666431427002,5015.466475813356,2279.1911048007564,0.21586044520547945,22.08094361374115,0.007631058874496695,-97.03956604003906,81.78163146972656,-31.803590774536133,19.390127182006836,-16.04267692565918,1
match6_whistle_0196.mp4,0.09281560033559799,0.04409957677125931,2739.785367026994,-36.27714157104492,3606.8115234375,33,1.8215320110321045,4.7443623542785645,5268.587535511364,2282.6114718353742,0.17172407670454545,21.142689399480574,0.0059102158034149335,-69.5378189086914,76.3080062866211,-47.549415588378906,8.502087593078613,-16.02470588684082,0
match6_whistle_0197.mp4,0.07062271237373352,0.03292527794837952,2445.9309974864223,-37.01634979248047,4371.240234375,36,1.864871859550476,4.62186861038208,4734.912109375,2185.6307637865134,0.15916160300925927,21.16393206643979,0.003147592437111383,-103.97576904296875,100.27813720703125,-39.03367233276367,12.361773490905762,-8.534749984741211,0
match6_whistle_0198.mp4,0.05180870741605759,0.03174988552927971,2915.1386950937485,-39.07843780517578,3908.2763671875,42,1.915458083152771,4.745450019836426,5383.124279585041,2376.0012034375127,0.2031650230532787,21.313947318170715,-0.0033100985075805826,-160.44154357910156,80.80647277832031,-16.054115295410156,18.692350387573242,-7.262403964996338,0
match6_whistle_0199.mp4,0.06527361273765564,0.035624802112579346,2905.863650345359,-32.94313430786133,3692.9443359375,43,1.821579933166504,4.78800630569458,5967.069567664195,2450.304603081781,0.1869537870762712,21.9798371416709,0.026086025784632955,-117.10755920410156,75.14720153808594,-16.81747055053711,45.01877212524414,-1.0863820314407349,0
match6_whistle_0200.mp4,0.08875035494565964,0.032693251967430115,3358.431510217171,-42.36700439453125,3660.64453125,99,1.8322844505310059,4.900622844696045,5755.473210261418,2347.5662894865823,0.2466102013221154,22.375931467527437,0.016254216159474304,-158.49024963378906,61.62836456298828,2.5661087036132812,44.61212158203125,-21.619722366333008,1
match6_whistle_0201.mp4,0.11176500469446182,0.020626122131943703,3173.6691811633514,-40.191471099853516,4145.1416015625,32,1.861349105834961,4.523021697998047,6552.5537109375,2757.3957840342596,0.178759765625,22.249335178654256,0.0038784184036904238,-131.59625244140625,56.140830993652344,21.978965759277344,47.450130462646484,-1.4512579441070557,0
match6_whistle_0202.mp4,0.11567725986242294,0.02389376424252987,3107.9272493492635,-43.31977844238281,4145.1416015625,41,1.8587628602981567,4.636600971221924,6470.7275390625,2775.413387443492,0.15756758432539683,21.548268498612437,-0.012241949663454522,-120.20857238769531,54.332427978515625,14.549068450927734,42.90869903564453,2.8324220180511475,0
match6_whistle_0203.mp4,0.08087925612926483,0.03491890802979469,3031.736413371812,-34.554439544677734,3746.77734375,51,1.8040592670440674,4.785526275634766,5788.9923095703125,2392.2423059856515,0.22198486328125,21.6171526017364,-0.004896517202068222,-106.38522338867188,78.23453521728516,-23.301002502441406,30.72397232055664,-15.063249588012695,0
match6_whistle_0204.mp4,0.13275370001792908,0.007489308249205351,2473.6727073773495,-41.16556167602539,3832.91015625,76,1.8529691696166992,5.118100166320801,4200.084568298969,2097.301248373691,0.20456970844072164,23.949553177934206,0.008056164371277343,-108.37097930908203,93.94622802734375,-40.54648971557617,16.17482566833496,-21.41782569885254,1
match6_whistle_0205.mp4,0.10950634628534317,0.01439865306019783,2441.64895826398,-42.29964065551758,3606.8115234375,64,1.8158243894577026,4.926755905151367,4554.558299917036,2254.005595590413,0.18870125829646017,22.04905566273596,0.004639382776596098,-98.92607879638672,98.74002838134766,-22.41607093811035,26.72677230834961,-10.232551574707031,1
match6_whistle_0206.mp4,0.12967292964458466,0.014015809632837772,2425.2953186825816,-43.40199279785156,3800.6103515625,77,1.8325932025909424,4.988272190093994,4392.2607421875,2167.2874920360523,0.18375186011904762,22.673060227314057,0.004652772493412594,-88.0444107055664,97.04801940917969,-22.189376831054688,17.332679748535156,-18.44917869567871,1
match6_whistle_0207.mp4,0.050508711487054825,0.026155957952141762,2474.907255161243,-41.38595962524414,3994.4091796875,43,1.8259247541427612,4.6650471687316895,5176.6204833984375,2428.3982145266104,0.14334542410714285,21.064982996057548,0.00764574780840435,-157.445556640625,96.6732177734375,-6.419200420379639,22.36435890197754,-14.074668884277344,0
match6_whistle_0208.mp4,0.04388086870312691,0.01233585737645626,2095.922617778631,-49.83340072631836,4349.70703125,36,1.8421287536621094,4.713772296905518,4348.89445754717,2363.894719274418,0.12165573408018868,21.392168788957125,-0.006930946754807548,-209.30174255371094,109.47284698486328,4.178096771240234,35.16372299194336,-5.39497184753418,0
match6_whistle_0209.mp4,0.06441202759742737,0.021779850125312805,2378.607635057719,-40.67964172363281,3617.578125,32,1.8663252592086792,4.658824443817139,5111.344401041667,2417.7915470622274,0.14023618344907407,21.25529848511719,-0.0021412603960832386,-138.84400939941406,99.62054443359375,-5.579363822937012,27.01581573486328,-4.7698283195495605,0
match6_whistle_0210.mp4,0.05848585069179535,0.0158635675907135,2211.1651231647147,-34.377445220947266,3822.1435546875,43,1.7972321510314941,4.7540154457092285,4495.4833984375,2199.455972229667,0.1315181671626984,21.93444708901783,0.0010167000384233055,-142.6573944091797,106.0920181274414,-22.338830947875977,25.507476806640625,-10.292431831359863,0
match6_whistle_0211.mp4,0.039047375321388245,0.009873959235846996,2062.014456964151,-42.10037612915039,4069.775390625,53,1.8464205265045166,4.71581506729126,4385.162563981681,2272.1495438750653,0.11687601023706896,21.752960948929722,0.0019522330545809169,-209.14036560058594,115.26769256591797,-4.208917140960693,37.296287536621094,-7.660548210144043,0
match6_whistle_0212.mp4,0.11026115715503693,0.012326945550739765,2068.09719435786,-47.5536994934082,3768.310546875,48,1.831276535987854,4.851701736450195,4142.914028825431,2099.2839851087606,0.10129310344827586,22.878233528140537,0.019191709046694875,-108.906494140625,109.03461456298828,-27.023357391357422,30.88414764404297,-4.541991710662842,0
match6_whistle_0213.mp4,0.11621783673763275,0.0093072559684515,2586.697518200279,-42.80361557006836,3789.84375,106,1.8065381050109863,5.137437343597412,4579.150627654733,2149.0120971512197,0.1693482630461165,22.334417046049836,0.010237069904302084,-150.56300354003906,85.32117462158203,-3.5967609882354736,43.538673400878906,-14.178614616394043,1
match6_whistle_0214.mp4,0.10815485566854477,0.01213772688060999,2566.937094902606,-47.09815216064453,3929.8095703125,41,1.840861439704895,4.685261249542236,5759.2194120762715,2613.403449010604,0.10431839247881355,22.081054807803564,0.01943640217113112,-138.40158081054688,79.23428344726562,1.5504324436187744,45.9216423034668,2.7215843200683594,0
match6_whistle_0215.mp4,0.06610830873250961,0.04855160415172577,3229.916565812194,-38.363304138183594,3671.4111328125,41,1.810689926147461,4.70850944519043,6337.939453125,2558.1494534422286,0.18426029265873015,21.19828423288341,0.008702363473295059,-149.9659423828125,44.75939178466797,-2.2110629081726074,64.58616638183594,6.703009605407715,0
match6_whistle_0216.mp4,0.0882754698395729,0.013587591238319874,2529.550117586817,-44.1003303527832,3606.8115234375,54,1.822137713432312,4.739877700805664,5387.9364013671875,2451.242564362308,0.11622450086805555,22.23129594511104,0.018776658014283267,-151.3756103515625,87.35713195800781,7.98156213760376,48.68764114379883,-8.618654251098633,0
match6_whistle_0217.mp4,0.06313639879226685,0.01715155877172947,2337.7529125841893,-42.79293441772461,3628.3447265625,39,1.8016340732574463,4.74549674987793,5063.8916015625,2439.0417751485666,0.12169053819444445,20.523959172261,-0.012737331039082892,-169.71568298339844,96.29241180419922,9.309602737426758,41.630882263183594,-3.1604700088500977,0
match6_whistle_0218.mp4,0.04117141291499138,0.03903639316558838,2973.6750860178204,-35.20443344116211,3628.3447265625,35,1.8507442474365234,4.7840447425842285,5890.926106770833,2473.477351945339,0.18567346643518517,20.67655732743126,-0.0076626469144995615,-189.84010314941406,68.42913055419922,3.9126362800598145,54.87723922729492,-7.130288600921631,0
match6_whistle_0219.mp4,0.03854558244347572,0.015037529170513153,2722.43022824298,-33.804656982421875,3962.109375,53,1.8384898900985718,4.69773006439209,5511.110761088709,2516.647956615831,0.1778840095766129,22.331035986681528,0.002270181191710225,-207.59390258789062,88.37432098388672,7.095790386199951,50.08942794799805,-7.002580642700195,0
match6_whistle_0220.mp4,0.09689053893089294,0.01619596593081951,2047.7946811754043,-44.974239349365234,3854.443359375,54,1.8535034656524658,4.696128845214844,4318.404134114583,2202.1428672710713,0.09434678819444445,21.435509030483622,-0.010281386634663976,-124.33423614501953,104.52168273925781,-17.453372955322266,30.24258804321289,-4.695704936981201,0
match6_whistle_0221.mp4,0.11546418070793152,0.009290994144976139,2703.1916438238636,-44.96449279785156,3682.177734375,62,1.8039090633392334,4.8857197761535645,5090.241442228618,2290.4654195785106,0.19844349643640352,23.665206125072096,0.04663817653672241,-136.97064208984375,81.72081756591797,-10.269664764404297,41.06769943237305,-4.771204471588135,1
match6_whistle_0222.mp4,0.13720062375068665,0.01828395016491413,2587.4712070561122,-40.52463150024414,3865.2099609375,27,1.8188788890838623,4.8026957511901855,5723.7945556640625,2528.680047326846,0.13148716517857142,21.90391846809132,-0.007094513636753516,-88.83463287353516,81.30296325683594,-3.9758708477020264,30.602081298828125,-12.629179000854492,0
match6_whistle_0223.mp4,0.14676062762737274,0.01846994459629059,2335.736159727219,-39.241729736328125,3789.84375,34,1.827724575996399,4.870930194854736,4719.826438210227,2261.5872227588893,0.1341695413961039,22.36180566919168,0.005779058143105842,-54.09203338623047,95.081298828125,-28.37506675720215,10.930143356323242,-19.01824951171875,1
match6_whistle_0224.mp4,0.1020231693983078,0.01372495386749506,2488.224853594365,-42.75333786010742,3606.8115234375,81,1.8127894401550293,5.038681507110596,4823.859719669118,2288.5244636622347,0.17615942861519607,23.73372777784716,-0.003586741516519868,-126.62132263183594,92.08917236328125,-13.956740379333496,28.217256546020508,-11.037672996520996,1
match6_whistle_0225.mp4,0.16107182204723358,0.012456124648451805,2349.219125531342,-44.458152770996094,3617.578125,63,1.8103526830673218,5.048701286315918,4860.38651899858,2412.9482520241636,0.12180952592329546,22.792927471417876,0.018435398181324232,-74.47764587402344,90.9576416015625,-3.9248886108398438,27.588411331176758,-13.263021469116211,1
match6_whistle_0226.mp4,0.07079759240150452,0.009327484294772148,2854.5344089037085,-46.13900375366211,3865.2099609375,57,1.851836085319519,5.068821907043457,5226.646728515625,2281.6835858463846,0.20838623046875,23.289799306246362,-0.0068173296805493075,-204.36318969726562,80.74299621582031,3.3789305686950684,46.87907791137695,-11.418817520141602,1
match6_whistle_0227.mp4,0.07944554835557938,0.02914291061460972,3042.184662458497,-37.660640716552734,3639.111328125,33,1.9156147241592407,4.722184181213379,6187.335205078125,2541.6567806509147,0.18593924386160715,22.630573642441007,-0.0053935641478093,-125.6559829711914,70.10160064697266,-3.432399272918701,37.049522399902344,-15.863682746887207,0
match6_whistle_0228.mp4,0.06918440014123917,0.04549243301153183,3335.6099131341907,-38.457496643066406,3606.8115234375,40,1.8785254955291748,4.649299144744873,6931.768798828125,2728.0344712228643,0.212646484375,21.472057105780596,-0.001903483083744158,-123.66788482666016,63.382625579833984,5.102050304412842,37.770328521728516,-10.040847778320312,0
match6_whistle_0229.mp4,0.1037115678191185,0.03568878769874573,3097.656758414474,-36.04158401489258,3822.1435546875,49,1.8474228382110596,4.765801429748535,6266.721413352273,2604.145147974518,0.19018871753246752,21.466942069044503,-0.018624006680976683,-98.46156311035156,67.54373931884766,-2.3134889602661133,37.000797271728516,-9.631735801696777,0
match6_whistle_0230.mp4,0.13710691034793854,0.029524818062782288,2659.666925323105,-40.20967483520508,3811.376953125,60,1.8412792682647705,4.816306114196777,5353.131866455078,2400.201266344902,0.1635284423828125,21.819033016634368,-0.02526071346606285,-56.47492599487305,82.6357192993164,-26.1202335357666,16.48749351501465,-10.579075813293457,1
match6_whistle_0231.mp4,0.1183076947927475,0.04342009499669075,2711.321403920801,-35.43104934692383,3639.111328125,34,1.8934425115585327,4.6753644943237305,5745.904541015625,2472.2175844440594,0.16172572544642858,20.922107031674564,0.008356461265348648,-39.98583984375,82.779296875,-34.01237869262695,1.7754117250442505,-5.009603977203369,0
match6_whistle_0232.mp4,0.07771715521812439,0.05408564209938049,3154.5981290082796,-33.8643798828125,3628.3447265625,44,1.905594825744629,4.614566326141357,6312.012981546336,2518.0509388701516,0.21129108297413793,21.88507639307212,0.027021119795913782,-92.51649475097656,64.37688446044922,-14.7611083984375,33.64164352416992,-6.814884662628174,0
match6_whistle_0233.mp4,0.08469017595052719,0.01493061613291502,2707.1549436451082,-42.33494567871094,3789.84375,21,1.863097906112671,4.726583003997803,5525.155479029605,2519.4138072072114,0.19405324835526316,22.474248602846952,-0.005906173944828035,-148.68629455566406,90.08343505859375,-0.31247004866600037,34.6742057800293,-9.1325044631958,0
match6_whistle_0234.mp4,0.07756561785936356,0.015421470627188683,2794.737906396772,-45.58106231689453,3703.7109375,40,1.8445056676864624,4.9900102615356445,5094.7998046875,2420.299219297721,0.22800243144132654,23.34517011455487,-0.011585399362025317,-179.4406280517578,83.62167358398438,-1.128811001777649,38.603519439697266,-11.771100997924805,1
match6_whistle_0235.mp4,0.08322583138942719,0.06630634516477585,3260.237072498549,-32.83711242675781,3639.111328125,45,1.756231427192688,4.62100887298584,6368.718551377118,2521.8041772147208,0.2165817002118644,21.181492988368245,-0.000730660260475802,-88.54786682128906,55.06980514526367,-16.816177368164062,28.3592529296875,-9.551990509033203,0
match6_whistle_0237.mp4,0.0989653617143631,0.021086545661091805,2816.905334285417,-43.854530334472656,3994.4091796875,49,1.883059024810791,4.648509502410889,5831.118412341101,2547.2043896072314,0.15496722722457626,22.210531632667276,0.012144351249864916,-116.23161315917969,82.86861419677734,-14.282438278198242,18.199312210083008,-15.211621284484863,0
match6_whistle_0238.mp4,0.05927089974284172,0.029042478650808334,2522.6388752185912,-38.28731918334961,3660.64453125,40,1.847127079963684,4.7233991622924805,5112.435752467105,2281.4974933287,0.15151281524122806,21.102105777246113,0.010861265353874121,-119.14279174804688,95.18939208984375,-33.99064636230469,19.357149124145508,-13.846095085144043,0
match6_whistle_0239.mp4,0.09199836105108261,0.00619463250041008,2556.2184966334075,-45.90142822265625,3789.84375,74,1.73507559299469,4.839991092681885,4330.5538137335525,2152.3218895598816,0.20472861842105264,24.072167573260316,0.0032265945047988327,-159.6607666015625,84.75645446777344,-16.85175323486328,49.55725860595703,-1.6498428583145142,1
match6_whistle_0240.mp4,0.09323365241289139,0.03490843623876572,3353.8752370475113,-40.20283889770508,4059.0087890625,48,1.8009436130523682,4.723324298858643,6764.525257457386,2768.6887527676936,0.18898703835227273,21.38888385581671,-0.011636222151775238,-137.8818359375,49.293800354003906,14.430916786193848,50.1548957824707,-7.864245891571045,0
match6_whistle_0241.mp4,0.040848784148693085,0.06142833083868027,3589.316540136435,-30.492612838745117,3617.578125,26,1.8447132110595703,4.805507183074951,7052.72216796875,2758.644625347945,0.24559642650462962,21.30275637181079,0.005553158232376114,-162.01748657226562,53.333736419677734,6.333024978637695,39.377685546875,-6.454192638397217,0
match6_whistle_0242.mp4,0.12174471467733383,0.019809231162071228,2387.439679597271,-42.27168273925781,3843.6767578125,44,1.8083964586257935,4.926082134246826,4680.4733855814875,2258.1331854526215,0.16149129746835442,22.061911932850933,-0.0045193996159961685,-79.72594451904297,95.1019515991211,-22.696636199951172,20.381492614746094,-14.449562072753906,1
match6_whistle_0243.mp4,0.06612767279148102,0.022406280040740967,2619.574012683299,-42.52590560913086,3682.177734375,64,1.8011724948883057,4.862318992614746,4314.027014444041,2045.5302966056804,0.21281681504360464,21.868829160988053,0.002393302277626788,-140.21658325195312,81.3542251586914,-46.9691276550293,31.20743179321289,-3.551896810531616,1
match6_whistle_0244.mp4,0.09191413223743439,0.013960959389805794,2293.843152333667,-42.9898796081543,3832.91015625,35,1.7586257457733154,4.835151672363281,4299.765566170934,2138.853417829129,0.15324971762048192,23.292685977281348,0.0020859837244154326,-109.57777404785156,99.7864990234375,-37.04800033569336,15.734733581542969,-21.942913055419922,1
match6_whistle_0245.mp4,0.08871177583932877,0.05047009512782097,3290.2750881898546,-40.774906158447266,3768.310546875,36,1.8259564638137817,4.691781520843506,6546.9482421875,2663.336360185542,0.1892981150793651,21.608525443101605,-0.011344774380873295,-110.12245178222656,57.6524543762207,3.182450294494629,36.88068389892578,-13.685820579528809,0
match6_whistle_0246.mp4,0.07181631773710251,0.04562482237815857,3149.1940020314937,-29.993270874023438,3682.177734375,32,1.899239420890808,4.709802627563477,6069.362752945697,2467.0058026104603,0.2145876024590164,22.018380382522817,0.0067448334221988674,-106.52910614013672,66.09208679199219,-13.599881172180176,38.14292907714844,-9.71434211730957,0
match6_whistle_0247.mp4,0.07503566145896912,0.04746747389435768,3133.1478388537284,-33.13174819946289,3692.9443359375,35,1.8827333450317383,4.676480770111084,6029.4677734375,2460.7143951352346,0.20992993551587302,21.848012639910486,-0.005385742054008549,-103.71012878417969,65.48919677734375,-13.71851634979248,38.137516021728516,-10.512645721435547,0
match6_whistle_0248.mp4,0.07575197517871857,0.008189703337848186,2688.305344443789,-50.27275466918945,3617.578125,61,1.8448572158813477,5.041175365447998,5265.541076660156,2444.898364008243,0.144921875,22.36428595600179,-0.01451731059313866,-263.8484802246094,70.66278076171875,26.121423721313477,59.182655334472656,-9.352197647094727,1
match6_whistle_0249.mp4,0.11839818954467773,0.018842579796910286,2640.7184366013366,-40.925777435302734,3703.7109375,22,1.8362230062484741,4.804224014282227,5288.522061434659,2383.2132316848074,0.15713038589015152,23.421013604325605,0.001278711263685405,-89.42150115966797,73.9759521484375,-29.765287399291992,30.02416229248047,-2.035733699798584,0
match6_whistle_0250.mp4,0.07725314795970917,0.03450128063559532,2996.110723170808,-38.763946533203125,4080.5419921875,53,1.7950435876846313,4.764551639556885,5912.805776127049,2479.979019819891,0.1929111168032787,22.15669341123011,0.005818576773996798,-122.84454345703125,73.71581268310547,-11.44723129272461,34.80532455444336,-15.014019966125488,0
match6_whistle_0251.mp4,0.13106445968151093,0.04120899364352226,2999.7669069937742,-35.84816360473633,3757.5439453125,26,1.782734751701355,4.767617225646973,6262.034912109375,2669.9656893250763,0.149365234375,21.573583513811155,-0.009942721721088508,-69.0776138305664,63.483585357666016,-4.735987186431885,30.650672912597656,-1.76327383518219,0
match6_whistle_0252.mp4,0.17406614124774933,0.011228669434785843,2244.9186207446865,-42.996761322021484,3886.7431640625,77,1.8276835680007935,4.962082386016846,4565.0390625,2331.659621086744,0.12382923473011363,22.671966306501037,0.02093385312301812,-80.43047332763672,97.43453979492188,-12.538729667663574,26.970630645751953,-3.7979965209960938,1
match6_whistle_0253.mp4,0.06549499928951263,0.01717604137957096,2210.0461319488004,-36.867618560791016,4134.375,49,1.8192261457443237,4.672396659851074,4283.785207648027,2106.5143220885857,0.12893194901315788,22.699119268232703,0.013106637706094956,-141.34568786621094,111.41886138916016,-35.59166717529297,34.02480697631836,0.02380884811282158,0
match6_whistle_0254.mp4,0.07606903463602066,0.003679329762235284,2544.81875971689,-48.806678771972656,3725.244140625,102,1.7505955696105957,4.8601484298706055,4253.2562255859375,2104.3500652186244,0.2083740234375,22.607739627890133,-0.008036671633648287,-226.4767303466797,96.90482330322266,-0.46817877888679504,52.539676666259766,-21.89670753479004,1
match6_whistle_0255.mp4,0.15078802406787872,0.016057919710874557,2367.7199423761217,-41.186073303222656,3660.64453125,96,1.8637999296188354,4.9472270011901855,4483.392333984375,2248.221314715998,0.15020243326822916,23.004224757509185,-0.019568465310478962,-67.10868072509766,95.7594223022461,-28.215341567993164,15.379409790039062,-10.055660247802734,1
match6_whistle_0256.mp4,0.16199913620948792,0.00321532622911036,1752.9098233421676,-48.48141860961914,3746.77734375,68,1.800643801689148,4.979668140411377,3743.0215525072676,2139.9179858379266,0.07721656976744186,23.8437607283068,0.007377650756385388,-131.6396026611328,112.17512512207031,-4.290469646453857,41.98789978027344,-6.865367889404297,1
match6_whistle_0257.mp4,0.06606163829565048,0.056155893951654434,3709.041377758206,-33.45348358154297,4112.841796875,36,1.8853410482406616,4.642304420471191,6595.100350215517,2613.089525834744,0.27301656788793105,21.98607093483359,-0.012675273267420574,-123.4638442993164,48.64542770385742,-0.9982757568359375,31.556594848632812,-7.813361644744873,0
match6_whistle_0258.mp4,0.06285379827022552,0.058188363909721375,4039.154805309938,-28.264863967895508,4134.375,54,1.8602381944656372,4.648739337921143,6818.586647727273,2503.0327535207584,0.32739701704545454,22.168144181510716,-0.0032503714461559383,-138.7605438232422,33.4884147644043,6.755035877227783,38.895145416259766,-15.40020751953125,0
match6_whistle_0259.mp4,0.11798366159200668,0.024161716923117638,2741.656890680511,-39.436668395996094,3606.8115234375,84,1.796433925628662,4.900174617767334,5777.95654296875,2436.7709516613354,0.17034505208333334,22.195247996737297,-0.020023509370156897,-83.55860137939453,79.24996185302734,-18.386127471923828,25.587982177734375,-13.498149871826172,1
match6_whistle_0260.mp4,0.17396137118339539,0.009249170310795307,2041.0125491298352,-47.15819549560547,3671.4111328125,30,1.7975177764892578,4.723876476287842,4496.8505859375,2290.195380814253,0.07234272203947369,22.08746633735081,0.01513294510901736,-71.91480255126953,104.66152954101562,-19.074249267578125,18.367332458496094,-11.59317398071289,0
match6_whistle_0261.mp4,0.08622513711452484,0.011137557215988636,2345.290951682645,-41.33500289916992,3703.7109375,78,1.7854465246200562,4.963563442230225,4122.609435405928,2140.1464351631985,0.17725616140463918,22.598203717919407,0.01507336784105627,-124.01248168945312,99.9704818725586,-28.820470809936523,26.056222915649414,-10.608308792114258,1
match6_whistle_0262.mp4,0.09540348500013351,0.03452564403414726,3072.659134574033,-38.04447937011719,4274.3408203125,42,1.8768532276153564,4.6924333572387695,6424.01948816636,2723.5774885443134,0.19228228400735295,22.03774400975479,-0.012125296860289233,-112.39422607421875,69.13967895507812,7.512285232543945,37.49521255493164,-3.8830504417419434,0
match6_whistle_0263.mp4,0.13575401902198792,0.025418560951948166,2653.0331748873577,-38.14223861694336,3875.9765625,48,1.818122386932373,4.9403886795043945,5061.5947265625,2248.6883806496817,0.18443359375,22.35959573665333,-0.02027484644366108,-63.09585952758789,82.00597381591797,-35.64075469970703,23.230640411376953,-8.617960929870605,1
match6_whistle_0264.mp4,0.10979035496711731,0.007524761836975813,2240.0515737671903,-46.1133918762207,3779.0771484375,77,1.819756269454956,4.9015021324157715,4023.9600648271276,2065.8573291265448,0.16861286569148937,23.891223464733425,0.0002667050082667914,-151.61880493164062,98.65572357177734,-18.278568267822266,39.19117736816406,-4.209936141967773,1
match6_whistle_0265.mp4,0.1180967316031456,0.019509373232722282,2372.2055633176055,-46.89992141723633,3682.177734375,36,1.8111765384674072,4.810063362121582,4866.703287760417,2295.8602445663323,0.12408673321759259,22.299096399008455,-0.01242490261503865,-96.08281707763672,96.27731323242188,-27.78456687927246,26.131465911865234,-9.060301780700684,0
match6_whistle_0266.mp4,0.08577974140644073,0.050765104591846466,3454.133652612842,-40.994937896728516,4037.4755859375,49,1.8045239448547363,4.694756031036377,6813.10546875,2733.903259868777,0.2160400390625,21.448325300544013,0.006298731239956237,-124.97184753417969,47.88706970214844,10.831811904907227,50.437068939208984,-5.675574779510498,0
match6_whistle_0267.mp4,0.15849637985229492,0.018788054585456848,2359.2472212545467,-42.175498962402344,3875.9765625,54,1.785086750984192,4.941410064697266,4587.9180908203125,2251.4899728411265,0.147991943359375,22.769782139423388,-0.03020108928050414,-57.31203079223633,94.9307861328125,-28.094532012939453,16.704885482788086,-12.058842658996582,1
match6_whistle_0268.mp4,0.14268699288368225,0.02632150985300541,2405.6410188549835,-46.318145751953125,4198.974609375,49,1.8552031517028809,4.73647403717041,4756.022010216346,2245.170520953224,0.13855919471153846,22.438685334615023,-0.015375206288678887,-70.23668670654297,95.36653137207031,-32.84960174560547,21.40612030029297,-1.5688440799713135,0
match6_whistle_0269.mp4,0.13263967633247375,0.04627617076039314,2682.323976261755,-38.69351577758789,3628.3447265625,24,1.8446236848831177,4.806774139404297,5436.000462582237,2366.150505661263,0.15345737390350878,21.356382131441144,-0.003458585094278594,-41.274356842041016,83.04801940917969,-35.934112548828125,4.507410526275635,-15.706893920898438,0
match6_whistle_0270.mp4,0.10213426500558853,0.06543651223182678,3242.608418446195,-41.23957824707031,3865.2099609375,52,1.8265461921691895,4.7315354347229,6484.9334716796875,2619.24228128329,0.1967230902777778,22.682363090250423,-0.006165792225597953,-94.60276794433594,62.89404296875,-14.903823852539062,14.099386215209961,-22.616140365600586,0
match6_whistle_0271.mp4,0.14861303567886353,0.013991166837513447,2401.521484949484,-45.712345123291016,3606.8115234375,77,1.843209147453308,4.951417446136475,4741.310864825581,2328.366153987903,0.14855862403100775,22.814893809056443,0.014746452731412653,-119.73269653320312,95.7127685546875,1.3549646139144897,40.27260971069336,-10.982349395751953,1
match6_whistle_0272.mp4,0.08151606470346451,0.03325501084327698,3154.402125071204,-44.525428771972656,4371.240234375,39,1.8652461767196655,4.725647926330566,6335.247802734375,2690.037322688894,0.19237467447916667,22.363375006756645,0.010900509168622214,-152.62535095214844,61.830074310302734,20.791595458984375,49.004966735839844,-8.024944305419922,0
match6_whistle_0273.mp4,0.10391324758529663,0.042306169867515564,3283.9828005715544,-39.083961486816406,3682.177734375,66,1.8546658754348755,4.838742733001709,6458.148737237005,2576.877505024778,0.20990292388613863,21.970671008833794,-0.0030111151831355995,-97.57220458984375,52.82349395751953,0.8020801544189453,41.03887939453125,-8.206884384155273,1
match6_whistle_0274.mp4,0.09373681992292404,0.01181998010724783,2576.0945674436844,-46.70246887207031,3725.244140625,60,1.8339879512786865,4.954066276550293,4781.080979567308,2319.240913974938,0.21073360233516483,23.24377525185175,0.006033383916663431,-141.06417846679688,90.736572265625,-7.527021884918213,36.533226013183594,-6.901683807373047,1
match6_whistle_0275.mp4,0.15546922385692596,0.028313713148236275,2786.012537939774,-38.507938385009766,3832.91015625,63,1.8324650526046753,4.78191614151001,5309.151664402174,2397.468143768774,0.1804390285326087,22.13048472600929,0.006898859936465235,-49.90423583984375,74.91085052490234,-22.015724182128906,22.93528938293457,-6.093224048614502,1
match6_whistle_0276.mp4,0.11727331578731537,0.04729713499546051,2656.7370286104015,-39.46510314941406,3692.9443359375,62,1.8539061546325684,4.692183017730713,5489.644582648027,2426.8850202221565,0.14947402686403508,20.554601986033095,-0.019727030361305648,-66.9159164428711,86.97412109375,-29.7534122467041,6.9223103523254395,-22.222307205200195,0
match6_whistle_0277.mp4,0.15449857711791992,0.004399790428578854,2260.9182428686886,-47.94684982299805,3811.376953125,38,1.7966536283493042,4.87465238571167,4468.65234375,2303.639933685512,0.1407412574404762,22.868623400003116,0.013116114043758969,-133.3421173095703,94.09071350097656,6.9238362312316895,47.08195877075195,-9.148921966552734,1
match6_whistle_0278.mp4,0.08833936601877213,0.025330595672130585,2714.6063292152244,-45.42156982421875,3800.6103515625,63,1.8432492017745972,4.833093643188477,5537.053103563262,2450.6025242796527,0.15876881669207318,21.96340589074832,0.004969806051743855,-123.91268157958984,76.05488586425781,-11.896644592285156,36.08917999267578,-5.9321393966674805,1
match6_whistle_0279.mp4,0.06349249929189682,0.022401560097932816,2937.8111083183985,-40.886436462402344,3843.6767578125,68,1.8113752603530884,4.980958461761475,5411.41357421875,2308.992701539757,0.2307671440972222,22.328084585876805,0.014101220728773747,-156.987548828125,71.40071105957031,-13.563074111938477,36.8680305480957,-5.359185695648193,1
match6_whistle_0280.mp4,0.1444639265537262,0.026372116059064865,2514.1425141515974,-40.69304275512695,3940.576171875,60,1.8578802347183228,4.970681190490723,5030.15625,2375.191027842994,0.16959228515625,21.58575492594692,-0.006309957948646172,-48.217933654785156,90.22274017333984,-26.251827239990234,13.871894836425781,-7.205015659332275,1
match6_whistle_0281.mp4,0.16723164916038513,0.0028072106651961803,1948.6089791451025,-48.24079513549805,3897.509765625,42,1.8447879552841187,4.895689487457275,3937.263371394231,2211.122571237004,0.10503412603021978,23.591237192451768,0.017563775061654362,-138.56573486328125,106.92332458496094,0.3363194167613983,38.67469787597656,-9.73196792602539,1
match6_whistle_0282.mp4,0.0506637878715992,0.0558445081114769,4321.8561311373,-30.501609802246094,4155.908203125,41,1.8793870210647583,4.617293834686279,7587.534345206568,2696.0904096525933,0.326271186440678,21.71719466290682,-0.0006242355729699451,-187.42218017578125,26.099287033081055,30.305252075195312,44.317420959472656,-16.336265563964844,0
match6_whistle_0283.mp4,0.03896632045507431,0.07712001353502274,4348.901996530539,-33.71926498413086,4155.908203125,35,1.8216110467910767,4.709169864654541,7389.948210169057,2645.4539499124417,0.34294953893442626,20.82061910151827,-0.004646470518753783,-204.92420959472656,20.782546997070312,30.699472427368164,47.840911865234375,-20.534671783447266,0
match6_whistle_0284.mp4,0.068617083132267,0.058514997363090515,4375.759888835671,-32.504493713378906,3660.64453125,44,1.8500484228134155,4.704364776611328,7369.414474303464,2585.166229670804,0.3445677240210843,21.566996623451338,-0.026383875465645162,-150.31761169433594,18.430782318115234,26.316524505615234,54.6632080078125,-20.72815704345703,0
match6_whistle_0285.mp4,0.15114232897758484,0.020805949345231056,2491.197587951867,-41.2746696472168,3714.4775390625,47,1.836334466934204,4.866095066070557,4700.518798828125,2295.6435296890454,0.16717819940476192,22.2766748965574,-0.03660418845075568,-61.182193756103516,93.88866424560547,-25.459110260009766,7.149053573608398,-8.880914688110352,1
match6_whistle_0286.mp4,0.14660173654556274,0.0057852864265441895,1990.4970888852517,-47.876007080078125,3725.244140625,73,1.8053358793258667,5.023331642150879,3892.8399143448796,2099.183630131474,0.11146931475903614,23.618871346104253,0.004818917254068379,-127.15289306640625,109.492431640625,-19.7764949798584,26.007604598999023,-2.6667323112487793,1
match6_whistle_0287.mp4,0.04852423816919327,0.07689566165208817,4201.216975013045,-29.603797912597656,4177.44140625,44,1.9291958808898926,4.664531707763672,7397.73193359375,2677.771999783721,0.31768391927083334,21.623417586038936,0.008759587459328519,-169.96051025390625,25.103635787963867,16.908084869384766,37.785770416259766,-20.786052703857422,0
match6_whistle_0288.mp4,0.03298148885369301,0.07319716364145279,3905.6031100829455,-31.01527214050293,3746.77734375,25,1.8334852457046509,4.681911945343018,7002.3284912109375,2645.152611343401,0.28413609095982145,20.666696178266744,0.0038948136095147364,-199.12342834472656,34.72553253173828,10.067923545837402,43.682350158691406,-15.921022415161133,0
match6_whistle_0289.mp4,0.13696342706680298,0.020448651164770126,2671.008640322695,-39.78544616699219,3606.8115234375,62,1.8014235496520996,4.809707164764404,5414.658508300781,2421.088112228994,0.1462890625,22.047436543282036,-0.006973905751563103,-66.64474487304688,84.27368927001953,-13.600545883178711,24.09177589416504,-19.627695083618164,0
match6_whistle_0290.mp4,0.15650659799575806,0.022413119673728943,2397.398514470766,-39.22051239013672,3639.111328125,72,1.8264790773391724,4.833893299102783,4896.174657067587,2303.0750166055914,0.14405432412790697,21.378287488450194,-0.0230952851243116,-40.47908401489258,94.57775115966797,-34.23905563354492,-3.644047975540161,-16.57947540283203,1
match6_whistle_0291.mp4,0.12434841692447662,0.039378099143505096,2564.139840575297,-38.99992370605469,3660.64453125,38,1.7794040441513062,4.669834136962891,5232.753990436422,2353.191827792937,0.1385961072198276,21.589999877788802,-0.005540313972689751,-59.52237319946289,85.9461898803711,-37.9637451171875,4.2696638107299805,-12.057027816772461,0
match6_whistle_0292.mp4,0.09373606741428375,0.013492034748196602,2307.179231693424,-47.592472076416016,3606.8115234375,80,1.7947323322296143,4.933320999145508,4253.260947779605,2183.7110440770657,0.1826223273026316,21.866831361817564,0.0052507107515012185,-155.44473266601562,100.99230194091797,-14.488614082336426,34.612789154052734,-6.622684955596924,1
match6_whistle_0293.mp4,0.06747747957706451,0.04810267686843872,3751.1129227539,-39.65751647949219,4209.7412109375,55,1.8985486030578613,4.804840564727783,6934.76806640625,2619.54763853713,0.26512586805555555,22.00529787223852,0.003968671681364322,-149.91632080078125,38.69680404663086,11.67580795288086,48.795406341552734,-11.111705780029297,0
match6_whistle_0294.mp4,0.05521443113684654,0.02799549140036106,3612.841209380862,-36.30620574951172,3768.310546875,51,1.8759818077087402,4.714905261993408,6400.907759232955,2562.402834349454,0.25843394886363635,22.539127523277834,-0.009009105421651346,-195.83697509765625,57.07646560668945,11.695208549499512,45.99285125732422,-4.598321914672852,0
match6_whistle_0295.mp4,0.1101234182715416,0.036566171795129776,3695.565166613993,-42.6922492980957,4317.4072265625,32,1.8831547498703003,4.676302909851074,6784.9904186320755,2748.6574669202355,0.24282318691037735,21.037926661149612,0.0026114131419379782,-130.26058959960938,51.73020553588867,27.130359649658203,36.32267379760742,3.778132200241089,0
match6_whistle_0296.mp4,0.07849305868148804,0.012198409996926785,2796.2032218913446,-48.834651947021484,3692.9443359375,60,1.7986552715301514,4.845268249511719,4725.341796875,2201.5852409497006,0.2028192077020202,22.737136117709674,0.00942835097640299,-180.14122009277344,72.39459991455078,-17.97336769104004,40.916908264160156,-9.966238975524902,1
match6_whistle_0297.mp4,0.07103505730628967,0.06120670959353447,3616.990792526393,-34.960121154785156,4155.908203125,34,1.8635156154632568,4.752969264984131,6570.5322265625,2509.039455708323,0.26720610119047616,21.758923717547734,0.019691193029102518,-109.16568756103516,50.33818817138672,-15.93227481842041,26.93547821044922,-11.52929401397705,0
match6_whistle_0298.mp4,0.06752905994653702,0.05017879232764244,3197.876602098877,-34.62875747680664,4166.6748046875,35,1.8343257904052734,4.728392124176025,6205.869140625,2538.950206736393,0.218017578125,21.788750941346404,0.006680680458881962,-116.1695327758789,66.89911651611328,-16.86831283569336,24.037853240966797,-21.118961334228516,0
match6_whistle_0299.mp4,0.05980522558093071,0.055359918624162674,3293.444559784431,-36.53410720825195,3606.8115234375,28,1.8352434635162354,4.74014139175415,6410.850123355263,2636.616714474414,0.22006921600877194,21.041480238160183,-0.026954062115099205,-136.90664672851562,60.94367980957031,-0.6559088230133057,37.41667938232422,-7.955078125,0
match6_whistle_0300.mp4,0.16612687706947327,0.02708401344716549,3276.9354547358885,-35.557861328125,3843.6767578125,32,1.8546323776245117,4.6247334480285645,6606.537828947368,2830.837773162261,0.18125513980263158,22.34167000176996,-0.027542427660320085,-65.30232238769531,60.98779296875,13.577129364013672,34.41316604614258,1.3501170873641968,0
match6_whistle_0301.mp4,0.17569775879383087,0.01684405654668808,2547.6920540520528,-41.24070739746094,3639.111328125,65,1.8059110641479492,4.892202377319336,5275.243252840909,2512.4927013999127,0.11727627840909091,21.96798789320836,0.011301131501710434,-61.088783264160156,84.89375305175781,-7.873734951019287,26.020200729370117,-2.5719897747039795,1
match6_whistle_0302.mp4,0.1110999807715416,0.0208133514970541,2847.1737426222126,-44.20435333251953,3660.64453125,62,1.799046516418457,4.8106536865234375,5185.062117429124,2321.4808540475137,0.20398075064432988,23.046427599225726,-0.024424998461077686,-120.7617416381836,79.31410217285156,-10.057092666625977,24.438962936401367,-20.57255744934082,1
match6_whistle_0303.mp4,0.12259520590305328,0.038040462881326675,2811.074639408252,-41.21134948730469,3886.7431640625,60,1.8069095611572266,4.67876672744751,5435.455877130682,2382.47925206841,0.18544541396103897,21.97321680975481,-0.01263135563709815,-73.59272766113281,79.32637786865234,-32.02758026123047,14.668127059936523,-10.509003639221191,1
match6_whistle_0304.mp4,0.12184522300958633,0.003992411773651838,2510.9213350800082,-51.16157531738281,3649.8779296875,91,1.809625267982483,4.748815536499023,4315.918228474069,2136.5935810989617,0.1794693317819149,22.374451969687044,-0.002818157628666132,-200.25091552734375,81.23424530029297,10.920685768127441,54.246280670166016,-7.876030921936035,1
match6_whistle_0305.mp4,0.1717832088470459,0.002413202077150345,1632.115222930543,-51.1734504699707,4177.44140625,40,1.8087412118911743,4.730557918548584,3721.2066650390625,2072.830271907293,0.03990827287946429,22.54584619559136,0.04615880865158687,-140.26210021972656,118.74357604980469,-11.841946601867676,37.346435546875,-7.594007968902588,0
match6_whistle_0306.mp4,0.17277684807777405,0.008664297871291637,1989.5259186285177,-46.64204788208008,3736.0107421875,64,1.8626607656478882,4.787936210632324,4095.7332245291095,2143.443902183025,0.0866732662671233,22.511220019314614,0.016453297798935135,-79.36097717285156,103.37325286865234,-25.13062286376953,27.449766159057617,-3.58052659034729,1
match6_whistle_0307.mp4,0.0840863436460495,0.015905266627669334,2685.4084935116366,-39.92256546020508,3617.578125,76,1.8464038372039795,5.055628299713135,4792.776091202446,2214.626753369376,0.21932319972826086,22.35364458695753,-0.014385242366685256,-128.12184143066406,91.206787109375,-26.64132308959961,26.631759643554688,-17.68522071838379,1
match6_whistle_0308.mp4,0.11645068228244781,0.029913509264588356,2580.3443090536525,-38.910831451416016,3789.84375,68,1.8232884407043457,4.96577262878418,4998.460425400152,2263.357356754453,0.17159513147865854,22.26564673346248,0.00895944405160786,-78.24577331542969,83.81008911132812,-31.216421127319336,25.917184829711914,-8.441949844360352,1
match6_whistle_0309.mp4,0.06639288365840912,0.02747545950114727,2929.468104244964,-48.11421585083008,3671.4111328125,71,1.8519583940505981,5.046295642852783,5442.901611328125,2332.4515923175372,0.20124744233630953,22.303812396097037,0.012842968728742488,-190.37962341308594,70.7978515625,-6.636241436004639,40.38077163696289,-10.301959991455078,1
match6_whistle_0310.mp4,0.07141860574483871,0.028153523802757263,2827.989433920038,-34.31932830810547,4037.4755859375,39,1.875793218612671,4.7900519371032715,5745.350569385593,2461.430248180265,0.1908352092161017,22.0421220658276,-0.00664295762805496,-117.18113708496094,81.34371948242188,-16.830583572387695,41.21317672729492,1.1649047136306763,0
match6_whistle_0311.mp4,0.11484779417514801,0.025006413459777832,2539.0463284784205,-39.087486267089844,3649.8779296875,72,1.786216378211975,4.824816703796387,5058.241044714096,2399.8388475706174,0.14219892785904256,21.49429185829825,-0.003248714385200797,-83.44113159179688,85.4245376586914,-18.03880500793457,22.929485321044922,-6.843829154968262,1
match6_whistle_0312.mp4,0.09397583454847336,0.007160339038819075,2501.6158901724057,-42.628292083740234,3606.8115234375,97,1.7896358966827393,5.204662799835205,4271.484375,2120.371226254478,0.21803252551020408,23.467773406500925,0.0007356348742699022,-153.13253784179688,100.2509994506836,-23.11176872253418,35.389015197753906,-13.20297908782959,1
match6_whistle_0313.mp4,0.07108385860919952,0.07889850437641144,4564.150950811046,-28.296281814575195,3919.04296875,29,1.8762307167053223,4.655574321746826,7574.793590198864,2598.1565141556894,0.35804332386363635,21.52671840269722,0.006756909970801108,-138.326416015625,2.597174644470215,20.081403732299805,63.396976470947266,-6.072769641876221,0
match6_whistle_0314.mp4,0.08418852090835571,0.068696990609169,3973.9162324739764,-37.57311248779297,3606.8115234375,50,1.8406744003295898,4.675405025482178,7262.930961277174,2706.857168187516,0.27499433876811596,20.923619410398338,0.004335087598858223,-125.05708312988281,17.374494552612305,18.011945724487305,63.94718933105469,0.504764974117279,0
match6_whistle_0315.mp4,0.13391199707984924,0.019057970494031906,2390.559852510709,-42.265235900878906,3617.578125,72,1.8339828252792358,4.794713497161865,4826.9366455078125,2245.1139197462385,0.161187744140625,22.611048524890126,0.017492787418311995,-71.9040756225586,98.97526550292969,-33.352699279785156,12.988885879516602,-15.319107055664062,1
match6_whistle_0316.mp4,0.061100419610738754,0.006789355538785458,2926.467389815943,-50.12630081176758,3660.64453125,90,1.7709439992904663,5.132142543792725,4683.580433238636,2137.2802194143565,0.2503304529671717,22.912643688025298,-0.01457796486160343,-282.6562194824219,78.57644653320312,10.835508346557617,54.851356506347656,-13.588362693786621,1
match6_whistle_0317.mp4,0.07462387531995773,0.04416162520647049,3244.473525976251,-36.52817153930664,4059.0087890625,54,1.8414150476455688,4.81913423538208,6292.0318603515625,2544.7698218036203,0.23338487413194445,21.799999707225183,9.284345335587123e-05,-121.68280792236328,65.87709045410156,-10.845096588134766,38.17783737182617,-9.51162338256836,0
match6_whistle_0318.mp4,0.16189293563365936,0.011401461437344551,2160.3383201424185,-41.00117874145508,3639.111328125,94,1.8244844675064087,4.93329381942749,4271.513227982955,2212.885684378141,0.12645004734848486,22.35546378132514,-0.030738527489362618,-65.78040313720703,99.54084777832031,-25.972579956054688,20.30645751953125,-8.122063636779785,1
match6_whistle_0319.mp4,0.08108264207839966,0.053813353180885315,2931.48666071943,-33.4372444152832,3639.111328125,39,1.8173856735229492,4.693155288696289,6024.824594350962,2464.3558355270266,0.20140474759615384,21.21867336723781,0.001802487444786733,-82.16984558105469,75.76488494873047,-35.95803451538086,5.315865993499756,-15.541346549987793,0
match6_whistle_0320.mp4,0.12208893895149231,0.006153522524982691,2024.8645110895793,-49.795166015625,3746.77734375,68,1.8102308511734009,4.968292713165283,3857.9457478350905,2112.3358203476478,0.13433617281626506,23.364108379806723,0.00407940287239066,-134.6622772216797,108.93168640136719,-20.877437591552734,35.48030090332031,-0.6575638055801392,1
match6_whistle_0321.mp4,0.08261784166097641,0.06262888014316559,3249.0173630982704,-34.63886642456055,3671.4111328125,35,1.848259449005127,4.78610897064209,6720.281982421875,2694.861337996354,0.21435546875,21.138614257819295,0.004849928747219398,-86.97274017333984,65.66304779052734,-3.4620001316070557,28.939441680908203,-3.2959682941436768,0
match6_whistle_0322.mp4,0.08544513583183289,0.03946702182292938,3178.4368749301802,-42.520416259765625,4134.375,29,1.887726068496704,4.7807416915893555,6478.466033935547,2588.504555849492,0.20014190673828125,22.747498958603828,0.018226395772278973,-121.89979553222656,64.73574829101562,-6.659123420715332,35.72902297973633,-11.240097999572754,0
match6_whistle_0323.mp4,0.14896158874034882,0.010061012580990791,2263.381764217518,-42.125728607177734,3606.8115234375,58,1.8112856149673462,4.941642761230469,4650.393566453313,2217.7776935652864,0.1403249717620482,22.933022968240486,-0.018285637386761904,-70.69971466064453,101.84992980957031,-29.629568099975586,17.26506233215332,-13.920090675354004,1
match6_whistle_0324.mp4,0.08494675904512405,0.013472102582454681,2237.7918856632914,-42.92918014526367,4155.908203125,48,1.8765358924865723,4.6987199783325195,4223.583984375,2078.8234824368037,0.13911365327380953,22.937055595352707,-0.018847127645927702,-135.87428283691406,106.15323638916016,-27.151351928710938,27.5933895111084,-4.832578659057617,0
match6_whistle_0325.mp4,0.09769539535045624,0.007587176747620106,2542.3095582936835,-47.12224197387695,3606.8115234375,92,1.8138362169265747,4.878228664398193,4412.434188179348,2149.0194141503744,0.20958411175271738,23.065647717487913,-0.04301437372550929,-159.2812957763672,102.10778045654297,-16.145130157470703,32.363040924072266,-16.946582794189453,1
match6_whistle_0326.mp4,0.04145132750272751,0.029034119099378586,3510.563136394623,-30.849456787109375,3832.91015625,29,1.8029483556747437,4.798869609832764,6667.218017578125,2575.202477102103,0.27191162109375,21.890621227268728,-0.008458353256411642,-193.218505859375,61.7220458984375,-4.397706508636475,49.890419006347656,-3.5833935737609863,0
match6_whistle_0327.mp4,0.1492060124874115,0.021482694894075394,2448.7845388673254,-40.63323211669922,3639.111328125,50,1.8622500896453857,4.798487663269043,4740.262545072115,2293.9398491699403,0.1445527129120879,21.5642325969388,-0.025651987349147542,-55.54573059082031,91.87198638916016,-28.453216552734375,2.3161795139312744,-16.25787353515625,1
match6_whistle_0328.mp4,0.08177243918180466,0.012898512184619904,2306.5352154194734,-42.89829635620117,3725.244140625,57,1.8581857681274414,4.862225532531738,4221.11267775632,2133.532495599049,0.17430543363764045,22.501888228441775,-0.00039126634323291874,-142.2449951171875,104.98735809326172,-21.27678871154785,27.725479125976562,-15.130132675170898,1
match6_whistle_0329.mp4,0.05822372063994408,0.04987473785877228,3404.5591143376264,-34.39226150512695,4392.7734375,28,1.8564103841781616,4.820402145385742,6165.735705145474,2468.856501745796,0.25050511853448276,21.59978173358581,0.006544617020637141,-134.5465850830078,57.10214614868164,-8.227360725402832,29.411888122558594,-18.977685928344727,0
match6_whistle_0330.mp4,0.13365384936332703,0.026280231773853302,2462.2362754867186,-41.27651596069336,3811.376953125,53,1.849423885345459,4.83965539932251,4845.652133603639,2345.375678495944,0.1647856507120253,21.661171202270577,-0.012727799987614596,-60.885799407958984,89.53169250488281,-26.152462005615234,20.193090438842773,-1.0426455736160278,1
match6_whistle_0331.mp4,0.02180992066860199,0.014706484042108059,2871.7503876831092,-40.05110549926758,3822.1435546875,52,1.8086702823638916,4.793826103210449,5647.170770363729,2500.215224689055,0.20464587602459017,22.197639593351596,-0.01091206144218328,-281.0116271972656,93.0071792602539,11.246310234069824,32.308780670166016,-5.737799167633057,0
match6_whistle_0332.mp4,0.08603621274232864,0.003724454902112484,2532.3085704368814,-50.0823974609375,3606.8115234375,79,1.8278439044952393,4.91939640045166,4186.210081749356,2109.6287128517893,0.20020538015463918,22.39014373998144,-0.0031348785042945053,-230.08811950683594,89.15858459472656,1.72265625,56.47785186767578,-6.819175720214844,1
match6_whistle_0333.mp4,0.04322376102209091,0.026768317446112633,3465.103389629831,-38.98171615600586,4220.5078125,50,1.909541130065918,4.731886386871338,6378.955078125,2573.3001744338335,0.23810298859126985,21.73470494380831,-0.002604277382108152,-221.43109130859375,51.11593246459961,18.51523780822754,54.95258331298828,-7.174690246582031,0
match6_whistle_0334.mp4,0.10879912227392197,0.020819315686821938,2708.1073027044577,-45.46426773071289,4112.841796875,25,1.83256995677948,4.764993190765381,5545.5272777660475,2506.018753101923,0.1356102195945946,22.361697201025137,0.007092614259586037,-107.8699951171875,82.02224731445312,-15.1188325881958,28.17452049255371,-6.806099891662598,0
match6_whistle_0335.mp4,0.09478725492954254,0.02263757959008217,2531.2921632959483,-39.957122802734375,3692.9443359375,71,1.8612275123596191,4.7726731300354,4863.2376338658705,2299.345810726063,0.15789589185393257,22.536075687223452,-0.0237980299013945,-102.62272644042969,87.95098876953125,-27.888961791992188,22.424964904785156,-7.775759696960449,1
match6_whistle_0336.mp4,0.12345524877309799,0.008591324090957642,2245.9707221096146,-46.088314056396484,3606.8115234375,75,1.8354369401931763,5.0702338218688965,4360.799893465909,2311.759731595496,0.1283291903409091,23.109704059899954,0.03613900823894463,-133.5944366455078,100.45774841308594,-12.927484512329102,31.353757858276367,-1.811051607131958,1
match6_whistle_0337.mp4,0.06879708915948868,0.040595680475234985,2907.513449111878,-42.85283279418945,3639.111328125,46,1.873559832572937,4.508477687835693,5844.307084517045,2556.1934951000394,0.16645063920454545,21.194644691584056,-0.009938156432752332,-140.3411865234375,76.03849792480469,-1.3038936853408813,23.69001007080078,-7.010807991027832,0
match6_whistle_0338.mp4,0.08747546374797821,0.06007882580161095,3138.392767809744,-38.56428146362305,3606.8115234375,36,1.8764026165008545,4.7009735107421875,6154.4586181640625,2561.5163733468744,0.20103624131944445,21.265810159432007,-0.013082699538801727,-88.6388931274414,64.698974609375,-15.464994430541992,22.70804786682129,-12.867000579833984,0
match6_whistle_0339.mp4,0.06641192734241486,0.04347677901387215,3239.2144191269927,-30.080930709838867,4015.9423828125,37,1.828757882118225,4.787567615509033,6347.002863479873,2571.8145813965016,0.2121623411016949,21.93459196714898,-0.001908741737245094,-118.69094848632812,63.19301223754883,-8.530492782592773,35.733463287353516,-15.556668281555176,0
match6_whistle_0340.mp4,0.062349431216716766,0.04471493884921074,3475.997077131809,-33.59844207763672,4177.44140625,56,1.8668826818466187,4.748056411743164,6529.695387620192,2499.1329495522996,0.2809269831730769,21.82559655468442,0.0028306051691261128,-131.27024841308594,64.1942138671875,-21.47493553161621,35.13074493408203,-14.429930686950684,0
match6_whistle_0341.mp4,0.11584952473640442,0.03626604005694389,2993.367246591576,-39.883846282958984,4112.841796875,37,1.8966842889785767,4.7152934074401855,6351.26953125,2746.5812794080994,0.1490962921626984,20.490045561531606,-0.0009435234472075319,-92.64913940429688,62.238380432128906,6.310847282409668,38.06633377075195,2.2643885612487793,0
match6_whistle_0342.mp4,0.06515724211931229,0.03180784359574318,2955.688581623165,-31.743022918701172,3649.8779296875,27,1.839062213897705,4.806110382080078,6024.794477982955,2497.234166750163,0.20651633522727272,21.183768640556316,-0.011157084406872088,-119.82118225097656,83.77117919921875,-13.913470268249512,16.14082145690918,-36.51558303833008,0
match6_whistle_0343.mp4,0.06673305481672287,0.020904231816530228,2904.8120143427686,-40.374332427978516,3692.9443359375,47,1.7706691026687622,4.772152900695801,6196.515655517578,2567.0551550679543,0.20679473876953125,21.353455268596942,-0.01884182186422313,-143.68133544921875,86.1523666381836,-1.5687023401260376,25.609779357910156,-25.707012176513672,0
match6_whistle_0344.mp4,0.09355983883142471,0.0325375571846962,3261.413829794582,-38.217647552490234,3832.91015625,62,1.8963451385498047,4.70616340637207,6545.560749922649,2599.7264373718917,0.2266978650990099,22.118855785110963,-0.011458388109208682,-118.28627014160156,64.92228698730469,-7.631739139556885,43.512264251708984,-9.08561897277832,0
match6_whistle_0345.mp4,0.07717530429363251,0.006001652684062719,2613.370257860124,-43.75881576538086,3832.91015625,40,1.8193143606185913,5.051856994628906,4644.419938426907,2219.8762332398915,0.18637447033898305,23.94814547971617,0.02385786931113292,-170.06195068359375,79.93025970458984,-16.62669563293457,41.550296783447266,-11.211251258850098,1
match6_whistle_0346.mp4,0.05931969732046127,0.014546938240528107,2165.588930205525,-38.9664421081543,4328.173828125,37,1.7761911153793335,4.785264492034912,4464.483066774764,2251.560089557377,0.11356684846698113,22.487830447120412,-0.0011606137527824267,-150.23800659179688,107.22093200683594,-16.51511573791504,34.67018508911133,-2.3459222316741943,0
match6_whistle_0347.mp4,0.09424828737974167,0.0056831808760762215,2688.8040082599173,-50.569271087646484,3757.5439453125,67,1.8336087465286255,4.952936172485352,4466.967048267326,2257.7238354368765,0.2197217280321782,22.92315231996626,0.0032443071662795952,-211.30380249023438,87.65757751464844,9.012275695800781,50.535099029541016,-9.532662391662598,1
match6_whistle_0348.mp4,0.04405293986201286,0.05887610465288162,3920.5997411397357,-30.989824295043945,4285.107421875,49,1.9008017778396606,4.633707523345947,6961.794061175848,2704.0549866423644,0.2839148569915254,21.11695458593281,-0.008077395500712547,-175.97512817382812,40.58441925048828,22.345306396484375,43.07889175415039,-14.914416313171387,0
match6_whistle_0349.mp4,0.13285748660564423,0.044155996292829514,3385.918595368731,-40.907283782958984,3639.111328125,47,1.8316824436187744,4.73683500289917,6739.7100933527545,2748.2847672417347,0.19242419226694915,21.66697627938326,0.001744941849829578,-79.23942565917969,48.260986328125,14.370604515075684,45.48493957519531,-4.855749607086182,0
match6_whistle_0350.mp4,0.07501871138811111,0.05600368604063988,3273.4049075626817,-31.904409408569336,4080.5419921875,34,1.8301362991333008,4.703906536102295,6545.051820816532,2548.640544196206,0.21993920110887097,21.92422672590348,0.011131383508156416,-103.12183380126953,56.483428955078125,-18.3251953125,36.36765670776367,-0.8641321063041687,0
match6_whistle_0351.mp4,0.08736507594585419,0.04456213116645813,3418.3360238412733,-36.78522872924805,3682.177734375,45,1.7749508619308472,4.679960250854492,6858.139564251078,2562.0936908965878,0.23444234913793102,22.472939962918883,0.008610802319108057,-97.43051147460938,52.3456916809082,-21.871503829956055,37.05024337768555,-1.9104825258255005,0
match6_whistle_0352.mp4,0.10220599919557571,0.06613270193338394,3688.098544580328,-37.56568145751953,3617.578125,63,1.8421450853347778,4.62225341796875,7071.654137899709,2796.658048656245,0.23819040697674418,20.609047820542703,-0.004748721009210416,-87.28888702392578,42.46316146850586,11.470429420471191,39.20473098754883,-5.325060844421387,0
match6_whistle_0353.mp4,0.10482781380414963,0.03364534676074982,2728.841347574675,-46.02123260498047,3682.177734375,29,1.8335667848587036,4.63401460647583,5652.651451373922,2463.733450924799,0.15501245959051724,21.42638652846274,-0.02158867243043833,-99.51897430419922,83.63385009765625,-11.419787406921387,21.35194206237793,-21.57137680053711,0
match6_whistle_0354.mp4,0.1405971795320511,0.022602159529924393,2778.7732753407718,-36.66642379760742,3639.111328125,37,1.8006646633148193,4.917011737823486,5925.280554819915,2609.3381823124146,0.1668349443855932,21.18127273042934,-0.00797190557502923,-75.69490051269531,79.80123138427734,-4.998043537139893,30.92117691040039,-5.475952625274658,0
match6_whistle_0355.mp4,0.1523144543170929,0.01494512427598238,2233.368603387936,-42.086856842041016,3639.111328125,53,1.793819785118103,5.052248954772949,4616.89453125,2249.7528653439967,0.134765625,22.01286450986634,-0.006905322153866982,-67.80817413330078,104.60061645507812,-22.9887638092041,17.307754516601562,-10.239487648010254,1
match6_whistle_0356.mp4,0.12261848151683807,0.015142600052058697,2285.995614803195,-46.44536209106445,3703.7109375,74,1.7887988090515137,4.873683452606201,4663.2691801264045,2341.5475366570417,0.11775807584269662,22.37568179727721,0.00043703744227256637,-102.85442352294922,94.11087036132812,-19.98592185974121,22.09317970275879,-8.673439979553223,1
match6_whistle_0357.mp4,0.15567927062511444,0.009110269136726856,2189.322563545442,-48.0526237487793,3832.91015625,63,1.8339207172393799,4.875514030456543,4747.481338291952,2372.166809655595,0.08076038099315068,22.525243367175605,0.025643814121464208,-88.86419677734375,96.13204956054688,-22.520084381103516,7.2508864402771,-9.717424392700195,1
match6_whistle_0358.mp4,0.09912296384572983,0.0038784730713814497,2418.695694730501,-46.7412223815918,3606.8115234375,91,1.789667010307312,5.050770282745361,4457.062471829928,2262.7846747766434,0.16680438701923078,23.1670796902935,0.0025072084861488962,-202.60287475585938,90.42042541503906,4.412680149078369,50.30369186401367,-7.830688953399658,1
match6_whistle_0359.mp4,0.09413228183984756,0.04671985283493996,3797.653355296227,-38.814308166503906,4188.2080078125,27,1.8782557249069214,4.583844184875488,7266.761435231855,2795.028810682865,0.23480027721774194,22.53301418622571,-0.002362803788424953,-114.40009307861328,39.10565948486328,19.88986587524414,41.27710723876953,-10.782735824584961,0
match6_whistle_0360.mp4,0.09644016623497009,0.05834954231977463,3787.0281405281744,-38.463199615478516,3639.111328125,41,1.8323639631271362,4.682957649230957,7187.911759561567,2723.2521429804137,0.2633074860074627,22.48778317843705,0.00981761738812222,-97.77018737792969,37.771305084228516,10.048956871032715,43.62378692626953,-7.4524102210998535,0
match6_whistle_0361.mp4,0.07987096160650253,0.04793670028448105,3582.8893333727233,-36.25516128540039,3649.8779296875,43,1.8179453611373901,4.783212661743164,7076.27612964527,2768.8239696167075,0.23886850717905406,21.564296796526826,-0.003672418003620438,-120.86260986328125,45.069114685058594,11.176136016845703,52.27262496948242,1.3953428268432617,0
match6_whistle_0362.mp4,0.1474173218011856,0.006916093174368143,2217.580321036122,-44.38435363769531,3811.376953125,57,1.7876454591751099,5.0430402755737305,3985.1625689338234,2036.7654049338212,0.1655962775735294,23.880151493943547,0.009987906755257944,-94.5405502319336,104.4466323852539,-33.035400390625,29.954296112060547,-16.755451202392578,1
match6_whistle_0363.mp4,0.1018977090716362,0.003713926998898387,2070.8624488311348,-46.35317611694336,3660.64453125,76,1.7919964790344238,4.737484455108643,3901.3809032654494,2045.9919677497105,0.15484550561797752,23.43923952256759,0.011990181247899821,-153.9762420654297,117.2819595336914,-12.715084075927734,31.219758987426758,-16.401453018188477,1
match6_whistle_0364.mp4,0.06576935946941376,0.07831105589866638,4484.962535825064,-27.81617546081543,3671.4111328125,35,1.9079676866531372,4.789332389831543,7456.165216619318,2616.3869456279394,0.36232244318181817,21.64023192879581,-0.0013721779250954825,-143.72085571289062,13.053504943847656,24.748279571533203,55.756134033203125,-9.935833930969238,0
match6_whistle_0365.mp4,0.1215541809797287,0.038480713963508606,3436.110875923336,-42.04502868652344,3671.4111328125,98,1.8505959510803223,4.933772087097168,6430.986112706802,2543.9091369403714,0.24895881204044118,22.24510267781807,-0.016671931623852974,-91.97196197509766,54.998199462890625,-0.5913023352622986,33.65918731689453,-12.102022171020508,1
match6_whistle_0366.mp4,0.13070617616176605,0.011533851735293865,2249.5656347732656,-45.78375244140625,3757.5439453125,60,1.8041630983352661,4.9099602699279785,4438.728444169207,2250.7881190672715,0.1222608612804878,22.213041706283192,0.027398297161902938,-103.38954162597656,95.1165542602539,-22.157743453979492,19.12204933166504,-7.666631698608398,1
match6_whistle_0367.mp4,0.1573931872844696,0.01243719831109047,2867.7041751019697,-43.661869049072266,3649.8779296875,85,1.826463222503662,5.220150947570801,6117.963005514706,2605.0523032696206,0.1858197380514706,23.697505918352828,0.03625937515507935,-80.04825592041016,64.98664093017578,1.214329719543457,16.380247116088867,-3.114307403564453,1
match6_whistle_0368.mp4,0.13116221129894257,0.008392969146370888,2534.1406462790787,-48.356319427490234,3649.8779296875,43,1.8306560516357422,5.261153697967529,5644.876248719263,2473.442290053817,0.15182345030737704,24.658632404307323,0.042214376327921056,-89.25824737548828,77.01448059082031,-11.438974380493164,6.480249404907227,-3.160054922103882,0
match6_whistle_0369.mp4,0.061019670218229294,0.04388616979122162,3111.66992215991,-41.60786819458008,4392.7734375,43,1.8466157913208008,4.705266952514648,6132.035801774365,2621.4639474539013,0.2015029131355932,21.20385822100536,0.009466546447392917,-140.29122924804688,74.5594482421875,5.823727130889893,29.127201080322266,-19.111448287963867,0
match6_whistle_0370.mp4,0.086116261780262,0.028149612247943878,2711.527208651421,-45.8153190612793,3628.3447265625,53,1.8584098815917969,4.7198405265808105,5533.668233580508,2458.4069516225404,0.1493892346398305,22.282917307630676,0.013793149579110767,-120.78862762451172,83.83216857910156,-10.759858131408691,30.77457046508789,-6.500782012939453,0
match6_whistle_0371.mp4,0.1410876363515854,0.0036309799179434776,2302.1893048786324,-47.915138244628906,3606.8115234375,72,1.8055585622787476,5.146114826202393,4121.2158203125,2146.841684827049,0.1720648871527778,24.00955846534853,0.026358132818750362,-143.8975372314453,101.16861724853516,-7.654901027679443,39.383934020996094,-17.437400817871094,1
match6_whistle_0372.mp4,0.16562585532665253,0.011424634605646133,2668.4297227348097,-50.061458587646484,3671.4111328125,34,1.782361626625061,4.674733638763428,5865.156987028302,2672.0050908301855,0.07284603478773585,22.19015053842262,0.03176715870193557,-139.12342834472656,69.17457580566406,19.98993492126465,47.77199935913086,-4.718710422515869,0
match6_whistle_0373.mp4,0.08555860072374344,0.04588797315955162,3418.776656503862,-33.79985046386719,3660.64453125,37,1.8763344287872314,4.980008125305176,6322.686767578125,2582.8832959466167,0.250927734375,21.463354884028636,-0.01691141970406081,-107.20646667480469,55.59577941894531,-0.2679459750652313,34.00041961669922,-16.862995147705078,0
match6_whistle_0374.mp4,0.0937233418226242,0.04356535151600838,2955.1150706655512,-37.037757873535156,3671.4111328125,41,1.9248343706130981,4.956489562988281,5612.763977050781,2396.619601516145,0.2093505859375,21.54387816915354,-0.024509894047550086,-78.56379699707031,73.69415283203125,-27.217809677124023,11.058780670166016,-15.085790634155273,1
match6_whistle_0375.mp4,0.1666545420885086,0.0060202875174582005,2133.36039247126,-46.336917877197266,3779.0771484375,57,1.8583792448043823,4.835185527801514,4357.116305443548,2220.1273436257547,0.12009618615591398,23.648105813611036,0.01751153973791014,-110.52100372314453,104.69886016845703,-8.195795059204102,41.01154708862305,-5.422240734100342,1
match6_whistle_0376.mp4,0.09772611409425735,0.01796041801571846,2559.888805916103,-43.24723815917969,3779.0771484375,52,1.8618764877319336,4.826104640960693,4834.2041015625,2274.5409298973636,0.15553921083860758,22.909086955594923,-0.011153383286741652,-108.7454605102539,85.06720733642578,-24.820472717285156,21.88895606994629,-12.344109535217285,1
match6_whistle_0377.mp4,0.09883499145507812,0.009699709713459015,2268.2139574345056,-44.74250030517578,3639.111328125,81,1.8106366395950317,4.957918167114258,4198.974609375,2150.0461594794165,0.16056985294117648,23.460191869364174,-0.008682026918383481,-151.54954528808594,105.48303985595703,-18.354761123657227,28.580598831176758,-17.389385223388672,1
match6_whistle_0378.mp4,0.1954604685306549,0.014776814728975296,2262.2665102869223,-45.49652099609375,3822.1435546875,54,1.8554484844207764,4.889659404754639,4965.9454345703125,2421.580434329402,0.10057237413194445,22.60365498293761,0.012593577927454313,-46.53417205810547,95.44314575195312,-12.75873851776123,9.58530330657959,-18.087417602539062,1
match6_whistle_0379.mp4,0.09674582630395889,0.013926303014159203,2505.1341350240978,-49.83676528930664,3736.0107421875,62,1.817857027053833,4.925686836242676,4635.02197265625,2325.515291209137,0.17485245414402173,23.721343929590038,0.023810514588092867,-185.51620483398438,86.9320297241211,-8.041687965393066,38.85269546508789,-8.498420715332031,1
match6_whistle_0380.mp4,0.08796001225709915,0.025075791403651237,3038.088638036993,-42.15938949584961,3617.578125,54,1.85402250289917,4.635345935821533,5862.180494225543,2480.4703873997605,0.1973930027173913,22.1389123271188,-0.005557431615933998,-137.74778747558594,68.18165588378906,3.750518798828125,39.65474319458008,-14.033227920532227,0
match6_whistle_0381.mp4,0.10534092038869858,0.029033707454800606,3047.9248192207897,-41.25589370727539,3736.0107421875,50,1.818528175354004,4.946247577667236,5939.750262004573,2489.3613478597495,0.2017673399390244,21.762502368026286,-0.035766941803453425,-108.98696899414062,69.02267456054688,-5.242874622344971,26.928680419921875,-15.937176704406738,1
match6_whistle_0382.mp4,0.10682018101215363,0.037585604935884476,2774.976093635654,-39.699249267578125,3822.1435546875,35,1.8105350732803345,4.775509357452393,5528.8421630859375,2350.3210293582356,0.17347935267857142,21.785610547887337,0.010237150981007623,-61.98013687133789,76.66035461425781,-44.44610595703125,6.8841094970703125,-9.228400230407715,0
match6_whistle_0383.mp4,0.16257858276367188,0.005307712592184544,1933.462262671357,-49.03496551513672,3606.8115234375,56,1.7891201972961426,5.022841930389404,3909.0533384342784,2172.1990071771497,0.09235562983247422,22.82563453394297,0.03220269100441714,-128.79067993164062,106.67623138427734,-9.693670272827148,33.76810073852539,-2.032047986984253,1
match6_whistle_0384.mp4,0.0455402247607708,0.017792457714676857,2961.238592969032,-41.4808464050293,3929.8095703125,55,1.875257134437561,4.715967655181885,6489.613217213115,2633.3114974266914,0.18969326331967212,22.239499578279265,-0.02572310723680382,-202.1295623779297,79.77396392822266,-1.2110941410064697,33.869911193847656,-11.934012413024902,0
match6_whistle_0385.mp4,0.07409388571977615,0.03272080793976784,3007.691576789096,-40.498138427734375,3660.64453125,33,1.839390754699707,4.745372295379639,6392.150236430921,2712.7481165654776,0.17831688596491227,21.106235034660155,-0.01267810776116675,-139.71636962890625,71.95317840576172,12.666219711303711,44.09305191040039,-11.827116966247559,0
match6_whistle_0386.mp4,0.13572995364665985,0.01846139319241047,2612.755076099761,-43.251216888427734,3865.2099609375,38,1.8231202363967896,4.78306770324707,5304.570007324219,2448.3921954128677,0.14890289306640625,22.90667848887525,0.009888889449495297,-86.9215087890625,85.53602600097656,-10.527182579040527,27.932085037231445,-12.361114501953125,0
match6_whistle_0387.mp4,0.1495598703622818,0.015327023342251778,2329.187191511705,-42.313873291015625,3843.6767578125,44,1.8444210290908813,4.882942199707031,4621.199984163852,2286.582214274362,0.1279098923141892,22.375173401187787,0.009742604403013076,-62.10125732421875,95.98799133300781,-24.814218521118164,10.293048858642578,-15.665079116821289,1
match6_whistle_0388.mp4,0.1309969425201416,0.00846647284924984,2241.1150260909008,-47.872169494628906,3746.77734375,60,1.8517428636550903,4.9286675453186035,4450.936491593071,2186.939322928544,0.16114342730978262,23.657195801086605,0.008482933390356181,-126.64661407470703,104.26874542236328,-10.8253755569458,36.25117111206055,-12.19945240020752,1
match6_whistle_0389.mp4,0.12901192903518677,0.01785551756620407,2510.3990656211286,-41.83121109008789,3854.443359375,48,1.852461338043213,4.892948150634766,5020.481057363014,2355.7646261612263,0.1786306720890411,22.466220372036087,0.007170986903585786,-77.26107788085938,94.98186492919922,-21.409631729125977,20.283279418945312,-10.829524993896484,1
match6_whistle_0390.mp4,0.11382542550563812,0.006846928037703037,2020.506389794839,-46.538963317871094,3779.0771484375,45,1.8718280792236328,4.6802849769592285,4131.14501953125,2181.2192086018154,0.0734130859375,22.457115026598164,0.03316007833915325,-144.5325469970703,107.33800506591797,-8.171247482299805,36.857975006103516,-0.5633910894393921,0
match6_whistle_0391.mp4,0.09741070866584778,0.012056941166520119,2719.935676500437,-46.229576110839844,3682.177734375,81,1.8515499830245972,4.966080665588379,4741.049592391304,2303.3159223195585,0.20823072350543478,22.622524774113806,0.010505119772771946,-159.29319763183594,87.70292663574219,3.963160991668701,37.85812759399414,-19.284435272216797,1
match6_whistle_0392.mp4,0.07639878243207932,0.0251908041536808,2669.8676295603327,-40.83562088012695,4102.0751953125,53,1.850318431854248,4.847906112670898,5454.254450563524,2422.5759939584327,0.1508548924180328,21.773710050472065,-0.011036823424204487,-130.09872436523438,87.84266662597656,-19.406850814819336,25.6519718170166,-13.862626075744629,0
match6_whistle_0393.mp4,0.10741326212882996,0.029108351096510887,2742.7454466828253,-42.35990905761719,3757.5439453125,69,1.816266417503357,4.741886615753174,5170.216721754808,2342.4352506140417,0.18963555975274726,22.498595053144207,-0.011850808969621695,-93.6377182006836,81.082275390625,-26.824813842773438,19.602184295654297,-10.039759635925293,1
match6_whistle_0394.mp4,0.14039793610572815,0.01923259347677231,2292.603267015753,-42.290992736816406,4102.0751953125,42,1.7818794250488281,4.718779563903809,4525.128384294181,2191.2216669150284,0.11951104525862069,21.968065778997897,-0.03588739946204509,-61.730712890625,100.18942260742188,-37.76286315917969,11.239249229431152,-18.363689422607422,0
match6_whistle_0395.mp4,0.08756329864263535,0.01800031214952469,2699.8753561115805,-45.99325942993164,3649.8779296875,90,1.862215280532837,5.162612438201904,4766.80517578125,2229.328250002502,0.2174365234375,21.20474590443387,-0.016534288328492967,-136.5950164794922,86.31441497802734,-23.618566513061523,30.705528259277344,-9.389527320861816,1
match6_whistle_0396.mp4,0.07190096378326416,0.06033583730459213,3356.8886962754395,-37.37287521362305,4166.6748046875,35,1.8310322761535645,4.729020118713379,6460.297393798828,2602.355804948786,0.2264862060546875,20.85652309771465,-0.021770890384278208,-114.60775756835938,54.350624084472656,-1.5822043418884277,44.18952941894531,-4.453525543212891,0
match6_whistle_0397.mp4,0.08551078289747238,0.06415821611881256,4031.325989082332,-38.55765151977539,3660.64453125,36,1.8532214164733887,4.730991840362549,7349.5513916015625,2741.1938098288047,0.30837576729910715,20.60465685898572,-0.010555789635908742,-120.68809509277344,41.30638885498047,14.781288146972656,35.47498321533203,-14.34057331085205,0
match6_whistle_0398.mp4,0.1150912344455719,0.05145452544093132,3676.5458611700515,-37.797401428222656,4112.841796875,32,1.8394547700881958,4.672755718231201,6887.675246147261,2709.431472617323,0.24382625214041095,20.62088441673009,-0.01363834367541887,-89.99333190917969,44.77151107788086,9.780549049377441,39.74910354614258,-8.888833045959473,0
match6_whistle_0399.mp4,0.13847540318965912,0.019827866926789284,2790.7531273219465,-46.6953125,3940.576171875,47,1.7862097024917603,4.928961277008057,5316.406650230533,2447.728329394092,0.1735719774590164,22.431600790436377,-0.02962110925299613,-87.54218292236328,80.4953842163086,-5.284793376922607,28.45574188232422,-15.677411079406738,0
match6_whistle_0400.mp4,0.11676962673664093,0.01905672438442707,2425.0435334558338,-51.6258544921875,3897.509765625,51,1.7828274965286255,4.885044097900391,4764.787854646382,2331.0232861168356,0.14105545847039475,22.875686664107683,-0.025236096329455403,-101.51914978027344,95.35896301269531,-20.77943992614746,12.470207214355469,-13.52224063873291,1
match6_whistle_0401.mp4,0.08523071557283401,0.012943010777235031,2670.017218554479,-45.315486907958984,3811.376953125,45,1.899697184562683,4.930605411529541,4828.2883864182695,2315.150291441453,0.20256696428571427,22.372146730056546,-0.010297215668163774,-169.09713745117188,77.1535873413086,-11.678912162780762,38.343204498291016,3.0854761600494385,1
match6_whistle_0402.mp4,0.15429389476776123,0.013024384155869484,2270.6342184324176,-42.879974365234375,3875.9765625,49,1.857062578201294,4.788050174713135,4580.192057291667,2304.8860642008344,0.12297453703703703,22.467564773967982,-0.0039990486863511554,-73.606201171875,94.00070190429688,-17.426288604736328,16.215782165527344,-15.712407112121582,1
match6_whistle_0403.mp4,0.13469241559505463,0.029523201286792755,2541.3830718225054,-42.870670318603516,3682.177734375,28,1.7628268003463745,4.717137813568115,5520.076497395833,2402.4556074590523,0.1333550347222222,20.656987109850338,-0.011866240557396402,-57.37442398071289,86.00483703613281,-31.99412727355957,3.7663111686706543,-19.100767135620117,0
match6_whistle_0404.mp4,0.0638173371553421,0.0680137649178505,3145.4720037490056,-31.802955627441406,3628.3447265625,39,1.841583251953125,4.72078800201416,6140.489880792026,2431.63493684495,0.23877794989224138,20.225780055202726,-0.0018214220604093382,-93.97769927978516,65.02422332763672,-39.435489654541016,13.278824806213379,-4.430117607116699,0
match6_whistle_0405.mp4,0.07282833009958267,0.013509978540241718,2711.1121152690766,-45.28200912475586,3639.111328125,97,1.8327027559280396,5.062320232391357,4933.143503289473,2290.150814981465,0.20669716282894737,21.385889930253768,-0.004100282983871084,-167.54107666015625,84.93197631835938,-8.853437423706055,38.88138961791992,-12.081502914428711,1
match6_whistle_0406.mp4,0.05833646282553673,0.04919983074069023,3525.6105759748525,-33.87179946899414,3757.5439453125,40,1.8803125619888306,4.788878917694092,6655.4021285752115,2642.265725484835,0.23058461334745764,22.230213934137478,0.007492726628815424,-150.73052978515625,51.16202163696289,3.3889858722686768,33.02445602416992,-8.826567649841309,0
match6_whistle_0407.mp4,0.11787401139736176,0.04932355135679245,3368.65134130816,-34.8946647644043,3811.376953125,34,1.841964840888977,4.585720539093018,6803.378401131466,2754.8824624697163,0.1921891837284483,21.56749968553541,-0.022143913420845332,-75.69182586669922,49.9014892578125,5.422733783721924,41.199623107910156,-1.3115379810333252,0
match6_whistle_0408.mp4,0.08971429616212845,0.06610754132270813,3851.35295987794,-31.617263793945312,4209.7412109375,55,1.8336187601089478,4.833522319793701,7165.5672399009145,2694.4191713602913,0.2747117949695122,21.925283563264177,-0.0071106278837547035,-105.9771728515625,32.409934997558594,10.566397666931152,55.93510437011719,-3.995375156402588,0
match6_whistle_0409.mp4,0.08626794815063477,0.08967411518096924,4200.954495492089,-39.05873107910156,3606.8115234375,46,1.8283640146255493,4.730505466461182,7336.031024639423,2687.9963530364025,0.3205078125,20.509286203906953,-0.005008200137193097,-117.79374694824219,14.189258575439453,14.231903076171875,57.88890075683594,1.1071155071258545,0
match6_whistle_0410.mp4,0.15067341923713684,0.031852029263973236,3049.24117794906,-37.258705139160156,3897.509765625,38,1.8218613862991333,4.835061550140381,6057.034560381356,2586.2632802572457,0.1973732123940678,22.51821959326091,-0.02023773873924867,-63.723697662353516,62.71453857421875,-8.430313110351562,38.86030197143555,-3.3131134510040283,0
match6_whistle_0411.mp4,0.1329571008682251,0.02886289730668068,2675.822288186631,-38.026065826416016,3865.2099609375,58,1.8314646482467651,4.749796390533447,5294.748507724719,2361.0177888923226,0.1732081724016854,22.15045632817078,-0.0077276626613078485,-54.93462371826172,79.4992446899414,-31.8288631439209,18.214162826538086,-10.100353240966797,1
match6_whistle_0412.mp4,0.10679150372743607,0.0573776438832283,2952.665633954291,-41.70063781738281,4102.0751953125,30,1.8461554050445557,4.730349063873291,5851.276687095905,2369.21755311059,0.1789045662715517,20.29769088588362,-0.017611858074234592,-54.10221862792969,63.3822021484375,-46.198577880859375,12.074845314025879,-0.05930927023291588,0
match6_whistle_0413.mp4,0.124881312251091,0.03625575825572014,2815.0663286934873,-39.77233123779297,3692.9443359375,67,1.8280463218688965,4.840620040893555,4975.693497567807,2222.7851249683104,0.1993984006485849,21.50518809258255,-0.026936101418875466,-59.651432037353516,68.34569549560547,-48.13923263549805,19.97661590576172,-7.044372081756592,1
match6_whistle_0414.mp4,0.07427540421485901,0.018713146448135376,3053.6825530486917,-47.689762115478516,3714.4775390625,58,1.7694419622421265,5.061760425567627,4993.39599609375,2231.9481780850256,0.2655004384566326,22.571739660457464,-0.01128366498369943,-191.5258026123047,74.2147445678711,-0.16490547358989716,52.79804611206055,-17.038862228393555,1
match6_whistle_0415.mp4,0.0346696637570858,0.015867743641138077,2347.840922106505,-44.21434020996094,3671.4111328125,38,1.7757506370544434,4.966996192932129,4750.261106329449,2257.7321344447596,0.1539492849576271,21.34786306952624,0.002186824875424571,-207.31854248046875,99.13140106201172,-4.109193325042725,45.15420913696289,-17.1921443939209,1
match6_whistle_0416.mp4,0.10810036212205887,0.015673888847231865,2425.169829133517,-48.772518157958984,3908.2763671875,16,1.829420804977417,4.79024076461792,5297.16796875,2441.8274860954143,0.10653954221491228,22.38215849535937,-0.002344203955958429,-141.9156036376953,86.14598846435547,-19.546789169311523,6.242366313934326,-21.771953582763672,0
match6_whistle_0417.mp4,0.03960803523659706,0.027648456394672394,2680.21656716632,-35.19275665283203,3983.642578125,51,1.8484388589859009,4.712520599365234,5426.924080684267,2496.321592440703,0.1519733297413793,21.41272061022332,0.005529268406464335,-191.66415405273438,86.16600036621094,4.106026649475098,38.26961898803711,-4.004178047180176,0
match6_whistle_0418.mp4,0.05019295960664749,0.015542508102953434,2560.6710120797507,-40.72228240966797,3983.642578125,44,1.8550477027893066,4.758695602416992,5417.163479712702,2539.2233447126405,0.15259576612903225,21.615453032075898,0.003966227248620013,-195.7656707763672,83.83806610107422,4.551613807678223,50.44499588012695,6.298775672912598,0
match6_whistle_0419.mp4,0.04756159335374832,0.01961217261850834,2601.10853866299,-45.5192756652832,3757.5439453125,47,1.8202767372131348,4.6331000328063965,5832.527949892241,2601.3118938272323,0.15821996228448276,21.530531516391868,-0.007053614708138422,-193.68032836914062,90.89851379394531,4.402248859405518,39.70260238647461,4.484018802642822,0
match6_whistle_0420.mp4,0.10125910490751266,0.009455391205847263,1867.594391553169,-48.24599838256836,3854.443359375,57,1.8118832111358643,4.8466796875,3735.4234730113635,1958.8607227754585,0.09351029829545454,21.87358342982207,0.004560904449317999,-128.43446350097656,118.3398666381836,-31.479753494262695,19.669757843017578,-16.65680503845215,0
match6_whistle_0421.mp4,0.08363981544971466,0.011484228074550629,2341.796072700447,-45.923763275146484,3714.4775390625,68,1.7659845352172852,4.85606050491333,4550.761612601902,2189.8928097500257,0.18359375,22.09052443619792,-0.013083875829546138,-148.58323669433594,99.47076416015625,-10.971592903137207,31.763158798217773,-18.349035263061523,1
match6_whistle_0422.mp4,0.03714748099446297,0.03351288661360741,3313.1621373841435,-34.352760314941406,3951.3427734375,50,1.8296921253204346,4.7389750480651855,6416.89453125,2593.864006651851,0.24282374526515152,21.680266951872824,0.004420951872570872,-194.58877563476562,70.72290802001953,10.278132438659668,43.66985321044922,-14.861507415771484,0
match6_whistle_0423.mp4,0.06395705044269562,0.010432703420519829,2752.218468155277,-39.049625396728516,3800.6103515625,47,1.8921281099319458,4.609013080596924,5600.965576171875,2397.79519816812,0.17269694010416667,23.02057321616899,-0.00886187916492087,-165.1952362060547,90.28364562988281,-14.786203384399414,38.10321807861328,-8.152630805969238,0
match6_whistle_0424.mp4,0.036234300583601,0.019345054402947426,2633.022873423404,-36.6922607421875,4091.30859375,49,1.9066969156265259,4.709044456481934,5312.861659163135,2418.339868999162,0.17408467955508475,21.74363980414972,-0.00553478184464347,-193.080810546875,99.71680450439453,-14.456169128417969,33.247596740722656,-6.27345085144043,0
match6_whistle_0425.mp4,0.03277721628546715,0.03106631338596344,2880.7584190002317,-30.946495056152344,3940.576171875,50,1.8967314958572388,4.695517539978027,5906.5198396381575,2514.606332127968,0.19584361293859648,21.477864981971972,-0.0012494058588776906,-198.01943969726562,84.61334228515625,-4.682070732116699,42.798465728759766,-4.976932048797607,0
match6_whistle_0426.mp4,0.051939189434051514,0.029870960861444473,2619.068919059351,-39.663963317871094,4145.1416015625,23,1.858750820159912,4.697393894195557,5675.173561789773,2562.504303735079,0.15031072443181817,21.126620686175208,-0.0033636084645581386,-151.4657440185547,94.34230041503906,-7.290687561035156,19.915206909179688,-7.191389560699463,0
match6_whistle_0427.mp4,0.040777258574962616,0.014014058746397495,2425.0140904885566,-34.84112548828125,3929.8095703125,28,1.8995002508163452,4.705963134765625,5541.143223024764,2519.7463992315948,0.12658461084905662,22.302972139226796,0.008460106451855517,-203.2182159423828,100.34339904785156,-0.5390660762786865,36.584678649902344,2.853543758392334,0
match6_whistle_0428.mp4,0.08699194341897964,0.009616554714739323,2703.0876038599195,-44.641361236572266,3768.310546875,55,1.7669193744659424,4.879122257232666,4729.474431818182,2259.9602671372763,0.23037109375,23.25138620690091,0.014877919306293811,-160.15841674804688,85.3912124633789,-7.0814313888549805,48.87697982788086,-4.639272689819336,1
match6_whistle_0429.mp4,0.07214780896902084,0.03628852963447571,3338.174065671481,-35.618717193603516,4220.5078125,61,1.9201148748397827,4.712316513061523,6638.815079874067,2662.7584423879152,0.21770784748134328,21.3471628087679,0.006926201222621239,-133.22222900390625,57.69136047363281,9.544381141662598,46.50165557861328,-10.399599075317383,0
match6_whistle_0430.mp4,0.08447831869125366,0.049800094217061996,3131.1922458226204,-38.07919692993164,3746.77734375,31,1.7929461002349854,4.825990676879883,5957.708418996711,2487.811686065878,0.21418414199561403,21.159905858462906,-0.007014786666324445,-102.0720443725586,67.28875732421875,-7.80183744430542,34.43851089477539,-15.86514949798584,0
match6_whistle_0431.mp4,0.15199877321720123,0.026571035385131836,2630.88509154797,-40.07485580444336,3854.443359375,50,1.8860692977905273,4.756129741668701,5659.293421303354,2497.966172731251,0.1351586318597561,22.468188698457624,0.002883727648988979,-54.470001220703125,77.26875305175781,-23.383180618286133,6.062241554260254,-11.292752265930176,1
match6_whistle_0432.mp4,0.10268450528383255,0.04206966236233711,2770.0814013838162,-40.12039566040039,3714.4775390625,29,1.8538823127746582,4.583313465118408,5478.1494140625,2370.753957283451,0.18358599950396826,21.42482602501543,-0.0019792603680748593,-72.37625885009766,76.10558319091797,-39.3447380065918,6.828263759613037,0.45792892575263977,0
match6_whistle_0433.mp4,0.0800173431634903,0.019681962206959724,2350.6355774872413,-43.70954513549805,3714.4775390625,49,1.778335452079773,4.9123759269714355,4245.3538161057695,2163.179277800546,0.16922701322115385,22.362328943540206,-0.0024730778239602006,-122.51968383789062,97.73406982421875,-34.6062126159668,15.90893268585205,-4.152523994445801,1
match6_whistle_0434.mp4,0.0641971305012703,0.046603962779045105,3437.492022651153,-34.905208587646484,3886.7431640625,37,1.899222731590271,4.65829610824585,6410.600210336538,2523.943093971724,0.23138521634615383,21.460553395718936,-0.005134997480135205,-141.97598266601562,50.24347686767578,7.714949607849121,50.48515319824219,-7.3414764404296875,0
match6_whistle_0435.mp4,0.09825016558170319,0.040667202323675156,2893.9398538405394,-39.95818328857422,3617.578125,35,1.8505562543869019,4.795989036560059,5966.092936197917,2624.676075782311,0.15372721354166666,21.458631278570593,-0.023258645735987394,-87.9775390625,68.84559631347656,-9.761981964111328,25.797731399536133,-3.64487886428833,0
match6_whistle_0436.mp4,0.14369887113571167,0.027434641495347023,2683.3439338510866,-38.758880615234375,3757.5439453125,89,1.8537534475326538,4.826829433441162,5267.057981329449,2410.6815478234457,0.160450046345339,21.912590180072936,-0.026678824694069923,-57.39036178588867,84.98770141601562,-19.277414321899414,19.172468185424805,-10.468058586120605,1
match6_whistle_0437.mp4,0.06488620489835739,0.021335400640964508,2383.6804937404877,-40.07795715332031,3671.4111328125,43,1.8416898250579834,4.672966003417969,4881.3543911637935,2312.3184969975814,0.13771214978448276,21.28252951836214,0.0028128601626992234,-127.52945709228516,101.45378112792969,-20.129776000976562,29.916704177856445,-3.1585636138916016,0
match6_whistle_0438.mp4,0.09736844897270203,0.015140189789235592,2345.9424628953916,-44.94214630126953,3606.8115234375,42,1.8624012470245361,4.749439239501953,5076.746271306818,2375.343617544499,0.13343394886363635,22.3640706245873,-0.0022427871264488583,-110.88992309570312,101.99978637695312,-12.571858406066895,30.674467086791992,-1.895002007484436,0
match6_whistle_0439.mp4,0.10481240600347519,0.018076695501804352,2778.9121706087926,-41.67220687866211,3768.310546875,49,1.8453596830368042,4.960140228271484,4843.140380859375,2272.1681496963797,0.22357421875,23.38864443054391,0.002549219899311635,-124.06106567382812,83.4039535522461,-11.727938652038574,36.52225112915039,-10.086790084838867,1
match6_whistle_0440.mp4,0.06813452392816544,0.030144304037094116,2838.822772417985,-34.87248229980469,3639.111328125,49,1.8503499031066895,4.758126735687256,5595.3857421875,2427.1170062671304,0.18701946924603174,22.122452173302314,0.0038709940157410773,-127.99819946289062,77.759765625,-16.115367889404297,35.44459915161133,-5.00903844833374,0
match6_whistle_0441.mp4,0.15539254248142242,0.017349082976579666,2306.7045702931264,-43.28672790527344,3919.04296875,45,1.9964579343795776,4.946530342102051,4589.925797259221,2263.419935892024,0.1514152151639344,23.0951932420713,-0.009767060412182857,-74.3094253540039,97.02717590332031,-20.862043380737305,10.397980690002441,-10.870569229125977,1
match6_whistle_0442.mp4,0.06159239634871483,0.006609973032027483,2691.9020841239408,-47.16641616821289,3746.77734375,65,1.793099284172058,5.03924560546875,4621.356670673077,2196.3335114397128,0.23741200206043955,22.70011149905482,-0.00203353820063506,-225.45166015625,87.21879577636719,1.316408395767212,49.423099517822266,-13.355118751525879,1
match6_whistle_0443.mp4,0.14913508296012878,0.012705104425549507,2480.64417130613,-40.15126419067383,3736.0107421875,68,1.8018165826797485,4.972461700439453,4698.074656519397,2310.2184218195107,0.1632543103448276,22.93100651279404,0.013276610801538465,-70.84952545166016,93.66120147705078,-24.32548713684082,15.272207260131836,-12.873876571655273,1
match6_whistle_0444.mp4,0.10045009106397629,0.02902025170624256,3223.0411331568753,-42.85667037963867,3800.6103515625,64,1.8302266597747803,4.992315292358398,6049.264026988636,2458.4906136151394,0.23219992897727273,23.022391964723536,-0.01799213327402292,-113.94786834716797,64.11180877685547,-10.018133163452148,29.907072067260742,-18.722332000732422,1
match6_whistle_0445.mp4,0.07015722244977951,0.03655460104346275,3754.7802238501413,-36.601261138916016,3940.576171875,37,1.9608595371246338,4.671437740325928,6870.458984375,2626.141166503482,0.2744838169642857,22.659149099539768,-0.003468249319211533,-157.52609252929688,39.523162841796875,13.508975982666016,58.09021759033203,-4.246471881866455,0
match6_whistle_0446.mp4,0.15138022601604462,0.01418121438473463,2188.1840900337615,-45.280826568603516,3779.0771484375,80,1.8659532070159912,4.765992164611816,4293.586120605469,2195.865126492331,0.115478515625,23.51985049200677,-0.008562983788037224,-85.6947021484375,97.37223815917969,-25.696325302124023,18.598724365234375,-5.143889427185059,1
match6_whistle_0447.mp4,0.09605447202920914,0.013660130091011524,2565.1734267816696,-42.59382629394531,3940.576171875,35,1.872933030128479,4.762760162353516,5197.1923828125,2317.9954018838607,0.15441022600446427,23.295113479631855,-0.02378142886617853,-134.35731506347656,88.70966339111328,-25.072893142700195,25.04092788696289,-12.254056930541992,0
match6_whistle_0448.mp4,0.0973980724811554,0.012396043166518211,2640.3553983115016,-40.78546905517578,3811.376953125,26,1.8219798803329468,4.785404205322266,4988.8347757273705,2279.7290918442372,0.19283741918103448,23.17354358247464,-0.01185083923502349,-126.74169158935547,87.45830535888672,-26.51188850402832,31.574068069458008,-13.275137901306152,1
match6_whistle_0449.mp4,0.0880657285451889,0.009077245369553566,2440.2810829832033,-44.408103942871094,3714.4775390625,27,1.8417176008224487,4.751079559326172,4441.646550210674,2231.6061889513526,0.2025050474016854,22.828261747815805,-0.00303631361687406,-155.02294921875,92.25948333740234,-16.31193733215332,39.2025032043457,-9.632747650146484,1
match6_whistle_0450.mp4,0.09899972379207611,0.02225722186267376,2980.569424117785,-39.605140686035156,3768.310546875,51,1.8697233200073242,4.6163105964660645,6219.617262620192,2595.6178577912756,0.18073918269230768,22.628956189319627,0.0005267656069108337,-110.90807342529297,78.48533630371094,-2.2482125759124756,30.90108871459961,-12.263481140136719,0
match6_whistle_0451.mp4,0.12239744514226913,0.025891991332173347,2537.8468357319975,-43.56117630004883,3746.77734375,53,1.8071932792663574,4.855443000793457,4908.050321691177,2283.263043845512,0.1682961856617647,22.302094329360585,-0.011258758959790106,-83.55279541015625,86.34246826171875,-26.97032356262207,22.191158294677734,-9.135575294494629,1
match6_whistle_0452.mp4,0.05337316170334816,0.01642759144306183,2519.903470973024,-48.28790283203125,3617.578125,45,1.8604792356491089,5.049090385437012,4593.063893037684,2252.742824654378,0.19133444393382354,22.449349061351526,-0.002853211848540528,-231.0760498046875,90.45906066894531,-4.447263240814209,40.71073532104492,-10.262811660766602,1
match6_whistle_0453.mp4,0.0682184025645256,0.05625317990779877,3666.295477067978,-34.03690719604492,3789.84375,56,1.886220932006836,4.7163238525390625,6934.46044921875,2689.993855476024,0.254345703125,20.94273272076215,-0.004049942068741101,-135.27264404296875,43.381256103515625,10.428206443786621,47.619117736816406,-7.999676704406738,0
match6_whistle_0454.mp4,0.09022893756628036,0.028472136706113815,3022.007873734259,-38.972049713134766,3639.111328125,37,1.9027389287948608,4.622187614440918,6280.8269632273705,2614.008569930104,0.19158304148706898,22.09506995133395,0.014149526608484043,-113.75127410888672,78.1376724243164,-2.0590646266937256,26.71250343322754,-14.661734580993652,0
match6_whistle_0455.mp4,0.08558569103479385,0.04798721522092819,3476.4341379576945,-31.93759536743164,4220.5078125,55,1.8327736854553223,4.78984260559082,6855.830494950457,2746.608308301793,0.21481993140243902,21.510799365565937,-0.004881692352333648,-109.00688171386719,51.42643737792969,12.886791229248047,43.028011322021484,-11.740978240966797,0
match6_whistle_0456.mp4,0.09523116797208786,0.04826581850647926,3651.613644241395,-35.714599609375,3994.4091796875,37,1.8856209516525269,4.804430961608887,6651.532192887931,2537.974579033578,0.26806640625,22.180720380570474,-0.003920620395796475,-97.973388671875,39.549537658691406,-6.834836006164551,47.16861343383789,-2.482694387435913,0
match6_whistle_0457.mp4,0.09892325103282928,0.0318867489695549,3166.1812960173,-39.92617416381836,4134.375,40,1.795900821685791,4.853405475616455,6508.757954259073,2770.673640447876,0.17214276713709678,20.755044121415786,-0.0144432510340846,-124.73896789550781,58.317256927490234,18.775026321411133,50.51774215698242,-8.56988525390625,0
match6_whistle_0458.mp4,0.12089421600103378,0.038597848266363144,3086.930823735426,-38.871925354003906,3789.84375,40,1.8336398601531982,4.809652805328369,6319.235121783088,2677.5700514755877,0.17051930147058825,21.31124378269101,0.0053981541995792815,-80.4040298461914,59.34126281738281,0.5225305557250977,38.99296951293945,-7.546040058135986,0
match6_whistle_0459.mp4,0.1323382705450058,0.04172255098819733,2968.3016210384726,-39.458492279052734,3628.3447265625,46,1.8315030336380005,4.7553839683532715,6370.638020833333,2628.5609285501655,0.17294801311728394,21.925848137411467,-0.006410137842667486,-48.784812927246094,73.30408477783203,-14.425475120544434,17.830141067504883,-12.433453559875488,0
match6_whistle_0460.mp4,0.16513489186763763,0.017353376373648643,2418.371725667062,-42.930503845214844,3843.6767578125,42,1.8497360944747925,4.928294658660889,5203.1097412109375,2356.1962005940472,0.1259765625,22.79225355462271,0.020980230597888627,-46.28145217895508,90.67621612548828,-29.37105941772461,-1.0753569602966309,-16.36687469482422,1
match6_whistle_0461.mp4,0.08105519413948059,0.01436559483408928,2126.5206059759653,-41.61861038208008,3865.2099609375,52,1.7694345712661743,4.6517558097839355,4165.3076171875,2110.5532033412605,0.1227756076388889,21.634396015071296,0.003562835405463825,-116.7857666015625,110.62358856201172,-33.48430633544922,25.527950286865234,-8.396608352661133,0
match6_whistle_0462.mp4,0.07333579659461975,0.00970579031854868,2202.4128933255924,-47.192508697509766,3628.3447265625,44,1.8619372844696045,4.999170780181885,4286.211688701923,2237.3683794999183,0.15343299278846154,22.382253734114393,0.010934071774861354,-182.46078491210938,104.96370697021484,-5.917120456695557,33.98269271850586,-14.821938514709473,1
match6_whistle_0463.mp4,0.040581684559583664,0.04735105484724045,3489.4891599887874,-28.189971923828125,4134.375,36,1.830798625946045,4.764342308044434,6872.93701171875,2741.929664005245,0.24972970145089285,21.875764598050154,-0.008223852887632646,-167.70974731445312,58.71195602416992,10.099489212036133,44.36066436767578,-11.333687782287598,0
match6_whistle_0464.mp4,0.06867409497499466,0.020563200116157532,2619.7686775195248,-45.69873046875,3628.3447265625,37,1.8943325281143188,4.74745512008667,5464.68898967161,2399.4406937169097,0.1587493379237288,21.42293067334881,-0.005076693944930428,-149.65267944335938,88.75897216796875,-11.299154281616211,38.93177032470703,-0.591002345085144,0
match6_whistle_0465.mp4,0.1000111773610115,0.02472587488591671,2622.7812023593597,-43.69477844238281,3660.64453125,28,1.9006004333496094,4.709035873413086,5481.763089087702,2496.3834571032194,0.14594884072580644,21.261709828208538,-0.01529329565891992,-118.7060317993164,81.28085327148438,-3.3889873027801514,38.965538024902344,1.6525208950042725,0
match6_whistle_0466.mp4,0.0615970641374588,0.06261549890041351,3125.055537067784,-38.75626754760742,3746.77734375,38,1.8537781238555908,4.74024772644043,6359.720164331897,2628.8082073754495,0.20123922413793102,20.664967940904422,-0.01026603758821968,-123.94412231445312,64.12738037109375,-5.7707743644714355,36.4780158996582,-5.243956565856934,0
match6_whistle_0467.mp4,0.08237626403570175,0.01329254824668169,2358.4387596818497,-45.96540069580078,3854.443359375,45,1.7916533946990967,4.882546424865723,4910.194463315217,2332.9831184791497,0.17095504981884058,22.858148052183587,-0.009123546330728437,-141.36122131347656,104.07832336425781,-8.524774551391602,23.69523811340332,-19.022531509399414,1
match6_whistle_0468.mp4,0.10202963650226593,0.042397890239953995,2647.076790646567,-34.89149475097656,4059.0087890625,46,1.8156137466430664,4.680783271789551,5471.782670454545,2404.9578715040725,0.14991122159090908,20.61232070777054,-0.00399789689910864,-63.862091064453125,82.57273864746094,-28.560510635375977,6.4624433517456055,-22.579652786254883,0
match6_whistle_0469.mp4,0.07921351492404938,0.01884995773434639,2998.0779889065143,-45.07949447631836,3682.177734375,69,1.8816578388214111,5.069271087646484,5694.953377016129,2415.6950363209044,0.2127016129032258,22.49692124155685,-0.014726953542924009,-186.67718505859375,75.78409576416016,10.920766830444336,48.46675109863281,-18.392610549926758,1
match6_whistle_0470.mp4,0.057469435036182404,0.03396070748567581,3373.923357249505,-40.05645751953125,4102.0751953125,20,1.882214069366455,4.749584197998047,6756.210708618164,2698.151532736975,0.2425689697265625,21.914660141422814,-0.01100653343679447,-177.61788940429688,62.81040954589844,17.504135131835938,46.43677520751953,-5.901705741882324,0
match6_whistle_0471.mp4,0.08162803947925568,0.03496210649609566,3315.3428524102706,-40.218597412109375,3736.0107421875,38,1.8497613668441772,4.819820880889893,6694.6728515625,2711.700843490768,0.22953725961538463,21.055673461733004,-0.0064015252271081,-136.3706512451172,59.149993896484375,9.51762580871582,49.18510055541992,-3.1543684005737305,0
match6_whistle_0472.mp4,0.11199051141738892,0.01161615177989006,2360.600174103227,-44.12777328491211,3800.6103515625,46,1.8436436653137207,4.827754497528076,4891.733106926306,2328.8431715424163,0.15454465951492538,23.45653909346641,-0.008743627280648966,-110.37836456298828,103.12293243408203,-22.294565200805664,13.048709869384766,-12.529291152954102,1
match6_whistle_0473.mp4,0.0824643149971962,0.022060183808207512,2405.4599745794358,-44.10359573364258,3617.578125,53,1.8724050521850586,4.650749206542969,4975.994769597458,2276.245120726107,0.14047603283898305,21.525795470882528,-0.01945301641081195,-110.95635986328125,97.00447845458984,-29.964387893676758,12.290119171142578,-16.828493118286133,0
match6_whistle_0474.mp4,0.04083303362131119,0.030390409752726555,2881.5803692963736,-35.20830154418945,4209.7412109375,35,1.8119820356369019,4.707508563995361,5752.892224542026,2528.225254416385,0.19349407327586207,21.925664878022356,-0.004312150606171307,-173.18048095703125,82.48515319824219,-6.0352253913879395,30.729082107543945,-12.971707344055176,0
match6_whistle_0475.mp4,0.0810675099492073,0.006821702234447002,2627.175717557096,-46.01860427856445,3682.177734375,83,1.8068935871124268,4.9268975257873535,4168.561734858247,2033.4600146508562,0.23067010309278352,22.585667223070164,0.0004830009477250715,-189.1254425048828,96.44493865966797,-19.268598556518555,39.42284393310547,-14.068367958068848,1
match6_whistle_0476.mp4,0.08542272448539734,0.016030799597501755,2541.35260809701,-36.02913284301758,3703.7109375,26,1.8950861692428589,4.8634490966796875,4795.723470052083,2101.2504729242714,0.16880967881944445,23.182369215891264,-0.027043532789376865,-114.74636840820312,82.53250885009766,-35.700557708740234,41.24281311035156,-6.295679569244385,0
match6_whistle_0477.mp4,0.07282879203557968,0.02253268100321293,2692.8464521668097,-36.25957107543945,3617.578125,39,1.8513637781143188,4.8217387199401855,5125.399263822115,2226.3408257707692,0.18134014423076922,22.805598970962304,-0.01953457058086067,-129.45945739746094,79.78497314453125,-28.869918823242188,42.869651794433594,-4.047295093536377,0
match6_whistle_0478.mp4,0.07674557715654373,0.029174987226724625,3157.0146939706037,-34.43968200683594,4285.107421875,37,1.8939400911331177,4.79113245010376,6194.12841796875,2554.551703375232,0.22320847284226192,22.269552219694894,-0.0021128657238825236,-122.09962463378906,76.33101654052734,-7.01123046875,36.9320182800293,-8.508206367492676,0
match6_whistle_0479.mp4,0.062345635145902634,0.04340178892016411,3400.5018420391257,-30.499923706054688,3649.8779296875,39,1.8429861068725586,4.792333602905273,6542.034211705943,2535.335145594686,0.23904168801229508,21.253741639191496,0.0034898161891502525,-136.97430419921875,55.63001251220703,2.544090509414673,52.34994125366211,-9.856541633605957,0
match6_whistle_0480.mp4,0.06987026333808899,0.06327468156814575,3722.9688655046502,-30.382551193237305,3789.84375,48,1.8574841022491455,4.856204509735107,7062.415627872243,2642.3427027378693,0.2695958754595588,21.418904131381733,-0.0029697660201827626,-114.373291015625,41.54144287109375,5.820737361907959,52.28409957885742,-11.88381576538086,0
match6_whistle_0481.mp4,0.08921525627374649,0.056269291788339615,3625.4939305156586,-35.51853942871094,3768.310546875,49,1.8727757930755615,4.812196731567383,6925.957650198064,2702.826314363939,0.2373046875,21.92287906851106,-0.014117781978697518,-98.28111267089844,45.17375564575195,7.0462646484375,46.76680374145508,-7.795320987701416,0
match6_whistle_0482.mp4,0.06927396357059479,0.049450378865003586,4132.547624586033,-31.533716201782227,4123.6083984375,33,1.9138580560684204,4.736962795257568,7027.799479166667,2587.842952573667,0.3247612847222222,22.381175711371384,-0.0024292319186603756,-146.8746795654297,34.30403137207031,24.872610092163086,46.431053161621094,-16.28553009033203,0
match6_whistle_0483.mp4,0.07912659645080566,0.04217655211687088,3495.3328590849114,-40.288570404052734,4166.6748046875,36,1.8531650304794312,4.692178726196289,6149.652099609375,2413.757730444361,0.25979178292410715,21.99380134443821,-0.01627130843633883,-135.60296630859375,46.6679801940918,2.977259874343872,43.735931396484375,-19.512781143188477,0
match6_whistle_0484.mp4,0.09384569525718689,0.08038836717605591,4138.090809853553,-33.693485260009766,3832.91015625,45,1.884912371635437,4.748962879180908,7210.1206584149095,2663.092300517464,0.3221714984939759,21.405703354781192,-0.005679443386834727,-92.72721862792969,27.802837371826172,8.586204528808594,39.6797981262207,-12.456672668457031,0
match6_whistle_0485.mp4,0.1267496645450592,0.015729667618870735,2313.049236283701,-40.480201721191406,3811.376953125,49,1.7726383209228516,4.8551130294799805,4743.841552734375,2278.6790801456204,0.14644368489583334,22.77698235908415,-0.0025723125094641516,-75.69568634033203,102.19145202636719,-27.54189109802246,15.021376609802246,-11.40179443359375,1
match6_whistle_0486.mp4,0.06363565474748611,0.01998174376785755,2529.10748805408,-35.98265838623047,4069.775390625,44,1.8787429332733154,4.726868629455566,5405.563923463983,2473.742058765404,0.1540734242584746,22.182904661753806,-0.004637166442875462,-137.70193481445312,95.67585754394531,-16.669145584106445,24.877227783203125,3.4035398960113525,0
match6_whistle_0487.mp4,0.0874609649181366,0.03649870678782463,2678.843749296369,-38.136314392089844,4048.2421875,28,1.8669055700302124,4.71259069442749,5442.51708984375,2451.2049453477034,0.1581479964717742,21.516231842753285,-0.014231128241029407,-89.37812805175781,83.00151062011719,-30.881193161010742,9.970856666564941,3.1863887310028076,0
match6_whistle_0488.mp4,0.09814416617155075,0.010184398852288723,2533.275503762944,-45.514671325683594,3746.77734375,56,1.815171241760254,4.9207763671875,4289.946343925561,2107.0207436479504,0.1947364378511236,22.83996652270663,-0.002057605613887739,-139.43453979492188,95.0850601196289,-22.277244567871094,36.8995475769043,-15.365907669067383,1
match6_whistle_0489.mp4,0.06255597621202469,0.029691776260733604,2944.2724972435026,-37.98512268066406,4134.375,73,1.7764532566070557,4.787051677703857,6106.258138020833,2576.7087252966294,0.18330439814814814,22.672273795085545,-0.0015627377673981778,-153.3739013671875,74.8156509399414,-3.425253391265869,36.664573669433594,-3.4094879627227783,0
match6_whistle_0490.mp4,0.1523226648569107,0.01396498829126358,2313.193038521738,-43.00548553466797,3897.509765625,35,1.8472942113876343,4.842645645141602,4825.8984375,2376.7569657366635,0.11870814732142858,22.98457827935172,0.0021561485973410196,-68.66068267822266,92.67119598388672,-19.8786563873291,-0.932537853717804,-20.186569213867188,1
match6_whistle_0491.mp4,0.08833754807710648,0.012529299594461918,2681.4799104031613,-40.14908981323242,3703.7109375,58,1.8480699062347412,4.912293910980225,4931.201393821023,2346.969366152134,0.2021484375,23.05545310399795,-0.01874830757106475,-143.75331115722656,85.86966705322266,-9.836187362670898,39.25261306762695,-7.52895450592041,1
match6_whistle_0492.mp4,0.021764257922768593,0.019858377054333687,2482.0068642096458,-34.63195037841797,3832.91015625,47,1.8591983318328857,4.775397300720215,5152.479954769737,2404.9280631351558,0.15558182565789475,21.23054753771742,0.001633045095446872,-243.83811950683594,98.2726058959961,-3.2107274532318115,35.35936737060547,-8.443960189819336,0
match6_whistle_0493.mp4,0.08858231455087662,0.06902168691158295,3696.4135315402004,-41.163475036621094,3606.8115234375,43,1.8947628736495972,4.659589767456055,6581.31591796875,2555.6388805585616,0.25575474330357145,21.143265610866276,-0.010751426969064417,-122.66996002197266,31.50928497314453,1.8894940614700317,44.27951431274414,0.6021242737770081,0
match6_whistle_0494.mp4,0.1267683058977127,0.007645296864211559,2419.9889141835783,-47.34714126586914,3671.4111328125,61,1.8322287797927856,4.930651664733887,4414.306640625,2013.3961920705033,0.17464192708333334,23.41027176287671,-0.028476569416058934,-121.877197265625,102.3260498046875,-40.10581970214844,24.16092872619629,-17.457799911499023,0
match6_whistle_0495.mp4,0.09162870049476624,0.02191927097737789,2560.3924962145634,-43.640960693359375,3649.8779296875,73,1.789175271987915,5.034025192260742,4763.211822509766,2256.832879146157,0.195098876953125,21.763452900021516,-0.01645701988465484,-117.50418090820312,94.23114013671875,-21.19370460510254,22.822769165039062,-11.360580444335938,1
match6_whistle_0496.mp4,0.13022634387016296,0.025208009406924248,2643.760987209339,-42.66572952270508,3875.9765625,52,1.8543514013290405,4.942135334014893,5201.82142991286,2354.3016863567814,0.1609168419471154,22.66164194035202,-0.002095801545093986,-76.75407409667969,80.07462310791016,-26.155244827270508,21.16812515258789,-8.320521354675293,1
match6_whistle_0497.mp4,0.07125174254179001,0.012268715538084507,2427.764371887419,-42.09152603149414,4360.4736328125,33,1.869739055633545,4.6853928565979,4932.8685322745905,2410.989267701361,0.14532370645491804,22.505485259008132,0.0034111430157948604,-147.9203338623047,96.1146240234375,-7.963857173919678,42.77922439575195,-3.0676164627075195,0
match6_whistle_0498.mp4,0.07984606176614761,0.01416871976107359,2594.043044587972,-44.610626220703125,3714.4775390625,56,1.812386393547058,4.899319171905518,4782.8749545784885,2249.9193772110016,0.19234874636627908,22.637230467453094,-0.009646286810040481,-158.80213928222656,86.48834228515625,-10.497709274291992,39.890235900878906,-16.266965866088867,1
match6_whistle_0499.mp4,0.12818828225135803,0.05670350417494774,3423.728336795353,-37.45463180541992,3865.2099609375,67,1.833396077156067,4.939362525939941,6261.03515625,2538.273255756671,0.24443359375,22.390964766014847,0.0032515710246728796,-76.7459716796875,51.35761260986328,-1.5355476140975952,35.9979248046875,-17.34344482421875,0
match6_whistle_0500.mp4,0.18244948983192444,0.01332183089107275,2316.5363637749474,-42.85140609741211,3865.2099609375,44,1.815712571144104,4.956434726715088,4617.236637163765,2269.5134047202714,0.11975252175632911,23.548731100479063,0.001917452041127678,-67.65361785888672,90.2457046508789,-22.127527236938477,15.957165718078613,-14.198259353637695,1
match6_whistle_0501.mp4,0.10098878294229507,0.04179772362112999,2707.822358587645,-35.87550354003906,3779.0771484375,25,1.8400471210479736,4.603553771972656,5946.240234375,2571.1667343621625,0.14324079241071427,21.1545426044669,-0.005928570698369384,-77.4051513671875,82.87017822265625,-9.535934448242188,27.81220054626465,-3.9219677448272705,0
match6_whistle_0502.mp4,0.09417113661766052,0.042889054864645004,2570.0330944860852,-45.312015533447266,4080.5419921875,27,1.8481521606445312,4.749597549438477,5197.484088766164,2351.97174884635,0.14706526131465517,21.041916844292885,-0.017796836962513433,-92.38655090332031,88.04057312011719,-23.069849014282227,12.391841888427734,-6.568711757659912,0
match6_whistle_0503.mp4,0.08091863989830017,0.017473746091127396,2659.668879441804,-41.89554977416992,3671.4111328125,70,1.8333373069763184,4.954207420349121,4932.2021484375,2318.878576581912,0.20967693718112246,22.181510816773244,-0.010100066170144523,-147.7304229736328,82.34769439697266,-12.355989456176758,40.000221252441406,-4.635436534881592,1
match6_whistle_0504.mp4,0.07165726274251938,0.054844263941049576,3612.6988053989403,-38.61990737915039,3703.7109375,51,1.8424493074417114,4.644852638244629,6872.912203881048,2714.4683292191585,0.25703282510080644,22.940652980915566,-0.005812520581129882,-124.86862182617188,54.61908721923828,0.24161426723003387,29.103296279907227,-12.405858993530273,0
match6_whistle_0505.mp4,0.1249268427491188,0.03467044234275818,2853.115056705493,-39.587005615234375,3628.3447265625,35,1.8383219242095947,4.777967929840088,6293.6767578125,2618.0829359603404,0.162109375,21.799427468265232,-0.0042400630254824405,-70.10285186767578,69.54563903808594,-15.015923500061035,28.81163215637207,5.199616432189941,0
match6_whistle_0506.mp4,0.08329564332962036,0.04408261924982071,3178.8639612021943,-36.8332405090332,3703.7109375,47,1.8766210079193115,4.678055286407471,6461.8450927734375,2570.6169862565475,0.20484619140625,22.649411043032885,-0.009247743959620084,-105.4297866821289,65.18907165527344,-12.594319343566895,31.787811279296875,-11.179980278015137,0
match6_whistle_0507.mp4,0.08348941057920456,0.04651505500078201,3391.451096462364,-37.436912536621094,3639.111328125,39,1.854964256286621,4.587538242340088,6747.317820581897,2718.513626353044,0.21991177262931033,21.5323441591221,0.00891119039418985,-108.20686340332031,60.98976135253906,7.580085277557373,33.907257080078125,-12.819662094116211,0
match6_whistle_0508.mp4,0.1328931301832199,0.034296415746212006,3098.4071734989157,-36.93178176879883,3639.111328125,40,1.868614673614502,4.733501434326172,6272.4853515625,2637.18649198688,0.1934601314484127,21.625782374814612,-0.009535420168094506,-74.10650634765625,70.93152618408203,-2.1225287914276123,24.279600143432617,-13.797598838806152,0
match6_whistle_0509.mp4,0.15177509188652039,0.028114300221204758,2818.155462316391,-39.518836975097656,3822.1435546875,45,1.862812876701355,4.7830634117126465,5965.04835045856,2530.2986076760994,0.15948751698369565,21.97081784161202,-0.026731273017515603,-51.43466567993164,74.66381072998047,-23.02597427368164,10.993431091308594,-11.30501651763916,1
match6_whistle_0510.mp4,0.11484898626804352,0.01770627498626709,2398.4136705110036,-42.28898239135742,3692.9443359375,59,1.830169916152954,4.883002281188965,4596.072208180147,2193.249812617126,0.15598000919117647,22.450128284259062,0.00015511668290716526,-89.33218383789062,88.6344985961914,-38.28726577758789,9.84019947052002,-14.200363159179688,1
match6_whistle_0511.mp4,0.13355708122253418,0.033945973962545395,2645.6025974263225,-45.85574722290039,3768.310546875,43,1.8952534198760986,4.710280418395996,5923.7457275390625,2576.8328352772814,0.11084856305803571,20.586713502850845,-0.025486498368391047,-79.89873504638672,80.88338470458984,-20.057382583618164,-9.642294883728027,-18.040742874145508,0
match6_whistle_0512.mp4,0.0488046370446682,0.045474693179130554,3110.718590238549,-33.355281829833984,3854.443359375,31,1.9584845304489136,4.6521196365356445,6014.333123675848,2539.9266197100305,0.21078853283898305,21.456267451471913,0.005174902845542906,-153.13925170898438,77.29315185546875,-8.028491020202637,25.903921127319336,-14.363207817077637,0
match6_whistle_0513.mp4,0.0879901647567749,0.007627035956829786,3114.4618728983282,-45.73020935058594,3649.8779296875,70,1.8394495248794556,5.514244556427002,6095.148414789244,2602.528169198718,0.2538683987403101,24.13495307123974,0.0003180907630015478,-139.81959533691406,60.99313735961914,14.264705657958984,24.91554069519043,-2.555957317352295,0
match6_whistle_0514.mp4,0.10853668302297592,0.013113795779645443,2726.2576499597017,-40.898948669433594,3822.1435546875,94,1.8103772401809692,4.997080326080322,4979.097010725635,2177.948620522375,0.2143844345868644,22.525340268296716,-0.00030927531793845076,-114.06378173828125,85.26372528076172,-26.58799934387207,19.547100067138672,-23.971704483032227,1
match6_whistle_0515.mp4,0.11109218001365662,0.024005452170968056,2430.4214822665936,-43.858821868896484,4091.30859375,39,1.8541810512542725,4.790984153747559,4713.6181640625,2162.0135180958537,0.13754069010416667,21.948754935349893,0.00836030279309687,-80.54088592529297,85.8260498046875,-43.566932678222656,10.804261207580566,-19.73933982849121,0
match6_whistle_0516.mp4,0.04903598502278328,0.02598804235458374,2449.2848731147087,-37.319393157958984,3660.64453125,46,1.7823737859725952,4.679622173309326,4975.6549703663795,2317.793943194576,0.15199858566810345,21.440068969290387,-0.006177677374663413,-152.66775512695312,100.46562194824219,-16.44746208190918,19.525657653808594,-10.536373138427734,0
match6_whistle_0517.mp4,0.07892346382141113,0.005531613714993,2447.225512490384,-43.097293853759766,3757.5439453125,93,1.796193242073059,4.953399181365967,4145.03173828125,2166.941726811317,0.19519790338010204,22.703405344509758,0.002510489972147878,-186.97459411621094,91.26554870605469,-10.151636123657227,34.12335968017578,-15.463367462158203,1
match6_whistle_0518.mp4,0.06530904769897461,0.06282702833414078,3635.4686937263828,-30.737607955932617,3617.578125,47,1.92240309715271,4.7729878425598145,6761.226399739583,2533.485200612239,0.27317527488425924,21.274773365823183,-0.0032823570587871,-125.54661560058594,49.905269622802734,-2.1795551776885986,40.851165771484375,-20.18138313293457,0
match6_whistle_0519.mp4,0.12742532789707184,0.0274954941123724,2839.9320109656564,-42.606163024902344,3854.443359375,93,1.8398196697235107,4.794681549072266,5287.797037760417,2430.984093811904,0.18884729456018517,22.385581935878378,0.007427986927304429,-84.11132049560547,76.93099975585938,-10.603472709655762,24.802644729614258,-8.713709831237793,1
match6_whistle_0520.mp4,0.08733897656202316,0.019127650186419487,2438.4090947062105,-43.57197570800781,4145.1416015625,32,1.8492261171340942,4.77948522567749,4944.2626953125,2233.0610895139657,0.1328667534722222,22.50831369257758,-0.00833429412710122,-108.505126953125,92.33564758300781,-41.312400817871094,3.5709214210510254,-16.985183715820312,0
match6_whistle_0521.mp4,0.11143621057271957,0.01665978878736496,2333.135423723873,-47.4865837097168,3940.576171875,45,1.8377763032913208,4.7363810539245605,4750.9124755859375,2280.8597163509457,0.1385226779513889,22.558312772006282,-0.00039610169961369575,-98.38716888427734,101.22073364257812,-28.630672454833984,8.517938613891602,-3.9599809646606445,0
match6_whistle_0522.mp4,0.074815534055233,0.013602745719254017,2338.4013740441815,-46.159324645996094,3714.4775390625,61,1.8232195377349854,5.126137733459473,4469.601779513889,2176.6420859437176,0.17077184606481483,22.237414822653527,0.001006930149183227,-154.5840606689453,98.52948760986328,-22.151124954223633,31.120723724365234,-6.747245788574219,1
match6_whistle_0523.mp4,0.08514612168073654,0.01879940554499626,2995.288025391017,-38.9488639831543,3628.3447265625,54,1.7650232315063477,4.794308185577393,5697.872792119565,2238.6142598471115,0.21073935688405798,23.39402003864403,-0.020809873309673644,-135.1601104736328,64.9508056640625,-30.4937686920166,46.09340286254883,-7.211962699890137,0
match6_whistle_0524.mp4,0.05138681083917618,0.02092987671494484,2462.104173348382,-41.582942962646484,4252.8076171875,46,1.814016580581665,4.884535789489746,5299.581172548491,2467.872167097462,0.1500202047413793,21.299572787487378,-0.010751706392625005,-175.77386474609375,95.21185302734375,-4.578228950500488,34.208091735839844,-6.848578929901123,0
match6_whistle_0525.mp4,0.1023811548948288,0.03840326517820358,3198.0996629780066,-41.62554931640625,3606.8115234375,48,1.8498274087905884,4.804101467132568,6741.070175170898,2756.8442864364583,0.17295074462890625,20.945196497491086,-0.006770703150655195,-117.09860229492188,53.77803421020508,8.63403606414795,51.12021255493164,0.05354602634906769,0
match6_whistle_0526.mp4,0.11254449933767319,0.025372464209794998,2841.963508172429,-39.033512115478516,3692.9443359375,89,1.8022156953811646,4.980306625366211,5210.489024286685,2315.4972334354266,0.19525942595108695,22.839028509613346,0.0013187284287723873,-103.1657485961914,77.27040100097656,-18.007043838500977,33.2972412109375,-5.909371852874756,0
match6_whistle_0527.mp4,0.07990992814302444,0.031107567250728607,2563.5652643752355,-31.688161849975586,3983.642578125,43,1.8323004245758057,4.716258525848389,5160.379178406763,2298.257943078079,0.16339011270491804,21.41750948513382,-0.0060368821643076095,-90.14855194091797,94.98731231689453,-32.84315872192383,19.45235252380371,-7.405944347381592,0
match6_whistle_0528.mp4,0.10431353002786636,0.009583557955920696,2616.120096727082,-44.49968719482422,3832.91015625,52,1.81620454788208,4.854477405548096,4436.841388081395,2212.2246117157906,0.20085960210755813,23.298086656494988,-0.006285951295646742,-153.17251586914062,79.9952163696289,-18.78120231628418,39.660194396972656,-0.4181501567363739,1
match6_whistle_0529.mp4,0.07262412458658218,0.03665796294808388,3140.2641988047135,-41.83339309692383,4155.908203125,50,1.9119669198989868,4.728867530822754,6193.928000710227,2562.213346895414,0.208984375,21.59106011255179,-0.004569948894740844,-143.4977264404297,64.7552490234375,-1.8776150941848755,38.044097900390625,-1.0781906843185425,0
match6_whistle_0530.mp4,0.05025704950094223,0.03203117474913597,3122.869078976505,-36.81650161743164,3897.509765625,49,1.831039547920227,4.732043266296387,5947.265625,2527.4361824110388,0.22307477678571427,21.63033410078155,-0.00879955152205611,-167.20156860351562,70.24202728271484,2.822298765182495,44.670841217041016,-6.883381366729736,0
match6_whistle_0531.mp4,0.11000634729862213,0.03906489163637161,3006.0396735158793,-38.810916900634766,3800.6103515625,42,1.8535106182098389,4.843020439147949,5969.615342881944,2579.3750444975303,0.1911892361111111,21.2502474837372,-0.021121249630454895,-81.18284606933594,73.92716979980469,-3.8002636432647705,31.086336135864258,-10.384894371032715,0
match6_whistle_0532.mp4,0.06613586097955704,0.03284978121519089,2781.385550562321,-41.70060729980469,3929.8095703125,39,1.8323642015457153,4.688993453979492,5623.450741525424,2513.7214374928426,0.16491492319915255,20.935909562303994,-0.013453499607832075,-146.7295379638672,79.50530242919922,-3.6273586750030518,34.7876091003418,-12.13352108001709,0
match6_whistle_0533.mp4,0.09644170105457306,0.049595966935157776,3900.4630959862666,-34.5013542175293,3649.8779296875,43,1.8325908184051514,4.553404331207275,7252.121803977273,2764.645839081652,0.27880119554924243,21.801092548556404,-0.0006292981288888293,-104.01351928710938,40.78533935546875,16.182098388671875,39.68873977661133,-12.759906768798828,0
match6_whistle_0534.mp4,0.09019741415977478,0.06020365655422211,3408.3932410401985,-34.05009841918945,3929.8095703125,35,1.8507139682769775,4.820359706878662,6529.852605270127,2618.316737644186,0.2337294756355932,21.362157750424064,-0.01874146416983843,-101.0767593383789,58.12480163574219,-2.231663227081299,34.05768585205078,-12.962101936340332,0
match6_whistle_0535.mp4,0.13065293431282043,0.032281361520290375,2632.0426544029788,-37.959320068359375,3919.04296875,61,1.8664559125900269,4.89216947555542,5318.05517578125,2394.086928629082,0.167333984375,22.206447385780454,0.002577131197109739,-57.47506332397461,86.4363021850586,-22.712705612182617,16.59168815612793,-8.789640426635742,1
match6_whistle_0536.mp4,0.07168878614902496,0.016800038516521454,2115.636593686785,-46.45375061035156,4102.0751953125,45,1.8221230506896973,4.737706661224365,4320.098876953125,2167.0786787396282,0.11475548377403846,21.731677059415407,0.0017068223345999528,-129.83412170410156,110.58431243896484,-29.37044906616211,13.345831871032715,-7.24216365814209,0
match6_whistle_0537.mp4,0.07272150367498398,0.05668507143855095,3031.8181239381865,-33.26596450805664,3886.7431640625,36,1.8279685974121094,4.770671844482422,5984.3505859375,2441.0425466323795,0.22306702628968253,21.466575190431147,-0.020932162272426825,-97.89091491699219,77.94143676757812,-29.427658081054688,13.62289810180664,-14.428431510925293,0
match6_whistle_0538.mp4,0.07952838391065598,0.03126346319913864,2617.1989247343236,-34.57744216918945,3886.7431640625,35,1.8563923835754395,4.725348949432373,5212.630208333333,2298.0386529096086,0.17512116608796297,21.799091132462152,-0.01574785441171283,-98.00762176513672,93.18079376220703,-40.48167419433594,9.853324890136719,-12.375615119934082,0
match6_whistle_0539.mp4,0.06346587091684341,0.01261697243899107,2717.7380580183426,-46.60551071166992,3617.578125,92,1.7952210903167725,4.931461811065674,4682.6612903225805,2245.886049567712,0.2061386928763441,21.910099379348235,-0.010274151554138904,-219.71475219726562,87.39006042480469,-2.8165247440338135,49.20781707763672,-11.043328285217285,1
match6_whistle_0540.mp4,0.1254967302083969,0.032243482768535614,3146.0641491363226,-39.906097412109375,3660.64453125,32,1.9120721817016602,4.8799967765808105,5838.787841796875,2296.6791382473734,0.21494547526041666,22.78340610706345,-0.02969197267941824,-90.06448364257812,56.0782470703125,-43.66012191772461,26.6966552734375,-7.685111045837402,0
match6_whistle_0541.mp4,0.07032150030136108,0.0435127317905426,3438.0171782540447,-36.58828353881836,3725.244140625,34,1.9282156229019165,4.806725978851318,7014.5263671875,2772.643697418963,0.24439639136904762,21.58112757791708,-0.011116857860092028,-131.43846130371094,63.78303909301758,0.5791254639625549,29.52865219116211,-8.414297103881836,0
match6_whistle_0542.mp4,0.11541599780321121,0.01437164656817913,2385.459743236627,-42.21708297729492,3714.4775390625,53,1.8348565101623535,4.957943916320801,4850.35400390625,2306.730138252301,0.1298285590277778,22.701102546173168,-0.010203374747658898,-96.72227478027344,93.04629516601562,-27.36903190612793,10.30631160736084,-16.18811798095703,1
match6_whistle_0543.mp4,0.08609680086374283,0.012495705857872963,2321.63172040283,-43.985801696777344,3639.111328125,97,1.8131226301193237,5.083657741546631,4290.001331676136,2153.682215318317,0.17332504734848486,22.36213011402834,-0.023174185603034598,-131.44601440429688,105.8472900390625,-31.439176559448242,18.571441650390625,-14.693257331848145,1
match6_whistle_0544.mp4,0.03972943499684334,0.07253925502300262,3815.489411357377,-29.39799690246582,4155.908203125,42,1.8557298183441162,4.5814433097839355,6757.776085805085,2577.9772091217465,0.2905438956567797,20.86340348522958,-0.016035419111704346,-175.54396057128906,36.51665115356445,5.190854549407959,55.364253997802734,-10.643132209777832,0
match6_whistle_0545.mp4,0.12717127799987793,0.024540577083826065,2912.723305977499,-38.82450485229492,3832.91015625,56,1.8424760103225708,4.762136459350586,6195.533203125,2670.722078026047,0.15708984375,21.72305086174388,-0.009719661319509819,-105.12894439697266,71.92225646972656,8.953069686889648,38.27610778808594,-5.670228004455566,0
match6_whistle_0546.mp4,0.14666250348091125,0.015227431431412697,2337.4639333975306,-42.64692306518555,3854.443359375,52,1.8467068672180176,4.807061195373535,4821.5533447265625,2345.141432997627,0.117529296875,22.506623989777324,-0.00735833873574593,-79.2204360961914,96.78324127197266,-18.846189498901367,4.25233793258667,-23.519166946411133,1
match6_whistle_0547.mp4,0.06993914395570755,0.01434988621622324,2670.6251705193627,-46.05099868774414,3811.376953125,34,1.8082131147384644,4.977422714233398,4894.306269778481,2295.3512801656157,0.21339126780063292,22.21132096129069,-0.002761653573338601,-178.00482177734375,74.54593658447266,-19.179698944091797,33.3843994140625,-5.3337273597717285,1
match6_whistle_0548.mp4,0.10129579156637192,0.05391804128885269,3488.0529907999476,-39.9410285949707,4371.240234375,35,1.8635191917419434,4.6467814445495605,6613.148900082237,2628.6731411443,0.2157689144736842,21.904445074548256,-0.019248594119489974,-96.5844955444336,53.997337341308594,3.3125693798065186,29.71139144897461,-17.895448684692383,0
match6_whistle_0549.mp4,0.12655320763587952,0.029942912980914116,2924.551927047952,-41.15573501586914,4080.5419921875,38,1.8073341846466064,4.761520862579346,6073.611582880435,2572.152414175007,0.1630576313405797,23.01725140208283,0.025269390165199752,-83.8170394897461,75.1449966430664,-15.276418685913086,13.655547142028809,-14.432754516601562,0
match6_whistle_0550.mp4,0.04580570384860039,0.06410526484251022,4137.492648420136,-32.70720291137695,3628.3447265625,40,1.8591318130493164,4.742398262023926,7251.1138916015625,2628.7253662743656,0.32436697823660715,21.70368174801478,0.003934710015838161,-175.60330200195312,29.41084098815918,19.20529556274414,54.018428802490234,-10.487006187438965,0
match6_whistle_0551.mp4,0.1364445984363556,0.022664202377200127,2433.703744134187,-44.052772521972656,3929.8095703125,73,1.8669931888580322,5.065098285675049,4896.676974826389,2364.4497337293355,0.14111930941358025,22.367097587545096,-0.016417968378394536,-84.31642150878906,93.31353759765625,-11.450121879577637,17.71795654296875,-8.872025489807129,1
match6_whistle_0552.mp4,0.06137580797076225,0.009812327101826668,2627.328516651635,-43.99644088745117,3832.91015625,63,1.7849634885787964,4.890946388244629,4556.996540850903,2152.0779061885737,0.22396813817771086,23.0495690503458,0.0057687532687269285,-194.48411560058594,94.63912963867188,-17.881113052368164,28.893707275390625,-20.705677032470703,1
match6_whistle_0553.mp4,0.04421202093362808,0.08802685886621475,3988.7516636527434,-28.416261672973633,3617.578125,48,1.8842025995254517,4.609384536743164,7194.438920454545,2661.8695754930745,0.2923295454545455,20.904194940051205,-0.006511420015257479,-165.5893096923828,31.25489616394043,11.630695343017578,50.557796478271484,-7.706782341003418,0
match6_whistle_0554.mp4,0.05308510735630989,0.07409296184778214,3879.030311657297,-29.424070358276367,4091.30859375,44,1.9046964645385742,4.586979389190674,7068.91262248411,2683.641948080015,0.2646401615466102,20.866285833076617,-0.0034100916248069753,-154.3741912841797,31.83496856689453,10.20883846282959,52.530303955078125,-2.088975191116333,0
match6_whistle_0555.mp4,0.11541246622800827,0.046973057091236115,3351.120564998601,-38.46091842651367,3703.7109375,41,1.8570419549942017,4.653916358947754,6778.065074573864,2772.8285202604357,0.19523851799242425,21.376127802474556,0.0009594245309510909,-91.3001708984375,53.12535095214844,8.592157363891602,39.269474029541016,2.619349241256714,0
match6_whistle_0556.mp4,0.054222628474235535,0.05122571066021919,3316.0149871416706,-32.90631866455078,3682.177734375,38,1.8827035427093506,4.764388561248779,6672.270764802632,2719.047206423628,0.22107147752192982,21.144138820485512,0.0025948609587113547,-139.629150390625,65.99541473388672,4.359377384185791,29.503421783447266,-13.262245178222656,0
match6_whistle_0557.mp4,0.09154389798641205,0.03727100044488907,3203.4553963391836,-38.24150848388672,3617.578125,47,1.8643338680267334,4.60984468460083,6201.5625,2589.2198900907415,0.21092122395833332,21.76084215631581,-0.00532002179781346,-115.31327819824219,63.65384292602539,0.1260242909193039,39.294212341308594,-4.2544732093811035,0
match6_whistle_0558.mp4,0.10180692374706268,0.04018298164010048,3055.8541738577183,-39.186065673828125,3628.3447265625,44,1.8937385082244873,4.7104949951171875,6257.808711610991,2598.42086335362,0.20704808728448276,21.761453405485383,-0.017769276342712453,-93.27430725097656,69.43516540527344,-5.529885768890381,37.281558990478516,-4.901874542236328,0
match6_whistle_0559.mp4,0.1268816888332367,0.04095766320824623,3040.801127326455,-39.965110778808594,3811.376953125,45,1.868279218673706,4.644232749938965,6034.190784801136,2499.3812902580207,0.19049072265625,22.83312098743741,-0.0019253671445880808,-72.99620056152344,67.51996612548828,-16.358938217163086,26.733259201049805,-13.789498329162598,0
match6_whistle_0560.mp4,0.12346186488866806,0.0369577594101429,2717.7599450380235,-39.21571350097656,3811.376953125,31,1.8556338548660278,4.752241611480713,5450.592041015625,2446.620877174207,0.15213448660714285,22.572707719555677,0.004461668300115493,-75.66243743896484,80.248046875,-22.0909423828125,19.37333869934082,-12.786956787109375,0
match6_whistle_0561.mp4,0.09352276474237442,0.07018158584833145,3235.2406887543734,-40.14801025390625,3606.8115234375,50,1.8460184335708618,4.747357368469238,6146.443927821829,2528.1682276025012,0.21630130597014927,21.329824797557894,0.011937666231004956,-78.24943542480469,61.26354217529297,-17.680559158325195,20.38703727722168,-12.997344970703125,0
match6_whistle_0562.mp4,0.1086326614022255,0.04840322583913803,3254.1187944845133,-39.52661895751953,3886.7431640625,73,1.8187211751937866,5.000677108764648,6562.351318359375,2699.96338344294,0.2237060546875,22.109591830226798,-0.020584747866564845,-89.49696350097656,60.83623504638672,-2.9798803329467773,35.49987030029297,-4.352097034454346,1
match6_whistle_0563.mp4,0.08574939519166946,0.025424044579267502,2332.9117808152782,-37.71430206298828,3822.1435546875,44,1.8333684206008911,4.767721176147461,4498.144931480533,2178.5986047348024,0.15107902151639344,21.09977468220244,-0.003639400500701561,-86.2031478881836,99.80792999267578,-38.139400482177734,3.216702461242676,-18.325637817382812,1
match6_whistle_0564.mp4,0.08387444168329239,0.013514967635273933,2673.9296398797524,-42.1822509765625,3628.3447265625,102,1.8349190950393677,5.081486225128174,5180.24468823014,2289.988424510258,0.20995637412383178,22.503291052424366,-0.012019829165180703,-146.07476806640625,93.01630401611328,-9.9938383102417,37.8234977722168,-12.921282768249512,1
match6_whistle_0565.mp4,0.11973602324724197,0.013486676849424839,2648.1770092425036,-43.98038101196289,4371.240234375,62,1.7734618186950684,4.892507076263428,5040.478515625,2129.386876508106,0.16333395337301587,23.866486452586688,-0.00728050963309467,-107.2777099609375,70.13343048095703,-47.97035598754883,28.2960147857666,-4.822582244873047,0
match6_whistle_0566.mp4,0.09153640270233154,0.039600398391485214,3259.5272354433764,-36.68802261352539,3714.4775390625,41,1.8196148872375488,4.697942733764648,6649.844637784091,2669.8380040978864,0.22019264914772727,22.06916947030915,-0.01054861591660971,-99.79698944091797,62.806217193603516,-6.526756763458252,26.28260040283203,-6.282869338989258,0
match6_whistle_0568.mp4,0.15364934504032135,0.022290850058197975,2521.5298976426425,-42.110599517822266,4069.775390625,49,1.8237775564193726,4.944398403167725,4761.466944494913,2281.197714706333,0.1660213026889535,23.251014339433723,0.014024144100374045,-62.915279388427734,90.99307250976562,-25.050477981567383,15.316876411437988,-11.658395767211914,1
match6_whistle_0569.mp4,0.08599364012479782,0.022754471749067307,2567.673924533123,-39.53184127807617,3725.244140625,65,1.82813560962677,4.863443374633789,4791.605808423913,2238.728487041803,0.19189453125,22.63070932122752,0.0038004695332001124,-112.48789978027344,87.9208755493164,-31.584936141967773,18.120590209960938,-12.813806533813477,1
match6_whistle_0570.mp4,0.12650702893733978,0.013911593705415726,2283.1658511070727,-45.21500015258789,3983.642578125,55,1.8158178329467773,4.881560325622559,4899.700927734375,2370.497274468213,0.1109280056423611,22.054996986472755,-0.020563139701739588,-95.44174194335938,96.87332153320312,-12.628259658813477,6.658223628997803,-21.777938842773438,1
match6_whistle_0571.mp4,0.08087460696697235,0.017290644347667694,2822.068315380873,-42.751190185546875,3865.2099609375,46,1.8667370080947876,4.967818260192871,5304.081260279605,2416.11480270659,0.2138209292763158,23.12475282915231,-0.00932368543727839,-177.14926147460938,83.65994262695312,1.4874004125595093,31.95070457458496,-20.511638641357422,1
match6_whistle_0572.mp4,0.11228255927562714,0.026944447308778763,2581.235353029847,-41.03464889526367,3832.91015625,39,1.8073148727416992,4.783603191375732,5126.909676244703,2293.7628128747574,0.15737552966101695,22.352926036485027,-0.012196998560313515,-87.65901184082031,85.49956512451172,-25.933744430541992,26.588476181030273,-8.200316429138184,0
match6_whistle_0573.mp4,0.050182607024908066,0.052884794771671295,3118.914604764381,-40.56686019897461,3940.576171875,37,1.795432448387146,4.776452541351318,5778.532936789773,2435.4837556466587,0.23269708806818182,21.616893107171386,-0.012137606737761344,-155.6536865234375,74.62516021728516,-13.539987564086914,27.76242446899414,-17.537471771240234,0
match6_whistle_0574.mp4,0.10529308021068573,0.062363773584365845,3502.946766213201,-39.938697814941406,3606.8115234375,38,1.8585010766983032,4.841182708740234,6403.178175834761,2533.435400156756,0.2655447345890411,21.902506950611006,-0.010694787072390327,-93.9849853515625,51.09730911254883,-0.5307208299636841,33.50521469116211,-14.695966720581055,0
match6_whistle_0575.mp4,0.1684323400259018,0.018459230661392212,2509.646081064725,-43.68256759643555,3843.6767578125,48,1.87446928024292,4.8709611892700195,5365.567555147059,2417.2255969161893,0.12967601102941176,23.127417637818155,-0.013772501351229595,-60.042457580566406,82.1935806274414,-22.587928771972656,4.728473663330078,-13.26620101928711,1
match6_whistle_0576.mp4,0.09948757290840149,0.03129144385457039,2667.4695414012513,-46.09016418457031,3768.310546875,30,1.8106027841567993,4.895229339599609,5208.4033203125,2383.2421436308923,0.17840711805555556,21.768655052291408,0.003596818105473794,-102.95905303955078,78.45120239257812,-26.1776123046875,24.629093170166016,-1.3711857795715332,1
match6_whistle_0577.mp4,0.08664365857839584,0.06049850583076477,3807.9972882093944,-36.49777603149414,3606.8115234375,48,1.834047794342041,4.6605224609375,7041.722391419492,2741.1488768026825,0.2709547139830508,21.373296926964322,-0.011603842264087068,-117.03860473632812,39.6153678894043,14.085447311401367,38.76521682739258,-11.34947681427002,0
match6_whistle_0579.mp4,0.13130910694599152,0.034008484333753586,2492.0618371568085,-46.92627716064453,3779.0771484375,53,1.829512119293213,4.746121883392334,5151.752387152777,2436.37452133919,0.14563440393518517,22.613042107711806,-0.0002343133813876884,-75.59049224853516,92.17057037353516,-18.506872177124023,14.272326469421387,-2.8901336193084717,1
match6_whistle_0580.mp4,0.11938606947660446,0.009922726079821587,2053.1350080312,-47.75944519042969,3692.9443359375,42,1.849307656288147,5.0081024169921875,3953.6706872888512,2031.837281630077,0.12955949113175674,23.26384498437578,0.00826875479975467,-110.94905090332031,110.14179992675781,-29.381305694580078,30.305862426757812,-7.3734211921691895,1
match6_whistle_0581.mp4,0.07957290858030319,0.010906028561294079,2252.024603769841,-44.090248107910156,4091.30859375,51,1.84447181224823,4.817042827606201,4225.802862448771,2049.3770769634975,0.13411725153688525,23.18306789961887,-0.017741520872705467,-135.83314514160156,94.51248931884766,-49.21766662597656,6.084997177124023,-14.56649112701416,0
match6_whistle_0582.mp4,0.10667028278112411,0.03442646190524101,2728.3648022711322,-40.717559814453125,4123.6083984375,31,1.8468773365020752,4.780703544616699,5524.441139914773,2409.9917246017594,0.16428444602272727,21.639695459890152,-0.01979372575732973,-96.4281234741211,74.77870178222656,-31.132858276367188,25.174711227416992,3.4787886142730713,0
match6_whistle_0583.mp4,0.08000364154577255,0.04552988335490227,3339.943739278256,-34.1640510559082,4134.375,35,1.8333889245986938,4.711372375488281,6338.973533501059,2519.831925170541,0.23053495762711865,22.81141684194209,0.005631059626659443,-111.44327545166016,57.093605041503906,-17.013914108276367,24.92240333557129,-16.19938850402832,0
match6_whistle_0584.mp4,0.11347588151693344,0.044675007462501526,3384.831578157562,-39.54801559448242,4166.6748046875,47,1.8050217628479004,4.694910049438477,6608.785354034811,2640.046426151008,0.20090610166139242,22.246988420374546,-0.0011087006114042478,-90.03897857666016,47.55828857421875,-8.53474235534668,32.53011703491211,-9.399625778198242,0
match6_whistle_0585.mp4,0.051660776138305664,0.044205114245414734,3729.761539747712,-33.64205551147461,4166.6748046875,34,1.8787604570388794,4.820751667022705,7075.069239882172,2720.839041478438,0.25517097848360654,21.16986410245554,0.005333718027014257,-167.75494384765625,45.76130676269531,17.33161735534668,53.46624755859375,-10.065054893493652,0
match6_whistle_0586.mp4,0.15400736033916473,0.013372513465583324,2179.299451414988,-44.45958709716797,3617.578125,64,1.8108726739883423,4.901503086090088,4476.887512207031,2247.1652506385044,0.112030029296875,22.27504471044402,0.00029005371259291184,-68.23786163330078,99.552734375,-27.912555694580078,-5.462965488433838,-18.46792221069336,1
match6_whistle_0587.mp4,0.10269550234079361,0.007552708499133587,2178.0600554976168,-45.17509460449219,3649.8779296875,66,1.8151301145553589,4.945079326629639,3950.4899733137377,2098.265375428678,0.1645459467821782,22.678525215885873,-0.008795888210964296,-141.16993713378906,108.25846862792969,-17.804359436035156,25.629056930541992,-19.104509353637695,1
match6_whistle_0588.mp4,0.1323605477809906,0.03868665546178818,2912.1952692673062,-38.714569091796875,3865.2099609375,29,1.8387528657913208,4.705929756164551,6059.926000134698,2623.6621628118555,0.1505842537715517,20.94457800967136,-0.007666116475744328,-74.98207092285156,69.63052368164062,-3.237485647201538,35.67402267456055,-3.1545891761779785,0
match6_whistle_0589.mp4,0.1338977962732315,0.01992795802652836,2378.575400049479,-46.33293914794922,3811.376953125,53,1.7870118618011475,4.832745552062988,4868.087230009191,2332.71070254207,0.12350643382352941,22.01865183462306,-0.018464127073832333,-74.90695190429688,93.5830307006836,-21.294328689575195,18.157377243041992,-6.726200580596924,1
match6_whistle_0590.mp4,0.13584360480308533,0.0030592128168791533,2033.0257198323225,-45.65068435668945,3606.8115234375,73,1.8061816692352295,4.986950397491455,3758.62060546875,2058.320083027727,0.139775390625,24.391174337815986,-0.022869782695404857,-158.2045135498047,109.51907348632812,-17.063133239746094,46.40574645996094,-4.394664764404297,1
match6_whistle_0591.mp4,0.05056234449148178,0.01548666600137949,2392.3255626357795,-45.55501937866211,3682.177734375,40,1.8102085590362549,4.79050874710083,4920.924183238636,2356.1311457006677,0.1251154119318182,22.470578365603927,0.040172474650806984,-195.76431274414062,99.6416015625,-4.746249198913574,35.10659408569336,-14.615368843078613,0
match6_whistle_0592.mp4,0.0841640904545784,0.05603296682238579,3582.2349971730605,-34.73332214355469,3617.578125,22,1.8677479028701782,4.815800189971924,7044.489524147727,2810.21617060626,0.22505326704545456,20.812864754269118,-0.01174015839522582,-113.08746337890625,43.28998565673828,13.903559684753418,46.93625259399414,-4.937864780426025,0
match6_whistle_0593.mp4,0.11603942513465881,0.03841300681233406,3087.936547898468,-36.300655364990234,3606.8115234375,41,1.8652249574661255,4.8258466720581055,6214.3996018629805,2644.7119361606724,0.17644481169871795,21.576634367596455,-0.0013969241813407913,-90.60134887695312,61.008155822753906,1.135311484336853,41.17568588256836,-7.257266521453857,0
match6_whistle_0594.mp4,0.14889644086360931,0.013124937191605568,2381.4847222731382,-44.38677215576172,3606.8115234375,49,1.8588730096817017,4.867319107055664,5053.2685546875,2376.4945746284047,0.11041015625,22.57735391412884,0.00709869639177676,-83.25833892822266,84.6761703491211,-20.70587158203125,14.056979179382324,-17.177202224731445,1
match6_whistle_0595.mp4,0.05827629193663597,0.059119533747434616,3207.769928347546,-38.30310821533203,3779.0771484375,35,1.8901551961898804,4.731876373291016,6128.104294402689,2412.6019616676913,0.25712643393987344,20.637063755930942,-0.009674196129451395,-130.14163208007812,53.547115325927734,-41.09659957885742,12.713080406188965,-1.3837844133377075,1
match6_whistle_0596.mp4,0.045628275722265244,0.05586119368672371,3089.1169146743223,-35.169273376464844,3779.0771484375,35,1.8559901714324951,4.7155961990356445,5969.552791819853,2387.66960631017,0.23896101409313725,20.496224759892087,-0.013763338311190086,-141.7493133544922,63.66324996948242,-37.91558837890625,10.554603576660156,-8.90234088897705,1
match6_whistle_0597.mp4,0.06141657382249832,0.027822250500321388,2762.8147990790235,-37.82328414916992,3854.443359375,38,1.850907564163208,4.638361930847168,5744.230393629808,2496.0198762850255,0.17952223557692307,22.421970345186107,-0.01548249667451078,-131.3889923095703,89.43013763427734,-14.178143501281738,21.606651306152344,-7.768309116363525,0
match6_whistle_0598.mp4,0.1544453650712967,0.009067893028259277,2798.8255329793947,-44.840850830078125,3649.8779296875,103,1.7640740871429443,5.257442951202393,5530.222016731194,2398.1261693419297,0.21372459209070796,23.660912911199507,-0.013814326872736189,-67.07845306396484,72.3706283569336,-6.966181755065918,12.188566207885742,-9.615707397460938,1
match6_whistle_0599.mp4,0.048317261040210724,0.03629170358181,2770.181477096565,-39.99222183227539,4198.974609375,42,1.8598982095718384,4.658257484436035,5414.467259457237,2400.288529672293,0.19366776315789475,20.988624196946695,0.007487029010107794,-160.03009033203125,81.37619018554688,-21.05055809020996,33.574729919433594,0.08933807164430618,0
match6_whistle_0600.mp4,0.07499559968709946,0.009317297488451004,2347.6289803955556,-45.05863952636719,3660.64453125,84,1.8326678276062012,4.806944370269775,4280.914113898027,2234.7679537874515,0.1819130345394737,22.99798085530043,-0.0027835901907840243,-176.4374237060547,101.01441192626953,-7.44531774520874,26.424562454223633,-17.49508285522461,1
match6_whistle_0601.mp4,0.042159270495176315,0.06883836537599564,3802.360976011191,-34.370750427246094,3639.111328125,32,1.8813570737838745,4.77242374420166,6954.853347252155,2675.3309585318766,0.2838850350215517,20.881718649310958,0.002149632827909229,-167.80715942382812,42.69839859008789,9.655884742736816,46.07533264160156,-9.99586296081543,0
match6_whistle_0602.mp4,0.05208318307995796,0.05777902156114578,3762.8865985184266,-38.639488220214844,3779.0771484375,35,1.810178279876709,4.9125823974609375,6979.1889805947585,2689.593869475258,0.29685137348790325,21.53096836529357,0.0002551894470423897,-150.5299530029297,53.78152084350586,11.497382164001465,35.06782150268555,-25.35392189025879,0
match6_whistle_0603.mp4,0.15277746319770813,0.021357573568820953,2458.899222786729,-41.219200134277344,3682.177734375,82,1.8039151430130005,4.919234275817871,4887.693494431516,2309.9805346782723,0.153564453125,21.90692556957358,0.015711893541318463,-50.78432083129883,90.14048767089844,-31.439231872558594,4.8427300453186035,-14.308812141418457,1
match6_whistle_0604.mp4,0.10120569914579391,0.03352133184671402,2504.307887203067,-45.09733963012695,3692.9443359375,26,1.8721575736999512,4.709413051605225,5030.594889322917,2326.8406081060684,0.12675419560185186,21.032149454613,-0.019316044455193474,-89.40743255615234,82.9166488647461,-33.246429443359375,13.628073692321777,-6.898497581481934,0
match6_whistle_0605.mp4,0.1244492307305336,0.032901421189308167,2607.113595995153,-42.37073516845703,3757.5439453125,38,1.8706871271133423,4.618302345275879,5482.494716956967,2430.866076168419,0.13036308913934427,21.546679784048365,-0.03965965980701263,-75.6483154296875,82.3045654296875,-28.17182731628418,6.535110950469971,-17.699247360229492,0
match6_whistle_0606.mp4,0.08757621049880981,0.007543805055320263,2634.0561183809327,-44.69511413574219,3606.8115234375,115,1.8618950843811035,5.044916152954102,4602.460842688107,2198.2051578926835,0.1983275182038835,21.995408276115416,-0.012194736930427087,-180.72193908691406,83.33625793457031,-5.754931449890137,47.432167053222656,-5.821285724639893,1
match6_whistle_0607.mp4,0.0790737047791481,0.018496837466955185,2243.28692656089,-44.95894241333008,3962.109375,35,1.8324311971664429,4.633682727813721,4998.2025146484375,2435.9417107621475,0.09722900390625,22.295262208438718,-0.008338843256272346,-172.2761993408203,93.33220672607422,-3.9737913608551025,46.99080276489258,8.490882873535156,0
match6_whistle_0608.mp4,0.06353037059307098,0.022293364629149437,3000.809254528116,-37.515663146972656,3617.578125,59,1.8581764698028564,4.6639909744262695,6110.436480978261,2569.0759130446068,0.2026084125905797,22.283283739574443,-0.0033072995579739926,-170.99435424804688,76.36163330078125,3.2547712326049805,48.5938606262207,-8.463701248168945,0
match6_whistle_0609.mp4,0.1493624597787857,0.013801256194710732,2531.4103565411688,-39.813480377197266,3843.6767578125,27,1.816035509109497,4.941130638122559,4981.021395596591,2388.929573589649,0.14235617897727273,23.283085241865198,-0.02237446303257133,-84.56214141845703,82.80792236328125,-6.608850002288818,41.048545837402344,-11.28120231628418,0
match6_whistle_0610.mp4,0.15317867696285248,0.02356097102165222,2547.3360839584966,-44.695884704589844,3843.6767578125,54,1.8382363319396973,4.865166664123535,5358.592810997596,2423.658571076279,0.136474609375,22.74617137452521,-0.039214145770729805,-73.38372802734375,83.20362091064453,-20.87633514404297,20.16875457763672,-4.308178424835205,1
match6_whistle_0611.mp4,0.14195193350315094,0.0033779828809201717,2144.811390016222,-46.991214752197266,3736.0107421875,91,1.804093837738037,5.019172191619873,4027.03857421875,2249.618416856498,0.13530373086734693,23.254957983033435,-0.004746094623279031,-164.03761291503906,91.5619125366211,0.919577956199646,52.311771392822266,-1.6757678985595703,1
match6_whistle_0612.mp4,0.14430075883865356,0.013922998681664467,2364.6274702087267,-42.09507369995117,3692.9443359375,51,1.8134244680404663,5.025504112243652,4350.87449407003,2168.360684128756,0.15696771460843373,23.02514166708431,-0.03943203873151669,-67.47881317138672,99.89027404785156,-36.0070686340332,5.566296100616455,-20.6069278717041,1
match6_whistle_0613.mp4,0.11528526991605759,0.019187085330486298,2509.227829573908,-39.64374923706055,3617.578125,23,1.777097463607788,4.963577747344971,4857.731119791667,2209.5396609600216,0.14826569733796297,22.61931065989441,-0.009813616192805505,-77.03356170654297,85.16217041015625,-46.66041946411133,17.320295333862305,-8.252379417419434,0
match6_whistle_0614.mp4,0.07966097444295883,0.029641667380928993,2573.5921767734535,-43.626705169677734,3757.5439453125,24,1.8435068130493164,4.790972709655762,5456.400339226973,2389.5776934229443,0.15280633223684212,22.181708448752584,0.007126505410623252,-119.83875274658203,91.76412963867188,-22.89862823486328,19.295856475830078,-8.810246467590332,0
match6_whistle_0615.mp4,0.09264495968818665,0.036208849400281906,3152.0414496791504,-48.25917434692383,3628.3447265625,37,1.8415733575820923,4.590054512023926,6168.897725768008,2533.7405531364775,0.1960242319915254,22.67826055521503,0.002373953593325837,-131.86392211914062,61.19940185546875,-9.835535049438477,28.758615493774414,-3.6278841495513916,0
match6_whistle_0616.mp4,0.09473071247339249,0.005957580171525478,2598.465317682371,-47.0223274230957,3757.5439453125,66,1.7903544902801514,4.915155410766602,4278.255948153409,2087.9194196352546,0.21278705018939395,23.248186989232803,-0.019196126005192264,-173.21681213378906,91.5119857788086,-17.825801849365234,43.959781646728516,-11.402517318725586,1
match6_whistle_0617.mp4,0.1389724612236023,0.007166332099586725,1996.6789768608305,-48.3509635925293,3671.4111328125,81,1.8087389469146729,4.919695854187012,3733.773526278409,2058.828696658037,0.11214615462662338,23.714217848867825,-0.03756817425626885,-108.17035675048828,106.46170043945312,-28.364124298095703,17.104169845581055,1.2407848834991455,1
match6_whistle_0618.mp4,0.09893487393856049,0.008324980735778809,2211.8910792067522,-45.46305465698242,3682.177734375,63,1.8310567140579224,4.933382987976074,4071.668419471154,2118.7902662648203,0.16644488324175824,23.246893506449105,0.002742323693956605,-135.05104064941406,102.38732147216797,-20.115278244018555,32.16853332519531,-18.357192993164062,1
match6_whistle_0619.mp4,0.12177478522062302,0.03289695456624031,2841.091983468156,-37.0615119934082,3725.244140625,53,1.8688503503799438,4.870975017547607,5749.564615885417,2482.0491764663184,0.17173032407407407,21.779150282142602,-0.008225361630624735,-75.75212860107422,76.94122314453125,-13.56045913696289,30.589513778686523,-10.453428268432617,0
match6_whistle_0620.mp4,0.12052816897630692,0.03335968405008316,2758.8550733551187,-40.893619537353516,3692.9443359375,68,1.8730902671813965,4.778316974639893,5308.080064928209,2279.470041033548,0.17557010135135134,22.350475749959283,-0.017754891875655918,-81.65470123291016,82.19026184082031,-25.457157135009766,27.88275909423828,-5.5872039794921875,0
match6_whistle_0621.mp4,0.1020231544971466,0.05597829818725586,3260.842672398919,-39.42344665527344,3671.4111328125,32,1.851069450378418,4.754499435424805,6260.880380306604,2507.5597469223726,0.21617040094339623,21.434718511543423,-0.0152278356780736,-70.70589447021484,55.567630767822266,-23.924829483032227,22.154296875,-7.602724552154541,0
match6_whistle_0622.mp4,0.1465466469526291,0.046022359281778336,2948.5660342755946,-39.17645263671875,3886.7431640625,95,1.8269858360290527,4.842116832733154,5540.7515625,2410.1439242336864,0.19591796875,21.88745792235576,-0.01934099355168004,-46.9090576171875,70.14617156982422,-22.23061752319336,18.804841995239258,-12.852825164794922,0
match6_whistle_0623.mp4,0.12711896002292633,0.011253704316914082,2460.200170682287,-45.60844802856445,4306.640625,41,1.881044864654541,4.760625839233398,5009.024513373941,2234.867496713344,0.1340621689618644,23.540399650057882,-0.002396277302320607,-92.52643585205078,85.51966094970703,-37.15386199951172,10.24067211151123,-16.03278350830078,0
match6_whistle_0624.mp4,0.11588133871555328,0.008962493389844894,2240.6359162702715,-44.695884704589844,3606.8115234375,32,1.7791069746017456,4.844642162322998,4373.6714024697585,2063.595859009055,0.1142578125,22.87897132128251,-0.029385713568269037,-99.25243377685547,98.1893081665039,-43.59992599487305,12.364631652832031,-34.047359466552734,0
match6_whistle_0625.mp4,0.14743173122406006,0.032794009894132614,2425.057795032435,-44.89403533935547,3832.91015625,34,1.868991494178772,4.769250392913818,4977.696912042026,2278.590975386231,0.12688577586206898,21.552303179729975,0.00432842120597644,-65.11139678955078,85.39704132080078,-30.22627067565918,13.489404678344727,-15.596726417541504,0
match6_whistle_0626.mp4,0.13150449097156525,0.03483559191226959,2591.3590154517565,-43.259578704833984,3822.1435546875,25,1.8619577884674072,4.698875904083252,5163.981119791667,2298.811064691567,0.1378851996527778,21.21479661100499,-0.005689844452471523,-63.19673156738281,78.49652862548828,-38.554412841796875,10.49262523651123,-17.71323585510254,0
match6_whistle_0627.mp4,0.13665719330310822,0.004087444860488176,2290.191321690124,-48.73440933227539,3768.310546875,74,1.7980855703353882,4.912152290344238,4107.986270680147,2134.2938438068245,0.16673847273284315,23.31039452376032,0.01711933198171622,-151.77923583984375,94.72050476074219,-8.909088134765625,42.682273864746094,-8.497245788574219,1
match6_whistle_0628.mp4,0.12659873068332672,0.02164331078529358,2413.727760460161,-43.28264617919922,3865.2099609375,52,1.830165147781372,4.886843204498291,5154.885284810127,2420.4086706124945,0.13555058346518986,21.944497294176628,-0.02422796551662739,-73.44802856445312,92.148681640625,-17.785118103027344,11.62962818145752,-14.435860633850098,1
match6_whistle_0629.mp4,0.0625782385468483,0.011978719383478165,2425.7938047333073,-45.412715911865234,3703.7109375,69,1.814927339553833,5.007265090942383,4368.683166503906,2175.5581740456832,0.1885009765625,21.953626669220842,-0.008333419534283484,-185.4815673828125,99.57625579833984,-14.068069458007812,34.194026947021484,-11.19367504119873,1
match6_whistle_0630.mp4,0.1641729772090912,0.012478653341531754,2189.990265357929,-42.64677810668945,3639.111328125,79,1.85916006565094,4.9172444343566895,4326.0700094288795,2185.5478834780397,0.12257543103448276,22.380426307789367,-0.010331968796730056,-56.406402587890625,99.93390655517578,-30.11796760559082,5.336562633514404,-20.62818717956543,1
match6_whistle_0631.mp4,0.07464805245399475,0.03433047980070114,2554.7556422607017,-39.762393951416016,3789.84375,42,1.8422834873199463,4.605295658111572,5188.818359375,2345.706347465821,0.15394810267857142,21.086441159296772,-0.01177594248496776,-114.48733520507812,89.84196472167969,-26.66734504699707,8.108530044555664,-18.191295623779297,1
match6_whistle_0632.mp4,0.05935060605406761,0.009753061458468437,2552.2029465299356,-48.807525634765625,3854.443359375,86,1.8235280513763428,5.051743984222412,4765.7763671875,2297.499580940979,0.19557291666666668,22.077451228668014,-0.015499769220001191,-243.9494171142578,91.72918701171875,10.89335823059082,48.326866149902344,-8.019937515258789,1
match6_whistle_0633.mp4,0.05363507568836212,0.05471143126487732,3864.4140068624424,-31.02899169921875,3779.0771484375,35,1.865055799484253,4.800744533538818,6993.54641154661,2644.0318344492525,0.254982123940678,21.46280044847028,-0.018038709561073958,-164.21351623535156,29.30337142944336,18.67544937133789,61.55952072143555,-9.648893356323242,0
match6_whistle_0634.mp4,0.12458343803882599,0.02199351228773594,2795.041028867129,-39.75197982788086,3628.3447265625,58,1.8937522172927856,4.720816612243652,5805.3515625,2565.5424710848115,0.13891225961538461,21.900873758386364,-0.012236797198951132,-99.10960388183594,71.89427947998047,1.7441256046295166,37.76176071166992,-3.8624770641326904,0
match6_whistle_0635.mp4,0.10739476978778839,0.02144808880984783,2605.559152811437,-43.608158111572266,3671.4111328125,33,1.8393936157226562,4.6076507568359375,5394.78515625,2380.3162050820724,0.1498779296875,22.83954020355954,-0.013928408625396176,-96.85643768310547,87.80467224121094,-23.661436080932617,28.715816497802734,-3.323775053024292,0
match6_whistle_0636.mp4,0.05067317932844162,0.0590582974255085,3819.3854220254675,-29.836835861206055,3919.04296875,32,1.8876384496688843,4.611779689788818,6758.784916715802,2585.4474377189217,0.25375884433962265,21.051333542349493,-0.012377981011180424,-171.0601806640625,32.305084228515625,11.165911674499512,56.8604621887207,-11.79024887084961,0
match6_whistle_0637.mp4,0.12182324379682541,0.059839364141225815,3484.2733845522152,-38.793399810791016,3779.0771484375,33,1.8829114437103271,4.644804000854492,6633.462074154713,2664.896514934242,0.21776543288934427,21.822267082531305,-0.017970897461118567,-78.8775634765625,45.04456329345703,-1.9492743015289307,31.24000358581543,-9.118005752563477,0
match6_whistle_0638.mp4,0.09904862195253372,0.03741580247879028,3226.8594614932163,-42.42512130737305,4123.6083984375,51,1.8653864860534668,4.7453813552856445,6547.7007054570895,2706.2342458501607,0.20368615904850745,22.087067082181814,-0.006148205857433982,-115.36255645751953,61.477115631103516,7.939105987548828,30.42658233642578,-12.289546966552734,0
match6_whistle_0639.mp4,0.11159780621528625,0.039906229823827744,2963.0464114092624,-39.596309661865234,4188.2080078125,46,1.8283941745758057,4.77466344833374,6002.033061365927,2599.0161614652175,0.1673308341733871,22.2002276956274,-0.003550313288393303,-80.54121398925781,70.0746078491211,-7.958856105804443,25.947223663330078,-13.693401336669922,0
match6_whistle_0640.mp4,0.06906957179307938,0.05522334575653076,3421.922312584642,-38.37118148803711,3649.8779296875,51,1.8916460275650024,4.646615028381348,6344.561165823064,2547.821475110325,0.2379030039612676,21.86017669437067,-0.010729913278124862,-135.27685546875,54.13565444946289,3.3685402870178223,44.28023147583008,-17.514455795288086,0
match6_whistle_0641.mp4,0.08162356913089752,0.04860452935099602,3587.376109355836,-43.61959457397461,3940.576171875,52,1.8531149625778198,4.831537246704102,6597.110877403846,2602.4800686494877,0.2556941105769231,21.965159949783168,-0.0017839388221060732,-121.19232940673828,52.06254959106445,4.29090690612793,31.29383087158203,-27.06781005859375,0
match6_whistle_0642.mp4,0.12822379171848297,0.03296728804707527,3111.5203435985286,-42.91666793823242,4134.375,66,1.8315504789352417,4.79249382019043,6345.1171875,2714.3313186527675,0.16497646233974358,21.7793540872064,-0.01823690512200826,-82.32266998291016,64.43877410888672,8.778057098388672,32.63410186767578,-13.599404335021973,0
match6_whistle_0643.mp4,0.16644227504730225,0.012978071346879005,2595.906950224561,-41.76390075683594,3703.7109375,58,1.8170242309570312,4.979039669036865,5297.291722790948,2334.939908574151,0.1554193606321839,23.692741569640564,0.000753025431595345,-70.68638610839844,85.27830505371094,-25.94182777404785,9.473742485046387,-21.454750061035156,1
match6_whistle_0644.mp4,0.05563906207680702,0.042366255074739456,2660.982380987607,-32.96737289428711,3606.8115234375,61,1.824389100074768,4.750052452087402,5275.001436121323,2368.8608502768766,0.18049172794117646,20.935517271330056,-0.013148877446837324,-117.78623962402344,85.68655395507812,-32.82160949707031,7.981718063354492,-7.657646656036377,1
match6_whistle_0645.mp4,0.07234697788953781,0.007827130146324635,2662.030220289303,-46.273223876953125,3606.8115234375,90,1.8366565704345703,4.992554187774658,4591.901189630682,2218.8285274321847,0.20280441130050506,22.15898168644066,-0.0007935318772306635,-223.64356994628906,81.76073455810547,1.8879032135009766,57.503440856933594,-4.185341835021973,1
match6_whistle_0646.mp4,0.0950392484664917,0.04155546426773071,3212.13762016578,-41.73958206176758,3671.4111328125,58,1.838169813156128,4.660138130187988,6166.640061598558,2577.585093742248,0.20284329927884615,21.88327402858852,-0.010883650766154856,-110.6572494506836,64.2932357788086,-0.5004145503044128,35.17641067504883,-8.362397193908691,0
match6_whistle_0647.mp4,0.0426395982503891,0.04962373152375221,3288.362277661912,-34.88924789428711,4263.57421875,53,1.8357759714126587,4.8795342445373535,6067.0654296875,2538.185001270015,0.2441561259920635,21.2936206795394,-0.005404854482919185,-175.87771606445312,62.50493240356445,5.774408340454102,38.68290710449219,-18.292011260986328,0
match6_whistle_0648.mp4,0.10456716269254684,0.02937333658337593,3010.983373863827,-39.20673751831055,4166.6748046875,38,1.8526684045791626,4.707437992095947,6177.299735915493,2648.3694157533405,0.1619443221830986,21.36462524054672,-0.01049354884716505,-107.82899475097656,68.63845825195312,4.624557018280029,37.917266845703125,-8.389694213867188,0
match6_whistle_0649.mp4,0.1588696539402008,0.020823270082473755,2380.936932969114,-42.20302963256836,3972.8759765625,44,1.8091689348220825,4.787411212921143,5177.955163043478,2431.2730592674393,0.11926092617753623,22.459212786621606,-0.015268784862310656,-49.106937408447266,93.17842102050781,-19.406814575195312,3.2873358726501465,-10.475625991821289,1
match6_whistle_0650.mp4,0.06892140209674835,0.021926399320364,2679.0493284279305,-44.19987106323242,3692.9443359375,67,1.8583241701126099,4.8853888511657715,4885.908827670785,2284.809454466157,0.22124250545058138,22.133359400612644,-0.0049690336939098205,-150.4215087890625,83.84609985351562,-26.480316162109375,18.61975860595703,-7.919142723083496,1
match6_whistle_0651.mp4,0.1138092428445816,0.033797670155763626,3246.4163896954155,-43.29925537109375,3789.84375,39,1.8558454513549805,4.7249956130981445,6525.5859375,2680.4485546053534,0.18310546875,20.991237951345596,-0.01593565834399741,-113.57696533203125,50.497596740722656,11.020465850830078,51.904327392578125,0.5180719494819641,0
match6_whistle_0652.mp4,0.12187547981739044,0.024122728034853935,2848.249206214732,-41.791969299316406,4166.6748046875,33,1.8183711767196655,4.7329182624816895,5905.953176398027,2556.090483468205,0.14342619243421054,21.464497021322966,-0.02002999433490546,-95.8260726928711,65.81903839111328,-2.2839372158050537,51.02595901489258,-5.776782989501953,0
match6_whistle_0653.mp4,0.1066693440079689,0.018309490755200386,2593.0729457734687,-41.371273040771484,3628.3447265625,92,1.8178541660308838,4.946719646453857,4944.764364919355,2266.1342860700497,0.17780787970430106,22.774852988200294,-0.006873769991881762,-106.0615005493164,89.60309600830078,-29.810134887695312,15.453232765197754,-16.137706756591797,1
match6_whistle_0654.mp4,0.053192880004644394,0.0376555435359478,2961.2468863830068,-32.3127555847168,3649.8779296875,33,1.8477822542190552,4.676167964935303,5702.7099609375,2348.2310712806047,0.2177490234375,21.853918863237773,-0.003426585682798059,-145.35726928710938,76.24711608886719,-23.518033981323242,28.55400276184082,-9.875218391418457,0
match6_whistle_0655.mp4,0.07012320309877396,0.02819693461060524,2546.977826779492,-36.223304748535156,3671.4111328125,37,1.7868796586990356,4.7504143714904785,5048.025030838816,2246.3075455461203,0.17457339638157895,21.845014407315393,-0.001381138795170863,-115.24581909179688,94.58285522460938,-34.58820724487305,13.563145637512207,-14.389433860778809,0
match6_whistle_0656.mp4,0.08463312685489655,0.061379238963127136,3170.2964734131765,-45.12406539916992,4317.4072265625,37,1.8854081630706787,4.594289779663086,6373.436612215909,2590.8769822608124,0.20613458806818183,20.949421571855794,0.019607120011208318,-90.08909606933594,65.87373352050781,-25.213172912597656,9.623295783996582,-12.366103172302246,0
match6_whistle_0657.mp4,0.07457529008388519,0.07123702019453049,3076.332995329202,-29.906803131103516,3617.578125,36,1.7565767765045166,4.746823787689209,6121.966552734375,2519.584805853444,0.21087646484375,20.3979010325534,0.008207883914473088,-76.34037017822266,68.30298614501953,-29.875436782836914,8.962242126464844,-15.292654991149902,0
match6_whistle_0658.mp4,0.09400142729282379,0.03417788818478584,2449.7620799574474,-34.25300598144531,4360.4736328125,24,1.8086706399917603,4.686276912689209,4832.0892333984375,2267.599673748152,0.15107073102678573,20.490589871614098,0.009628228427961839,-70.63533020019531,94.18714904785156,-34.675621032714844,9.355545043945312,-5.540660858154297,0
match6_whistle_0659.mp4,0.10608452558517456,0.03073767013847828,2941.7932855136264,-39.765716552734375,3649.8779296875,89,1.8297256231307983,4.93195104598999,5150.30316102852,2262.0526374301767,0.23183404126213591,21.98730581800716,-0.012287785678412013,-94.52183532714844,68.45308685302734,-37.61943817138672,18.44681739807129,-1.769647240638733,1
match6_whistle_0660.mp4,0.1470450609922409,0.03510085865855217,2902.750736018437,-41.14876174926758,4242.041015625,24,1.8213920593261719,4.592947959899902,5947.00927734375,2417.171336723279,0.18575613839285715,22.572477603607638,0.006281329503957237,-46.51631546020508,66.37809753417969,-42.45969772338867,8.407770156860352,3.4087345600128174,0
match6_whistle_0661.mp4,0.14944446086883545,0.03262053802609444,2821.9421766790515,-40.86697006225586,4220.5078125,42,1.8413208723068237,4.781667232513428,5980.164777728874,2494.5603841976003,0.16730166153169015,22.38020186225481,0.005086559293488895,-50.35099411010742,68.14714813232422,-30.93724822998047,17.719087600708008,6.406188011169434,0
match6_whistle_0662.mp4,0.09921364486217499,0.038477230817079544,2721.108878151533,-43.02326965332031,4285.107421875,31,1.8092981576919556,4.771994590759277,5879.197782628677,2598.809926670519,0.14396637561274508,21.452507928210174,-0.007404557107098515,-90.30685424804688,75.7273941040039,-9.956015586853027,27.01698875427246,3.0316877365112305,0
match6_whistle_0663.mp4,0.09205707907676697,0.0479460172355175,3467.6587188727863,-39.2275390625,4102.0751953125,35,1.8774443864822388,4.738932132720947,6566.585023941532,2664.4817810113072,0.2145051033266129,21.03224114126939,-0.014628533123841483,-138.34776306152344,38.357940673828125,15.203885078430176,59.2389030456543,-1.4903134107589722,0
match6_whistle_0664.mp4,0.1149073988199234,0.020304566249251366,2609.816514769237,-39.24533462524414,3843.6767578125,61,1.793965220451355,4.866164207458496,5123.046033135776,2382.0276591702336,0.17214439655172414,23.010594005665464,0.0019477736280437271,-95.846435546875,83.73615264892578,-17.103864669799805,24.96522331237793,-14.584174156188965,1
match6_whistle_0665.mp4,0.07281728833913803,0.054737694561481476,2951.096217748332,-42.01179885864258,3606.8115234375,50,1.9409489631652832,4.846466541290283,5772.2442626953125,2473.7387079560744,0.1980523003472222,21.286988148739802,0.03016037815324198,-111.68718719482422,69.69577026367188,-23.250473022460938,21.46898078918457,-4.530252456665039,1
match6_whistle_0666.mp4,0.047472432255744934,0.048038698732852936,3656.0252778690046,-29.925657272338867,4048.2421875,30,1.8834242820739746,4.72942590713501,6665.9619140625,2651.4693201150035,0.2677815755208333,21.338775146413454,-0.013254280977462793,-170.6714630126953,47.89714431762695,14.743351936340332,50.126976013183594,-9.018357276916504,0
match6_whistle_0667.mp4,0.07365579158067703,0.04451112449169159,3433.6211951396463,-37.69057846069336,4349.70703125,33,1.9011973142623901,4.80603551864624,6561.257977552817,2677.9555897883924,0.22400418133802816,21.126341667870083,-0.007356231844401173,-153.97610473632812,49.49209976196289,23.757495880126953,52.65213394165039,-8.843448638916016,0
match6_whistle_0668.mp4,0.08451253175735474,0.04577456787228584,3289.321496928391,-41.791236877441406,3736.0107421875,32,1.8078209161758423,4.609188079833984,6650.737561677632,2721.7597285696093,0.20960115131578946,21.323119831316546,-0.012832191816657477,-133.94598388671875,50.821537017822266,12.68137264251709,42.37007522583008,-6.679311752319336,0
match6_whistle_0669.mp4,0.11455981433391571,0.052006930112838745,3526.8558368984773,-40.714881896972656,3649.8779296875,14,1.8792757987976074,4.686631202697754,6825.0315504807695,2797.127079028923,0.21268780048076924,21.08540908189043,-0.019102961187758397,-91.9875717163086,47.10251998901367,12.835227966308594,38.21446228027344,-4.0500311851501465,0
match6_whistle_0670.mp4,0.1595139354467392,0.02012193202972412,2550.851461142738,-44.286808013916016,3908.2763671875,61,1.8959962129592896,4.821124076843262,5391.9968825120195,2484.2628100470224,0.1372508513621795,22.486844289013717,-0.00710288519257477,-60.14017868041992,85.33423614501953,-11.40042495727539,13.328157424926758,-3.5238630771636963,1
match6_whistle_0671.mp4,0.0817769393324852,0.06231585517525673,3144.592768140902,-37.14744186401367,3606.8115234375,53,1.9492266178131104,4.836000442504883,6167.446642036897,2523.305801874367,0.23781061746987953,21.00062764648453,-0.01127356385081504,-91.07743072509766,58.19306564331055,-32.59579849243164,9.306612968444824,3.8357532024383545,1
match6_whistle_0672.mp4,0.038244809955358505,0.08036835491657257,3517.4109952031367,-31.729461669921875,4145.1416015625,41,1.830371618270874,4.664845943450928,6617.262811175848,2633.3175407804174,0.23435844809322035,20.521872531786038,-0.0076941034885420305,-175.727783203125,45.18273162841797,-3.665062189102173,44.96577835083008,-1.8260011672973633,0
match6_whistle_0673.mp4,0.15740133821964264,0.01650502346456051,2654.7776522847535,-41.69019317626953,3919.04296875,51,1.886884093284607,4.972786903381348,5523.8117459454115,2454.955484963161,0.15963088409810128,23.71175288345834,0.0031663855064190164,-76.7732925415039,80.12348937988281,-13.448443412780762,9.333234786987305,-22.790681838989258,1
match6_whistle_0674.mp4,0.12170741707086563,0.036854684352874756,2692.6518481134176,-40.83903884887695,3843.6767578125,48,1.8582165241241455,4.797996520996094,5598.487317884291,2437.3997597352404,0.15391416807432431,21.579013654781612,-0.010020308828654428,-53.19403076171875,79.81623840332031,-31.38545799255371,-3.6230015754699707,-19.84547233581543,1
match6_whistle_0675.mp4,0.04674243927001953,0.028403516858816147,2566.37289109655,-38.26266860961914,3768.310546875,44,1.7974741458892822,4.865716457366943,5119.51904296875,2418.28962282142,0.1624243951612903,20.967573899666736,-0.007717609529371839,-162.9742431640625,91.61434936523438,-4.460375785827637,38.64241409301758,-8.476698875427246,1
match6_whistle_0676.mp4,0.06335056573152542,0.05873076990246773,2858.865222617886,-31.60246467590332,4048.2421875,35,1.7608784437179565,4.648624897003174,6097.357177734375,2542.176063322759,0.17796979631696427,20.536693938956336,-0.01480343306067706,-91.25383758544922,80.40338134765625,-18.866453170776367,17.385395050048828,-10.179807662963867,0
match6_whistle_0677.mp4,0.04901473596692085,0.026072336360812187,2773.8384483451123,-33.60531997680664,3617.578125,44,1.7960683107376099,4.727553844451904,5949.8291015625,2540.7594780376694,0.16717819940476192,20.977940502348396,0.00034462517966964596,-160.7882843017578,80.73993682861328,0.3890548646450043,47.74452209472656,-1.2033084630966187,0
match6_whistle_0621w.mp4,0.1262131780385971,0.03879707306623459,2760.5476886371166,-40.78349304199219,3843.6767578125,33,1.887862205505371,4.823917388916016,5783.742804276316,2474.7530167475184,0.16152686403508773,21.606925927737528,-0.006731362101074553,-52.52349853515625,77.43688201904297,-28.84516143798828,-3.8280768394470215,-21.387420654296875,1
match6_whistle_0618w.mp4,0.17294059693813324,0.021381299942731857,2677.1474401487303,-42.833824157714844,3908.2763671875,28,1.9386283159255981,4.881542682647705,5634.46265048668,2529.4861422639083,0.15001440829918034,22.86856125341367,-0.014221584049723818,-52.508426666259766,79.98644256591797,-9.117898941040039,16.643749237060547,-5.185969352722168,1
match6_whistle_0613w.mp4,0.08307946473360062,0.05652191862463951,3003.063581803105,-41.105712890625,3886.7431640625,41,1.9290300607681274,4.858881950378418,5912.234552556818,2514.1183669117313,0.20415482954545455,21.502945426074845,0.030762223947877476,-99.90791320800781,68.5212173461914,-23.921016693115234,14.584303855895996,-2.9213082790374756,1
match6_whistle_0598w.mp4,0.17132946848869324,0.022086579352617264,2480.7761065235613,-40.737022399902344,3972.8759765625,27,1.8104400634765625,4.8289947509765625,5442.931189903846,2484.7338456685347,0.1275353064903846,22.83162465267565,-0.018433614189527794,-42.59480285644531,88.47628784179688,-18.786344528198242,3.23085355758667,-11.83950138092041,1
match6_whistle_0569w.mp4,0.13144533336162567,0.02346598356962204,2517.690656804194,-39.40049362182617,3692.9443359375,54,1.8654735088348389,4.864421844482422,4959.814453125,2222.2551370117644,0.15836588541666666,22.57034258104743,-0.012545380244224065,-75.3664779663086,92.45550537109375,-27.75972557067871,27.425973892211914,-7.747213840484619,0
match6_whistle_0563w.mp4,0.10369279980659485,0.02162964828312397,2494.9303191718836,-40.17093276977539,3606.8115234375,19,1.8267323970794678,5.021275520324707,4941.579127956081,2247.0670029499247,0.14794921875,22.243524610885125,0.0019708368968817235,-84.69994354248047,87.29338073730469,-39.269805908203125,19.046918869018555,-9.199037551879883,0
match6_whistle_0546w.mp4,0.051458507776260376,0.04586204141378403,3083.51237426227,-34.801719665527344,3779.0771484375,21,1.8369200229644775,4.652688503265381,5828.531422334559,2331.4054948061826,0.25057444852941174,20.51258049317068,-0.010718553515132899,-132.40643310546875,63.58366775512695,-44.2176513671875,7.739451885223389,-8.745048522949219,1
match6_whistle_0545w.mp4,0.0653507336974144,0.05560421198606491,3301.744556957527,-36.58800506591797,3779.0771484375,21,1.9235817193984985,4.707010269165039,6302.455975932459,2421.6304812555136,0.2749574722782258,20.757234729360864,-0.017269532668320077,-122.21644592285156,48.8616828918457,-39.638397216796875,15.743038177490234,-1.2957152128219604,1
match6_whistle_0544w.mp4,0.1554459184408188,0.013923432677984238,2443.926021310124,-42.867984771728516,3606.8115234375,35,1.8333567380905151,4.854001998901367,5219.388554014009,2411.403027880193,0.11664028825431035,22.484575093298563,-0.00425455421587286,-79.47521209716797,82.55079650878906,-17.3414249420166,19.86602210998535,-18.290369033813477,1
match6_whistle_0532w.mp4,0.08341310918331146,0.011306757107377052,2268.068136383404,-44.00898742675781,4220.5078125,27,1.8557958602905273,4.770549297332764,4253.297008167614,2072.737906099917,0.13259055397727273,23.26310548450588,-0.018165508837896013,-138.8614959716797,93.03663635253906,-49.19948959350586,3.718794107437134,-15.815213203430176,0
match6_whistle_0517w.mp4,0.08687824755907059,0.029348932206630707,2459.35724048255,-36.83660888671875,3832.91015625,31,1.851765513420105,4.664215087890625,4755.167458274148,2234.0553812760704,0.16845703125,21.061198976461867,-0.004858447271826506,-81.78534698486328,94.5864028930664,-37.024932861328125,3.978501796722412,-20.5881290435791,1
match6_whistle_0516w.mp4,0.11448126286268234,0.046148620545864105,3279.981243191548,-38.49875259399414,3886.7431640625,55,1.8330564498901367,5.017481327056885,6494.984822100903,2670.0812691204555,0.23140413215361447,22.28705924103581,-0.017893363337611524,-89.20663452148438,59.43745422363281,-3.508877992630005,38.45897674560547,-4.106492519378662,1
match6_whistle_0481w.mp4,0.11553678661584854,0.017373373731970787,2451.8944997990593,-47.21110916137695,3940.576171875,37,1.8498070240020752,4.7718305587768555,5000.205522017045,2319.490853571489,0.1501953125,22.812759125110333,0.004421943856208591,-102.60404968261719,96.8598861694336,-30.115150451660156,6.4707841873168945,-4.535728454589844,0
match6_whistle_0475w.mp4,0.12006261944770813,0.013549559749662876,2302.12137927866,-44.73700714111328,4091.30859375,31,1.866268277168274,4.849519729614258,4358.220158066861,2092.9330823257387,0.12822492732558138,22.59976379588135,0.011668455224597163,-86.7149429321289,90.4183120727539,-45.61288070678711,8.684946060180664,-21.00000762939453,0
match6_whistle_0400w.mp4,0.16154508292675018,0.021287526935338974,2617.5213462117217,-39.544429779052734,3854.443359375,45,1.901768445968628,4.765477657318115,5636.895658052885,2490.861868738302,0.13778545673076922,22.892193799066938,0.0008391173661553132,-53.45305252075195,76.68312072753906,-22.60196876525879,7.834456443786621,-13.153717041015625,1
match6_whistle_0389w.mp4,0.13076093792915344,0.007224816828966141,1864.875578624582,-45.7192268371582,3854.443359375,37,1.7808423042297363,4.814107418060303,3722.1274928042762,1916.6450544898908,0.09394274259868421,22.101708864902047,0.0037744293005200847,-103.08457946777344,117.0130386352539,-35.12818145751953,18.90406036376953,-19.95380210876465,0
match6_whistle_0380w.mp4,0.14110061526298523,0.025213364511728287,2700.8162009316547,-37.222206115722656,3875.9765625,47,1.8438748121261597,4.804205894470215,5362.829074053697,2389.929260936086,0.17638644366197184,22.524559281708626,-0.009529985618704466,-54.90749740600586,78.9261245727539,-27.820520401000977,21.119495391845703,-11.106527328491211,1
match6_whistle_0348w.mp4,0.09761720895767212,0.02012050524353981,2669.6640061233907,-39.82078552246094,3779.0771484375,36,1.8608530759811401,4.803771495819092,4989.972514490927,2308.9691483444503,0.17197738155241934,23.00879286469779,0.005083341908404778,-105.61271667480469,80.73601531982422,-22.44344139099121,23.934537887573242,-14.486066818237305,1
match6_whistle_0278w.mp4,0.1775437593460083,0.017758050933480263,2618.754762551845,-40.42082214355469,3639.111328125,44,1.8124078512191772,4.923065662384033,5402.518586189516,2548.7686794382353,0.12764091901881722,22.184994977942218,0.00438061032154045,-59.20494079589844,83.57186126708984,-4.910335540771484,25.385406494140625,-2.973163604736328,1
match6_whistle_0238w.mp4,0.12464545667171478,0.023988710716366768,2865.799800299475,-38.752628326416016,3606.8115234375,49,1.7971528768539429,4.906688690185547,6032.984067315924,2479.9234834232743,0.18588131421232876,22.634846706777463,-0.014856735427114427,-83.88836669921875,73.48247528076172,-17.194244384765625,27.746122360229492,-12.271505355834961,1
match6_whistle_0210w.mp4,0.14095208048820496,0.02821224555373192,2680.9271008650803,-40.03280258178711,3811.376953125,48,1.8492085933685303,4.782844543457031,5388.343366791931,2411.538537310094,0.16663988330696203,22.008312200816405,-0.024764424276223284,-59.695369720458984,81.90141296386719,-23.126665115356445,19.759611129760742,-10.86968994140625,1
match6_whistle_0171w.mp4,0.15621545910835266,0.011782942339777946,2360.515460132234,-46.59843063354492,3897.509765625,36,1.8682928085327148,4.784435749053955,4883.001118321573,2351.6934328792704,0.11403729838709678,23.76455267772726,-0.014065458262470201,-77.87843322753906,85.59938049316406,-22.917219161987305,18.016735076904297,-3.230015516281128,1
match6_whistle_0165w.mp4,0.12915055453777313,0.025934645906090736,2552.619697927848,-47.479984283447266,3908.2763671875,35,1.8761430978775024,4.686127662658691,5241.412353515625,2488.7534303041507,0.13840157645089285,23.006441637399014,-0.01876277238746152,-91.12418365478516,85.5191650390625,-10.02706241607666,17.51742935180664,1.3792130947113037,1
match6_whistle_0156w.mp4,0.16924844682216644,0.014856875874102116,2460.4749171923486,-41.020389556884766,3811.376953125,34,1.8827317953109741,4.731523036956787,5145.219962827621,2378.05171433578,0.1394988029233871,22.673492866212506,-0.0021253619575228736,-60.300498962402344,89.39292907714844,-17.057369232177734,16.928876876831055,-9.612622261047363,1
match6_whistle_0141w.mp4,0.13120324909687042,0.010475280694663525,1999.6363796722057,-43.88227081298828,3746.77734375,19,1.8306221961975098,4.820102691650391,3836.678466796875,1987.0167439907302,0.1045654296875,22.425660550835964,-0.036829920015435974,-82.0627670288086,110.5942611694336,-40.15675735473633,14.518011093139648,-9.867927551269531,0
match6_whistle_0128w.mp4,0.13351893424987793,0.0067281899973750114,1841.296424710758,-43.980804443359375,3875.9765625,14,1.8676155805587769,4.912991523742676,3688.330078125,1966.7615816976552,0.08004324776785714,21.8880014132095,0.015398934811354207,-96.49776458740234,116.22130584716797,-35.549861907958984,19.164077758789062,-7.363728046417236,0
match6_whistle_0120w.mp4,0.14067848026752472,0.02758556604385376,2992.411041185436,-34.281227111816406,3897.509765625,61,1.8136910200119019,4.900688648223877,5894.377899169922,2519.433279231325,0.2001953125,22.56454209520206,-0.027667436493018577,-66.92804718017578,70.87294006347656,-2.5626907348632812,33.96637725830078,-7.060225963592529,1
match6_whistle_0094w.mp4,0.12851585447788239,0.029350079596042633,2812.084765647051,-41.330909729003906,3886.7431640625,43,1.8662182092666626,4.768848896026611,5876.746715198864,2599.1470409269805,0.15431589894480519,22.05723464996329,0.034882346869785724,-77.58808135986328,75.05174255371094,-8.881542205810547,25.093393325805664,-4.724194049835205,1
match6_whistle_0093w.mp4,0.1412624716758728,0.016724439337849617,3043.046599518225,-44.64616775512695,3972.8759765625,37,1.838435411453247,4.998277187347412,6298.793194110577,2710.8971916355094,0.1390099158653846,23.07154287761098,0.06321979480119079,-148.9505157470703,47.47342300415039,24.61699867248535,53.42813491821289,-7.690143585205078,1
match6_whistle_0079w.mp4,0.10856853425502777,0.04706471413373947,3334.058001925887,-34.668365478515625,3886.7431640625,75,1.81735098361969,4.819372653961182,6192.075098623143,2461.892960628125,0.25145034034653463,21.613040762635286,-0.004883227478595701,-82.97926330566406,62.686336517333984,-8.40477466583252,30.714031219482422,-20.17110824584961,1
match6_whistle_0073w.mp4,0.13915491104125977,0.027374541386961937,2669.1847427548787,-40.95521926879883,3660.64453125,45,1.8761992454528809,4.755230903625488,5317.0788072559935,2420.5346764665396,0.16850385273972604,22.11015698526579,-0.017705692216485925,-50.469024658203125,86.52936553955078,-23.81348991394043,10.508970260620117,-14.527270317077637,1
match6_whistle_0012w.mp4,0.14100772142410278,0.02918476052582264,2867.3919062228283,-43.11019515991211,3908.2763671875,41,1.8829946517944336,4.8044562339782715,5708.990478515625,2449.8757469584893,0.20244284237132354,22.542860913603377,-0.008065856094714677,-62.65380859375,80.21360778808594,-25.09592056274414,12.015265464782715,-13.546937942504883,1
match7_ambig_0001.mp4,0.07876233756542206,0.005908770486712456,1593.0389342865312,-44.75291061401367,4048.2421875,26,1.9152582883834839,4.594908714294434,3703.7109375,2160.0963693320364,0.06461958451704546,21.001605605469727,-0.00296937287637418,-181.54095458984375,126.45319366455078,9.294007301330566,34.23978042602539,-7.917995929718018,0
match7_ambig_0002.mp4,0.053629305213689804,0.013410449959337711,2188.7701430744114,-39.48756790161133,3617.578125,29,1.8739498853683472,4.730057716369629,3853.2730765964675,1936.3069512482302,0.15432871942934784,22.470011925048684,0.010443005266144416,-153.65853881835938,111.71714782714844,-43.0029411315918,23.367229461669922,-17.253387451171875,0
match7_ambig_0003.mp4,0.10736207664012909,0.01097194105386734,2055.6180675902406,-47.80409240722656,3703.7109375,29,1.8436158895492554,4.707341194152832,4141.7919921875,2071.359854849921,0.09705946180555555,21.4670711395499,-0.03064310178813337,-114.95072937011719,107.73548126220703,-38.68629837036133,-0.9686243534088135,-26.70331573486328,0
match7_ambig_0004.mp4,0.10498959571123123,0.005233168601989746,1673.1794182483245,-51.65924072265625,3736.0107421875,21,1.809762954711914,4.687075138092041,3222.3541259765625,1725.5159050428701,0.08991495768229167,21.280989530506535,7.756443611838163e-05,-127.19989013671875,136.3358154296875,-43.5920295715332,8.014498710632324,-26.85565185546875,0
match7_ambig_0005.mp4,0.11375365406274796,0.005692537873983383,1849.6280488701352,-47.80952835083008,4198.974609375,32,1.850814938545227,4.763378143310547,3686.4395141601562,2037.4858795317577,0.087310791015625,22.304424434523177,-0.00010367269699542884,-133.610107421875,122.1104965209961,-22.955595016479492,22.482498168945312,-11.294681549072266,0
match7_ambig_0006.mp4,0.13432539999485016,0.0033690889831632376,1679.073445597626,-52.866729736328125,3811.376953125,31,1.9164499044418335,4.3755693435668945,3538.3837890625,2000.313917465345,0.06931423611111111,21.182114446743995,0.0027686496432721467,-155.57911682128906,124.63248443603516,-6.210381507873535,-5.080304145812988,-46.507476806640625,0
match7_ambig_0007.mp4,0.09642140567302704,0.011031371541321278,2056.9615866899635,-44.83866882324219,3660.64453125,35,1.9064767360687256,4.765855312347412,4246.047192950581,2090.555834937496,0.10499182412790697,23.121229063723952,-0.00043949674642943036,-123.18470764160156,110.0340347290039,-23.174257278442383,25.78230094909668,-18.023195266723633,0
match7_ambig_0008.mp4,0.04395892471075058,0.008212877437472343,2321.6448582883854,-41.14958953857422,3736.0107421875,36,1.8437058925628662,4.84588623046875,4588.2470703125,2182.740281853086,0.14867621527777777,22.494365748195357,-0.0012919130924176684,-207.61355590820312,112.42877960205078,-10.829080581665039,29.712825775146484,-26.594907760620117,0
match7_ambig_0009.mp4,0.08401902765035629,0.00394950108602643,1698.4924044854313,-50.661590576171875,3768.310546875,32,1.8939812183380127,4.599843502044678,3284.0128580729165,1801.2501151052963,0.07997866030092593,22.68106242734005,0.015139706468383949,-172.42015075683594,129.2637176513672,-35.01201629638672,14.63227653503418,-20.21004867553711,0
match7_ambig_0010.mp4,0.04203861206769943,0.009447199292480946,2164.254779133396,-50.520668029785156,4242.041015625,34,1.9853533506393433,4.674526214599609,4578.715556376689,2318.7078715324274,0.12997519003378377,21.613004413159388,-0.017019314271736273,-249.121826171875,103.5412368774414,2.8931241035461426,37.334877014160156,-6.746300220489502,0
match7_ambig_0011.mp4,0.10243108123540878,0.008976426906883717,1882.2954744933218,-46.274837493896484,3736.0107421875,41,1.797554612159729,4.6477155685424805,3369.7431456367926,1694.1571186940075,0.11662551591981132,22.440258127576517,0.009164724156744436,-128.70555114746094,122.64115905761719,-62.32270812988281,27.359859466552734,-4.389954090118408,0
match7_ambig_0012.mp4,0.023649366572499275,0.00702966982498765,2130.1250867489657,-38.343017578125,4382.0068359375,33,1.8199758529663086,4.594554424285889,3963.134765625,2149.3753419656778,0.15059988839285715,21.93129828470492,0.007667260334061564,-271.6438903808594,117.86457061767578,1.0506348609924316,43.798892974853516,-23.20798110961914,0
match7_ambig_0013.mp4,0.1323348730802536,0.009015528485178947,2142.9205464201077,-48.645023345947266,4198.974609375,38,1.7941631078720093,4.866927146911621,4425.0732421875,2202.4943177329114,0.11059205923507463,22.098052734191057,-0.011685289430372479,-109.2500991821289,104.92057800292969,-19.733089447021484,23.110626220703125,-13.614945411682129,0
match7_ambig_0014.mp4,0.04317636415362358,0.010433023795485497,1962.5320540970606,-40.36126708984375,3983.642578125,20,1.8274253606796265,4.862437725067139,3998.895263671875,2108.526342607321,0.10890028211805555,21.887801421133965,-0.0023468742464713027,-192.27841186523438,124.12174224853516,-20.266359329223633,23.44420623779297,-18.737892150878906,0
match7_ambig_0015.mp4,0.09656964242458344,0.01535286009311676,2355.3966210174485,-47.69667434692383,3725.244140625,53,1.8882309198379517,4.836544513702393,4790.183692642405,2243.8721571924966,0.13114987143987342,22.445623104754066,-0.02505878862912475,-135.27883911132812,96.13227844238281,-22.233993530273438,27.69576072692871,-15.923259735107422,1
match7_ambig_0016.mp4,0.06994418054819107,0.007300176657736301,2085.4909532304737,-42.93723678588867,3832.91015625,38,1.893193244934082,4.719105243682861,4258.763609541224,2129.4424926724114,0.12029379986702128,22.614936024657453,0.005707259182462199,-150.685791015625,119.98702239990234,-25.940061569213867,14.095996856689453,-24.201011657714844,0
match7_ambig_0017.mp4,0.10257656127214432,0.01304121408611536,2064.8018220041004,-50.41709518432617,3800.6103515625,28,1.994372844696045,4.595336437225342,4139.474969161184,2161.445118122856,0.09306897615131579,21.758088333312205,0.01680423837804065,-126.8453140258789,106.03994750976562,-27.861103057861328,6.4389424324035645,-5.170717239379883,0
match7_ambig_0018.mp4,0.1286734640598297,0.01249791495501995,2115.299645310016,-45.81660842895508,3800.6103515625,32,1.9450254440307617,4.596688747406006,4294.79736328125,2139.178958482206,0.096142578125,21.974319210134205,0.0049874495768906894,-98.09085845947266,102.81416320800781,-35.1295051574707,1.2910573482513428,-16.881683349609375,0
match7_ambig_0019.mp4,0.03978096321225166,0.004381856881082058,1707.803227279239,-40.538448333740234,4037.4755859375,29,1.8199964761734009,4.656851291656494,3291.166277629573,1754.0317856287645,0.10405154344512195,22.994270301317425,0.01760241451789222,-213.33319091796875,139.17347717285156,-40.72226333618164,17.184322357177734,-13.47673225402832,0
match7_ambig_0020.mp4,0.13759441673755646,0.005942254792898893,2053.3166022272603,-46.513389587402344,3789.84375,35,1.7664605379104614,4.888667106628418,4456.198508522727,2164.0771784635945,0.10640092329545454,22.783447620135036,0.014488264315502595,-93.87911224365234,113.48255157470703,-23.76327896118164,8.375348091125488,-34.229026794433594,1
match7_ambig_0021.mp4,0.11088575422763824,0.0123434541746974,2224.91707107259,-51.555877685546875,3660.64453125,20,1.8439580202102661,4.6013946533203125,4312.340590533088,2094.059836651299,0.11387484681372549,22.255075248445333,-0.05629776963929439,-137.75741577148438,92.21288299560547,-42.89840316772461,1.573239803314209,-24.96562385559082,0
match7_ambig_0022.mp4,0.02742697484791279,0.008499243296682835,1803.7436901103054,-37.76435089111328,4198.974609375,39,1.8214613199234009,4.748607635498047,3784.329149199695,2091.9192205591576,0.09471465320121951,21.313737271601497,0.012682425260804233,-235.69436645507812,130.8513946533203,-7.9453606605529785,32.68983459472656,-12.957723617553711,0
match7_ambig_0023.mp4,0.10182447731494904,0.009554416872560978,2441.9282025669927,-45.871822357177734,3929.8095703125,52,1.802362084388733,4.760767459869385,4976.386575137868,2268.9789833845007,0.16170726102941177,22.295061014675092,0.014128316853597089,-140.5823974609375,101.99942779541016,-10.196123123168945,28.709360122680664,-22.56649398803711,0
match7_ambig_0024.mp4,0.09252644330263138,0.007838279940187931,1845.3300741617304,-48.16669845581055,3779.0771484375,17,1.8504209518432617,4.6762542724609375,3599.6337890625,1918.54787019463,0.10096571180555555,22.171345154849597,-0.002812558402191524,-170.2594757080078,127.15531158447266,-32.80259323120117,22.637224197387695,-9.79251480102539,0
match7_ambig_0025.mp4,0.11431203782558441,0.007168032228946686,1828.5128645789323,-50.42717742919922,4242.041015625,30,1.8724956512451172,4.783200740814209,4275.41748046875,2281.9843549373245,0.07542724609375,21.151157276499585,-0.021679662720204728,-142.0972900390625,116.31111145019531,1.1820447444915771,32.95076370239258,-10.318079948425293,0
match7_ambig_0026.mp4,0.09291725605726242,0.011578374542295933,2083.1548963305518,-45.34645080566406,3822.1435546875,53,1.8645272254943848,4.688381195068359,4162.445068359375,1976.722113905847,0.10160609654017858,22.337172633672232,0.006319405189136189,-132.5469207763672,104.94386291503906,-45.978057861328125,2.50451922416687,-33.29157638549805,0
match7_ambig_0027.mp4,0.11147523671388626,0.024686988443136215,2139.8896402531414,-46.54279327392578,3649.8779296875,35,1.933334231376648,4.6109771728515625,4311.926047585227,2142.1288722513996,0.10808771306818182,20.838677950641095,0.015133686762225032,-86.35095977783203,106.70138549804688,-33.30081558227539,1.2399462461471558,-12.332390785217285,0
match7_ambig_0028.mp4,0.04245920479297638,0.008593114092946053,2102.6274775326883,-52.624603271484375,4231.2744140625,33,1.8122888803482056,4.718451976776123,4374.000901442308,2157.962128836931,0.13916015625,22.133811014882596,0.020590290698415323,-224.12535095214844,110.24506378173828,-20.19635581970215,39.28371047973633,-4.2956953048706055,0
match7_ambig_0029.mp4,0.04049605876207352,0.00404492300003767,1725.4870486525958,-49.86802673339844,4080.5419921875,33,1.8091667890548706,4.7834601402282715,3613.9892578125,1955.8828035623292,0.0910915798611111,23.096268832085425,0.02134737788320149,-232.7746124267578,135.3262481689453,-22.96975326538086,25.000391006469727,-8.63361644744873,0
match7_ambig_0030.mp4,0.13567806780338287,0.004297488369047642,1990.305901316502,-56.8902587890625,4252.8076171875,22,1.815698266029358,4.619075775146484,4078.4411918826218,2135.6336712494312,0.08425828887195122,23.739049372348166,-0.01701165015659736,-140.65379333496094,103.36198425292969,-30.747957229614258,-3.4601712226867676,-14.992254257202148,0
match7_ambig_0031.mp4,0.10580971837043762,0.016753096133470535,2247.448284359281,-48.10850524902344,3649.8779296875,32,1.9233217239379883,4.6313700675964355,4413.409423828125,2078.1756618778304,0.13758951822916668,22.15745774666481,-0.003641732205254389,-112.78929138183594,106.82450866699219,-33.42691421508789,15.109375953674316,-16.43202018737793,0
match7_ambig_0032.mp4,0.0823129266500473,0.007758908439427614,2027.7489876191498,-44.195491790771484,4231.2744140625,36,1.8413232564926147,4.788266181945801,4103.341854319853,2155.9482342330302,0.10933670343137254,21.5063353146004,0.010896416670842311,-154.28460693359375,106.5521011352539,-21.923784255981445,34.29661178588867,-3.444923162460327,0
match7_ambig_0033.mp4,0.10369502007961273,0.003980280365794897,2096.6523178094594,-42.860042572021484,3617.578125,22,1.8155994415283203,4.747884273529053,3299.832078887195,1637.044258242916,0.13771913109756098,23.73088523656554,0.012554397378429654,-149.92764282226562,96.90789031982422,-59.56394577026367,59.35448455810547,11.739385604858398,0
match7_ambig_0034.mp4,0.12163618206977844,0.013745955191552639,2302.637852899792,-43.6287956237793,3617.578125,46,1.8117915391921997,4.746341228485107,4396.420189642137,2081.91444052829,0.13304088961693547,21.975713846189965,-0.015805322432749996,-102.43994903564453,95.2255859375,-32.225677490234375,43.36634826660156,-4.81842041015625,0
match7_ambig_0035.mp4,0.07936868816614151,0.00828764121979475,1971.6726313333747,-42.883975982666016,3757.5439453125,33,1.7827720642089844,4.764664173126221,3537.725830078125,1778.275894860165,0.11786905924479167,21.810458749355238,0.010381472739325,-119.38784790039062,121.1431655883789,-59.22833251953125,16.40850257873535,-13.616271018981934,0
match7_ambig_0036.mp4,0.10427981615066528,0.007629708386957645,2121.6623437338285,-48.055484771728516,3606.8115234375,22,1.9382469654083252,4.7747368812561035,4118.763427734375,2003.1266433894132,0.120947265625,23.744627609115057,0.02711793101668996,-122.64921569824219,111.0763168334961,-40.06909942626953,14.059659004211426,-17.74003028869629,0
match7_ambig_0037.mp4,0.09100023657083511,0.012397566810250282,2383.6884163762807,-50.742828369140625,3919.04296875,44,1.8204896450042725,4.817156791687012,5371.555397727273,2401.7158391461508,0.1396484375,22.879257005393562,-0.016239946069389784,-124.33377838134766,98.89151000976562,-11.257695198059082,-1.3802285194396973,-32.05743408203125,1
match7_ambig_0038.mp4,0.13509143888950348,0.0052660307846963406,1868.030168163983,-45.115570068359375,3843.6767578125,25,1.8250051736831665,4.830868721008301,3813.0333533653848,2041.489835905919,0.09295184795673077,22.3934455353803,-0.010134128531612063,-101.07003021240234,119.94766998291016,-29.897294998168945,15.977681159973145,-22.97212791442871,0
match7_ambig_0039.mp4,0.05665126070380211,0.009533573873341084,2027.041253932603,-43.1927604675293,4371.240234375,23,1.9606233835220337,4.788534641265869,4322.79052734375,2101.7483309540203,0.11744520399305555,22.576664983042043,0.005403324923378154,-172.34500122070312,121.77056121826172,-21.53093147277832,2.876988410949707,-17.398813247680664,0
match7_ambig_0040.mp4,0.09485428035259247,0.01058962568640709,1968.3872487617925,-49.5395622253418,4274.3408203125,42,1.8603405952453613,4.695888996124268,3860.9533975290697,1969.216916027196,0.09222837936046512,21.35267053254179,0.012809472469040696,-138.48291015625,115.20856475830078,-42.05986404418945,-8.324516296386719,-33.154937744140625,0
match7_ambig_0041.mp4,0.04214240983128548,0.01447372417896986,2484.2100711634143,-49.477752685546875,4349.70703125,37,1.861295461654663,4.658465385437012,4822.540283203125,2357.0039585949585,0.17954508463541666,21.11324048859764,0.017074777493123926,-232.48854064941406,97.70804595947266,2.6254217624664307,40.40463638305664,-11.2020263671875,0
match7_ambig_0042.mp4,0.11380016058683395,0.019596103578805923,2092.3798729006235,-43.02693557739258,3757.5439453125,41,1.8314154148101807,4.763375759124756,4168.345484240302,2006.6225467728893,0.11655610183189655,22.38629343568853,-0.024841202447025344,-94.42693328857422,112.69812774658203,-43.17973709106445,10.826778411865234,-7.500507354736328,0
match7_ambig_0043.mp4,0.11118853837251663,0.018675364553928375,2110.5431683116462,-44.0235481262207,3682.177734375,37,1.9590578079223633,4.668801307678223,4235.972567471591,2133.2466490975703,0.10872691761363637,20.97493997404341,0.015097716701858699,-86.52236938476562,108.8155746459961,-35.436153411865234,-1.6274985074996948,-19.545927047729492,0
match7_ambig_0044.mp4,0.07012709975242615,0.009140531532466412,1866.1001366888718,-47.6706657409668,4166.6748046875,30,1.838446855545044,4.726877212524414,3465.1457134046054,1829.3114041727117,0.10665090460526316,22.315708075539103,-0.016303466264455037,-167.52377319335938,129.14402770996094,-37.861324310302734,9.488809585571289,-19.16546630859375,0
match7_ambig_0045.mp4,0.11645125597715378,0.013955546543002129,2075.9290004205754,-47.626495361328125,3617.578125,27,1.8411189317703247,4.644432067871094,4002.80712890625,2012.6249330881544,0.11306640625,21.873105828291045,0.016571918482972934,-94.41539001464844,109.37715148925781,-41.53059387207031,1.753177285194397,-23.602731704711914,0
match7_ambig_0046.mp4,0.022568756714463234,0.02330945059657097,2502.389205459038,-37.61537170410156,3714.4775390625,45,1.9271059036254883,4.740016460418701,5115.071968410326,2287.37257094589,0.1663871433423913,21.60769764168801,0.03402497011768064,-245.05087280273438,102.89078521728516,-11.563602447509766,36.39997863769531,-11.563196182250977,0
match7_ambig_0047.mp4,0.017144717276096344,0.007082673255354166,2286.693273485911,-40.73973846435547,4188.2080078125,31,1.8961759805679321,4.727553367614746,4639.892578125,2285.506826560854,0.16630626860119047,21.861117501012753,0.002724193140128134,-307.4495544433594,115.43807983398438,-1.6833295822143555,48.116790771484375,-11.538077354431152,0
match7_ambig_0048.mp4,0.19218434393405914,0.0018901863368228078,1570.9490142182876,-54.61225509643555,3606.8115234375,24,1.7365953922271729,4.681231498718262,3090.0146484375,1594.6402032630133,0.07902238175675676,23.791894246666754,0.004725127700552295,-110.48658752441406,138.821044921875,-45.0361213684082,29.590160369873047,-16.242490768432617,0
match7_ambig_0049.mp4,0.05754188075661659,0.0037375909741967916,1838.7028930439453,-48.64515686035156,4392.7734375,24,1.9292399883270264,4.970722198486328,3627.3659446022725,1846.8757510349815,0.12090509588068182,22.288927794070904,4.447566846307535e-05,-201.2705078125,137.68203735351562,-24.293292999267578,23.312694549560547,-27.38214683532715,0
match7_ambig_0050.mp4,0.06966504454612732,0.011141019873321056,2363.4489943881017,-43.36273956298828,3649.8779296875,29,1.8850688934326172,4.7242512702941895,4753.45458984375,2188.699339764251,0.15205891927083334,23.395543002518476,-0.00996298166826153,-174.1065216064453,97.7054672241211,-28.271005630493164,29.657196044921875,5.367941379547119,0
match7_ambig_0051.mp4,0.038385890424251556,0.01841210573911667,2763.829301299013,-49.50209426879883,4392.7734375,37,1.8956571817398071,4.555654525756836,5248.974609375,2490.037531241883,0.19997442336309523,20.035498396870054,0.012028803775719858,-253.44740295410156,85.98240661621094,9.903526306152344,35.08189010620117,-9.962697982788086,0
match7_ambig_0052.mp4,0.08747175335884094,0.005305713973939419,1824.9600162918816,-48.929019927978516,3649.8779296875,33,1.8645131587982178,4.690475940704346,3487.9482421875,1887.2787857213987,0.093984375,23.184581172931605,-0.008869448415393336,-149.99017333984375,127.15962219238281,-32.057952880859375,24.169836044311523,-14.236266136169434,0
match7_ambig_0053.mp4,0.091531902551651,0.0171565692871809,2261.786519513882,-41.70305252075195,3757.5439453125,39,1.8237818479537964,4.649527549743652,4658.6256760817305,2179.38943367734,0.16234224759615384,21.63861345022564,-0.0014497054737319039,-110.96922302246094,108.29325866699219,-31.484039306640625,6.79927921295166,-26.858203887939453,1
match7_ambig_0054.mp4,0.14704148471355438,0.017611490562558174,2408.489364344093,-50.789894104003906,3800.6103515625,37,1.8231474161148071,4.685314178466797,5389.031391759073,2473.5743587133315,0.12110950100806452,22.981704680052335,-0.0029762754088493762,-92.60808563232422,94.49031829833984,-4.715015888214111,8.468172073364258,-11.724658966064453,1
match7_ambig_0055.mp4,0.09628931432962418,0.007369278464466333,2081.664162532313,-48.01081848144531,3692.9443359375,29,1.8279211521148682,4.672793388366699,3615.9217247596152,1927.0476240804412,0.12215795272435898,22.93816488386356,-0.00769457029370506,-121.24302673339844,108.47398376464844,-45.05849838256836,17.178253173828125,-13.37158203125,0
match7_ambig_0056.mp4,0.07657171785831451,0.008378892205655575,2088.4007859864796,-45.73065948486328,4338.9404296875,67,1.8516966104507446,4.764796733856201,4496.074614653716,2136.06130062601,0.11387510557432433,22.99633189830051,0.013190920840223143,-156.17176818847656,108.1290283203125,-23.43189811706543,34.17657470703125,-11.270437240600586,0
match7_ambig_0057.mp4,0.07247838377952576,0.00912123266607523,2642.9423415407505,-54.785369873046875,4209.7412109375,30,1.8813281059265137,4.5788187980651855,4891.390641009221,2243.114694191085,0.19180648053278687,21.99728773839669,0.021388741996743146,-238.95216369628906,87.4400405883789,7.601530075073242,39.097923278808594,-11.320122718811035,0
match7_ambig_0058.mp4,0.05743160843849182,0.0062707774341106415,1810.3201828871156,-40.44961166381836,3951.3427734375,26,1.828781247138977,4.804113864898682,3742.1630859375,1955.0692391331124,0.09799339657738096,22.841164101043635,-0.020007565572575145,-171.0265350341797,131.4788818359375,-31.312843322753906,19.383750915527344,-12.200029373168945,0
match7_ambig_0059.mp4,0.07225203514099121,0.003492149757221341,1553.3975467862358,-44.453636169433594,3789.84375,39,1.8243000507354736,4.755637168884277,2937.607421875,1666.810319187978,0.08505859375,22.581162546678097,-0.008453750479904102,-162.27552795410156,143.36807250976562,-41.09806442260742,21.022321701049805,-13.480247497558594,0
match7_ambig_0060.mp4,0.08694935590028763,0.009401225484907627,1842.6883966644148,-43.14623260498047,3660.64453125,33,1.807025671005249,4.740776062011719,3431.035050101902,1866.9711867422554,0.10337763247282608,21.42854162034374,0.008569650882206034,-107.69268035888672,124.84883117675781,-40.084266662597656,22.37452507019043,-11.53566837310791,0
match7_ambig_0061.mp4,0.10636133700609207,0.010478641837835312,1999.4720620722258,-46.70441818237305,3768.310546875,42,1.8386075496673584,4.725572109222412,4331.089782714844,2212.250949543939,0.10210164388020833,21.02953405410835,-0.0070671984849005574,-124.01668548583984,112.88116455078125,-11.184139251708984,25.007055282592773,-13.375476837158203,0
match7_ambig_0062.mp4,0.07200363278388977,0.015026567503809929,2227.829417123231,-45.04729080200195,3962.109375,15,1.8716797828674316,4.735100746154785,4032.5287690033783,1983.2187564161798,0.15060177364864866,21.545686753778487,0.012123494915239463,-135.3202667236328,108.78877258300781,-50.203243255615234,10.68623161315918,-15.122156143188477,0
match7_ambig_0063.mp4,0.0754723995923996,0.006398342549800873,1799.7851065358586,-54.45235061645508,3736.0107421875,37,1.7969098091125488,4.736834526062012,3577.6220703125,1954.4619628925573,0.08712022569444444,22.30792179842364,0.021504505578243176,-155.33242797851562,128.64312744140625,-28.53638458251953,23.683271408081055,-4.077779769897461,0
match7_ambig_0064.mp4,0.06861521303653717,0.01851181872189045,2448.728197734781,-39.89894104003906,4037.4755859375,53,1.8970839977264404,4.8244524002075195,4689.096023787313,2127.7195808911374,0.16309322527985073,22.611525168157215,0.005978218541458113,-140.9347381591797,99.37250518798828,-30.49969482421875,19.63401985168457,-28.99287223815918,0
match7_ambig_0065.mp4,0.0742354616522789,0.010984757915139198,2138.6044596582083,-46.66476058959961,3843.6767578125,29,1.7876691818237305,4.7744646072387695,4234.2352294921875,2170.0886032439294,0.1232177734375,23.04206257957239,0.0017700441564820577,-157.72518920898438,111.834716796875,-21.58759307861328,12.084075927734375,-14.728776931762695,0
match7_ambig_0066.mp4,0.09078343957662582,0.005096372216939926,1808.1014371937763,-49.331459045410156,3822.1435546875,34,1.8418084383010864,4.698746204376221,3946.909466911765,2085.2100082664065,0.10185929840686274,22.217080851578626,-0.005748686196609946,-152.89959716796875,126.37517547607422,-16.073652267456055,23.929256439208984,-14.779626846313477,1
match7_ambig_0067.mp4,0.04533607140183449,0.010020767338573933,2688.3900926779065,-40.25324630737305,4112.841796875,45,1.8434722423553467,4.85795259475708,4980.58847280649,2215.2647296589585,0.20151930588942307,24.43021237091257,0.01791008363502218,-204.90785217285156,89.78813171386719,-13.77833366394043,43.18344497680664,-8.957304954528809,0
match7_ambig_0068.mp4,0.0779452919960022,0.008254365995526314,2123.2512983064307,-53.02110290527344,4069.775390625,34,1.8543347120285034,4.666982650756836,4248.2318115234375,2093.354634210438,0.12625732421875,22.064286046458143,-0.014126353400412905,-182.92739868164062,108.36207580566406,-21.367177963256836,12.609565734863281,-32.3853759765625,0
match7_ambig_0069.mp4,0.09817323088645935,0.007194459903985262,2068.9384546443057,-53.407073974609375,3660.64453125,25,1.8539378643035889,4.673595428466797,4191.052015772406,2055.8900942294385,0.11606353183962265,22.76499967785602,0.030222100822973556,-158.7012481689453,106.71693420410156,-25.15630340576172,16.39896583557129,-25.053329467773438,0
match7_ambig_0070.mp4,0.021054252982139587,0.03755900263786316,3793.389136231693,-33.71473693847656,4382.0068359375,37,1.885883092880249,4.77150821685791,6080.839116522607,2386.6651987104237,0.3059341755319149,21.093539851299404,-0.0018101890846925971,-269.95794677734375,40.43687438964844,15.612544059753418,48.839927673339844,-15.906344413757324,0
match7_ambig_0071.mp4,0.09482574462890625,0.0053111715242266655,2170.044550042052,-47.309425354003906,3843.6767578125,47,1.8996381759643555,4.818350315093994,4434.4940185546875,2165.446034157962,0.11768450055803571,22.787809436084544,-0.02054611182259583,-167.9835662841797,100.90250396728516,-11.683225631713867,30.800600051879883,-31.481523513793945,1
match7_ambig_0072.mp4,0.05851873382925987,0.007248004898428917,2159.44238912128,-43.74965286254883,3994.4091796875,28,1.8770657777786255,4.744704723358154,4838.85331587358,2300.867498204571,0.12849564985795456,22.726673905968845,-0.015329778743405844,-204.25193786621094,105.51793670654297,8.075298309326172,34.5359001159668,-14.920507431030273,0
match7_ambig_0073.mp4,0.12294089794158936,0.016087710857391357,2059.579980108245,-50.13008499145508,3757.5439453125,31,1.7940034866333008,4.674807548522949,4159.2578125,2117.8832900812513,0.09568142361111111,21.28885396302825,-0.0010222481401422794,-108.7530288696289,111.5518798828125,-23.907529830932617,4.815553665161133,-24.536882400512695,0
match7_ambig_0074.mp4,0.14301154017448425,0.0037961099296808243,1647.3752677361338,-47.876949310302734,3832.91015625,27,1.8360984325408936,4.762692451477051,3573.2597883357557,2035.1373748198441,0.059513535610465115,21.660737806498698,-0.01648954921298228,-133.96710205078125,124.97075653076172,-2.4483556747436523,36.25493621826172,-21.585988998413086,0
match7_ambig_0075.mp4,0.0928366407752037,0.005545551888644695,1799.6005399994633,-46.612606048583984,3865.2099609375,36,1.815414547920227,4.800245761871338,3453.074468568314,1777.32032633479,0.1066383539244186,22.455559625283534,0.0159129756584258,-128.26416015625,129.06898498535156,-45.247474670410156,17.17987632751465,-28.827735900878906,0
match7_ambig_0076.mp4,0.10660771280527115,0.017075566574931145,2057.0409582765433,-48.01088333129883,3800.6103515625,33,1.909989595413208,4.655130863189697,4365.6646728515625,2190.3057304131994,0.11052594866071429,21.706088584512077,-0.012979201141509028,-113.62841796875,112.26319885253906,-18.955867767333984,15.452995300292969,-9.696290016174316,1
match7_ambig_0077.mp4,0.05275029316544533,0.022240648046135902,2280.3919659711964,-39.729759216308594,3875.9765625,35,1.9196455478668213,4.630693435668945,4406.795058139535,2085.409044831206,0.14287336482558138,21.084887579231072,-0.01141286166857688,-150.26853942871094,101.41545867919922,-42.06290054321289,12.237242698669434,-2.5599567890167236,0
match7_ambig_0078.mp4,0.05731463432312012,0.005719716195017099,1777.4322538046792,-42.461544036865234,3606.8115234375,31,1.829406499862671,4.838046073913574,3255.4803145559213,1625.6332985540348,0.11617238898026316,21.67359529191656,0.011440407313817848,-168.71372985839844,135.76669311523438,-56.67824935913086,27.28986167907715,-8.845295906066895,0
match7_ambig_0079.mp4,0.1158929094672203,0.003961297683417797,1911.1779004066204,-55.594200134277344,3757.5439453125,25,1.7957117557525635,4.598213195800781,3774.12451171875,2025.2106521985327,0.079384765625,23.57217501630055,-0.027801527546747574,-179.8355255126953,108.49201202392578,-35.63091278076172,11.012259483337402,-18.475488662719727,0
match7_ambig_0080.mp4,0.11672287434339523,0.01977853663265705,2331.2129203707095,-52.57944107055664,3649.8779296875,39,1.8534440994262695,4.666887283325195,4422.539924172794,2102.4645005522216,0.13654641544117646,22.187634300181124,-0.00022545301970537204,-113.70620727539062,94.00562286376953,-24.759868621826172,31.6209659576416,-3.928847312927246,0
match7_ambig_0081.mp4,0.13681280612945557,0.004762545693665743,1644.4163253529853,-51.64706039428711,3919.04296875,34,1.8568071126937866,4.713584899902344,3107.114545036765,1692.988383526551,0.08290249693627451,21.508385805285446,-0.005603608866716625,-111.81224060058594,135.20021057128906,-43.24124526977539,14.717153549194336,-26.726892471313477,0
match7_ambig_0082.mp4,0.12728646397590637,0.00575984176248312,1850.9132993185817,-47.936126708984375,3800.6103515625,29,1.895634651184082,4.808963775634766,3913.121337890625,1940.839735402927,0.0912109375,23.0544198077293,0.005259199684397748,-107.2186050415039,119.9818344116211,-27.880626678466797,13.574419975280762,-27.795948028564453,0
match7_ambig_0083.mp4,0.09696058928966522,0.010106965899467468,2254.9420146417374,-49.44087600708008,4263.57421875,44,1.8114465475082397,4.7445197105407715,4408.92333984375,2123.6900424313894,0.13878455528846154,23.432805416317084,0.007277264426626385,-139.31729125976562,104.49911499023438,-26.968914031982422,29.981828689575195,-5.918030738830566,0
match7_ambig_0084.mp4,0.10301978886127472,0.012294785119593143,2188.3982030573225,-46.842063903808594,4252.8076171875,33,1.8067163228988647,4.640069961547852,4218.3544921875,2048.0939458230755,0.14351128472222222,22.55219498240695,-0.006734839912405586,-133.54364013671875,106.2415771484375,-28.743928909301758,24.506956100463867,-8.960626602172852,0
match7_ambig_0085.mp4,0.09294022619724274,0.005803331267088652,1725.239592352818,-49.146270751953125,3617.578125,31,1.7716928720474243,4.669361591339111,3298.88671875,1700.293552093612,0.09959716796875,22.20042656979875,0.008753753940532556,-132.34844970703125,133.9026336669922,-48.030799865722656,12.402463912963867,-25.7707576751709,0
match7_ambig_0086.mp4,0.034006766974925995,0.0056601413525640965,1749.9020245562058,-42.7331657409668,4274.3408203125,26,1.9203181266784668,4.708741664886475,3728.556941105769,2102.56742416064,0.0931239983974359,21.767782321930923,-0.022402060392162155,-237.72586059570312,129.30877685546875,-1.2005285024642944,36.308345794677734,-8.55176067352295,0
match7_ambig_0087.mp4,0.07612712681293488,0.004779070150107145,2088.793178474601,-44.53870391845703,4112.841796875,30,1.8960678577423096,4.7355570793151855,3971.1181640625,1950.093052733487,0.13808394451530612,23.287683397100803,0.001292239970727864,-175.40164184570312,112.5479736328125,-37.21549987792969,39.679561614990234,0.3771451711654663,0
match7_ambig_0088.mp4,0.07992000877857208,0.010867307893931866,1882.8259183409036,-44.79154968261719,3639.111328125,29,1.8922556638717651,4.872941970825195,3590.5235877403848,1858.4311946304788,0.10662059294871795,21.458068444466676,0.005171977560041816,-124.84611511230469,124.10289001464844,-41.710140228271484,21.6434383392334,-13.702783584594727,0
match7_ambig_0089.mp4,0.09949831664562225,0.008307288400828838,1857.3937780935053,-46.79780960083008,3628.3447265625,39,1.8547496795654297,4.778442859649658,3811.5692138671875,1922.6988249677047,0.09213692801339286,22.186819752584956,-0.0014188073770621732,-121.62894439697266,123.94770812988281,-36.21111297607422,18.166168212890625,-19.001506805419922,0
match7_ambig_0090.mp4,0.031342919915914536,0.010277302004396915,2987.400857901798,-48.512939453125,3983.642578125,44,1.8999664783477783,4.652036666870117,5173.237512466755,2257.107814590711,0.2162150930851064,20.900377758681568,0.011819248351299229,-300.14202880859375,73.70130920410156,14.899709701538086,52.83150100708008,-19.962444305419922,0
match7_ambig_0091.mp4,0.11915355175733566,0.003177872858941555,1523.9281722970866,-49.963905334472656,3606.8115234375,17,1.7711378335952759,4.833859443664551,3036.6710316051135,1641.8346628413876,0.07704856178977272,22.034695967009505,0.0030054695653445014,-124.38874816894531,147.17604064941406,-38.298927307128906,10.00234317779541,-38.58961486816406,0
match7_ambig_0092.mp4,0.10776273906230927,0.008941917680203915,1773.1087487117204,-50.45409393310547,3671.4111328125,22,1.8938379287719727,4.665789604187012,3465.5937727107557,1939.1527549779726,0.07775027252906977,21.881451149522466,-0.01863699010080788,-129.54295349121094,124.58137512207031,-24.74406623840332,14.719705581665039,-16.264909744262695,0
match7_ambig_0093.mp4,0.10186047106981277,0.004575989209115505,1932.271973222226,-49.22059631347656,4209.7412109375,36,1.9386423826217651,4.655877113342285,3881.4794921875,1967.7482648529467,0.09710286458333334,23.382773963929985,-0.008536787795138492,-157.71917724609375,106.63111114501953,-40.50279235839844,13.931839942932129,-22.063344955444336,0
match7_ambig_0094.mp4,0.10978347063064575,0.0043692151084542274,1605.2351830391694,-47.85129928588867,3768.310546875,17,1.8750684261322021,4.810791492462158,2892.2491776315787,1670.6626817745162,0.08899568256578948,21.82721384171771,-0.009882354357912354,-109.27914428710938,142.46954345703125,-45.16610336303711,12.066494941711426,-23.935400009155273,0
match7_ambig_0095.mp4,0.09508217126131058,0.007357558235526085,1922.023065770456,-42.86240768432617,4145.1416015625,45,1.8464819192886353,4.764231204986572,3722.410824424342,1929.4573178972275,0.11930338541666667,22.675294063795647,-0.020108507463968778,-119.59453582763672,120.6155776977539,-36.20730209350586,28.704713821411133,-7.122553825378418,0
match7_ambig_0096.mp4,0.06075339391827583,0.009275839664041996,2394.8222031022487,-45.678550720214844,3671.4111328125,47,1.8717845678329468,4.814328193664551,4723.347981770833,2016.093999206932,0.17007257908950618,22.643442696694265,-0.003303130272415272,-180.3002471923828,106.1695327758789,-33.99408721923828,34.65386962890625,-16.867965698242188,0
match7_ambig_0097.mp4,0.10165856033563614,0.014156482182443142,2069.402225661101,-45.06198501586914,3639.111328125,61,1.8278602361679077,4.82118034362793,4312.570057744565,2052.3858037557397,0.11297695878623189,21.37196579018263,-0.011870484076647736,-116.69691467285156,112.0475082397461,-31.304920196533203,25.39666175842285,-17.686912536621094,0
match7_ambig_0098.mp4,0.03647615388035774,0.014540272764861584,1909.0944459257153,-45.50644302368164,4220.5078125,27,1.8462132215499878,4.825401306152344,4026.170654296875,2061.057507735247,0.115283203125,21.57237501721253,0.026002650006315395,-213.01010131835938,122.77169036865234,-16.30560874938965,33.678260803222656,-13.372316360473633,0
match7_ambig_0099.mp4,0.10764732956886292,0.009118689224123955,2209.8727778918096,-50.329811096191406,3714.4775390625,23,1.7770642042160034,4.919034004211426,4482.674560546875,2145.6186518813533,0.11529134114583334,23.65304948211238,-0.027739616149309025,-119.3667221069336,99.03272247314453,-31.239057540893555,19.458967208862305,-21.750041961669922,1
match7_ambig_0100.mp4,0.12432405352592468,0.005822733044624329,1832.0976435438668,-57.710994720458984,3800.6103515625,29,1.7235883474349976,4.763366222381592,4042.2607421875,2071.294963395072,0.0749782986111111,23.996773881840966,-0.04127202500050478,-159.63694763183594,110.46910858154297,-15.11125373840332,20.005985260009766,-9.190268516540527,0
match7_ambig_0101.mp4,0.1319301575422287,0.006804879754781723,1691.9148008446327,-52.088558197021484,3919.04296875,17,1.863832712173462,4.751609802246094,3465.4290450246713,1924.1886504988406,0.06895045230263158,22.9535650625691,-0.026870348689574587,-144.2401885986328,124.66624450683594,-20.718055725097656,5.422474384307861,-35.965476989746094,0
match7_ambig_0102.mp4,0.04041033983230591,0.02522629126906395,2272.3633923440016,-35.25025939941406,4145.1416015625,25,1.861459493637085,4.8137431144714355,4443.351426235465,2033.5059995827175,0.15236646075581395,20.52432488046464,0.010296832614731901,-174.6471710205078,106.43521881103516,-41.17716598510742,15.265499114990234,-13.638681411743164,0
match7_ambig_0103.mp4,0.11953182518482208,0.006207238882780075,1781.9694732652279,-49.165069580078125,3606.8115234375,27,1.8301447629928589,4.525003433227539,3602.7099609375,2026.4410279051194,0.07509068080357142,21.603508698904136,-0.015557007206466932,-131.36477661132812,115.6377182006836,-21.738229751586914,7.4811930656433105,-22.863229751586914,0
match7_ambig_0104.mp4,0.1387256532907486,0.009832541458308697,2003.133060396937,-47.50086212158203,3671.4111328125,19,1.802273154258728,4.71027946472168,3965.422175480769,2078.178051039486,0.09392528044871795,21.143857894977966,-0.01594749796469946,-81.85986328125,108.84181213378906,-38.55148696899414,-4.89024543762207,-19.405981063842773,0
match7_ambig_0105.mp4,0.1067388504743576,0.0099667739123106,2161.6258445045446,-43.16826629638672,3800.6103515625,39,1.8423383235931396,4.979231357574463,4504.0283203125,2216.8773690928438,0.11787109375,21.906729585656254,-0.017287095600573607,-119.64845275878906,103.29529571533203,-16.66790771484375,39.58509063720703,-8.51934814453125,1
match7_ambig_0106.mp4,0.0640726387500763,0.00969197228550911,1929.1612789812955,-46.96718215942383,3606.8115234375,35,1.8401892185211182,4.7401204109191895,3563.2199171112807,1870.010216374464,0.11066120426829268,21.260834088779465,0.026770645549084846,-151.04440307617188,124.73892211914062,-43.16667938232422,19.89910888671875,-13.03034782409668,0
match7_ambig_0107.mp4,0.08368577063083649,0.007915481925010681,2787.534686546063,-44.0744743347168,3736.0107421875,18,1.8145188093185425,4.895729064941406,4849.815673828125,2111.801545969868,0.21639404296875,23.253189045582335,0.004279154720757416,-182.7217254638672,77.62226867675781,-7.3078107833862305,55.84271240234375,-8.321922302246094,1
match7_ambig_0108.mp4,0.10529684275388718,0.009770393371582031,1961.0584107512107,-40.56154251098633,4382.0068359375,39,1.813334345817566,4.757314682006836,3573.667279411765,1778.3013075409347,0.12517233455882354,20.8645347832851,0.004077942296124035,-92.5576400756836,118.84858703613281,-61.08056640625,16.982038497924805,-7.716175556182861,0
match7_ambig_0109.mp4,0.08943062275648117,0.006967425812035799,2077.509125364604,-40.59508514404297,3854.443359375,50,1.8879979848861694,4.7455153465271,4213.5009765625,2069.2471935887447,0.1354244171626984,22.67052060026668,-0.019959231335842844,-144.856689453125,121.49834442138672,-17.953258514404297,34.924957275390625,-28.747591018676758,1
match7_ambig_0110.mp4,0.10852125287055969,0.020516974851489067,2350.0281328643896,-43.092018127441406,4209.7412109375,49,1.8796303272247314,4.714233875274658,4705.902099609375,2288.535980004136,0.1336669921875,21.405951332430877,0.002260147798083104,-94.32984161376953,100.13327026367188,-27.99041175842285,7.456381320953369,-17.772403717041016,0
match7_ambig_0111.mp4,0.10277392715215683,0.007123944349586964,1792.0713729496892,-46.208126068115234,3714.4775390625,41,1.8073283433914185,4.6360602378845215,3949.3852095170455,2102.779009742811,0.07225452769886363,21.64170141740267,0.010568041056454197,-142.5045928955078,116.3126220703125,-12.750909805297852,33.14427947998047,-2.7502503395080566,0
match7_ambig_0112.mp4,0.1047423779964447,0.0080098956823349,1893.8843388664307,-46.491573333740234,3660.64453125,25,1.894767165184021,4.822364807128906,4143.303401295731,2088.62180883554,0.08588986280487805,21.939801119938608,-0.013402393282959875,-119.89733123779297,114.24970245361328,-21.658903121948242,25.405391693115234,-8.298941612243652,0
match7_ambig_0113.mp4,0.09270171821117401,0.015286270529031754,2580.007696538161,-50.43524932861328,4360.4736328125,33,1.8494030237197876,4.689703464508057,5188.3056640625,2442.3242941443104,0.16967230902777777,20.158744711697047,-0.03231834366614158,-179.77378845214844,86.81462860107422,3.955390691757202,37.16277313232422,-3.344491958618164,0
match7_ambig_0114.mp4,0.06926117837429047,0.005291122477501631,1693.4859225406592,-45.09731674194336,3649.8779296875,32,1.8433797359466553,4.789307594299316,3247.006722383721,1767.1291712637728,0.09343204941860465,22.096281996100604,-0.008194708079790869,-162.4885711669922,133.5406036376953,-44.151519775390625,18.75044822692871,-13.610673904418945,0
match7_ambig_0115.mp4,0.13024739921092987,0.030110124498605728,2261.394691090156,-42.4629020690918,3757.5439453125,38,1.8269600868225098,4.73103141784668,4722.292102222711,2180.549003371005,0.13085249779929578,21.602199206837863,-0.028607196990401814,-74.66232299804688,109.80575561523438,-23.596513748168945,13.644039154052734,-21.166353225708008,1
match7_ambig_0116.mp4,0.05806722119450569,0.007498396560549736,1922.1551269318998,-41.46304702758789,4306.640625,34,1.8273701667785645,4.766758918762207,3808.6227062136627,1996.1147144363129,0.10433321220930232,22.75277794514844,-0.028394875919649606,-183.61456298828125,116.93338012695312,-32.048301696777344,24.2623233795166,-7.977334499359131,0
match7_ambig_0117.mp4,0.14648616313934326,0.005140368826687336,1956.9166290161406,-51.63069152832031,3606.8115234375,20,1.8050822019577026,4.669120788574219,3872.465714164402,1955.2198906040285,0.09572435461956522,23.035518198835113,-0.0323220818316602,-106.48567962646484,107.10228729248047,-38.9338493347168,8.443831443786621,-13.793412208557129,0
match7_ambig_0118.mp4,0.03148997947573662,0.013952377252280712,2207.5282197094816,-46.28386688232422,4285.107421875,29,1.8265564441680908,4.7275309562683105,3977.8653772865855,2026.4971970283818,0.15242711509146342,21.877208579031542,0.007025779780210729,-224.48733520507812,115.79373931884766,-28.278915405273438,25.26860809326172,-6.471588134765625,0
match7_ambig_0119.mp4,0.11654026806354523,0.002674554940313101,1892.060236876136,-56.420753479003906,4231.2744140625,39,1.7849677801132202,4.550134658813477,4038.3918924534573,2112.7410183832963,0.09534990026595745,23.28997326590411,-0.017322105944885757,-186.4375762939453,115.72136688232422,1.7530256509780884,15.343921661376953,-31.279998779296875,0
match7_ambig_0120.mp4,0.0272276159375906,0.006888255011290312,2401.731401585903,-46.68643569946289,4392.7734375,38,1.923612356185913,4.695172309875488,4448.319313742898,2168.437945059277,0.19231622869318182,22.037357362734223,-0.010391407312950303,-274.9253234863281,116.90975952148438,4.936123371124268,30.754907608032227,-22.295806884765625,0
match7_ambig_0121.mp4,0.03945847228169441,0.010521029122173786,2163.473293973313,-47.2547721862793,4306.640625,29,1.83096182346344,4.626755714416504,4036.6877858231705,2010.5110547339011,0.16486042301829268,21.676289514051454,-0.01716188315238806,-210.5898895263672,119.77205657958984,-30.641176223754883,22.32025718688965,-18.42668342590332,0
match7_ambig_0122.mp4,0.05935920774936676,0.005448273383080959,1943.2832841836864,-54.4047966003418,4295.8740234375,28,1.8465383052825928,4.76240873336792,4446.6064453125,2324.36511509707,0.09056991185897435,21.553336667707466,0.00885492089028689,-219.8670654296875,104.52983856201172,4.001339435577393,40.692649841308594,-5.737747669219971,0
match7_ambig_0123.mp4,0.09472574293613434,0.014648398384451866,2302.859188638847,-40.9661979675293,4155.908203125,48,1.8287371397018433,4.750931262969971,4425.6552206503375,2165.8820151845503,0.13778109163851351,20.746517481848837,-0.011267075367055387,-120.12461853027344,103.48047637939453,-28.8030948638916,26.719818115234375,-17.46561622619629,0
match7_ambig_0124.mp4,0.08654998242855072,0.012852320447564125,1975.4000516661908,-40.069725036621094,3854.443359375,18,1.8535699844360352,4.710099697113037,3517.6419771634614,1854.6082047309105,0.12040514823717949,20.779951533031593,-0.002238851292699325,-100.06415557861328,118.68589782714844,-56.58344650268555,-3.455509662628174,-13.789724349975586,0
match7_ambig_0125.mp4,0.09899817407131195,0.007419010624289513,1895.9344448370528,-47.36301803588867,4295.8740234375,35,1.8612960577011108,4.748422622680664,3963.2042836334745,2016.0314101663132,0.11041777012711865,21.385749039191346,0.0005032902899848897,-142.77853393554688,119.06407928466797,-25.876523971557617,20.37497901916504,-22.79114532470703,0
match3_ambig_0001.mp4,0.04556123539805412,0.00685940170660615,1829.7596131054538,-36.850624084472656,3682.177734375,31,1.8712069988250732,4.820775508880615,3851.4066256009614,2062.709097868474,0.09596604567307693,21.67988990781744,-0.006494205197572065,-189.18218994140625,129.18467712402344,-9.396089553833008,41.9304313659668,-24.775354385375977,0
match3_ambig_0002.mp4,0.13232436776161194,0.0016439980827271938,1479.7532060908586,-51.4248046875,3606.8115234375,27,1.8589208126068115,4.56703519821167,3036.95068359375,1754.9491739937034,0.06522042410714286,22.65242190820368,-0.024268352010576637,-159.3759307861328,143.2074432373047,-15.893226623535156,40.38902282714844,-10.71922779083252,0
match3_ambig_0003.mp4,0.1797676831483841,0.006110935006290674,2224.829191427135,-46.09385299682617,4166.6748046875,32,1.7994379997253418,4.801131248474121,5377.350817228618,2387.11634945588,0.0927477384868421,24.514811772407576,-0.004633598065826981,-73.52819061279297,93.79322052001953,-12.989239692687988,12.37704086303711,-28.681711196899414,0
match3_ambig_0004.mp4,0.16852331161499023,0.0048303548246622086,2343.289695169205,-51.645668029785156,4166.6748046875,24,1.8245823383331299,4.837089538574219,5750.781892475329,2545.483629516588,0.10721628289473684,25.660735191183413,0.008648583627199426,-100.31035614013672,89.10662841796875,6.873376846313477,10.82337474822998,-23.042383193969727,0
match3_ambig_0005.mp4,0.15433983504772186,0.004095576703548431,2297.902721661948,-52.8643798828125,4177.44140625,29,1.8507390022277832,4.71712064743042,5611.8218994140625,2535.642391590382,0.09600830078125,26.046049435365546,-0.004382442357288419,-118.03670501708984,85.3219985961914,6.371960639953613,20.87540626525879,-17.353744506835938,0
match3_ambig_0006.mp4,0.14158709347248077,0.004542546812444925,2418.015800556248,-55.43113708496094,4177.44140625,21,1.8286502361297607,4.657886028289795,5940.553977272727,2635.8078811238365,0.08410274621212122,26.59000520761489,-0.03687707668706942,-139.2283477783203,75.56761169433594,11.156996726989746,15.601692199707031,-9.893339157104492,0
match3_ambig_0007.mp4,0.0870281308889389,0.005003317724913359,1786.1775183505147,-39.13649368286133,3994.4091796875,34,1.8520418405532837,4.799060344696045,3558.9599609375,1871.870964256541,0.10487196180555555,22.07642994911003,0.010879458797252136,-125.30741882324219,137.3761749267578,-35.42266845703125,10.40391731262207,-43.86674118041992,0
match3_ambig_0008.mp4,0.14742256700992584,0.009739902801811695,2025.1678089795994,-43.22058868408203,3639.111328125,32,1.8751760721206665,4.671298027038574,4205.519014246323,2059.215987021721,0.11530139399509803,21.606989346065017,0.01734254114830832,-79.07951354980469,124.56361389160156,-20.783720016479492,9.298725128173828,-37.3625373840332,0
match3_ambig_0009.mp4,0.1419418603181839,0.014656208455562592,2114.0857927630914,-40.75996398925781,3714.4775390625,110,1.8340113162994385,4.925593376159668,4177.603310032895,2008.0638674163667,0.14054790296052633,22.489430584207845,0.020154846140144587,-71.7691650390625,117.78999328613281,-30.294597625732422,17.078998565673828,-32.083831787109375,1
match3_ambig_0010.mp4,0.15502183139324188,0.0018493372481316328,1534.5519958997902,-52.12318801879883,4080.5419921875,32,1.7921007871627808,4.8766255378723145,2742.791748046875,1666.1079912112539,0.0877685546875,23.39802438021373,-0.012802777644062607,-121.06953430175781,142.85928344726562,-29.059789657592773,13.468493461608887,-28.624664306640625,0
match3_ambig_0011.mp4,0.15752160549163818,0.005115418694913387,2094.625578465012,-50.11046600341797,4198.974609375,30,1.8609955310821533,4.825439929962158,5234.551680715461,2400.279943249498,0.07550370065789473,24.05216108774004,-0.013474613830071952,-105.85408782958984,96.30999755859375,0.15841005742549896,19.882089614868164,-24.302505493164062,0
match3_ambig_0012.mp4,0.13594187796115875,0.004359565209597349,2606.602788556267,-57.068782806396484,4188.2080078125,26,1.7943326234817505,4.186412334442139,6072.36328125,2649.802636913371,0.10648104039634146,27.45429659877138,-0.03970127533132355,-143.2596893310547,77.77973937988281,17.280099868774414,12.087616920471191,-5.576749324798584,0
match3_ambig_0013.mp4,0.14638525247573853,0.00725450087338686,1963.9990814308444,-49.71365737915039,3746.77734375,31,1.8661975860595703,4.636528968811035,3831.6582258357557,2063.2691348428666,0.09774709302325581,21.94912471052172,-0.012976819630646329,-84.65135955810547,116.98667907714844,-20.438419342041016,9.999701499938965,-32.1996955871582,0
match3_ambig_0014.mp4,0.12959475815296173,0.0013264865847304463,2498.9859742214844,-61.98923110961914,4198.974609375,30,1.6055136919021606,4.012747764587402,5804.898231907895,2538.55575836193,0.101806640625,29.672659342812715,-0.06124315796180432,-195.5795440673828,73.59649658203125,34.18681716918945,18.770641326904297,-21.832229614257812,0
match3_ambig_0015.mp4,0.15305884182453156,0.011238660663366318,2593.9085376791168,-48.06813430786133,4155.908203125,27,1.8654649257659912,4.624220371246338,6302.535763302365,2698.6789748438796,0.11160525760135136,24.54223183271595,-0.007612884665248918,-86.44564056396484,78.2302017211914,5.66759729385376,16.62470245361328,-7.893537998199463,0
match3_ambig_0016.mp4,0.1407269686460495,0.00849657692015171,2738.3558148019533,-53.26016616821289,4177.44140625,21,1.7482593059539795,4.293467044830322,6311.7919921875,2684.8415869400437,0.1317080543154762,27.05779717881995,-0.004397888944591743,-108.42816162109375,75.54045104980469,9.261149406433105,3.513181686401367,-13.743618965148926,0
match3_ambig_0017.mp4,0.12760873138904572,0.0061979456804692745,2214.5775923995616,-43.74545669555664,3908.2763671875,38,1.8546655178070068,4.872341632843018,4171.4956710587685,1859.307374803327,0.15501107742537312,22.951503810128703,0.019873569510679954,-101.73385620117188,108.61955261230469,-50.52313232421875,40.64708709716797,-16.68282699584961,0
match3_ambig_0018.mp4,0.13374947011470795,0.0015876985853537917,1987.4505558820128,-56.50018310546875,4209.7412109375,28,1.7726857662200928,4.52811861038208,4790.8685302734375,2332.914282041,0.09049072265625,29.047413881020713,-0.030745608209486717,-176.73269653320312,92.32563781738281,24.402172088623047,29.397680282592773,-8.115974426269531,0
match3_ambig_0019.mp4,0.1399078667163849,0.0018886281177401543,2213.533939330934,-43.04256057739258,4220.5078125,58,1.8467204570770264,5.089854717254639,4595.95458984375,2236.4745476297394,0.11486467633928571,28.414340637342512,-0.032175200866015226,-166.78152465820312,93.28422546386719,14.166329383850098,44.54185104370117,-34.38930892944336,1
match3_ambig_0020.mp4,0.13797535002231598,0.002314483281224966,1660.8945922958956,-47.19409942626953,4112.841796875,39,1.8055989742279053,4.915716171264648,3433.1502278645835,1760.0922944551244,0.09745732060185185,24.624162303050667,-0.008459635633373416,-123.08521270751953,132.69407653808594,-30.63939666748047,39.606807708740234,-21.181631088256836,0
match3_ambig_0021.mp4,0.1400551050901413,0.0023477498907595873,2932.726853720282,-50.244712829589844,4198.974609375,65,1.7985173463821411,5.076057434082031,5288.3453369140625,2277.187402639795,0.18613688151041666,28.54833970125263,-0.04952861414758939,-167.22669982910156,65.08486938476562,4.002331733703613,26.522300720214844,-35.77424621582031,1
match3_ambig_0022.mp4,0.16801893711090088,0.00919436290860176,2335.7787675789086,-41.96903610229492,3736.0107421875,81,1.8433494567871094,5.066615104675293,4978.766897823034,2346.122507710447,0.12552119908707865,23.138852805943966,2.0238079885487875e-05,-73.50545501708984,93.47736358642578,-10.199798583984375,28.121349334716797,-22.15073013305664,1
match3_ambig_0023.mp4,0.15076203644275665,0.001406436669640243,2136.6955165983018,-49.56364822387695,4166.6748046875,19,1.8411649465560913,5.103233814239502,5009.223973473837,2288.127250118873,0.07212936046511628,26.831646663061562,-0.046612274420597996,-159.25331115722656,71.46365356445312,-7.641747951507568,39.537269592285156,-18.554824829101562,0
match3_ambig_0024.mp4,0.12560297548770905,0.0005611206870526075,1928.9061980492215,-46.8148193359375,4177.44140625,54,1.8634998798370361,5.18092155456543,4185.193359375,2145.117029308963,0.0923046875,29.7291527606565,-0.032574853909229616,-218.9015655517578,95.68484497070312,29.001060485839844,49.8036994934082,-28.91390037536621,1
match3_ambig_0025.mp4,0.14759622514247894,0.006215340457856655,1851.0843694414477,-45.757774353027344,3940.576171875,31,1.8610870838165283,4.791263103485107,3526.8994140625,1830.5772528008415,0.10241970486111111,21.784955564388635,0.03438080346823207,-76.70259857177734,126.21826171875,-42.852081298828125,6.134748458862305,-27.353790283203125,0
match3_ambig_0026.mp4,0.15947623550891876,0.0036845896393060684,1719.0360056010695,-48.71717071533203,3897.509765625,47,1.783934235572815,4.784761905670166,3378.353087542808,1708.2359125344988,0.10178322988013698,23.241809958763746,-0.008350369123777445,-86.83386993408203,133.88265991210938,-46.25266647338867,25.52621078491211,-23.711286544799805,0
match3_ambig_0027.mp4,0.13120239973068237,0.01055146660655737,2338.2309317639297,-50.681236267089844,3671.4111328125,38,1.8625268936157227,4.652521133422852,4863.812255859375,2147.349886741052,0.09782918294270833,25.6377563456345,0.022520857852889424,-160.65750122070312,91.0600814819336,-13.035969734191895,36.53863525390625,-27.340646743774414,0
match3_ambig_0028.mp4,0.13911178708076477,0.011500111781060696,2090.669795994244,-43.11134719848633,3703.7109375,51,1.8088299036026,4.761618137359619,4545.0439453125,2197.182553541097,0.09593854631696429,22.85313328371972,0.019694584255495067,-81.96210479736328,105.71955108642578,-18.49517822265625,22.02890968322754,-23.444108963012695,0
match3_ambig_0029.mp4,0.1253751814365387,0.00480642169713974,2491.843973182533,-47.349342346191406,3897.509765625,57,1.8178291320800781,5.239072799682617,5126.4404296875,2324.9760559791084,0.12290736607142858,27.143179720104104,-0.06074943212856124,-159.63064575195312,81.58745574951172,-3.1641547679901123,18.719511032104492,-31.99832534790039,1
match3_ambig_0030.mp4,0.14858490228652954,0.0028921496123075485,2693.1277905335323,-44.21061706542969,4198.974609375,56,1.8230845928192139,5.033653736114502,5111.651141826923,2268.9782718357956,0.18800330528846154,28.68276800477819,-0.028901849410488244,-137.34512329101562,86.2189712524414,1.6399813890457153,18.180051803588867,-37.53834533691406,1
match3_ambig_0031.mp4,0.12874169647693634,0.003967932425439358,2926.411354770738,-56.85651779174805,4198.974609375,21,1.8758728504180908,4.458798408508301,6197.197661528716,2556.4997458449852,0.16876055743243243,31.378639744867417,-0.05414913255479639,-169.1709442138672,59.79617691040039,11.564735412597656,-0.25848549604415894,-9.813454627990723,0
match3_ambig_0032.mp4,0.055172137916088104,0.010475198738276958,2615.448444130849,-41.61288070678711,3746.77734375,36,1.8605552911758423,4.864583492279053,5232.568359375,2181.8699880903932,0.18892996651785715,25.09364754309213,0.0009642972121842753,-177.5121612548828,90.4007797241211,-19.4071102142334,33.21896743774414,-29.2998046875,0
match3_ambig_0033.mp4,0.1116686761379242,0.010221689008176327,2055.9078506209985,-38.89418411254883,3800.6103515625,59,1.7703126668930054,4.9244065284729,4064.8333440061474,1894.8634315519896,0.12905033299180327,22.368538406281253,-0.010702851797844191,-75.72254180908203,118.75621795654297,-49.14155578613281,26.936098098754883,-25.555849075317383,0
match3_ambig_0034.mp4,0.16552290320396423,0.007176009472459555,1773.6864836164068,-44.677574157714844,3746.77734375,41,1.9034448862075806,4.718541145324707,3731.9933535447763,2008.4328098985497,0.09386660447761194,21.848104983666495,0.009781580968381994,-67.1065673828125,130.1437225341797,-15.367603302001953,21.446561813354492,-29.917762756347656,1
match3_ambig_0035.mp4,0.10909348726272583,0.003666651900857687,2145.682965447618,-47.90143966674805,4155.908203125,44,1.8683491945266724,4.940512180328369,4917.3847813760085,2281.9389328696907,0.10480720766129033,25.72057778102513,-0.003566916973633784,-148.24496459960938,94.70245361328125,-2.197230100631714,42.124717712402344,-8.692645072937012,0
match3_ambig_0036.mp4,0.11713516712188721,0.013920428231358528,2140.360255896621,-39.766658782958984,3660.64453125,42,1.8533093929290771,4.714195251464844,4013.4429931640625,1957.1131501065963,0.13343157087053573,21.087411801859048,0.01917113788031718,-73.13031005859375,113.18206787109375,-45.814849853515625,15.859192848205566,-28.76827621459961,0
match3_ambig_0037.mp4,0.1374095231294632,0.009902874939143658,2207.4430658574624,-49.02104949951172,4220.5078125,24,1.824420690536499,4.7790141105651855,5047.74169921875,2232.2326186005453,0.10974702380952381,22.867068263641727,-0.0313099616137744,-97.82234954833984,102.49449920654297,-16.464004516601562,2.498502492904663,-41.86214065551758,0
match3_ambig_0038.mp4,0.14485378563404083,0.0008224667981266975,2085.7347136407034,-45.613773345947266,4155.908203125,32,1.8092206716537476,5.177160739898682,4668.564077524038,2334.190711098854,0.09080779246794872,29.51441693964057,-0.03347625918136755,-183.54849243164062,86.1068344116211,27.645029067993164,38.11052703857422,-30.082738876342773,1
match3_ambig_0039.mp4,0.05405699834227562,0.01859007030725479,3019.6860330355744,-33.56190490722656,4145.1416015625,41,1.9058347940444946,4.898029804229736,5683.6669921875,2493.9573452103355,0.22510762117346939,21.330541821611344,0.025000048671026016,-163.44125366210938,84.8998031616211,17.176116943359375,53.279205322265625,-38.26197052001953,0
match3_ambig_0040.mp4,0.08179692924022675,0.007493922021239996,2051.1343685036636,-40.16734313964844,4274.3408203125,35,1.8426963090896606,4.913680076599121,4149.035904255319,2094.227699086796,0.1495075631648936,22.104956522082645,0.0045910794168164334,-129.05191040039062,126.74888610839844,-17.139636993408203,23.61606216430664,-29.46959686279297,0
match3_ambig_0041.mp4,0.08548127859830856,0.009597956202924252,2035.130252695835,-38.45602035522461,3886.7431640625,18,1.9090794324874878,4.72334623336792,4392.7734375,2081.7878215592123,0.11575672238372094,21.543075754799972,-0.011156557921806299,-114.34833526611328,127.3135757446289,-18.923877716064453,31.399141311645508,-33.766197204589844,0
match3_ambig_0042.mp4,0.09678321331739426,0.0065573155879974365,1926.7493317794758,-40.00710678100586,3725.244140625,43,1.8297574520111084,4.765539646148682,3741.476862980769,1851.609195838841,0.13738731971153847,21.540346310149435,0.023602713559080942,-116.7763671875,130.55841064453125,-31.34324073791504,25.39902687072754,-37.21037292480469,1
match3_ambig_0043.mp4,0.18693740665912628,0.009055078029632568,2112.226010484743,-51.45969009399414,3639.111328125,34,1.8663792610168457,4.601987838745117,4622.062174479167,2174.3163583011187,0.0967068142361111,23.186317354332996,-0.02979052754162143,-79.15673065185547,109.19955444335938,-20.996984481811523,2.391263008117676,-47.36792755126953,0
match3_ambig_0044.mp4,0.0741276890039444,0.027563195675611496,2431.86608930715,-38.081729888916016,3649.8779296875,39,1.8477051258087158,4.699529647827148,4705.382658305921,2107.723371331086,0.1610814144736842,20.860802574569796,-0.010985967879805712,-100.01815795898438,96.5455551147461,-40.10921096801758,25.608455657958984,-19.511089324951172,1
match3_ambig_0045.mp4,0.16201335191726685,0.004183553159236908,1638.6749900274583,-47.67321014404297,3682.177734375,42,1.8070317506790161,4.8101487159729,3155.458697150735,1684.9310826612568,0.08175359987745098,20.88114961904457,0.015278160258710184,-85.24445343017578,137.63839721679688,-44.19801330566406,15.645723342895508,-33.27798843383789,0
match3_ambig_0046.mp4,0.14281050860881805,0.010778767988085747,1902.8293839491425,-39.20761489868164,3692.9443359375,24,1.797237753868103,4.783444404602051,3557.28515625,1854.5746051387425,0.10474609375,20.580228989331328,0.01000193229806743,-51.691104888916016,122.15624237060547,-49.44426727294922,5.971644878387451,-24.150190353393555,0
match3_ambig_0047.mp4,0.14610546827316284,0.0010646161390468478,2290.400829011792,-59.40922546386719,4155.908203125,26,1.615646481513977,4.338520050048828,4855.99990472561,2170.8584976005245,0.11043492759146341,28.923175182036434,-0.07506628476191765,-172.0318145751953,88.51349639892578,1.7268222570419312,3.426438093185425,-35.39019012451172,0
match3_ambig_0048.mp4,0.15500259399414062,0.0015251592267304659,3025.722868010075,-61.4562873840332,4145.1416015625,24,1.5494179725646973,4.004819393157959,6423.892822265625,2666.291584517905,0.13753662109375,32.275610176241415,-0.08836754355110796,-180.2723846435547,45.4483528137207,13.724215507507324,-5.190432548522949,-15.780645370483398,0
match3_ambig_0049.mp4,0.16495656967163086,0.0016643475973978639,2904.5364856408096,-58.709373474121094,4188.2080078125,25,1.7055459022521973,4.122304916381836,6383.2489013671875,2704.334415505975,0.139599609375,32.12668912309325,-0.004128692652588552,-163.3038330078125,51.48017501831055,21.612497329711914,3.9603610038757324,-6.897695064544678,0
match3_ambig_0050.mp4,0.17674532532691956,0.002974339760839939,2647.1326277435464,-54.706153869628906,4198.974609375,35,1.8121201992034912,4.481503963470459,6194.783528645833,2738.6685270746425,0.1049533420138889,31.445054497964385,0.004320936094588953,-148.4427947998047,59.332454681396484,32.58713912963867,19.333681106567383,-3.547025442123413,0
match3_ambig_0051.mp4,0.16437381505966187,0.003569705178961158,2235.8226663592727,-45.154842376708984,4145.1416015625,29,1.7971208095550537,4.988900661468506,5500.265225497159,2471.04885154922,0.10445889559659091,25.87849366094904,0.004700692890212928,-95.71867370605469,92.7173080444336,6.433784484863281,8.034823417663574,-34.34733963012695,0
match3_ambig_0052.mp4,0.17006134986877441,0.003763908054679632,2296.1137392998085,-49.866634368896484,4134.375,27,1.7970479726791382,4.84075403213501,5682.7287003800675,2545.357057215747,0.1025390625,26.862196565689214,0.01589446601089856,-107.76896667480469,83.94337463378906,7.93669319152832,6.355294704437256,-25.8045597076416,0
match3_ambig_0053.mp4,0.1467124968767166,0.005974933505058289,1803.6674110616739,-43.05723571777344,4145.1416015625,18,1.8454205989837646,4.925973892211914,3889.97314453125,1981.9839866354007,0.0808837890625,21.51925027117544,-0.000999209222128564,-83.2825927734375,125.08807373046875,-22.282835006713867,23.525650024414062,-26.570789337158203,0
match3_ambig_0054.mp4,0.10886181145906448,0.006374112330377102,2627.2661095989965,-41.98607635498047,3994.4091796875,74,1.8086410760879517,5.0582966804504395,4746.533203125,2259.607817408021,0.1480712890625,26.28988899457262,-0.06159061919955273,-186.70379638671875,84.54480743408203,15.667887687683105,44.31416702270508,-45.23534393310547,1
match3_ambig_0055.mp4,0.12973156571388245,0.008324475958943367,2469.099878153033,-55.21369934082031,4198.974609375,27,1.8058220148086548,4.674698352813721,5441.7896167652025,2356.590647447786,0.12071104307432433,27.401698120934714,-0.0422568200737412,-171.97705078125,82.17636108398438,9.078287124633789,23.601850509643555,-29.171003341674805,0
match3_ambig_0057.mp4,0.11881206184625626,0.006544531788676977,2196.8841586971116,-52.880462646484375,4198.974609375,26,1.8601850271224976,4.662906169891357,4787.171052631579,2151.975009083427,0.12308542351973684,23.981277238099896,-0.028962020037802315,-112.5018081665039,108.6797866821289,-21.537738800048828,-0.7096568942070007,-28.207393646240234,0
match3_ambig_0058.mp4,0.12003262341022491,0.011816450394690037,2152.768815804673,-47.58272933959961,3768.310546875,35,1.8608628511428833,4.677048206329346,4268.6279296875,2154.2649122277494,0.13088926977040816,21.290425884162936,0.007625112535667037,-110.8575439453125,115.15791320800781,1.3955870866775513,30.30274772644043,-20.41953468322754,0
match3_ambig_0059.mp4,0.15736514329910278,0.005066002253443003,1816.6803642476377,-41.652618408203125,3854.443359375,31,1.8318589925765991,4.813784599304199,3984.9884033203125,2054.6711280844925,0.07808837890625,21.8501439714423,-0.011083833639118173,-91.91495513916016,123.3821792602539,-18.654354095458984,34.7122688293457,-30.09441566467285,0
match3_ambig_0060.mp4,0.12099691480398178,0.008954132907092571,2396.8748268377626,-50.78388977050781,4112.841796875,35,1.9038424491882324,4.828193664550781,5492.421743032095,2353.467139599557,0.10532358530405406,23.82828900101624,-0.020682958333063536,-113.0352783203125,90.61951446533203,-15.355419158935547,1.4690662622451782,-30.41914939880371,0
match3_ambig_0061.mp4,0.12801264226436615,0.002139655640348792,1664.7611362608284,-53.59638595581055,4091.30859375,22,1.7385399341583252,5.150068759918213,3894.5489501953125,2101.1702035210983,0.06710205078125,25.752411482413038,-0.02367945030743879,-164.59689331054688,109.19465637207031,7.701375484466553,26.8156795501709,-15.181184768676758,0
match3_ambig_0062.mp4,0.13879439234733582,0.002861078828573227,2784.922697099742,-49.50300979614258,4198.974609375,39,1.806105613708496,5.075101852416992,5702.622427591464,2407.261183321841,0.16326457698170732,27.970768430643858,-0.07150055154183857,-121.51728057861328,72.06783294677734,-16.206239700317383,7.071995258331299,-17.2962703704834,0
match3_ambig_0063.mp4,0.14834782481193542,0.0042738886550068855,3194.39188467417,-52.20022201538086,4198.974609375,16,1.8480942249298096,4.8928327560424805,6556.322021484375,2662.69538138378,0.20438232421875,28.739710263759747,-0.04454910751485638,-112.363525390625,55.025611877441406,-3.558565139770508,1.5026947259902954,-10.217866897583008,0
match3_ambig_0064.mp4,0.13060516119003296,0.005813727620989084,2939.170790261051,-50.99423599243164,4209.7412109375,21,1.8720837831497192,4.578556537628174,6214.63623046875,2613.73249353704,0.18931361607142858,27.214757303302957,-0.012285810222704977,-112.15533447265625,67.38246154785156,-6.183080196380615,8.001091003417969,-5.162459373474121,0
match3_ambig_0065.mp4,0.1616864949464798,0.002532307058572769,1892.661686271614,-49.976261138916016,4198.974609375,16,1.776552438735962,5.0280303955078125,4405.693359375,2195.8520133936145,0.0720947265625,25.534297776950847,-0.01840477428928507,-124.32120513916016,102.13819122314453,-1.994264006614685,19.31899642944336,-23.67715835571289,0
match3_ambig_0066.mp4,0.16427095234394073,0.001949699711985886,2551.8700567835485,-60.841880798339844,4198.974609375,30,1.6864736080169678,4.1963887214660645,5643.892415364583,2433.772063480025,0.12180808738425926,30.49475327414957,-0.05430253669646275,-181.10409545898438,68.07565307617188,26.688688278198242,20.22199821472168,-17.102262496948242,0
match3_ambig_0067.mp4,0.11727745831012726,0.002292406279593706,2693.129102660848,-57.157901763916016,4112.841796875,29,1.737170696258545,4.5706892013549805,6075.054931640625,2540.56804587125,0.14168701171875,30.955356621533735,-0.03865196940073097,-194.84193420410156,58.58513641357422,32.29218673706055,22.234092712402344,-12.538570404052734,0
match3_ambig_0068.mp4,0.15146714448928833,0.002473201137036085,2565.3314173934245,-53.8005256652832,4123.6083984375,33,1.813503623008728,4.766681671142578,6194.12841796875,2727.4415599959807,0.09621465773809523,29.34233226997913,-0.018085283262122654,-158.5170135498047,65.22075653076172,26.94765281677246,18.034074783325195,-6.783221244812012,0
match3_ambig_0069.mp4,0.11862524598836899,0.0016276282258331776,2584.596562553798,-57.121402740478516,4134.375,20,1.7596911191940308,4.4872307777404785,6157.445693597561,2708.0893706923316,0.11184022484756098,31.50838495181388,-0.0256698297880148,-205.56092834472656,59.762081146240234,41.932796478271484,27.734886169433594,-6.417325019836426,0
match3_ambig_0070.mp4,0.17566221952438354,0.001449882285669446,2615.468078889461,-55.48928451538086,4134.375,57,1.6868348121643066,4.404856204986572,6168.83203125,2725.607821899345,0.11573567708333334,32.162566419062415,0.0013471355988318578,-162.9164581298828,55.44130325317383,45.266014099121094,28.096343994140625,-8.022531509399414,0
match3_ambig_0071.mp4,0.147098109126091,0.0027562729083001614,2868.858211011659,-54.675113677978516,4134.375,26,1.7468475103378296,4.471823215484619,6555.881569602273,2859.029512452395,0.13362260298295456,31.1689530458283,-0.002717877306759789,-166.1226348876953,52.57101058959961,45.792598724365234,19.853885650634766,-5.241030693054199,0
match3_ambig_0072.mp4,0.14722098410129547,0.0029154792428016663,1950.5290377362437,-49.66079330444336,4112.841796875,29,1.797731876373291,5.044137954711914,4718.57080078125,2322.3632199416975,0.05650390625,24.98154940320043,-0.011985539126825645,-145.74143981933594,92.24927520751953,-3.0761094093322754,29.025041580200195,-12.869729995727539,1
match3_ambig_0073.mp4,0.13767950236797333,0.002112720860168338,1819.07778764932,-60.40486526489258,4242.041015625,33,1.7616811990737915,4.867023944854736,3907.4481670673076,1952.8668798297224,0.09375,26.08195203292488,-0.049079782805967205,-158.64840698242188,126.93511199951172,-9.29688549041748,18.491249084472656,-22.17542839050293,0
match3_ambig_0074.mp4,0.10801412910223007,0.004339487291872501,1894.0552972191897,-50.144439697265625,4209.7412109375,27,1.8150861263275146,4.912384510040283,4064.90478515625,2115.984424262642,0.098876953125,24.50429305390579,-0.020768333769295613,-130.6775360107422,118.47430419921875,-11.206159591674805,19.1368408203125,-17.699247360229492,0
match3_ambig_0075.mp4,0.1668509840965271,0.001696149818599224,2136.534198308932,-53.844139099121094,4134.375,36,1.8866281509399414,4.754644393920898,5043.224676724138,2396.0450658108634,0.08816844019396551,29.14100343077199,-0.025105849272989266,-146.67575073242188,85.42571258544922,18.058382034301758,20.18853187561035,-17.630098342895508,0
match3_ambig_0076.mp4,0.13868898153305054,0.004268673714250326,2155.1001746736147,-50.18303680419922,4123.6083984375,29,1.830730676651001,4.6503705978393555,4485.813126474057,2093.1873345468994,0.11262713738207547,24.65636518037951,-0.017657093292401674,-109.12896728515625,101.27740478515625,-29.70643424987793,14.150558471679688,-20.942279815673828,0
match3_ambig_0077.mp4,0.1438852846622467,0.002088171197101474,2526.374055762345,-59.91602325439453,4242.041015625,27,1.727854609489441,4.130608558654785,5440.902099609375,2367.764031233374,0.11488037109375,30.202655581133904,-0.09485138543250343,-177.65719604492188,77.2594223022461,21.59562110900879,8.857656478881836,-38.524131774902344,0
match3_ambig_0078.mp4,0.13587763905525208,0.017789926379919052,2451.786242889569,-42.025062561035156,4317.4072265625,101,1.8802863359451294,4.8385186195373535,4875.57861328125,2266.8857520488814,0.14879324776785716,22.343143791217685,0.002136639077784907,-62.75759506225586,99.09230041503906,-26.238096237182617,16.132923126220703,-25.547147750854492,0
match3_ambig_0079.mp4,0.17493686079978943,0.005478322505950928,1838.2950973146233,-47.69613265991211,3908.2763671875,26,1.856327772140503,4.789438724517822,4179.194108829942,2141.6519001424467,0.07612645348837209,22.012991068656056,-0.005930920438569378,-95.53875732421875,112.9818115234375,-10.168550491333008,27.767847061157227,-16.191343307495117,0
match3_ambig_0080.mp4,0.10343190282583237,0.009382501244544983,2132.3024896173415,-48.92960739135742,4371.240234375,25,1.8481390476226807,4.804943561553955,4290.49072265625,2085.5617333856253,0.15597098214285715,21.258342957820304,-0.00655347064606684,-113.38272094726562,122.87284851074219,-20.3778076171875,20.18876075744629,-31.3513126373291,0
match3_ambig_0081.mp4,0.14110326766967773,0.009558225981891155,2077.6874152181344,-44.50635528564453,4371.240234375,50,1.8160879611968994,4.849596977233887,4209.7412109375,1976.2573605140476,0.118896484375,22.846472646241427,0.017601042605523913,-70.19719696044922,113.03955078125,-44.978084564208984,9.476364135742188,-30.531055450439453,0
match3_ambig_0082.mp4,0.08388043195009232,0.018528984859585762,2330.9339902086335,-37.329505920410156,3811.376953125,47,1.8050874471664429,4.712379455566406,4619.836243586754,2192.942596358106,0.13873746501865672,21.770380336005243,0.0032639801098177613,-103.62643432617188,103.83116912841797,-25.18810272216797,28.257049560546875,-30.39413070678711,0
match3_ambig_0083.mp4,0.05088852345943451,0.021732954308390617,2944.4091585545802,-25.483701705932617,3951.3427734375,53,1.8221639394760132,4.794966697692871,5646.2325246710525,2491.773344819139,0.22108861019736842,22.155036922947797,0.0019258034346789547,-152.3595428466797,93.0309829711914,8.373395919799805,35.32403564453125,-41.440128326416016,0
match3_ambig_0084.mp4,0.1325443834066391,0.0011158341076225042,2306.989766880308,-47.45625305175781,4231.2744140625,40,1.8079047203063965,4.995948791503906,4585.539851776541,2166.2191487906935,0.12257197131849315,29.12409369838294,-0.05922561281713713,-180.65338134765625,94.27586364746094,12.318142890930176,32.126853942871094,-33.07244873046875,1
match3_ambig_0085.mp4,0.0900186076760292,0.00395212834700942,1912.881143590843,-40.17683410644531,4015.9423828125,43,1.7836962938308716,4.733327388763428,4015.006156589674,2025.8113248820068,0.10945991847826086,24.03821079019374,0.0012647713730797143,-144.01634216308594,128.1122589111328,-19.523027420043945,38.627079010009766,-18.965850830078125,0
match3_ambig_0086.mp4,0.0931180864572525,0.003800571896135807,2297.5699187098094,-43.460906982421875,4392.7734375,40,1.7946174144744873,4.93131160736084,4394.879946501359,2206.8071521856436,0.1629373301630435,25.122360493562883,-0.006476631047406128,-152.37266540527344,111.2735824584961,-7.1762375831604,46.009220123291016,-13.735379219055176,0
match3_ambig_0087.mp4,0.13604390621185303,0.0113548394292593,2238.2301424067573,-45.354522705078125,4242.041015625,48,1.841874361038208,4.984292984008789,5233.890573601973,2295.565619655293,0.10970052083333333,22.641236361054784,-0.02079692208775222,-87.55343627929688,103.6491470336914,-11.014204978942871,6.346665382385254,-40.96292495727539,0
match3_ambig_0088.mp4,0.1553810089826584,0.0022670053876936436,2614.806238532866,-44.37050247192383,4252.8076171875,68,1.8278145790100098,5.121837139129639,5064.269377055921,2223.6266520624254,0.14471114309210525,29.990275971705298,-0.09596421386209347,-166.78176879882812,82.23175048828125,4.391111373901367,13.310501098632812,-43.8232421875,1
match3_ambig_0089.mp4,0.15859650075435638,0.0033283487427979708,2724.224467802289,-56.52601623535156,4231.2744140625,22,1.8560551404953003,4.490656852722168,5933.967590332031,2515.4303940242166,0.151214599609375,30.62964204588717,-0.045115192688752595,-139.6663055419922,70.98270416259766,17.019723892211914,-0.4676055610179901,-13.1533203125,0
match3_ambig_0090.mp4,0.15323147177696228,0.002975056879222393,1853.6766864106467,-53.80224609375,4198.974609375,25,1.7852169275283813,4.89709997177124,4700.4715768914475,2337.925248020549,0.06337376644736842,25.41196919488352,-0.00966488079908704,-139.36444091796875,101.8874740600586,15.883801460266113,21.6755313873291,-13.477328300476074,0
match3_ambig_0091.mp4,0.1155134066939354,0.009737762622535229,2459.3031181995216,-48.12895202636719,4209.7412109375,35,1.8242157697677612,4.6968913078308105,4401.3277236729455,1948.3734757444545,0.1809650577910959,24.60143695887893,-0.018012884139774157,-118.95711517333984,89.31187438964844,-36.708988189697266,58.06575012207031,-10.145824432373047,0
match3_ambig_0092.mp4,0.17243854701519012,0.001419676118530333,2122.0922902543307,-57.583824157714844,4188.2080078125,23,1.7442455291748047,4.317670822143555,4835.956804142442,2351.0280941868446,0.10360646802325581,28.764035756408113,-0.038052751640387676,-164.87599182128906,92.68429565429688,31.49979591369629,31.10494613647461,-6.034324645996094,0
match3_ambig_0093.mp4,0.16212038695812225,0.006718419026583433,2256.880831768376,-45.33925247192383,4145.1416015625,91,1.7973788976669312,5.0740203857421875,5026.5178811961205,2391.555568716288,0.09843637751436782,24.004763862472775,-0.015996659183168244,-90.04698944091797,91.93214416503906,-8.678808212280273,24.28843116760254,-25.78182029724121,1
match3_ambig_0094.mp4,0.1465766727924347,0.004198906011879444,1749.1605115811585,-51.298091888427734,4155.908203125,22,1.8046706914901733,4.907864570617676,3728.556941105769,1964.1998984359786,0.08513621794871795,23.04679474160528,-0.015605768711388197,-106.8646469116211,122.26438903808594,-24.13025665283203,6.159320831298828,-29.536968231201172,0
match3_ambig_0095.mp4,0.16374996304512024,0.0029592381324619055,2490.3385394135976,-53.986289978027344,4145.1416015625,24,1.9263174533843994,4.880428314208984,6003.277587890625,2629.5221891329957,0.1097412109375,28.054567062282427,-0.028476978188789262,-128.54397583007812,68.9676513671875,16.882152557373047,24.76470184326172,-5.070908069610596,0
match3_ambig_0096.mp4,0.12870028614997864,0.010543528944253922,1928.848363361635,-45.860294342041016,3951.3427734375,30,1.811732530593872,4.578388214111328,4233.58154296875,2203.4941555058126,0.08265904017857142,20.689427257618863,-0.0042443505650768725,-97.09705352783203,118.31092834472656,-8.94303035736084,-8.143125534057617,-30.54153823852539,0
match3_ambig_0097.mp4,0.1209493950009346,0.0019474938744679093,1852.5109304193163,-54.206058502197266,4155.908203125,25,1.7271802425384521,5.030777931213379,3640.5279862253287,1862.9909583164979,0.09578022203947369,25.755268328416445,-0.05997686129311347,-142.87950134277344,117.4972152709961,-34.91774368286133,6.3113484382629395,-32.08271408081055,0
match3_ambig_0098.mp4,0.12844067811965942,0.0014674068661406636,2101.2407321793553,-50.210819244384766,4209.7412109375,26,1.815808653831482,5.139243125915527,4375.008544921875,2032.8299792881517,0.0909423828125,25.846413108484473,-0.08645799726123853,-155.0264892578125,98.14964294433594,-34.97404098510742,13.982900619506836,-40.67608642578125,0
match3_ambig_0099.mp4,0.16516463458538055,0.0017105889273807406,2187.7320801747314,-49.94334411621094,4220.5078125,50,1.7890262603759766,5.017616271972656,4831.982421875,2160.1860438488384,0.09744698660714286,27.16652436231788,-0.0741293362913261,-125.16997528076172,87.67234802246094,-22.7358341217041,15.564005851745605,-32.1140251159668,0
match3_ambig_0100.mp4,0.17455069720745087,0.0037051145918667316,2275.902083042424,-50.24269104003906,4145.1416015625,29,1.7926335334777832,5.036160469055176,5676.767578125,2553.0481273515447,0.07022879464285714,25.18486933467073,0.014119881641074779,-102.10873413085938,81.14186096191406,-4.02891731262207,10.811152458190918,-17.193164825439453,0
match3_ambig_0101.mp4,0.15863481163978577,0.006698334123939276,2189.6242988308904,-42.55769348144531,3725.244140625,88,1.825532078742981,4.934088706970215,4621.872598616803,2148.7057705921843,0.11996910220286885,23.40427980436155,0.0011522437579647663,-74.3800048828125,101.58582305908203,-36.44879913330078,23.92017936706543,-24.829896926879883,1
match3_ambig_0102.mp4,0.03848237171769142,0.007527084555476904,1819.499337774535,-37.12943649291992,4145.1416015625,40,1.8207341432571411,4.784971237182617,4077.6260375976562,2093.6625597255497,0.11528523763020833,21.040568955920403,0.007343412572960287,-211.4586181640625,129.91615295410156,1.8605045080184937,40.71304702758789,-22.416017532348633,0
match3_ambig_0103.mp4,0.07581620663404465,0.02068920247256756,2126.8103978631325,-42.28328323364258,3660.64453125,38,1.8834418058395386,4.640373229980469,4494.5068359375,2192.561374580008,0.11297233737244898,21.40158058277623,-0.02336564371237664,-128.95822143554688,114.6736068725586,-9.143144607543945,33.41580581665039,-19.585105895996094,0
match3_ambig_0104.mp4,0.1540280133485794,0.002474650740623474,2585.830101818268,-58.26957321166992,4177.44140625,16,1.7616740465164185,4.355388641357422,5863.18359375,2536.1911015480787,0.15097191220238096,30.11084371707302,-0.03158191611155298,-147.58914184570312,76.73541259765625,31.235639572143555,19.87752914428711,-11.382075309753418,0
match3_ambig_0105.mp4,0.13130268454551697,0.004937055520713329,1935.8815480541346,-45.69643783569336,3811.376953125,34,1.889451503753662,4.873947620391846,3958.3900035511365,2004.6397065809306,0.10606356534090909,22.627577200579957,0.01347370899564148,-99.43177032470703,120.88943481445312,-27.168508529663086,24.385704040527344,-21.005474090576172,0
match3_ambig_0106.mp4,0.1092200055718422,0.0021625857334583998,1977.195199840417,-61.776573181152344,4231.2744140625,14,1.7519824504852295,4.728612422943115,4285.659555288462,2073.0148578100434,0.10181290064102565,28.34832730808525,0.0007194183511667245,-211.35020446777344,103.40121459960938,16.55622100830078,30.286226272583008,-21.01961326599121,0
match3_ambig_0107.mp4,0.1482270509004593,0.001081580063328147,2055.7539828040917,-44.93092727661133,4231.2744140625,54,1.8416038751602173,5.047980308532715,4134.102427808544,2098.7696363755317,0.1135470233386076,29.130459259859123,-0.03597746396014308,-165.6080780029297,100.56502532958984,12.032111167907715,42.545040130615234,-31.10112953186035,1
match3_ambig_0108.mp4,0.1509898155927658,0.0013876273296773434,1956.971950703247,-50.90425109863281,4209.7412109375,23,1.784692645072937,4.9738969802856445,4693.7375090843025,2219.7674221753678,0.09896211845930232,28.28233930230203,-0.016380236577612478,-149.0650177001953,100.95868682861328,19.404970169067383,34.41722869873047,-18.778682708740234,0
match3_ambig_0109.mp4,0.1509346067905426,0.0010681097628548741,2307.3512295294413,-60.39347457885742,4123.6083984375,32,1.5853869915008545,4.378302574157715,5270.458514873798,2394.1563605593196,0.11524376502403846,30.770149341092942,-0.0012605788341186375,-174.4873046875,83.14295959472656,31.68899917602539,20.087717056274414,-13.402212142944336,0
match3_ambig_0110.mp4,0.1292637139558792,0.004840382374823093,1905.6794617422875,-48.12882995605469,3639.111328125,28,1.8505460023880005,4.820047855377197,3846.7239091981132,1950.0796216377441,0.09959094929245282,23.169691613784945,-0.03798966558095534,-109.35767364501953,118.7512435913086,-37.89177703857422,23.920331954956055,-18.484737396240234,0
match3_ambig_0111.mp4,0.1427726000547409,0.007104077842086554,1768.0998000028537,-44.29527282714844,4102.0751953125,39,1.8352469205856323,4.670193672180176,3466.845703125,1844.458648076453,0.09467128537735849,21.133517772717184,-0.005588132488064403,-84.49078369140625,127.74803924560547,-37.312862396240234,10.90282154083252,-33.05160140991211,0
match3_ambig_0112.mp4,0.15639431774616241,0.0022838215809315443,2746.8605771252282,-57.80998992919922,4102.0751953125,30,1.6797195672988892,4.51034688949585,6136.065673828125,2651.689458321774,0.139892578125,31.15552280868853,-0.017054600649197504,-155.69215393066406,60.22895431518555,40.87335968017578,19.33110809326172,-9.092361450195312,0
match3_ambig_0113.mp4,0.15136176347732544,0.0031513869762420654,2763.827084807445,-57.050621032714844,4198.974609375,31,1.7190659046173096,4.429063320159912,6178.654837101064,2667.6576901463677,0.1359395777925532,31.345769873715557,-0.02899601919796205,-160.04995727539062,51.366554260253906,42.278533935546875,28.025699615478516,-7.068437099456787,0
match3_ambig_0114.mp4,0.06672527641057968,0.003994055557996035,1852.7073774702174,-45.96839904785156,3736.0107421875,29,1.9279273748397827,4.613506317138672,3767.9938821231617,2179.9265283079135,0.09676585477941177,22.26241810093139,0.0007274967259565608,-206.16232299804688,123.67291259765625,3.22080397605896,40.388885498046875,-11.379060745239258,0
match3_ambig_0115.mp4,0.12733952701091766,0.004901663865894079,1794.6425619399215,-48.063907623291016,3789.84375,39,1.8087234497070312,4.864955425262451,3429.5099073840724,1793.8626567503468,0.10742975050403226,22.73929152805947,-0.008174884495885153,-91.71298217773438,131.81765747070312,-43.83495330810547,18.091793060302734,-19.59889030456543,0
match3_ambig_0116.mp4,0.1178378164768219,0.019241489470005035,2233.099107909456,-52.69119644165039,3639.111328125,54,1.818328857421875,4.7917351722717285,4625.478848544034,2138.2633133415234,0.12149325284090909,21.666560793251968,0.02484373060405763,-128.43502807617188,103.94271850585938,-16.511201858520508,24.634428024291992,-26.844324111938477,0
match3_ambig_0117.mp4,0.09379169344902039,0.009970640763640404,1819.9767772503753,-43.76572799682617,3714.4775390625,28,1.821844220161438,4.78658390045166,3524.566650390625,1911.4095108203244,0.1000705295138889,20.978087328531903,-0.026996748702385696,-104.28704071044922,128.79673767089844,-34.81294250488281,15.172663688659668,-16.2984619140625,0
match3_ambig_0118.mp4,0.14620546996593475,0.0040848590433597565,1493.2257220343129,-46.11423873901367,4123.6083984375,33,1.7925390005111694,4.777426242828369,3080.2734375,1826.237325636679,0.06662713913690477,21.133862193432513,0.003755795424136328,-85.08745574951172,146.57766723632812,-22.123687744140625,30.4581241607666,-12.196101188659668,0
match3_ambig_0119.mp4,0.13894613087177277,0.0013564313994720578,2793.80034556624,-64.0052719116211,4166.6748046875,27,1.301585078239441,3.5509259700775146,6061.841375177557,2565.5873517864306,0.13533158735795456,31.866151556241093,-0.0678871536770296,-190.53408813476562,71.57549285888672,33.64396286010742,1.4509937763214111,-20.789901733398438,0
match3_ambig_0120.mp4,0.15455734729766846,0.003613637527450919,2432.2328180094723,-54.94423294067383,4198.974609375,31,1.9266186952590942,4.600501537322998,5791.7138671875,2551.3636507957344,0.1232421875,28.159066303256548,-0.04150698451579668,-131.9304656982422,81.71520233154297,27.80575942993164,23.68669891357422,-12.098443984985352,0
match3_ambig_0121.mp4,0.06770792603492737,0.02862062118947506,2589.6236915405416,-42.78706359863281,3628.3447265625,28,1.8047664165496826,4.842647552490234,5356.956968916224,2247.8563414857736,0.17540724734042554,21.485446788573885,-0.020040701242940606,-125.20341491699219,96.31269073486328,-30.160663604736328,25.819028854370117,-25.801132202148438,0
match3_ambig_0122.mp4,0.17847426235675812,0.0026957157533615828,2591.9742381452747,-55.36717987060547,4123.6083984375,34,1.7688370943069458,4.520395755767822,6053.6085559475805,2654.277718491399,0.13167842741935484,29.8209336351807,-0.02198050123559546,-121.58003997802734,78.44196319580078,35.294349670410156,17.512130737304688,-9.719366073608398,0
match3_ambig_0123.mp4,0.17617465555667877,0.0034244577400386333,2441.707202446342,-54.542415618896484,4112.841796875,24,1.8392412662506104,4.656649589538574,5897.060922475962,2597.904664840991,0.10912459935897435,27.895787038748818,-0.0033755813059624692,-124.39634704589844,79.8287353515625,28.601137161254883,27.002071380615234,-12.264789581298828,0
match3_ambig_0124.mp4,0.10339692234992981,0.0336034782230854,2796.7890050719293,-43.31729507446289,4015.9423828125,60,1.8229657411575317,4.798269748687744,5397.523328993056,2309.652955578674,0.18775921103395063,21.882462729268713,0.003547168193970187,-105.52283477783203,77.91355895996094,-10.614065170288086,40.05665969848633,-14.050082206726074,0
match3_ambig_0125.mp4,0.15055803954601288,0.009854830801486969,2196.949709971636,-45.89311981201172,3886.7431640625,38,1.8597277402877808,4.787817001342773,4436.028731496711,2138.794123287343,0.12246436403508772,22.874874826565232,-0.0009770127254646224,-84.45109558105469,103.00453186035156,-27.246679306030273,19.604618072509766,-15.72721004486084,0
match3_ambig_0126.mp4,0.1420375257730484,0.010233578272163868,2145.103122083627,-45.9379997253418,4177.44140625,37,1.820967197418213,4.785737991333008,4467.6910400390625,2200.2450396594522,0.11736043294270833,22.201660345267612,-0.015529777270280296,-85.31926727294922,111.22603607177734,-14.222285270690918,16.738693237304688,-27.1372127532959,0
match3_ambig_0127.mp4,0.09062989056110382,0.0018910858780145645,2392.2660567796775,-58.95998764038086,4198.974609375,30,1.6623576879501343,4.0468573570251465,4981.168212890625,2344.3177757055028,0.1326416015625,29.440592183501163,-0.020743496627511522,-234.36550903320312,85.42366027832031,31.941875457763672,28.203014373779297,4.759896278381348,0
match3_ambig_0128.mp4,0.14020958542823792,0.003388205310329795,2922.5318034941324,-45.021785736083984,4177.44140625,137,1.8853768110275269,5.010891914367676,5748.941352423721,2496.8384587812775,0.19976085752952755,27.123927928269822,-0.020281497308107438,-145.70506286621094,72.00584411621094,32.728878021240234,41.3631477355957,-21.38074493408203,1
match3_ambig_0129.mp4,0.16628704965114594,0.001547663938254118,2509.4350412853623,-47.63460922241211,4166.6748046875,82,1.7170581817626953,5.044244289398193,4937.0192307692305,2293.7921911553517,0.15142621050824176,28.670326965198417,-0.043000406929287166,-149.05026245117188,89.45537567138672,15.776941299438477,32.282039642333984,-28.14613914489746,1
match3_ambig_0130.mp4,0.17682217061519623,0.004502192605286837,2608.690313370959,-55.62834930419922,4155.908203125,31,1.8085111379623413,4.373795986175537,6166.729377297794,2715.422878710877,0.11949486825980392,28.74519788365092,-0.03780421558093356,-133.99209594726562,75.12213897705078,41.09614181518555,23.354799270629883,-7.792320728302002,0
match3_ambig_0131.mp4,0.13320888578891754,0.003172957571223378,2538.9538422523906,-57.294559478759766,4166.6748046875,33,1.7435020208358765,4.417534828186035,5314.85595703125,2378.927278218807,0.14265950520833334,28.587791441396543,-0.025627442494603317,-155.98179626464844,84.80916595458984,12.7445068359375,24.740001678466797,0.2555692195892334,0
match3_ambig_0132.mp4,0.11578480899333954,0.0074114990420639515,1927.9353044354148,-40.608299255371094,3649.8779296875,51,1.7689266204833984,4.765930652618408,3914.8069287909834,1903.5458209313585,0.1142337986680328,21.440386339798522,0.0034034313099623173,-90.69230651855469,123.28585052490234,-40.194984436035156,27.920442581176758,-19.75187110900879,0
match3_ambig_0133.mp4,0.13248556852340698,0.0013765118783339858,2175.3330942484904,-46.32537078857422,4123.6083984375,51,1.8009098768234253,5.151768684387207,4945.771059782609,2396.561442764089,0.08114668251811594,28.034691161558733,0.007919716420328182,-169.857666015625,84.50194549560547,17.485902786254883,31.781373977661133,-28.061023712158203,1
match3_ambig_0134.mp4,0.08847793936729431,0.010508744977414608,2474.518108935093,-34.280696868896484,3714.4775390625,55,1.8673378229141235,4.702978134155273,3949.69482421875,1753.4832961568657,0.19697165975765307,22.610331793638437,0.01595304260273695,-128.68650817871094,94.78238677978516,-46.55438232421875,65.8539810180664,-12.975090026855469,0
match3_ambig_0135.mp4,0.1718273162841797,0.0021003494039177895,2106.7911302695447,-55.825157165527344,4145.1416015625,30,1.7761136293411255,4.575135707855225,4886.053788034539,2322.8504506080462,0.11068564967105263,28.166169852657212,-0.044604710011320166,-130.6214599609375,102.0091781616211,20.922595977783203,25.059459686279297,-14.211199760437012,0
match3_ambig_0136.mp4,0.14263707399368286,0.0029995546210557222,2900.3920211589816,-60.24934768676758,4112.841796875,47,1.5905131101608276,3.9628283977508545,6476.819168893914,2768.7669532134482,0.14867521587171054,31.06430047139519,-0.023407346956673153,-164.69667053222656,62.4470100402832,48.73743438720703,23.7641544342041,-0.5501964092254639,0
match3_ambig_0137.mp4,0.17084747552871704,0.0015261514345183969,2588.5643341336354,-62.47039794921875,4145.1416015625,41,1.418916940689087,3.6908230781555176,5900.489169034091,2630.2807565054877,0.12203480113636364,31.90587691783971,-0.011020417972134463,-174.76504516601562,70.86447143554688,52.792633056640625,23.486328125,-6.797450542449951,0
match3_ambig_0138.mp4,0.15742121636867523,0.0029881212394684553,2680.3628782949345,-57.226104736328125,4112.841796875,18,1.6968454122543335,4.103420734405518,6198.9990234375,2750.82104391927,0.12373279389880952,30.332473106255804,-0.024007430200257442,-161.9906005859375,69.19612884521484,51.59894561767578,24.412044525146484,-5.802521705627441,0
match3_ambig_0139.mp4,0.16639171540737152,0.002785253804177046,2529.4756989914044,-56.33506393432617,4112.841796875,36,1.7376471757888794,4.332301139831543,6067.253707627118,2692.3602836036334,0.10565082097457627,29.36730271069031,0.0003312686596446174,-147.1228790283203,75.36138916015625,45.500492095947266,29.195363998413086,-5.648980617523193,0
match3_ambig_0140.mp4,0.16151820123195648,0.008955279365181923,2210.980821241075,-42.90522384643555,3692.9443359375,86,1.8301655054092407,4.953705787658691,4389.749111218399,2109.4859284682657,0.13220352001404495,23.272526670698433,0.000592898752212832,-93.462158203125,102.24126434326172,-22.823244094848633,31.867624282836914,-29.63827133178711,1
match3_ambig_0141.mp4,0.1693270057439804,0.0019020639592781663,2681.8342549786566,-58.07657241821289,4145.1416015625,26,1.6799795627593994,4.3571062088012695,5901.17431640625,2502.898676489332,0.14102783203125,30.827775987977756,-0.06603047338375645,-137.05003356933594,77.62264251708984,1.4261980056762695,-4.839588165283203,-13.963040351867676,0
match3_ambig_0142.mp4,0.13922062516212463,0.0055049117654562,2201.8454301432903,-44.34730911254883,3983.642578125,84,1.8377161026000977,4.92319393157959,4533.58039855957,2125.060945570342,0.14054107666015625,23.204123262803108,0.0008600222641868821,-116.47898864746094,104.63216400146484,-22.899751663208008,44.6047477722168,-12.293926239013672,1
match3_ambig_0143.mp4,0.15530860424041748,0.0044846003875136375,2635.5902566890895,-56.54270935058594,4123.6083984375,30,1.7604882717132568,4.4512763023376465,6084.20654296875,2666.6732597949435,0.1444140625,28.389426059307237,-0.011826908193245585,-114.13685607910156,75.2791976928711,23.609281539916992,17.837862014770508,-9.253334045410156,0
match3_ambig_0144.mp4,0.16968737542629242,0.003832682501524687,2319.519015551092,-48.997928619384766,4145.1416015625,38,1.7971007823944092,4.93278169631958,5579.377159705529,2504.773636904483,0.10804161658653846,27.01958466840206,-0.0041892410636285415,-99.6871337890625,88.60065460205078,10.24048900604248,14.769707679748535,-22.975664138793945,0
match3_ambig_0145.mp4,0.1660725176334381,0.0036809388548135757,2391.6496910436927,-52.566123962402344,4145.1416015625,22,1.8159198760986328,4.750682353973389,5815.04150390625,2584.3533437964443,0.09384765625,26.615792343700225,-0.04600366455589328,-119.7820053100586,81.16371154785156,11.588356018066406,21.130765914916992,-16.55301284790039,0
match3_ambig_0146.mp4,0.15008756518363953,0.0015935935080051422,2488.3598304469147,-58.693538665771484,4145.1416015625,19,1.6406341791152954,4.043160438537598,5931.469305630388,2660.621171950738,0.12468851023706896,30.560674541932535,0.013997851713836933,-157.2704620361328,82.3690414428711,44.03596878051758,21.21828269958496,-3.405221462249756,0
match3_ambig_0147.mp4,0.07246115803718567,0.02612212672829628,2301.3351462631,-35.08521270751953,3671.4111328125,20,1.8215157985687256,4.677520275115967,4509.825721153846,2148.879560269294,0.13534154647435898,20.19906196275599,-0.012830172753634074,-108.28878784179688,100.72591400146484,-29.681547164916992,25.14231300354004,-15.20401382446289,0
match3_ambig_0148.mp4,0.06850848346948624,0.005952358711510897,1923.9643382629313,-43.97935485839844,3660.64453125,26,1.8788107633590698,4.76068115234375,3520.6787109375,1797.9087056410451,0.15314737955729166,21.828778229582664,-0.004628516363345738,-150.0495147705078,131.2930450439453,-34.45753479003906,34.2285041809082,-29.130661010742188,1
match3_ambig_0149.mp4,0.15399721264839172,0.006721073761582375,1798.3622184637732,-46.92986297607422,3822.1435546875,51,1.8220936059951782,4.726433753967285,3645.9389291158536,1888.7149842499032,0.09798375571646341,22.622302709327517,-0.0010075651596966261,-82.97154235839844,126.46598815917969,-31.320003509521484,27.23591423034668,-20.669715881347656,0
match3_ambig_0150.mp4,0.13925930857658386,0.006041858810931444,1806.5228935613259,-45.358856201171875,3865.2099609375,30,1.7896403074264526,4.85491943359375,3551.9816080729165,1837.956412810341,0.10215024594907407,23.058953910690015,0.0045777102550620145,-76.93208312988281,127.42316436767578,-39.50830078125,15.766908645629883,-24.624094009399414,0
match3_ambig_0151.mp4,0.13338272273540497,0.008198827505111694,2866.421978797308,-55.651058197021484,4166.6748046875,23,1.936440110206604,4.593955993652344,6311.066715891769,2677.0841969976213,0.12781059451219512,27.040234190167652,-0.057464254075536673,-136.59405517578125,73.5096435546875,18.003477096557617,7.693362236022949,-22.60854721069336,0
match3_ambig_0152.mp4,0.15852980315685272,0.0006974278367124498,2511.415569933032,-64.8461685180664,4155.908203125,25,1.4190682172775269,3.8058457374572754,6122.796309621711,2648.664780753506,0.11558131167763158,32.57789637590844,-0.06872837826040396,-191.1886444091797,79.4982681274414,53.6693229675293,16.13504409790039,-9.728858947753906,0
match3_ambig_0153.mp4,0.13391385972499847,0.0023888545110821724,2630.2010633191876,-57.087093353271484,4155.908203125,40,1.6188733577728271,4.1407647132873535,5204.814453125,2192.5315825881144,0.175,29.588033053578215,-0.030106903357471935,-152.70965576171875,93.23005676269531,-12.041387557983398,5.062488555908203,-9.494377136230469,0
match3_ambig_0154.mp4,0.1679546982049942,0.004258158151060343,2123.178070778272,-48.34054183959961,4166.6748046875,39,1.8393114805221558,4.854585647583008,5193.85000375601,2398.488456264157,0.06869741586538461,24.661247719532597,-0.00018792381685540357,-107.38407897949219,89.83128356933594,-8.44009780883789,19.280160903930664,-23.668041229248047,0
match3_ambig_0155.mp4,0.15039217472076416,0.0013691703788936138,2164.806480201291,-47.96516036987305,4145.1416015625,51,1.8248567581176758,5.134567737579346,4994.756610576923,2435.584526960445,0.08313658997252747,27.982007948514585,-0.004771278304640949,-153.64797973632812,83.82441711425781,15.800543785095215,37.23088073730469,-19.403871536254883,1
match3_ambig_0156.mp4,0.1477489471435547,0.0016222979174926877,1951.9228640936467,-53.85911560058594,4155.908203125,27,1.8221548795700073,4.8234333992004395,4919.358132102273,2345.6609404819324,0.07538396661931818,26.202357490777207,-0.0054634074418444985,-149.7046661376953,92.97766876220703,9.486940383911133,23.843284606933594,-16.707317352294922,0
match3_ambig_0157.mp4,0.13556885719299316,0.0019981898367404938,1802.1418866946262,-53.7711296081543,4188.2080078125,24,1.796694278717041,4.85843563079834,4450.4713792067305,2235.4377920876755,0.07251602564102565,25.72600252995913,-0.024965990294464432,-146.28427124023438,106.6678466796875,11.755572319030762,25.5777530670166,-17.296751022338867,0
match3_ambig_0158.mp4,0.1381399780511856,0.004996296484023333,1975.7835548765077,-45.047882080078125,3714.4775390625,41,1.8503031730651855,4.914970874786377,3712.642322887074,1711.301745723105,0.12302468039772728,23.15608039922636,-0.0029695291617893725,-90.98126983642578,118.83590698242188,-60.66305160522461,20.885284423828125,-31.616254806518555,0
match1_ambig_0001.mp4,0.12113752961158752,0.003091320861130953,1415.958593571767,-46.86188507080078,3628.3447265625,28,1.7053977251052856,4.832000732421875,3244.07958984375,1896.339741149203,0.053769066220238096,22.19076621200984,0.017798041332355508,-138.33641052246094,133.22373962402344,-9.402956008911133,51.828857421875,5.421732425689697,0
match1_ambig_0002.mp4,0.11560790240764618,0.015624159947037697,2151.274868476956,-36.89267349243164,3606.8115234375,36,1.7760086059570312,4.846221446990967,3883.3431846217104,1936.4274646519184,0.15575315241228072,21.36870214360682,-0.0023034845245768353,-69.83798217773438,113.4973373413086,-48.06571960449219,28.759523391723633,0.27389097213745117,1
match1_ambig_0003.mp4,0.11922378093004227,0.019099369645118713,2571.727926662023,-36.522682189941406,4382.0068359375,44,1.856595516204834,4.858248233795166,4590.6097412109375,2158.4419501233915,0.20786539713541666,22.380085041166456,0.0019663666714662656,-78.92396545410156,94.62791442871094,-27.195512771606445,41.2611083984375,-10.759876251220703,0
match1_ambig_0004.mp4,0.05977845564484596,0.017806194722652435,2304.8944326434807,-36.95530319213867,3768.310546875,36,1.7892550230026245,4.811186790466309,4102.533348570479,2039.7958260257924,0.17745387300531915,21.535771961136902,-0.009934301209078466,-134.36947631835938,105.98854064941406,-42.20458221435547,27.69392204284668,0.3706154525279999,1
match1_ambig_0005.mp4,0.09041751176118851,0.019319910556077957,2660.339531213853,-33.78095626831055,3908.2763671875,56,1.8618406057357788,4.867939472198486,5116.932262073864,2278.906694450876,0.18485567167207792,22.081565851653625,0.0014569634630678856,-104.1818618774414,94.76982116699219,-14.648567199707031,41.25484085083008,-17.53636360168457,0
match1_ambig_0006.mp4,0.09324390441179276,0.030622074380517006,3034.1564496320543,-37.38584518432617,3768.310546875,66,1.8699618577957153,4.723767280578613,5601.0552978515625,2406.4067003372847,0.216015625,21.67532047626736,0.000527945517708326,-103.91192626953125,70.88628387451172,-8.265981674194336,49.38331985473633,-12.329858779907227,0
match1_ambig_0007.mp4,0.040372658520936966,0.008500774390995502,2154.301966888876,-35.72772216796875,3703.7109375,32,1.7133533954620361,4.859904766082764,4762.7028245192305,2262.7161029357826,0.1418895232371795,21.350308804501637,0.011041529587164934,-201.63580322265625,114.78087615966797,-4.611268043518066,53.06606674194336,-11.28780460357666,0
match1_ambig_0008.mp4,0.0746532678604126,0.018669651821255684,2518.248568996111,-32.550926208496094,4026.708984375,52,1.876119613647461,4.795188903808594,5084.7412109375,2260.326980668943,0.16356646825396826,21.993300441514986,-0.00902950578153284,-132.3072967529297,95.49639129638672,-10.91235637664795,53.6293830871582,-14.920944213867188,0
match1_ambig_0009.mp4,0.07296103239059448,0.016733139753341675,2962.477916166794,-36.4074821472168,3736.0107421875,32,1.8507988452911377,4.747511863708496,5492.137079653533,2447.4781772081037,0.2213081691576087,20.62651376893445,-0.008575178527874885,-153.6753692626953,80.74069213867188,12.942220687866211,51.205535888671875,-21.097946166992188,0
match1_ambig_0010.mp4,0.056447774171829224,0.013106127269566059,2492.3853410526817,-32.949440002441406,3822.1435546875,37,1.7994433641433716,4.731266498565674,4651.556396484375,2201.2062858829413,0.18594796316964285,22.3880726449995,0.005596118717233982,-157.30332946777344,106.29742431640625,-16.833415985107422,45.48490524291992,-22.557796478271484,0
match1_ambig_0011.mp4,0.1494293212890625,0.007806470617651939,1841.9330006328375,-35.73079299926758,3682.177734375,32,1.7575575113296509,4.924195766448975,3529.236778846154,1834.285517919081,0.10220102163461539,21.753078929761028,0.003669184067319654,-54.06032943725586,129.1029052734375,-45.0042839050293,33.49739456176758,-7.443967342376709,0
match1_ambig_0012.mp4,0.08912118524312973,0.008613835088908672,1887.9494071072936,-38.81724166870117,3843.6767578125,39,1.7801179885864258,4.876589298248291,3864.990234375,1974.1171672451512,0.11477598852040816,21.809476528969387,0.01302649659417865,-110.56932830810547,130.4092559814453,-28.428504943847656,34.11642837524414,-18.41162109375,0
match1_ambig_0013.mp4,0.08564864099025726,0.017426177859306335,2122.0298299110627,-39.96076583862305,4166.6748046875,32,1.8084405660629272,4.928773403167725,3890.33203125,1902.7774825236643,0.14743589743589744,20.408787613345652,0.0056083835063940254,-99.97808837890625,108.94660186767578,-53.787166595458984,29.503740310668945,0.9443745017051697,0
match1_ambig_0014.mp4,0.10172606259584427,0.016727443784475327,2338.733351246322,-39.139896392822266,3628.3447265625,35,1.7874754667282104,4.8253936767578125,4674.932650862069,2264.480767081354,0.154296875,22.18090533083162,-0.005842667952684818,-116.69963073730469,100.56885528564453,-13.835714340209961,40.158607482910156,-6.577271461486816,1
match1_ambig_0015.mp4,0.15549607574939728,0.01097446121275425,2318.556597657453,-41.346378326416016,3649.8779296875,50,1.7809834480285645,4.829550743103027,4588.0573141163795,2197.3822315489087,0.13990941540948276,22.005806206407723,-0.01033032385771315,-77.33038330078125,95.46095275878906,-25.605993270874023,42.84916687011719,-6.2573561668396,1
match1_ambig_0016.mp4,0.06186959147453308,0.03386641666293144,3034.6263089147774,-32.05669021606445,3854.443359375,45,1.844037413597107,4.852771759033203,5893.439363178454,2414.3783709690465,0.21844803659539475,21.413543683956497,0.01702239185501322,-146.21011352539062,75.65837097167969,3.9423811435699463,56.75493240356445,-17.91866683959961,0
match1_ambig_0017.mp4,0.17245018482208252,0.018259549513459206,2602.4017865959263,-40.7701530456543,3660.64453125,44,1.8088783025741577,5.003915786743164,5043.975360576923,2326.033824681155,0.1451644059065934,21.963060104081748,0.007403550216794447,-60.0180778503418,81.86399841308594,-14.50468921661377,35.777645111083984,-16.206811904907227,1
match1_ambig_0018.mp4,0.12366291880607605,0.021735290065407753,2292.14566844663,-38.44498062133789,3617.578125,47,1.7871555089950562,4.839200019836426,4396.25674977022,2127.8955394591794,0.14010081571691177,21.734926903330646,0.0063960624644510185,-58.63542175292969,101.83636474609375,-39.11750030517578,17.676597595214844,-13.730536460876465,1
match1_ambig_0019.mp4,0.12406477332115173,0.015029316768050194,2257.5047033370042,-36.044795989990234,4231.2744140625,34,1.8181768655776978,4.869556427001953,4322.105379971591,2087.0521420138452,0.14261363636363636,22.43891412352383,0.004529111383848824,-71.18102264404297,106.51781463623047,-41.44507598876953,20.2275390625,-21.287118911743164,0
match1_ambig_0020.mp4,0.05258667469024658,0.02323484793305397,2557.1265461509843,-33.140132904052734,3617.578125,34,1.8178483247756958,4.9120378494262695,5224.62158203125,2283.992430984387,0.16401599702380953,21.6288676900328,0.009425741655972271,-147.3520965576172,89.70345306396484,-12.570881843566895,60.81632614135742,-13.568267822265625,0
match1_ambig_0021.mp4,0.05315414071083069,0.007676098495721817,1897.9559821873377,-40.000732421875,3746.77734375,30,1.7479088306427002,4.800830841064453,3603.7353515625,1909.6870548688835,0.1251278831845238,21.534062014472063,0.0029313870447063273,-163.09585571289062,129.00045776367188,-31.935001373291016,45.93661880493164,-7.5817694664001465,0
match1_ambig_0022.mp4,0.09205198287963867,0.02931835688650608,2423.426664103564,-34.62301254272461,3779.0771484375,35,1.8361635208129883,4.766890525817871,4523.76708984375,2114.3941879403505,0.174041748046875,20.571063810634975,0.0036126266588616266,-71.48909759521484,96.84854888916016,-45.74765396118164,14.485763549804688,-7.317821979522705,1
match10_ambig_0001.mp4,0.11066582053899765,0.014384749345481396,2434.2546318419395,-41.209476470947266,3800.6103515625,40,1.825564980506897,4.936489582061768,5290.887451171875,2507.9337059513045,0.12180582682291667,21.146440994542083,-0.013722542647519284,-135.09820556640625,74.90094757080078,10.248546600341797,61.213714599609375,-3.6074345111846924,1
match10_ambig_0002.mp4,0.1776108294725418,0.004923450294882059,1878.2625885700847,-51.54582977294922,3606.8115234375,29,1.8072562217712402,4.812152862548828,3306.397079839939,1626.537472322778,0.10842225609756098,22.341013812682615,0.0447482616458745,-105.20938873291016,114.6468276977539,-64.92843627929688,23.368810653686523,-15.792031288146973,0
match10_ambig_0003.mp4,0.03302641957998276,0.00903113279491663,2599.8450290083465,-36.88804626464844,4048.2421875,29,1.7964823246002197,4.704756736755371,4649.703702059659,2150.8024339406797,0.21073774857954544,22.048375422717957,0.005627885180175737,-236.05503845214844,105.66567993164062,-8.726585388183594,66.63953399658203,-27.078088760375977,0
match10_ambig_0004.mp4,0.09212611615657806,0.0038151682820171118,1850.8282309259912,-48.967628479003906,3628.3447265625,27,1.7851028442382812,4.611985683441162,3369.7606580010774,1810.6133417488413,0.14577720905172414,23.01407706519124,-0.04418682740574909,-164.21859741210938,128.7794647216797,-33.858795166015625,43.37644958496094,-10.86198616027832,1
match10_ambig_0005.mp4,0.12811817228794098,0.005767429247498512,1922.7673473344864,-46.5449333190918,3757.5439453125,24,1.8068193197250366,4.949128150939941,3516.5377103365386,1843.6280068388114,0.11814528245192307,22.609410152913362,0.0075278153990836994,-108.37786102294922,120.31429290771484,-44.65864944458008,29.75077247619629,-18.070819854736328,1
match10_ambig_0006.mp4,0.08694928139448166,0.010120822116732597,2276.2079564839223,-39.68184280395508,3606.8115234375,29,1.8385108709335327,4.85871696472168,4057.5237405711205,1886.6833327394447,0.17721241918103448,22.699631142645654,-0.011261174560760718,-126.17430114746094,105.15910339355469,-43.66478729248047,51.13021469116211,-15.288349151611328,1
match10_ambig_0007.mp4,0.13418973982334137,0.021221306174993515,2200.3804091749544,-41.546573638916016,3606.8115234375,21,1.815470814704895,4.905729293823242,4079.2996920072114,1908.573848147849,0.14581768329326922,21.52072578880689,-0.002409250176952146,-59.27005386352539,105.39820861816406,-54.189109802246094,24.235532760620117,-16.633684158325195,1
match10_ambig_0008.mp4,0.0971905067563057,0.006013563834130764,2072.156403524526,-40.414405822753906,3617.578125,52,1.8084101676940918,4.829445838928223,3612.6670435855262,1730.730320235918,0.17459909539473684,22.749238550667403,0.004145644032896798,-122.06876373291016,124.13113403320312,-52.19478225708008,51.43410873413086,-18.15767478942871,1
match10_ambig_0009.mp4,0.10581620782613754,0.00671524740755558,2124.2693996701937,-35.620628356933594,3606.8115234375,23,1.8104084730148315,4.794723033905029,4143.85986328125,1991.0272067273372,0.15011160714285715,23.07607374339456,0.005795970415741764,-107.52545166015625,114.87874603271484,-28.441078186035156,37.88709259033203,-34.29389190673828,1
match10_ambig_0010.mp4,0.07726943492889404,0.010888712480664253,2440.1503550983143,-37.33613586425781,3617.578125,41,1.8382549285888672,4.812002658843994,4210.458984375,1973.1697824596197,0.18220486111111112,22.474671242348478,0.003180888501232357,-133.5386199951172,99.71671295166016,-36.38038635253906,65.75016021728516,-6.34273624420166,0
match10_ambig_0011.mp4,0.18622347712516785,0.005079320631921291,1776.3182459696109,-43.288238525390625,3606.8115234375,36,1.8398629426956177,4.93254280090332,3259.2041015625,1721.205327009435,0.09833386479591837,22.989273499326643,-0.003565191743394106,-54.26069259643555,127.31655883789062,-54.215049743652344,19.499853134155273,-24.026424407958984,1
match10_ambig_0012.mp4,0.09999734163284302,0.01458206307142973,2297.8294438322273,-36.21572494506836,3606.8115234375,18,1.9053287506103516,4.70408296585083,3645.6279553865133,1688.899447149794,0.18147358141447367,20.715070992627954,-0.004429287868795844,-82.8967514038086,102.8455810546875,-75.8140640258789,38.8636360168457,-1.2281681299209595,0
match10_ambig_0013.mp4,0.17571066319942474,0.007259369362145662,1863.2354347178907,-43.435665130615234,3660.64453125,36,1.7726086378097534,4.805302619934082,3430.483029923349,1759.0082914214013,0.1036353920990566,21.815015425021766,-0.003563743979004499,-56.27817153930664,120.36852264404297,-57.11039352416992,25.829954147338867,-15.253802299499512,0
match10_ambig_0014.mp4,0.05229119211435318,0.03424742445349693,2668.8520191281896,-40.780860900878906,3811.376953125,39,1.9282416105270386,4.822620868682861,4823.876953125,2139.230775706734,0.18557676977040816,20.996279508828845,0.003106562974009426,-167.78515625,82.3512954711914,-23.098129272460938,53.8115234375,-7.3111395835876465,0
match10_ambig_0015.mp4,0.06476413458585739,0.030299926176667213,2785.120098309668,-35.54370880126953,3951.3427734375,35,1.8402736186981201,4.874887466430664,4888.973335597826,2178.5911793082605,0.18610945991847827,21.524406517219575,0.0011221437094994055,-139.1492919921875,69.7945327758789,-24.75737953186035,67.57952880859375,-3.00119948387146,0
match10_ambig_0016.mp4,0.14830581843852997,0.01877474971115589,2192.165968980457,-40.95771026611328,3628.3447265625,32,1.8307373523712158,4.7691521644592285,3980.8338994565215,1886.023469155599,0.14568826426630435,20.728240125864613,-0.014006865430877471,-46.86074447631836,107.06230926513672,-51.388492584228516,29.749143600463867,-12.55176067352295,1
match10_ambig_0017.mp4,0.17118513584136963,0.009155532345175743,2053.2661114342527,-43.861427307128906,3875.9765625,38,1.8381305932998657,4.7560343742370605,3983.1531871448865,1952.469777593658,0.12067945075757576,22.402955550089054,-0.012202662430298487,-54.4841194152832,112.16434478759766,-41.76279067993164,8.702686309814453,-37.61448669433594,0
match10_ambig_0018.mp4,0.1757683902978897,0.008567132987082005,1796.3483485087634,-40.110618591308594,3628.3447265625,23,1.7669211626052856,4.669062614440918,3457.547274502841,1828.5665127014458,0.0968017578125,21.507945635489165,-0.013961087709334847,-47.25151443481445,124.30766296386719,-48.35454177856445,3.6628715991973877,-30.020341873168945,1
match10_ambig_0019.mp4,0.09826932847499847,0.01930634118616581,2655.6138662707644,-35.862464904785156,4048.2421875,63,1.8645867109298706,4.757486820220947,4926.986873851103,2150.4546404124317,0.18593462775735295,22.255267733999347,0.002219146883082252,-111.89413452148438,86.45428466796875,-21.420446395874023,50.59069061279297,-15.402239799499512,0
match10_ambig_0020.mp4,0.06905157119035721,0.013021872378885746,2157.196482717403,-45.50017547607422,3649.8779296875,26,1.8705941438674927,4.829087734222412,3964.6839971127715,1950.040391909442,0.15697180706521738,22.215911185168995,-0.008776849655715048,-163.7540283203125,108.63286590576172,-36.705467224121094,44.619834899902344,-15.156476020812988,1
match10_ambig_0021.mp4,0.07898718863725662,0.013529391959309578,2965.246948875914,-41.50051498413086,3660.64453125,35,1.8716719150543213,4.778872489929199,5026.0888671875,2004.4052846786403,0.22761501736111112,22.67260283161634,-0.014286031848895875,-156.19187927246094,68.2626953125,-14.4835786819458,77.10105895996094,-11.442533493041992,0
match10_ambig_0022.mp4,0.1576819270849228,0.008204926736652851,1937.0751832206663,-44.316402435302734,3660.64453125,20,1.823380470275879,4.743139266967773,3830.269291715802,1940.5475189057388,0.09772995283018868,22.241655835239847,0.003886774626650888,-76.60630798339844,110.63941955566406,-41.15170669555664,10.919898986816406,-35.80963897705078,0
match10_ambig_0023.mp4,0.050000909715890884,0.01310561504215002,2693.2162497038885,-39.18492889404297,3660.64453125,39,1.8801230192184448,4.72852897644043,4596.60478071733,2034.9965466931374,0.20304731889204544,22.01992523263979,0.0038266143163707806,-192.96214294433594,85.51612091064453,-22.13302993774414,65.26738739013672,-11.430275917053223,0
match10_ambig_0024.mp4,0.09612881392240524,0.017788952216506004,2918.670831863225,-41.490966796875,3682.177734375,32,1.851040244102478,4.807048797607422,4966.211998980978,2107.3967047109145,0.2306739696557971,22.25733956805808,-0.0119635980857864,-126.42680358886719,69.16692352294922,-18.24645233154297,65.83798217773438,-15.139276504516602,1
match10_ambig_0025.mp4,0.09410163015127182,0.02167094126343727,2616.1589814765302,-42.70055389404297,3628.3447265625,41,1.8220981359481812,4.745841026306152,4572.98583984375,2082.1230105319373,0.18583751860119047,22.010297209336734,0.002106298508959013,-127.11541748046875,81.55738830566406,-29.324411392211914,52.18165969848633,-8.862060546875,0
match10_ambig_0026.mp4,0.09820578247308731,0.035451311618089676,2801.749837085388,-36.909393310546875,3649.8779296875,74,1.8364744186401367,4.844449996948242,4886.4990234375,2086.5585483147565,0.22201683407738096,21.403078213417754,-0.004658033276043951,-100.73692321777344,73.35449981689453,-34.178733825683594,48.265220642089844,-14.71146011352539,1
match10_ambig_0027.mp4,0.13527072966098785,0.007576816249638796,2046.8347090140182,-41.41008377075195,3606.8115234375,28,1.7968552112579346,4.8969316482543945,3547.2196357194766,1740.6929586482647,0.1562045784883721,21.688530646416986,-0.011767022617821069,-74.96924591064453,119.12057495117188,-63.096920013427734,21.63888931274414,-28.41922950744629,1
match10_ambig_0028.mp4,0.15853732824325562,0.005636528134346008,1803.9446655431261,-43.78941345214844,3606.8115234375,40,1.8136177062988281,4.869668006896973,3162.330322265625,1591.2094775490903,0.11995442708333333,21.96625074155294,-0.0038838620670912827,-62.21231460571289,134.17213439941406,-66.67456817626953,25.488935470581055,-13.23982048034668,1
match10_ambig_0029.mp4,0.16170240938663483,0.004675453994423151,1826.7630934571755,-45.83124542236328,3639.111328125,52,1.8329615592956543,4.818358421325684,3510.37353515625,1758.9439994679674,0.11241629464285714,22.395557002824518,0.00434970163842136,-76.09363555908203,128.5560760498047,-51.81475067138672,46.21131134033203,-7.719758987426758,1
match10_ambig_0030.mp4,0.0858062282204628,0.011617503128945827,2546.7058976023677,-38.47914123535156,3606.8115234375,37,1.7542469501495361,4.691389083862305,4479.117359834559,1931.3775401850871,0.1943359375,22.77132287809731,-0.015761963791449826,-135.86981201171875,89.77818298339844,-32.917625427246094,56.46257781982422,-17.22933578491211,1
match10_ambig_0031.mp4,0.06312275677919388,0.012648875825107098,2320.01209828253,-42.888221740722656,3886.7431640625,22,1.797151803970337,4.8393096923828125,4683.172607421875,2243.6098718826925,0.1395941840277778,20.953426804490366,-0.0016779139261887943,-194.06900024414062,96.23700714111328,-6.692959785461426,53.11973190307617,-14.384608268737793,0
match10_ambig_0032.mp4,0.043413352221250534,0.027798760682344437,3135.8989043754627,-31.337512969970703,3714.4775390625,28,1.856144905090332,4.789121150970459,5368.2275390625,2247.6155089971967,0.229296875,21.70988254153702,0.02375000470889503,-196.56857299804688,59.090023040771484,1.058280348777771,69.87776947021484,-19.851953506469727,0
match10_ambig_0033.mp4,0.1528485119342804,0.011224661953747272,2455.690000061766,-36.713802337646484,3865.2099609375,40,1.8505122661590576,4.639442443847656,4529.3212890625,2127.1887362487564,0.15632750496031747,22.21343656611139,-0.00015733177386418156,-70.1643295288086,95.1191177368164,-30.300607681274414,32.434532165527344,-31.07423973083496,0
match10_ambig_0034.mp4,0.05574988201260567,0.007672704290598631,2053.887173783033,-39.710609436035156,3703.7109375,39,1.7538461685180664,4.765224456787109,4141.000600961538,2017.725527381918,0.13032101362179488,22.178055545547128,-0.015968347778493854,-169.7498016357422,117.05884552001953,-30.8607177734375,58.86561584472656,-4.391724586486816,0
match10_ambig_0035.mp4,0.07456661760807037,0.0035369216930121183,1893.0057409652868,-37.85911178588867,4123.6083984375,40,1.84036386013031,4.685980796813965,3769.9055989583335,1939.1078661633967,0.12359845196759259,21.926625321223636,-0.01304433721759139,-169.52821350097656,131.32232666015625,-27.01268196105957,58.070167541503906,-17.160860061645508,0
match10_ambig_0036.mp4,0.08838038891553879,0.016334816813468933,2531.945144439219,-38.604087829589844,3714.4775390625,53,1.8292806148529053,4.7231292724609375,4834.97314453125,2277.400696755519,0.14945475260416666,21.751491791806828,-0.0005497391729987303,-138.85720825195312,80.95618438720703,-12.628293991088867,66.1962661743164,-4.96869421005249,0
match10_ambig_0037.mp4,0.11657050251960754,0.016412101686000824,2169.8207320023075,-46.61555862426758,3649.8779296875,30,1.7857303619384766,4.86100959777832,3982.7262716090427,1932.407033199299,0.15659283577127658,23.91400091862231,0.011775874190151567,-121.32950592041016,104.39851379394531,-30.984169006347656,53.24547576904297,-13.320789337158203,1
match10_ambig_0038.mp4,0.048838190734386444,0.016437964513897896,2908.443425841781,-35.53666687011719,3779.0771484375,39,1.7980170249938965,4.813127040863037,4983.24764476103,2146.108928856746,0.22107651654411764,21.53193706490957,0.014083327257479999,-184.0373992919922,81.2238998413086,-17.2199649810791,63.25164794921875,-23.384973526000977,0
match10_ambig_0039.mp4,0.04412919655442238,0.01586974412202835,2477.071906136843,-30.955068588256836,3768.310546875,51,1.830121397972107,4.748755931854248,4487.67333984375,2103.783939840172,0.18708844866071428,21.960593719842777,0.00034274350800351144,-178.34286499023438,103.01123046875,-22.840370178222656,54.543636322021484,-24.540199279785156,0
match10_ambig_0040.mp4,0.11775312572717667,0.007568769156932831,2266.1200254203263,-40.8230094909668,3692.9443359375,45,1.7642351388931274,4.919286251068115,3838.0659936179577,1741.5807248224678,0.1893981073943662,23.16000340653211,-0.02291019380868407,-104.59620666503906,111.5059585571289,-67.7168197631836,30.226476669311523,-34.721622467041016,1
match10_ambig_0041.mp4,0.060882408171892166,0.017502527683973312,3221.710433594844,-37.28481674194336,3671.4111328125,37,1.8354624509811401,4.701473712921143,5448.533720128677,2141.275754258339,0.25026807598039214,21.666691942859927,-0.009497575589412664,-163.5029754638672,56.6204948425293,-19.750810623168945,78.35443878173828,-16.13650131225586,0
match10_ambig_0042.mp4,0.1027175635099411,0.010708022862672806,2025.4833219897728,-40.3315544128418,3736.0107421875,39,1.8054553270339966,4.791269779205322,3674.389128989362,1856.874149389196,0.13987699468085107,22.42798612610432,-0.001643163983696046,-102.1954345703125,112.3780746459961,-52.05870819091797,31.64957046508789,-11.377132415771484,1
match10_ambig_0043.mp4,0.04299330338835716,0.021012967452406883,2644.642199943424,-33.878963470458984,3854.443359375,33,1.7776782512664795,4.785543918609619,4820.688580452128,2249.6924976757996,0.16896609042553193,20.776799262834594,-0.0047825538555518,-193.01907348632812,79.28512573242188,-12.07103443145752,62.3292121887207,-11.104854583740234,0
match10_ambig_0044.mp4,0.04544318839907646,0.03005640208721161,3135.8033622407797,-25.869020462036133,3725.244140625,38,1.8374794721603394,4.779505729675293,5479.793908461085,2279.6437109443636,0.2332141804245283,21.187498728319785,-0.007202840911858154,-177.97796630859375,63.968727111816406,-1.128411889076233,65.81658935546875,-26.612035751342773,0
match10_ambig_0045.mp4,0.04696081578731537,0.020899347960948944,3082.272367510785,-42.50907897949219,3768.310546875,30,1.8493187427520752,4.776769161224365,5500.020530007102,2144.798877596127,0.2286709872159091,21.85918551772801,0.001774370141569455,-208.52377319335938,56.715877532958984,-7.908451557159424,71.86226654052734,-21.20863914489746,0
match10_ambig_0046.mp4,0.028124865144491196,0.014929590746760368,2488.3981623334544,-34.62714385986328,4102.0751953125,36,1.8374872207641602,4.7471113204956055,4547.472502055921,2241.829045672285,0.16960063733552633,22.3006757867223,-0.012591908063115645,-237.9178466796875,94.49010467529297,-6.077114105224609,61.729774475097656,-7.915523529052734,0
match10_ambig_0047.mp4,0.026570651680231094,0.016509249806404114,2546.001138572017,-36.73799133300781,4048.2421875,34,1.83023202419281,4.787235736846924,4489.6728515625,2093.548047484294,0.17609514508928573,21.497771946515044,-0.006877398443596125,-252.9672088623047,93.13714599609375,-5.100691795349121,61.82796096801758,-17.820722579956055,0
match10_ambig_0048.mp4,0.05670059844851494,0.01150390226393938,2376.975998642112,-35.3402214050293,3725.244140625,31,1.8424257040023804,4.846897602081299,4061.986785239362,1987.1322811237058,0.18077834109042554,22.52354232721208,0.004047567238465405,-156.36752319335938,109.48036193847656,-37.02003860473633,35.57373809814453,-27.830995559692383,0
match10_ambig_0049.mp4,0.07014665007591248,0.005477437749505043,2143.9035877055076,-37.24345779418945,3875.9765625,46,1.80934739112854,4.811406135559082,4466.4972854872885,2145.8643510304864,0.13349940413135594,22.326814848955742,0.002075235538985659,-178.49630737304688,112.68385314941406,-16.54681968688965,53.784549713134766,-2.8201146125793457,0
match10_ambig_0050.mp4,0.07305824011564255,0.0054554748348891735,2078.9679574787087,-37.44583511352539,3649.8779296875,33,1.8716611862182617,4.78035306930542,3942.1463012695312,1971.946521560548,0.15324910481770834,22.337459521698698,-0.006158862438596285,-164.01602172851562,119.27236938476562,-26.306482315063477,58.806854248046875,-23.336212158203125,1
match10_ambig_0051.mp4,0.043917328119277954,0.01587098091840744,2370.726086173316,-38.26350402832031,3606.8115234375,39,1.8120797872543335,4.829263687133789,4503.248131793478,2194.304165437432,0.14766261888586957,21.455140361151777,-0.007008666769512113,-181.10693359375,97.80131530761719,-21.681140899658203,40.017799377441406,-25.04667091369629,0
match10_ambig_0052.mp4,0.03259076550602913,0.008988533169031143,2172.0724337168836,-31.767717361450195,3692.9443359375,40,1.8981341123580933,4.759129524230957,4118.583984375,2051.925461924263,0.15914713541666667,21.76317689227849,0.0019135688879461541,-217.49749755859375,122.26433563232422,-18.86953353881836,52.76923370361328,-26.754356384277344,0
match10_ambig_0053.mp4,0.03809795156121254,0.013645391911268234,2588.0309605540097,-36.81354904174805,3671.4111328125,29,1.814756989479065,4.771933078765869,5136.773212139423,2300.0114677433544,0.19556290064102563,21.017574880587002,-0.013777483784814455,-196.91683959960938,100.18311309814453,-10.299294471740723,57.7912712097168,-17.983510971069336,0
match10_ambig_0054.mp4,0.1092860996723175,0.007071841973811388,1890.3249157300354,-43.55986022949219,3628.3447265625,21,1.8408457040786743,4.699586868286133,3862.1732271634614,2010.5968557503227,0.09173427483974358,19.91423540220787,-0.02385670752924533,-124.1820297241211,107.54523468017578,-31.033193588256836,50.57944107055664,6.566573619842529,0
match10_ambig_0055.mp4,0.08940693736076355,0.011148998513817787,2066.8842135023515,-42.23638916015625,3628.3447265625,31,1.787551760673523,4.770005226135254,4013.0859375,1938.3252154860988,0.14847735969387754,21.500586402039623,-0.00772576095674661,-118.72306823730469,112.90892028808594,-38.30106735229492,52.995914459228516,-5.502445220947266,1
match10_ambig_0056.mp4,0.08386039733886719,0.011864971369504929,2671.6420346523755,-42.267452239990234,3606.8115234375,26,1.794424057006836,4.795464992523193,5013.039178363348,2251.1293059998115,0.1851413532838983,22.116069774410043,-0.005068414764589071,-144.39459228515625,86.4126205444336,-16.885074615478516,59.18350601196289,-17.973167419433594,0
match10_ambig_0057.mp4,0.13362832367420197,0.009433566592633724,2062.5091202229682,-38.042808532714844,3789.84375,47,1.826176404953003,4.770349502563477,3937.977337015086,1909.9421564649572,0.1376195447198276,22.2995413354768,-0.011702656858379198,-74.01055145263672,114.20916748046875,-47.24201202392578,22.84315299987793,-23.1409854888916,1
match10_ambig_0058.mp4,0.03692144528031349,0.005741885397583246,2311.819063802932,-41.733699798583984,3639.111328125,20,1.7999460697174072,4.798857688903809,3764.997746394231,1822.3308784970513,0.22240584935897437,23.241682916830463,-0.0012005136538634654,-224.48472595214844,115.90570068359375,-42.74672317504883,47.03565979003906,-31.917142868041992,1
match10_ambig_0059.mp4,0.10937328636646271,0.011091245338320732,2004.5020455881975,-49.05078887939453,3649.8779296875,37,1.8129055500030518,4.751842975616455,3623.429538892663,1775.7808061714227,0.14372452445652173,21.96336517321722,0.004958500326173101,-109.03423309326172,116.6724624633789,-59.608646392822266,29.470901489257812,-5.612963676452637,1
match10_ambig_0060.mp4,0.07139356434345245,0.034671179950237274,2507.867420855369,-34.276885986328125,3628.3447265625,36,1.7983431816101074,4.840555191040039,4451.113394803779,1967.880183262519,0.17498637354651161,20.15909206662471,-0.005122273053938967,-96.63504791259766,84.3370590209961,-61.40140151977539,22.650714874267578,-5.122105121612549,0
match10_ambig_0061.mp4,0.08133679628372192,0.01799948513507843,2148.0223600628233,-40.06076431274414,3714.4775390625,29,1.8422330617904663,4.8718767166137695,3865.2099609375,1919.63794559925,0.13968331473214285,20.98170766316446,0.0055846067148516525,-108.71501922607422,109.88002014160156,-49.66413879394531,32.15401077270508,-3.8027384281158447,0
match10_ambig_0062.mp4,0.07850705087184906,0.028436513617634773,2627.669996590193,-32.22837829589844,3703.7109375,28,1.8724714517593384,4.826369762420654,4537.432391826923,1967.7359962600626,0.19374749599358973,20.722128003475515,0.000564662267477821,-96.45540618896484,80.30219268798828,-57.59476852416992,26.145904541015625,-10.868440628051758,0
match10_ambig_0063.mp4,0.0636693686246872,0.014211517758667469,2168.982290298468,-42.949954986572266,3789.84375,24,1.910088062286377,4.699467658996582,4048.780517578125,2109.945992785909,0.1293212890625,21.10417774103699,-0.03043596907827375,-173.44451904296875,103.10026550292969,-22.59726333618164,47.135398864746094,-3.3876349925994873,0
match10_ambig_0064.mp4,0.08383117616176605,0.014024649746716022,2272.1021049869673,-36.402099609375,3929.8095703125,40,1.8108971118927002,4.786372661590576,4366.161648732312,2094.779669971189,0.14439305719339623,21.530357738920202,0.0036318742515681593,-124.82691955566406,103.12814331054688,-27.018489837646484,34.230918884277344,-29.13963508605957,0
match10_ambig_0065.mp4,0.05795061215758324,0.015603051520884037,3217.1540109949233,-39.437034606933594,3703.7109375,26,1.9155678749084473,4.591604232788086,5590.068470348011,2207.594023256668,0.2555930397727273,22.017580319245287,-0.006065575879056235,-204.9634246826172,55.857112884521484,-1.5469081401824951,76.26183319091797,-13.100592613220215,0
match10_ambig_0066.mp4,0.08828743547201157,0.007755829952657223,2150.8168633051214,-43.69092559814453,3768.310546875,37,2.0341994762420654,4.412106990814209,4175.603205983231,2087.2551703076965,0.13528963414634146,22.934969911269366,0.000393422336923153,-143.41810607910156,115.9423599243164,-27.680599212646484,28.974597930908203,-11.372937202453613,0
match10_ambig_0067.mp4,0.08016930520534515,0.022286929190158844,2241.0239060783238,-34.05397033691406,3682.177734375,12,1.8278285264968872,4.797086238861084,4199.2437744140625,2023.2805522686322,0.14952392578125,20.657567479484147,-0.011777776581766155,-95.400634765625,105.38326263427734,-41.6246223449707,28.492156982421875,-17.020055770874023,0
match10_ambig_0068.mp4,0.0799800455570221,0.019006075337529182,2248.7166552975636,-33.55461120605469,3682.177734375,34,1.8126596212387085,4.776336193084717,3992.898077713816,1872.7157386045112,0.16237493146929824,21.23528366041241,-0.010685139674468469,-92.67850494384766,110.3364486694336,-58.74702072143555,31.31793975830078,-12.328864097595215,0
match8_whistle_0059w.mp4,0.08636783063411713,0.024099260568618774,3458.091488549464,-37.66751480102539,3725.244140625,53,1.8613100051879883,4.867537498474121,6226.9606370192305,2475.823147578646,0.23483824118589744,21.244834365999516,0.00635365170390201,-146.06973266601562,41.79414367675781,5.8286590576171875,60.33898162841797,-17.284534454345703,0
match9_ambig_0001.mp4,0.14488282799720764,0.0025143148377537727,1634.87626703299,-51.33194351196289,3929.8095703125,20,1.8019778728485107,4.914225101470947,3884.3505859375,2235.8035591154844,0.058675130208333336,22.876721803567143,0.02621714091938645,-150.3183135986328,107.40670776367188,7.856953144073486,55.11865234375,16.269392013549805,0
match9_ambig_0002.mp4,0.03404637798666954,0.05278323218226433,2831.678211964935,-33.42996597290039,4112.841796875,19,1.8275021314620972,4.756928443908691,5791.014982524671,2423.985641668635,0.19596782483552633,20.321930065901157,0.007369542942639401,-160.1564483642578,79.1634750366211,-35.85927963256836,0.4246407449245453,-7.277662754058838,0
match9_ambig_0003.mp4,0.09106902778148651,0.009645264595746994,2110.9298712315867,-43.238834381103516,3757.5439453125,44,1.8726309537887573,4.869978904724121,4064.1357421875,2028.9447836446514,0.11342075892857142,22.241264055918556,0.00980447084094639,-128.3122100830078,107.94338989257812,-43.73261642456055,5.280166149139404,-18.18766212463379,1
match9_ambig_0004.mp4,0.1043936014175415,0.008299759589135647,1963.6830993301671,-44.3931770324707,3811.376953125,37,1.7773576974868774,4.857386112213135,3647.033921727594,1915.8321693253451,0.11445128242924528,22.988911708400103,0.02183743828963358,-99.80180358886719,119.8791275024414,-49.658111572265625,21.143375396728516,-4.980527877807617,1
match9_ambig_0005.mp4,0.13565528392791748,0.0032962074037641287,1917.4001879512796,-48.395050048828125,3832.91015625,33,1.8393076658248901,4.847784519195557,3896.8075959578805,1941.5775970825543,0.10313349184782608,24.53579873753985,0.018273479954965293,-116.34420776367188,115.47785949707031,-33.727596282958984,22.460050582885742,-23.851730346679688,0
match9_ambig_0006.mp4,0.13446030020713806,0.003309930907562375,1618.43462587947,-52.148128509521484,3779.0771484375,32,1.809000015258789,4.791679859161377,3559.4384765625,1909.3046962462329,0.07021484375,23.181448825696762,0.00936509726014218,-136.9003143310547,125.52708435058594,-19.087900161743164,19.307029724121094,-17.624664306640625,1
match9_ambig_0007.mp4,0.11094255745410919,0.0038710259832441807,1692.848862674224,-49.73066329956055,3606.8115234375,30,1.7560878992080688,4.861380577087402,2971.305964543269,1558.3990394883851,0.09967197516025642,21.870690357980642,0.012358348681772583,-115.88129425048828,137.20144653320312,-65.5110092163086,27.975770950317383,-10.994251251220703,0
match9_ambig_0008.mp4,0.13379709422588348,0.00300876097753644,1697.283205164144,-49.81698989868164,3962.109375,45,1.788894772529602,4.7415242195129395,3249.685381043632,1739.0570171110735,0.09035045695754718,24.00072914815877,-0.011634255564060907,-128.90359497070312,135.3990936279297,-44.33100509643555,14.721844673156738,-19.031221389770508,1
match9_ambig_0009.mp4,0.17386357486248016,0.0015448422636836767,1555.1718703374188,-51.675628662109375,3929.8095703125,28,1.8171714544296265,4.8321757316589355,2932.5531005859375,1781.1631403882209,0.0724365234375,23.90508716763887,-0.01997651921920023,-119.29026794433594,129.87277221679688,-32.27098846435547,9.284110069274902,-24.582584381103516,1
match9_ambig_0010.mp4,0.10227032005786896,0.01937914453446865,2091.375124608631,-42.468196868896484,3617.578125,25,1.7989834547042847,4.657655715942383,3780.615234375,1893.5200086857776,0.12690330038265307,20.667383399717302,-0.0056570562122910594,-83.5783920288086,109.35540008544922,-54.51493835449219,9.99122428894043,-3.377730369567871,0
match9_ambig_0011.mp4,0.12294492870569229,0.006432017777115107,1741.7164501044465,-50.54618835449219,3725.244140625,36,1.7987140417099,4.780418395996094,3414.0284124410377,1888.4193885497943,0.09043337264150944,22.4148101876399,0.004347295911750682,-104.60543060302734,128.3511962890625,-32.54032897949219,11.488460540771484,-14.259777069091797,1
match9_ambig_0012.mp4,0.14636822044849396,0.010811684653162956,2019.7283537960034,-42.845367431640625,3725.244140625,40,1.7899318933486938,4.732325077056885,4129.900568181818,2078.9328230828987,0.10828429383116883,22.333352925911857,-0.014236827750792226,-75.77760314941406,114.0101089477539,-27.725141525268555,23.131864547729492,-13.144370079040527,1
match9_ambig_0013.mp4,0.13162529468536377,0.008863805793225765,2023.2793064143616,-46.87640380859375,3886.7431640625,47,1.7940402030944824,4.83111572265625,4239.4775390625,2096.539448132212,0.10127573164682539,22.018690043050455,-0.00027512909511895746,-94.89250946044922,112.62238311767578,-31.34010124206543,13.748733520507812,-15.575092315673828,1
match9_ambig_0014.mp4,0.06691469997167587,0.020632660016417503,2439.931514589048,-38.6052131652832,3832.91015625,52,1.8804574012756348,4.747371196746826,4507.454057173295,2157.138539969453,0.17153468276515152,22.411889171011694,0.00011139966180845395,-144.90692138671875,93.95420837402344,-32.27565002441406,30.317909240722656,-4.032338619232178,1
match9_ambig_0015.mp4,0.13143545389175415,0.0058952500112354755,1865.6733169751794,-48.679500579833984,3725.244140625,59,1.788784384727478,4.6744818687438965,3774.462890625,1935.5617695485703,0.09538922991071429,23.656636339114367,0.01954323041372108,-104.75028228759766,119.15116882324219,-35.45717239379883,28.825214385986328,-3.8146066665649414,1
match9_ambig_0016.mp4,0.14454253017902374,0.016155939549207687,1963.9598178438798,-45.55400085449219,3908.2763671875,36,1.8790568113327026,4.672503471374512,4021.440221908245,2086.376500742758,0.09414478058510638,20.92612816209319,0.001915067464208221,-78.10257720947266,114.39447021484375,-24.45889663696289,1.4916939735412598,-17.565176010131836,0
match9_ambig_0017.mp4,0.1374499350786209,0.029792534187436104,2594.0715675798856,-45.392242431640625,4015.9423828125,26,1.8707356452941895,4.706676006317139,4869.0538908305925,2244.117135024464,0.16228926809210525,21.174716589407385,-0.010821188417322863,-81.6268081665039,95.51570129394531,-15.275424003601074,16.375341415405273,-22.433029174804688,0
match9_ambig_0018.mp4,0.172050341963768,0.002587483497336507,1662.014886351156,-52.721168518066406,4015.9423828125,40,1.7874594926834106,4.7563371658325195,3029.7216796875,1770.4471142122188,0.085673828125,23.426789799221016,-0.004345815480211075,-96.22589111328125,129.74220275878906,-40.0650749206543,1.7092715501785278,-23.102506637573242,1
match9_ambig_0019.mp4,0.10047738999128342,0.007481476757675409,1843.6592383467191,-46.26042938232422,3768.310546875,35,1.8617665767669678,4.7223334312438965,3341.7573686079545,1775.7894758899272,0.11439985795454545,21.88035644760797,0.008883076945810796,-121.9218978881836,123.80668640136719,-47.5655632019043,28.522911071777344,-4.220944881439209,1
match9_ambig_0020.mp4,0.10411357134580612,0.009082513861358166,1869.3010193817966,-50.2287483215332,3843.6767578125,41,1.8726298809051514,4.6315999031066895,3586.7560891544117,1852.3628369416456,0.10466452205882353,22.55430944836376,0.007864204022793378,-112.77124786376953,124.9560546875,-44.97648239135742,12.176810264587402,-5.674354553222656,1
match9_ambig_0021.mp4,0.11684039980173111,0.008129396475851536,2037.1701650476318,-47.10938262939453,3703.7109375,38,1.8786213397979736,4.875157833099365,3721.2330537683824,1875.4695281567476,0.1171109068627451,22.910052691677564,0.03323179780511263,-101.99552154541016,112.98517608642578,-49.26264572143555,13.546208381652832,-13.964734077453613,1
match9_ambig_0022.mp4,0.03073919750750065,0.010367774404585361,2333.237775737253,-44.128482818603516,3617.578125,32,1.836771011352539,4.76210355758667,4462.3624475990855,2186.0624022000557,0.16159727515243902,21.301416456947695,-0.003962681636609403,-245.9918975830078,98.33009338378906,-0.17447476089000702,42.37553024291992,-13.139965057373047,1
match9_ambig_0023.mp4,0.16029271483421326,0.00437255809083581,1919.7362904770364,-50.5914306640625,4015.9423828125,41,1.8608342409133911,4.818435192108154,3789.84375,1993.2156342751568,0.088740234375,23.871439455981772,0.05638647606484097,-93.79920959472656,116.22422790527344,-37.20711898803711,-2.936156988143921,-32.671539306640625,1
match9_ambig_0024.mp4,0.11813215911388397,0.008870353922247887,1857.808597205017,-45.178565979003906,3628.3447265625,26,1.8660213947296143,4.805513858795166,4182.82470703125,2150.4953738466456,0.0816650390625,21.744481640083613,0.0014877827412040985,-107.89347839355469,116.90473937988281,-5.84839391708374,23.531761169433594,-30.224573135375977,0
match9_ambig_0025.mp4,0.09200899302959442,0.005584792699664831,2237.159257906977,-45.245426177978516,3800.6103515625,45,1.842413306236267,4.6853508949279785,4488.204678622159,2119.162531412543,0.13600852272727273,24.56486736065125,-0.030088578847434762,-130.3484649658203,113.27460479736328,-37.325679779052734,24.330448150634766,-15.408164024353027,0
match9_ambig_0026.mp4,0.16326449811458588,0.003147280076518655,1770.0864804589937,-48.27920150756836,3832.91015625,46,1.8107820749282837,4.704172611236572,3252.7910652807204,1684.2888110024016,0.1064701403601695,23.41726276748434,0.007032286292536581,-80.5864028930664,133.8546600341797,-56.66948699951172,25.612009048461914,-9.206950187683105,1
match9_ambig_0027.mp4,0.09726646542549133,0.0033134177792817354,1621.3434160173952,-48.84832763671875,3606.8115234375,33,1.8712252378463745,4.733129501342773,3097.2758448401164,1767.21446447742,0.08982103924418605,22.942242010121518,-0.017419047592758963,-142.7577362060547,143.60740661621094,-37.253475189208984,23.71605682373047,-5.186700820922852,0
match9_ambig_0028.mp4,0.12215478718280792,0.012001543305814266,1881.4445740287406,-41.89869689941406,3671.4111328125,21,1.793286919593811,4.641733169555664,3517.5620631167762,1879.7245767014147,0.11107113486842106,20.83850331608865,-0.009215026983619742,-70.6002426147461,124.5376968383789,-47.063148498535156,5.450401306152344,-7.346914291381836,0
match9_ambig_0029.mp4,0.09835219383239746,0.0033019455149769783,1745.2031793451745,-49.77248001098633,3736.0107421875,22,1.8652900457382202,4.676077365875244,3241.3137335526317,1742.668726424201,0.10181949013157894,24.006493947091464,-0.025273313227129307,-169.3103485107422,128.38072204589844,-41.17328643798828,33.16010665893555,-10.154458045959473,0
match9_ambig_0030.mp4,0.13022670149803162,0.005930829793214798,1666.0381564357597,-45.84996795654297,3725.244140625,35,1.8139034509658813,4.805777549743652,3145.269660229953,1786.5569968526625,0.08780770931603774,21.826118657282784,-0.01399904318609555,-88.5192642211914,135.430908203125,-39.2603645324707,17.540325164794922,-14.412793159484863,0
match9_ambig_0031.mp4,0.10364291816949844,0.025483962148427963,2560.269389532333,-44.321258544921875,3660.64453125,27,1.7710140943527222,4.743747711181641,4980.243389423077,2211.115554935529,0.16717998798076922,22.344604487157245,-0.001044169639060546,-130.17625427246094,90.96634674072266,-18.728275299072266,32.85154724121094,-13.201374053955078,0
match9_ambig_0032.mp4,0.06703127175569534,0.04710868000984192,3105.6183495913783,-40.86804962158203,3746.77734375,33,1.9366086721420288,4.756617069244385,5878.767596550708,2427.3793431631734,0.19735775353773585,21.877056055708607,0.009493017286226674,-143.61048889160156,52.16040802001953,-10.662251472473145,51.55719757080078,12.227545738220215,0
match9_ambig_0033.mp4,0.09002473205327988,0.01731705479323864,2740.374936569712,-46.79780578613281,3639.111328125,26,1.8650153875350952,4.734002113342285,4981.153663429054,2241.5044367644923,0.17157147381756757,23.05057410023674,-0.02472920942773857,-135.69415283203125,88.93689727783203,-25.389699935913086,27.706968307495117,-29.00458335876465,0
match9_ambig_0034.mp4,0.10356126725673676,0.016957473009824753,2490.238087185807,-47.8567008972168,3660.64453125,30,1.826602578163147,4.640402793884277,5720.748740748355,2593.5532507089843,0.10914370888157894,21.342568557601652,-0.017630799635111598,-184.9931640625,60.587921142578125,10.41685676574707,60.82687759399414,18.04907989501953,0
match9_ambig_0035.mp4,0.13868427276611328,0.008192330598831177,1954.6664508942458,-45.15242385864258,3768.310546875,48,1.7965723276138306,4.707664966583252,3636.739026085805,1831.8712241387716,0.11583851959745763,23.311247338585115,-0.0433962683417009,-88.05042266845703,122.22146606445312,-42.2697639465332,24.274898529052734,-10.422942161560059,1
match9_ambig_0036.mp4,0.06877176463603973,0.03804977238178253,2652.482977992247,-36.700191497802734,4382.0068359375,29,1.9191774129867554,4.849499702453613,5344.8101806640625,2305.207231880776,0.17861328125,20.535793748870255,-0.009041943020822452,-113.21720886230469,84.7874526977539,-42.68696212768555,-12.480316162109375,-26.060888290405273,0
match9_ambig_0037.mp4,0.052218735218048096,0.05807719752192497,3130.85672860809,-39.81989288330078,3660.64453125,24,2.0084149837493896,4.647562503814697,5913.3251953125,2385.2689135909777,0.22035435267857142,20.654075059326267,0.010561561615658228,-145.4523468017578,64.90184783935547,-20.94110679626465,37.69794845581055,-0.42166653275489807,0
match9_ambig_0038.mp4,0.13422958552837372,0.0023156150709837675,1527.0641885487044,-52.18417739868164,3736.0107421875,35,1.779288411140442,4.712975025177002,3009.26513671875,1710.4523129882316,0.0854220920138889,24.01780404236661,-0.014294646597342106,-130.56393432617188,141.83944702148438,-30.904354095458984,20.416929244995117,-14.86220932006836,1
match9_ambig_0039.mp4,0.1260789930820465,0.013125574216246605,2080.301680942889,-44.48984146118164,3789.84375,41,1.8930505514144897,4.750707149505615,4319.09610523897,2096.049098801147,0.11241000306372549,22.35539809245082,-0.014791924783641082,-80.79100799560547,111.59829711914062,-34.739891052246094,13.3884859085083,-6.639188289642334,1
match9_ambig_0040.mp4,0.12352780997753143,0.005203720182180405,1832.7677561157661,-46.819644927978516,3692.9443359375,27,1.7855241298675537,4.872254371643066,3384.04541015625,1787.6420882020273,0.1023530505952381,22.8708705511824,0.02781653011993989,-97.08338928222656,130.201904296875,-53.81560516357422,17.433853149414062,-13.451970100402832,0
match9_ambig_0041.mp4,0.12247912585735321,0.007336723152548075,1877.5316690611917,-45.637672424316406,3822.1435546875,48,1.8447661399841309,4.842830657958984,3680.6636810302734,1886.6690580404388,0.10428619384765625,23.211694398827994,-0.011407778833204372,-98.38374328613281,128.24476623535156,-43.37223434448242,11.552486419677734,-23.387046813964844,1
match9_ambig_0042.mp4,0.07640581578016281,0.019397156313061714,2230.8727745669253,-45.400672912597656,3714.4775390625,40,1.9269355535507202,4.629988670349121,4514.311805138221,2194.3370638057277,0.14030573918269232,21.233469509236198,-0.00655130254049421,-135.90379333496094,105.15167999267578,-20.487977981567383,28.999055862426758,1.1222972869873047,1
match9_ambig_0043.mp4,0.08580827713012695,0.02024850621819496,2801.7269354898017,-39.604087829589844,3757.5439453125,57,1.820778250694275,4.853496074676514,5339.619140625,2245.3103764968437,0.19088309151785715,23.266111153369945,-0.006875553855941848,-141.00726318359375,77.0169448852539,-17.904748916625977,44.90837478637695,-9.177656173706055,1
match9_ambig_0044.mp4,0.038161955773830414,0.02336382493376732,3179.9556062819197,-46.30841064453125,3606.8115234375,42,1.8433479070663452,4.709547519683838,5517.599969161184,2289.4411150339165,0.23760450932017543,22.014533486009515,-0.004858253242289297,-235.96734619140625,57.31954574584961,-1.6439169645309448,54.98141860961914,-9.33304500579834,1
match9_ambig_0045.mp4,0.1014113575220108,0.025155287235975266,2546.5019479887887,-43.74610137939453,3800.6103515625,58,1.85152006149292,4.771941184997559,5467.762914197198,2446.110502252457,0.13759428879310345,21.774053313316962,-0.004951710636360474,-137.5894775390625,75.56031036376953,-3.6036417484283447,49.47020721435547,3.493858814239502,0
match9_ambig_0046.mp4,0.06860308349132538,0.018481431528925896,2764.1585716621553,-42.10057830810547,3736.0107421875,52,1.9151890277862549,4.757772445678711,4907.4169921875,2128.55250861461,0.20604166666666668,23.18367035616288,-0.02175174596465641,-175.75196838378906,89.33231353759766,-14.11669635772705,48.95628356933594,-9.78729248046875,1
match9_ambig_0047.mp4,0.14772547781467438,0.00823467131704092,2103.1793479509115,-47.982688903808594,3875.9765625,24,1.9463022947311401,4.410375118255615,4735.466487233231,2431.519226061881,0.08059022484756098,21.33029288282688,0.014826099723440627,-133.67613220214844,91.71976470947266,7.192811489105225,39.21657180786133,2.4385993480682373,0
match9_ambig_0048.mp4,0.06774750351905823,0.044375669211149216,2810.818135578119,-41.32353210449219,4155.908203125,30,1.8921420574188232,4.585949420928955,5188.278475674716,2173.925862536666,0.20815207741477273,21.07453512448484,-0.007338138570595246,-130.77919006347656,79.37342071533203,-39.59548568725586,13.617427825927734,-15.780716896057129,0
match9_ambig_0049.mp4,0.1303853988647461,0.00735133932903409,1872.4838892933058,-47.10923385620117,3746.77734375,38,1.8199199438095093,4.735584735870361,3688.9892578125,2035.1152903240368,0.09356066645408163,22.320274925820193,-0.006158701369641843,-94.6706314086914,121.2802505493164,-25.79075813293457,9.835063934326172,-4.2682929039001465,1
match9_ambig_0050.mp4,0.1386146992444992,0.012213273905217648,2039.104440993055,-50.451236724853516,4242.041015625,25,1.847327709197998,4.8804521560668945,3465.948486328125,1832.3122684553075,0.1220974392361111,22.656293535850576,-0.00979562821128944,-109.48458862304688,105.31863403320312,-56.87007141113281,13.50650405883789,-2.503309965133667,0
match9_ambig_0051.mp4,0.1546095907688141,0.00873927678912878,1946.4124075265606,-49.48374557495117,3822.1435546875,47,1.8418538570404053,4.677982330322266,4170.185653023098,2140.394626559393,0.10045855978260869,22.734327192126553,-0.01595301357108052,-102.73199462890625,115.01594543457031,-18.112842559814453,27.856477737426758,-7.880649566650391,0
match9_ambig_0052.mp4,0.12467752397060394,0.008985431864857674,2000.3260815919202,-50.05680465698242,3822.1435546875,42,1.8503143787384033,4.772869110107422,3768.831511466734,1962.4784700287223,0.11729775705645161,23.418141585938024,0.010568672425049162,-90.46818542480469,116.18406677246094,-41.2506217956543,14.901192665100098,-17.75054168701172,1
match9_ambig_0053.mp4,0.1267985999584198,0.01231159083545208,2084.2374932373004,-47.57591247558594,3832.91015625,37,1.8331034183502197,4.8048272132873535,4248.042072233607,1989.29545142074,0.12740938780737704,22.853259527789945,-0.010024833489764884,-88.35012817382812,113.2877426147461,-40.90601348876953,11.399044036865234,-17.389991760253906,1
match9_ambig_0054.mp4,0.13324923813343048,0.005837377160787582,1864.9803652654339,-48.70962142944336,3811.376953125,50,1.852792739868164,4.853832721710205,3911.6013470818016,2003.092913563454,0.08742388556985294,23.881725312412623,0.026886405643218453,-116.68710327148438,113.24596405029297,-27.195068359375,30.039478302001953,-9.348339080810547,1
match9_ambig_0055.mp4,0.10266483575105667,0.0038490830920636654,1527.3266617729741,-51.812496185302734,4263.57421875,35,1.8496671915054321,4.8249664306640625,2846.22802734375,1698.8517288289102,0.09015764508928571,22.41923892088577,0.013028896911411918,-129.53231811523438,148.76600646972656,-36.357791900634766,20.604700088500977,-6.03158712387085,0
match9_ambig_0056.mp4,0.04817908629775047,0.0089863371104002,1995.538107487971,-44.22602081298828,3940.576171875,43,1.8522545099258423,4.73564338684082,3719.86083984375,1921.2733329567047,0.15944908405172414,22.516088873999212,0.0060171733670243205,-193.07546997070312,121.49634552001953,-40.611961364746094,20.11113739013672,4.0385355949401855,1
match9_ambig_0057.mp4,0.12532714009284973,0.008833416737616062,2038.4491101044553,-41.23465347290039,3832.91015625,52,1.8920238018035889,4.812464237213135,3956.2182156544814,1991.1887417510766,0.12073444870283019,23.143198999051954,0.025873036034634853,-95.9275131225586,113.36683654785156,-38.430049896240234,22.02561378479004,-16.527454376220703,1
match9_ambig_0059.mp4,0.1448163390159607,0.007663979195058346,1949.808244665357,-48.82388687133789,3606.8115234375,32,1.8576984405517578,4.641932964324951,3723.748779296875,2034.6494170670558,0.09568956163194445,22.537752335315275,-0.014008468989834903,-98.93464660644531,110.42318725585938,-35.200923919677734,16.16855239868164,0.7862046957015991,0
match9_ambig_0060.mp4,0.11876847594976425,0.00377958663739264,1721.0357023921051,-49.6419792175293,3682.177734375,33,1.8250840902328491,4.787984371185303,3228.8059303977275,1718.2971642042123,0.10636541193181819,23.071963247846956,-0.002290763806210926,-116.81563568115234,128.9655303955078,-46.571014404296875,25.26361846923828,-11.437397956848145,1
match9_ambig_0061.mp4,0.09499265998601913,0.017411839216947556,2398.7527032979156,-48.18242645263672,3660.64453125,35,1.8562642335891724,4.743366718292236,4552.5421142578125,2081.7179415072274,0.13570731026785715,22.487390052629834,-0.03492008661601705,-139.6670684814453,90.62541961669922,-23.84544563293457,38.900299072265625,-10.73148250579834,0
match9_ambig_0062.mp4,0.14440177381038666,0.004388146568089724,1677.4639216051305,-47.116943359375,3832.91015625,35,1.7895138263702393,4.826337814331055,3540.05859375,1914.708829308142,0.08902762276785714,22.348372365501792,-0.0027191596495229177,-97.3719482421875,131.7027130126953,-25.193145751953125,24.890365600585938,-13.198592185974121,1
match9_ambig_0063.mp4,0.1034182459115982,0.0096481554210186,2097.168562484443,-43.08407974243164,3886.7431640625,40,1.8816686868667603,4.861885070800781,3941.5549538352275,1956.8725285971489,0.1347360321969697,23.169251711170876,-0.01089550116551448,-112.16625213623047,113.97503662109375,-44.21758270263672,18.69965934753418,-11.107706069946289,1
match9_ambig_0064.mp4,0.13281475007534027,0.009430010803043842,2038.4506009812308,-47.809749603271484,3736.0107421875,46,1.878152847290039,4.674578666687012,4257.819655845905,2192.0332843980614,0.09087082435344827,23.013794067583287,-0.012231032945908884,-104.92274475097656,106.290283203125,-24.85272789001465,22.08640480041504,-4.659285545349121,1
match9_ambig_0065.mp4,0.13102899491786957,0.02957875095307827,2625.5005466511698,-46.76999282836914,3703.7109375,23,1.9340128898620605,4.7851104736328125,4716.054815995066,2111.132737506904,0.16136410361842105,21.82218475699026,0.00838271669873967,-84.85487365722656,77.81519317626953,-42.843963623046875,10.805651664733887,-7.239096164703369,0
match9_ambig_0066.mp4,0.12699680030345917,0.008716772310435772,1993.3629143982996,-49.994380950927734,3639.111328125,23,1.9403984546661377,4.628602981567383,3578.1005859375,2003.7721592557816,0.10481770833333333,22.918186987184086,-0.007904618262872623,-101.72036743164062,111.9985580444336,-39.76223373413086,13.730456352233887,0.7358658909797668,0
match9_ambig_0067.mp4,0.09050557762384415,0.030283482745289803,2572.357828196438,-47.81319046020508,3649.8779296875,43,1.8270739316940308,4.776371479034424,5401.557192595109,2401.7525963514195,0.13505222486413043,21.45314272820601,0.017724270279961447,-110.75271606445312,90.78846740722656,-16.437559127807617,14.200386047363281,-18.249492645263672,0
match9_ambig_0068.mp4,0.11250235140323639,0.006579799111932516,1940.0578361908726,-46.50447463989258,3606.8115234375,44,1.874238133430481,4.820664405822754,3890.637466755319,1941.3961987757348,0.10804521276595745,22.928122635396676,0.03793999950120253,-105.9073715209961,119.47076416015625,-33.87268829345703,23.2553768157959,-30.435251235961914,0
match9_ambig_0069.mp4,0.11328767985105515,0.011115283705294132,2303.279465178308,-44.44731521606445,3714.4775390625,43,1.8445247411727905,4.749362945556641,4212.677556818182,2027.5718926973316,0.15207741477272727,23.037832378343648,0.01179586744322965,-99.27742767333984,100.24242401123047,-48.887332916259766,14.685089111328125,-8.430211067199707,1
match9_ambig_0070.mp4,0.10185308009386063,0.007630618754774332,1864.061586840457,-42.59934616088867,3919.04296875,39,1.8263951539993286,4.839107990264893,3264.350773737981,1814.6034539399677,0.12001389723557693,22.691789132074362,-0.011256064278855308,-105.85564422607422,126.04561614990234,-48.55259323120117,10.770482063293457,-10.36101245880127,1
match9_ambig_0071.mp4,0.12921474874019623,0.006007273215800524,1819.6475920048367,-55.539344787597656,3886.7431640625,29,1.8028655052185059,4.73589563369751,3402.784423828125,1863.399586981038,0.10928955078125,23.18012924753483,0.03295868723074747,-128.0889434814453,127.16410827636719,-35.27891159057617,24.001995086669922,4.853847503662109,0
match9_ambig_0072.mp4,0.03246798366308212,0.02291768416762352,3745.371435312927,-40.249794006347656,3940.576171875,27,1.8178300857543945,4.9199724197387695,6598.64501953125,2416.4782969750313,0.2708100818452381,22.300233912400678,0.023517105632191154,-257.5965270996094,35.176307678222656,13.089942932128906,61.32931137084961,-20.898754119873047,0
match9_ambig_0073.mp4,0.09905830770730972,0.02527611516416073,2409.960653323737,-41.57872009277344,3919.04296875,50,1.8300156593322754,4.656927108764648,4520.316256009615,2051.684741697929,0.14964693509615384,20.830372643723603,0.01099492452980768,-75.85365295410156,87.88764190673828,-59.958953857421875,4.352916240692139,-7.562094211578369,0
match9_ambig_0074.mp4,0.15656568109989166,0.0025007412768900394,1542.6362445970371,-51.68383026123047,3811.376953125,20,1.7506064176559448,4.8592681884765625,2549.2620849609375,1636.8063969891002,0.0853271484375,22.521380219626884,0.0038757351540732684,-112.0567398071289,142.37759399414062,-42.23712158203125,-9.925537109375,-29.747304916381836,0
match11_ambig_0001.mp4,0.14683103561401367,0.01565033569931984,2365.378426414348,-38.31928634643555,4328.173828125,18,1.9190080165863037,4.734775066375732,5060.628995028409,2416.435001792069,0.11191998106060606,22.064855048872275,-0.02143773255310129,-83.03894805908203,90.39433288574219,-14.953810691833496,35.540523529052734,-4.909407138824463,0
match11_ambig_0002.mp4,0.20432458817958832,0.00953043531626463,2272.955353408496,-49.54903030395508,4048.2421875,29,1.9315316677093506,4.837985515594482,4467.822983685662,2210.2744972691803,0.08997300091911764,27.47282887297272,0.08420677204451618,-96.34725189208984,77.7800064086914,-13.985590934753418,38.83726119995117,-1.8300706148147583,0
match11_ambig_0003.mp4,0.13787415623664856,0.009130247868597507,2061.370269457063,-44.062721252441406,3725.244140625,20,1.7964409589767456,4.8629961013793945,3835.601806640625,1888.589981484407,0.1156768798828125,22.82070361905018,0.026214722703853232,-75.21856689453125,106.74397277832031,-54.786468505859375,15.049330711364746,-14.25130844116211,0
match11_ambig_0004.mp4,0.1379375457763672,0.011871900409460068,2354.6531863272926,-39.244842529296875,3639.111328125,24,1.780818223953247,4.856483459472656,4296.771240234375,1885.8732339669004,0.1572808159722222,22.660393060715332,-0.015675700743844924,-76.9217758178711,92.1633529663086,-62.0556640625,36.81336212158203,-8.05691146850586,0
match11_ambig_0005.mp4,0.14121830463409424,0.006475529167801142,2127.758219386083,-45.92395782470703,3800.6103515625,31,1.85781729221344,4.776476860046387,4374.665971235795,2214.718615980428,0.10148481889204546,23.743974248205376,-0.014437894860441279,-109.07687377929688,106.09844207763672,-19.80657196044922,5.79209566116333,-23.185768127441406,1
match11_ambig_0006.mp4,0.13163334131240845,0.024672532454133034,2471.925113648743,-33.7495002746582,3854.443359375,41,1.8672823905944824,4.671067714691162,4412.910970052083,2041.4218117060238,0.16758897569444445,21.803022997965055,0.012956616050617946,-43.06496047973633,93.5040054321289,-53.1785888671875,20.28993797302246,-16.911149978637695,0
match11_ambig_0007.mp4,0.11667167395353317,0.024272151291370392,2448.138711205473,-39.77149963378906,3746.77734375,15,1.8246369361877441,4.7198405265808105,4497.6708984375,2040.137041195474,0.16810825892857142,21.0176239793101,-0.00591403650549631,-62.40387725830078,95.87643432617188,-44.66839599609375,34.144527435302734,-9.653055191040039,0
match11_ambig_0008.mp4,0.13764722645282745,0.015587104484438896,2198.7120134705187,-42.42366027832031,3725.244140625,32,1.8205677270889282,4.741313457489014,4355.60302734375,2114.403889160799,0.12503487723214285,22.467976442372272,0.030394197935566806,-77.99664306640625,104.77022552490234,-38.125762939453125,4.703314781188965,-21.153976440429688,1
match11_ambig_0009.mp4,0.15684333443641663,0.010943724773824215,2070.568033666915,-40.342002868652344,3757.5439453125,41,1.867516279220581,4.696020126342773,4191.73804111168,2051.800537743273,0.1117923924180328,22.169188652273828,-0.014711565741073898,-55.467864990234375,111.7247314453125,-40.309757232666016,-1.5161899328231812,-40.4599723815918,1
match11_ambig_0010.mp4,0.17346031963825226,0.018289629369974136,2423.426390958255,-37.669593811035156,3854.443359375,23,1.87906014919281,4.76338529586792,4542.9931640625,2001.9864664430793,0.15665690104166666,22.422814350372803,-0.0194520058590881,-34.202232360839844,86.25048065185547,-55.600685119628906,12.5721435546875,-7.878763675689697,0
match11_ambig_0011.mp4,0.12064795941114426,0.005003024358302355,1916.5304460453835,-50.082374572753906,3736.0107421875,16,1.8456056118011475,4.744379997253418,3765.109665329392,2011.437094884155,0.09202122043918919,22.806215345859155,-0.019865611595519705,-120.8742904663086,116.02884674072266,-30.116012573242188,6.919960021972656,-23.27031898498535,1
match11_ambig_0012.mp4,0.15943124890327454,0.011371757835149765,2655.6282278037097,-40.320186614990234,4102.0751953125,37,1.8046866655349731,4.946545600891113,5243.69384765625,2148.041839146473,0.17523600260416666,23.824644198862654,0.005470737831508202,-52.74153518676758,79.35755920410156,-51.21788024902344,19.318065643310547,-27.243772506713867,0
match11_ambig_0013.mp4,0.13702549040317535,0.013804941438138485,2331.911643569211,-40.43488693237305,3736.0107421875,38,1.805741310119629,4.7586188316345215,4721.056906960227,2239.46347251434,0.12277166193181818,22.485275374118526,0.001271500527024042,-66.51831817626953,100.56006622314453,-30.52088737487793,12.456867218017578,-22.378263473510742,1
match11_ambig_0014.mp4,0.17365099489688873,0.011918199248611927,2173.6588724259773,-40.37694549560547,3746.77734375,25,1.8539667129516602,4.7604546546936035,4327.345628004808,2086.2071709489983,0.1257011217948718,23.209671167142876,0.02207993742814035,-45.58998107910156,106.25880432128906,-39.56208038330078,6.637289047241211,-21.95207405090332,1
match11_ambig_0015.mp4,0.1373191773891449,0.012477027252316475,2425.1210657884653,-40.845062255859375,4026.708984375,38,1.7915502786636353,4.8481926918029785,4353.6052835398705,1904.2137116371441,0.16322905441810345,22.63304453582297,0.050211036531168166,-61.89523696899414,88.4720687866211,-65.17627716064453,18.539134979248047,-20.809431076049805,0
match11_ambig_0016.mp4,0.10671278089284897,0.0214940644800663,2437.0340952594593,-32.83798599243164,3682.177734375,24,1.7994592189788818,4.782527446746826,4581.5828649009145,2060.774323035201,0.17019578887195122,21.67755339728394,-0.008053518732764232,-64.45404052734375,104.14402770996094,-43.669654846191406,32.78447723388672,-25.52294921875,0
match11_ambig_0017.mp4,0.17375345528125763,0.02277940697968006,2503.115153591194,-42.1832389831543,3703.7109375,30,1.8465672731399536,4.791980743408203,5035.112949587264,2226.929814540793,0.1563144899764151,22.28190846434553,-0.01206936235393224,-56.86323165893555,87.1239013671875,-23.545446395874023,32.674766540527344,-15.4205322265625,1
match11_ambig_0018.mp4,0.16008201241493225,0.024385416880249977,2678.899765435808,-40.888031005859375,3736.0107421875,55,1.8119632005691528,4.75612211227417,5495.026335169057,2390.109677325479,0.15042264344262296,23.28824554104208,-0.0022333560610792724,-59.19192123413086,78.23750305175781,-17.017133712768555,28.778654098510742,-21.38956069946289,1
match11_ambig_0019.mp4,0.12496311962604523,0.006995652802288532,1935.4312562090188,-44.374839782714844,3725.244140625,27,1.8625435829162598,4.87716007232666,4081.61865234375,2043.5541698273264,0.10313720703125,23.47522100200335,-0.007669803030090559,-114.3468246459961,118.58204650878906,-28.09951400756836,21.468557357788086,-21.934452056884766,1
match11_ambig_0020.mp4,0.13539807498455048,0.008312639780342579,2126.5745365757007,-39.11125564575195,3714.4775390625,25,1.800947666168213,4.927565574645996,4087.5636888586955,1994.4800396185826,0.13493546195652173,22.57262107899754,0.0041584258770872365,-78.50520324707031,113.04535675048828,-39.6915397644043,23.141111373901367,-26.63009262084961,1
match11_ambig_0021.mp4,0.09243007749319077,0.003892500652000308,1997.5544431677192,-46.058834075927734,4037.4755859375,21,1.7820937633514404,4.979794502258301,3737.6420454545455,1696.955159578181,0.15046460700757575,23.974336703095112,0.046317143011525334,-143.2731170654297,125.15703582763672,-48.647830963134766,43.70849609375,-26.032243728637695,0
match11_ambig_0022.mp4,0.14647170901298523,0.013011117465794086,2083.2716648774017,-41.46031188964844,3843.6767578125,29,1.8639342784881592,4.722344398498535,3892.409796463816,1937.2101697023395,0.11348684210526316,20.899504944275723,-0.01264802326046699,-60.10439682006836,107.62483215332031,-50.9608039855957,8.200705528259277,-13.783130645751953,0
match11_ambig_0023.mp4,0.1097431480884552,0.013166938908398151,2351.0609786442014,-36.345577239990234,3628.3447265625,27,1.8165737390518188,4.852619171142578,4263.57421875,1960.9536645103162,0.15123092296511628,23.073742525081464,0.008785261836543478,-73.0641860961914,98.85670471191406,-56.73968505859375,25.87960433959961,-22.53080940246582,0
match11_ambig_0024.mp4,0.1400430053472519,0.01756272464990616,2184.598007876711,-40.37632369995117,3746.77734375,21,1.833335280418396,4.772100448608398,4100.607022372159,2016.1507329241724,0.11833052201704546,21.645114309912852,0.014741817427130927,-58.15286636352539,103.10275268554688,-47.825260162353516,12.846695899963379,-14.76144027709961,0
match11_ambig_0025.mp4,0.09944967180490494,0.019960347563028336,2326.767237762838,-33.016910552978516,3832.91015625,28,1.8430187702178955,4.772743225097656,4374.7393798828125,2036.7277858668917,0.1599365234375,20.96878334372024,-0.0025241454815550074,-71.17350769042969,106.10893249511719,-49.74031448364258,20.79001808166504,-19.465452194213867,0
match11_ambig_0026.mp4,0.1918143630027771,0.01150725781917572,2451.2256168957288,-40.64847183227539,3692.9443359375,29,1.8986424207687378,4.726517200469971,4691.971628289473,2237.7249908942786,0.14431280838815788,22.42153222924409,-0.0245391922209158,-61.411094665527344,87.89141845703125,-21.4055233001709,38.25038146972656,-17.907381057739258,1
match11_ambig_0027.mp4,0.13401147723197937,0.021441880613565445,2690.4068007033975,-35.13646697998047,4360.4736328125,33,1.8126939535140991,4.866111755371094,5073.614169034091,2167.5315331861943,0.17716619318181817,23.245243414474984,-0.015704472955932552,-56.22786331176758,69.57783508300781,-54.779361724853516,15.764749526977539,-9.857078552246094,0
match11_ambig_0028.mp4,0.12811186909675598,0.007309579290449619,2240.3777694768773,-43.78123474121094,3757.5439453125,34,1.8213527202606201,4.963058948516846,4080.073879076087,1835.2263847599318,0.140625,24.5141930265643,0.036923593329562104,-96.93157958984375,98.92949676513672,-55.70891571044922,37.4897575378418,-9.048195838928223,0
match11_ambig_0029.mp4,0.13065417110919952,0.018157875165343285,2561.1480620922644,-36.4276008605957,4134.375,42,1.797132968902588,4.941202640533447,4916.9189453125,2123.9778543233597,0.14977058531746032,22.98675182483681,-0.01202217133365512,-72.33622741699219,74.00774383544922,-54.05913543701172,17.383146286010742,-15.839306831359863,0
match11_ambig_0030.mp4,0.11604137718677521,0.018903329968452454,2455.2309686335066,-33.88132095336914,3768.310546875,32,1.7729123830795288,4.834963321685791,4752.436127533784,2199.273724201663,0.14285525760135134,21.412665611615218,0.011728970639606168,-84.88029479980469,91.33415985107422,-23.065261840820312,56.38285827636719,-11.435416221618652,0
match11_ambig_0031.mp4,0.10104084759950638,0.011632204055786133,2039.0361809215294,-44.11083984375,3746.77734375,36,1.84153413772583,4.782060146331787,3935.0830078125,2082.5232033883317,0.11927016900510204,22.601648936703537,6.627027304108954e-05,-125.87399291992188,108.07485961914062,-27.4836483001709,32.0163459777832,-1.4311418533325195,1
match11_ambig_0032.mp4,0.15417338907718658,0.021635960787534714,2523.5582088927654,-37.976837158203125,3606.8115234375,30,1.8259104490280151,4.770395278930664,4653.54052734375,2133.4139625939197,0.15076171875,21.780416001518045,0.014478595921165,-35.98078918457031,84.97391510009766,-54.572975158691406,2.05727219581604,-25.445384979248047,0
match12_ambig_0001.mp4,0.12716573476791382,0.00492622796446085,1773.7451079939021,-41.92036056518555,3940.576171875,22,1.8298856019973755,4.948216438293457,4001.07421875,2179.1198519101586,0.06606910342261904,22.742968719123528,0.013660455029401972,-120.86199188232422,117.47112274169922,-1.6318795680999756,40.94927215576172,-6.955240249633789,0
match12_ambig_0002.mp4,0.12357261031866074,0.006866730283945799,1882.7604968252556,-42.793914794921875,3940.576171875,30,1.8849632740020752,4.849928855895996,4065.9622192382812,2197.3965775293295,0.073028564453125,22.53504448612439,0.003065536062617979,-114.73724365234375,113.67354583740234,-10.59649658203125,35.00639724731445,-3.358398199081421,0
match12_ambig_0003.mp4,0.08459210395812988,0.01283326931297779,2212.7689435061757,-39.504512786865234,3940.576171875,25,1.8825033903121948,4.8734517097473145,4662.726276676829,2341.0282132505654,0.12114138719512195,22.06156625792539,-0.003899096777661608,-141.72854614257812,104.52000427246094,4.747055530548096,42.71596145629883,-10.143839836120605,0
match12_ambig_0004.mp4,0.08219145238399506,0.009799638763070107,2165.625073171018,-39.59177017211914,3940.576171875,25,1.8114535808563232,4.899948596954346,4499.5894582648025,2316.4217450078077,0.1259251644736842,23.4045422416159,0.02660667591306863,-139.78526306152344,110.32964324951172,6.619134902954102,33.4134407043457,-16.950851440429688,0
match12_ambig_0005.mp4,0.10897393524646759,0.007949325256049633,1990.255612087257,-42.64134979248047,3940.576171875,34,1.8123325109481812,4.914605140686035,4277.57080078125,2335.619897451352,0.08302734375,22.587747583778036,-0.016947966326182153,-115.55211639404297,112.8516616821289,1.712875485420227,33.6355094909668,-9.221363067626953,0
match12_ambig_0006.mp4,0.10751590132713318,0.008575981482863426,1856.008803178075,-41.22518539428711,4177.44140625,31,1.8006846904754639,4.863193511962891,4035.9375,2146.284646577659,0.08896019345238096,22.09477803875043,0.07066620582156727,-114.22765350341797,119.27884674072266,-2.846855878829956,35.45540237426758,-10.339424133300781,0
match12_ambig_0007.mp4,0.06117621436715126,0.016457078978419304,2421.6828603535128,-38.52593231201172,3940.576171875,26,1.8109536170959473,4.791234016418457,4757.787490472561,2284.424197193141,0.15603563262195122,22.28173062428469,0.03298170339371018,-147.56117248535156,97.75062561035156,-19.86838722229004,35.73515701293945,-16.103960037231445,0
match12_ambig_0008.mp4,0.0766349732875824,0.016440782696008682,2309.973047008645,-40.2599983215332,3940.576171875,43,1.8687384128570557,4.845766067504883,4696.6552734375,2275.957482792059,0.13786471619897958,22.438895000409854,0.022928496974717688,-125.79114532470703,99.48616027832031,-19.81183624267578,33.88618087768555,-13.236113548278809,0
match12_ambig_0009.mp4,0.13514862954616547,0.00673900218680501,1918.994950808296,-42.15132522583008,3940.576171875,33,1.8037934303283691,4.9702534675598145,4310.30585106383,2253.794148949702,0.0680684840425532,21.02132590627825,0.028149156024473022,-99.56599426269531,109.27227020263672,-11.823612213134766,39.624263763427734,-6.976814270019531,0
match12_ambig_0010.mp4,0.13630519807338715,0.00837119109928608,2172.958491369341,-42.37176513671875,4177.44140625,22,1.842881679534912,5.01770544052124,4694.23828125,2403.420153804067,0.08680245535714286,22.35506659251129,0.07419357655992352,-104.83992767333984,97.1547622680664,1.1092209815979004,46.287445068359375,-0.6563698649406433,0
match12_ambig_0011.mp4,0.11712900549173355,0.004028798080980778,1871.4865928808224,-44.257266998291016,3649.8779296875,20,1.8178976774215698,4.871849060058594,3904.6875,2160.047434316668,0.0736355251736111,24.287507203094762,0.03333830642542343,-143.82672119140625,104.81158447265625,-18.034353256225586,53.71579360961914,9.600289344787598,0
match12_ambig_0012.mp4,0.11637995392084122,0.004140536766499281,1741.13336344885,-45.78479766845703,3940.576171875,16,1.908016324043274,4.861669063568115,4026.708984375,2169.712186842928,0.062315244932432436,22.335811736429502,0.05097830217103018,-139.20164489746094,116.3235092163086,-9.4063081741333,42.675174713134766,-1.9503566026687622,0
match12_ambig_0013.mp4,0.1327914446592331,0.004449996165931225,1917.0708533773625,-44.7899055480957,3940.576171875,33,1.7596471309661865,4.93759298324585,4441.22314453125,2329.246630646512,0.05139741443452381,22.448035402022153,0.0491844997847862,-138.98211669921875,101.26004791259766,-2.815756320953369,51.1300048828125,1.8817991018295288,0
match12_ambig_0014.mp4,0.09121166169643402,0.0017859976505860686,2362.837818884995,-48.647239685058594,3639.111328125,24,1.854291319847107,4.973806381225586,3664.30517578125,1678.9817231518873,0.209619140625,24.15474317665847,-0.006137575412877308,-215.48187255859375,112.57699584960938,-26.693296432495117,45.56141662597656,-39.20497131347656,1
match12_ambig_0015.mp4,0.12610742449760437,0.00687567051500082,1926.6801458299358,-44.313724517822266,3714.4775390625,27,1.8154575824737549,4.71993350982666,3454.583740234375,1819.6235938670534,0.10005696614583333,22.54518694191031,-0.0070724072914754455,-94.24081420898438,112.18923950195312,-63.30005645751953,-2.7193498611450195,-31.062808990478516,0
match12_ambig_0016.mp4,0.0657254084944725,0.009121705777943134,2182.0483033654987,-34.669376373291016,3779.0771484375,32,1.828985571861267,4.805290222167969,4120.571664663462,1997.440999318537,0.15452223557692307,21.831696278859408,-0.014583292428605631,-137.153564453125,116.4620132446289,-44.38077926635742,33.482505798339844,-16.333980560302734,0
match12_ambig_0017.mp4,0.07574257254600525,0.004101322963833809,2133.582921653625,-42.83084487915039,3929.8095703125,41,1.8581966161727905,4.757357120513916,3811.9642223011365,1899.8407195482991,0.1726473721590909,23.35308914810049,-0.0010172980580746267,-171.72080993652344,124.22969055175781,-32.01324462890625,33.06372833251953,-27.366716384887695,1
match12_ambig_0018.mp4,0.15453293919563293,0.007511048577725887,2091.8176844877057,-41.54497528076172,3660.64453125,32,1.888809323310852,4.830517292022705,4074.64599609375,2044.2255810550553,0.12087286086309523,22.128272184352536,-0.029907038599426505,-100.32948303222656,111.38645935058594,-26.91312599182129,25.05181312561035,-27.335763931274414,1
match12_ambig_0019.mp4,0.07578233629465103,0.010329402051866055,2332.980067983061,-38.32621383666992,3994.4091796875,31,1.8528488874435425,4.70127010345459,3886.48681640625,1823.425570432589,0.18582589285714285,22.548145875148766,-0.011419497069568131,-122.40320587158203,107.60892486572266,-67.07015228271484,22.233177185058594,-14.682439804077148,0
match12_ambig_0020.mp4,0.0811341255903244,0.009421844966709614,2760.273631376019,-45.724205017089844,3875.9765625,27,1.8847877979278564,4.858080863952637,4616.93408203125,1964.971665079921,0.19375,22.81274824071392,-0.006193701367402639,-194.7431182861328,80.38158416748047,-8.039588928222656,32.07585144042969,-42.297645568847656,1
match12_ambig_0021.mp4,0.08670049160718918,0.003795791184529662,1937.3995412759575,-45.5749626159668,3800.6103515625,24,1.8802207708358765,4.807049751281738,3667.546198918269,1879.606201424033,0.12113131009615384,21.94448904422659,0.008235623434490007,-176.24813842773438,124.1077880859375,-28.517822265625,52.431156158447266,-2.8647351264953613,0
match12_ambig_0022.mp4,0.05208989232778549,0.004945570137351751,2040.2683917586567,-45.277183532714844,3617.578125,15,1.9313108921051025,4.756584644317627,4087.1408770161293,2158.5063598175752,0.12482673891129033,22.717356607656026,-0.024167400606394572,-208.17642211914062,118.25968170166016,-12.320398330688477,41.20640182495117,-14.696233749389648,0
match12_ambig_0023.mp4,0.1399170607328415,0.0069677988067269325,2113.121220222039,-43.73133087158203,4059.0087890625,37,1.8222514390945435,4.634289741516113,3831.5643310546875,1925.2693255100235,0.14602225167410715,22.338233780773145,-0.018039848810414334,-90.93174743652344,118.023681640625,-38.9523811340332,23.16264533996582,-26.44009017944336,1
match12_ambig_0024.mp4,0.1580435037612915,0.004791212268173695,1869.83657672662,-45.58354949951172,3875.9765625,22,1.861911654472351,4.717009544372559,3734.6649169921875,1906.8519132202975,0.109130859375,22.406786657830562,-0.033284085304359765,-95.78271484375,120.0274658203125,-38.81786346435547,11.708128929138184,-37.213478088378906,1
match12_ambig_0025.mp4,0.07268944382667542,0.007909853011369705,1878.6055283276658,-37.28997039794922,3768.310546875,22,1.831028938293457,4.837538242340088,3391.1082300646553,1727.4871993647012,0.11196794181034483,21.258507504959326,-0.031792180399224025,-134.4959716796875,125.32485961914062,-62.877498626708984,-1.1591426134109497,-24.636802673339844,0
match12_ambig_0026.mp4,0.11721651256084442,0.004880190826952457,2126.6524250583966,-40.73093032836914,3962.109375,30,1.8318462371826172,4.875251293182373,3768.310546875,1866.1354003218125,0.15338264627659576,21.6385684707755,-0.017051596296344555,-123.96234130859375,118.8988037109375,-38.12200927734375,39.76825714111328,-19.70829963684082,1
match12_ambig_0027.mp4,0.12551093101501465,0.011841418221592903,2034.9847234289955,-44.34378433227539,3779.0771484375,45,1.838006854057312,4.6898088455200195,4105.802095853365,2006.8263057218987,0.10698367387820513,22.583274213191473,0.006187012775234479,-105.84439086914062,109.35913848876953,-36.52655792236328,13.434700012207031,-29.894691467285156,1
match12_ambig_0028.mp4,0.12509246170520782,0.011371778324246407,2100.8677690980567,-45.11494064331055,3639.111328125,31,1.9007631540298462,4.918999195098877,4096.855024857955,2016.7321732153769,0.1351947206439394,22.115850249015015,0.003437130100284108,-109.57331848144531,111.23243713378906,-44.35322952270508,6.15160608291626,-33.00760269165039,1
match12_ambig_0029.mp4,0.12029348313808441,0.007142787799239159,1891.6188199865198,-42.25750732421875,3800.6103515625,17,1.8353251218795776,4.861911773681641,3651.373291015625,1923.6252458506965,0.10674370659722222,21.744058575939615,-0.028249568700601,-102.54856872558594,120.84974670410156,-38.561466217041016,18.009490966796875,-17.768857955932617,1
match12_ambig_0030.mp4,0.16052331030368805,0.004877974279224873,1839.2665109008315,-43.880897521972656,3811.376953125,21,1.8048232793807983,4.777709007263184,3643.2861328125,1879.6679110845535,0.10393415178571429,22.101716614994814,-0.014201126721952229,-80.41002655029297,126.4486083984375,-46.02859115600586,1.0597044229507446,-40.28122329711914,1
match12_ambig_0031.mp4,0.1357734203338623,0.015374153852462769,2289.1674318822047,-44.105464935302734,4231.2744140625,26,1.818598747253418,4.839908599853516,4417.989951685855,2118.1190837825166,0.13150185032894737,20.491024473663614,-0.00197173273877836,-74.0348892211914,96.9764175415039,-49.323307037353516,-3.1259899139404297,-40.083065032958984,0
match12_ambig_0032.mp4,0.10629092156887054,0.01685025729238987,2572.179987137306,-40.22090148925781,3919.04296875,57,1.8194677829742432,4.796626091003418,4709.67041015625,2034.7906979491358,0.19087999131944444,21.954271703936683,0.012217502402460426,-104.99604034423828,96.59963989257812,-32.67182159423828,13.973856925964355,-41.8143310546875,1
match12_ambig_0033.mp4,0.11873997747898102,0.024797314777970314,2306.99939657349,-41.036521911621094,3865.2099609375,55,1.881242275238037,4.708815097808838,4615.4541015625,2172.8103824085592,0.13316902281746032,21.02973888255255,-0.018222068924509113,-87.39997100830078,99.96063232421875,-30.012296676635742,25.942302703857422,-17.087509155273438,1
match12_ambig_0034.mp4,0.11149632185697556,0.011161061935126781,2011.7370047430936,-40.635154724121094,3919.04296875,31,1.8772162199020386,4.722779273986816,3690.9610145970396,1860.6949140802562,0.12880345394736842,20.856956742311638,-8.003930572347293e-05,-84.50433349609375,117.2144546508789,-58.98790740966797,1.2337373495101929,-18.626562118530273,0
match12_ambig_0035.mp4,0.12997190654277802,0.01180213037878275,2012.2655287792925,-39.811763763427734,3757.5439453125,40,1.848606824874878,4.769643306732178,4119.693270596591,1953.6966826319265,0.12778172348484848,21.493480618721083,-0.00010115470322934139,-91.72449493408203,127.70266723632812,-29.884397506713867,27.84848976135254,-28.398897171020508,1
match12_ambig_0036.mp4,0.14770223200321198,0.009930572472512722,2233.3753067537336,-43.31764602661133,3789.84375,29,1.815413475036621,4.809553146362305,4388.368918678977,2042.4141288162884,0.12646484375,21.91473475399371,0.05120051390127507,-72.51943969726562,101.189208984375,-45.64937973022461,18.042797088623047,-21.16149139404297,1
match12_ambig_0037.mp4,0.16635049879550934,0.007288508117198944,2049.583886792303,-45.78193664550781,3929.8095703125,22,1.7684751749038696,4.7032036781311035,4159.2578125,2077.6553529198723,0.10853949652777778,24.19602047466427,0.009231976895064898,-124.59442138671875,99.76203155517578,-5.5377421379089355,23.10883331298828,-57.95199203491211,1
match12_ambig_0038.mp4,0.10210614651441574,0.009774388745427132,1997.5500620048717,-47.78268051147461,3746.77734375,20,1.8259354829788208,4.787293910980225,3776.385498046875,1889.535676399281,0.11865234375,21.78121996635436,0.014052104005171576,-119.48277282714844,117.57669830322266,-48.20933151245117,11.893354415893555,-24.260658264160156,1
match12_ambig_0039.mp4,0.05292386934161186,0.01304860133677721,2767.7586435392695,-41.76457214355469,4134.375,28,1.8550584316253662,4.77296781539917,5002.4322509765625,2316.1933200479907,0.2013671875,22.150929303561817,0.012644987997151793,-188.4072723388672,82.04002380371094,-9.469905853271484,52.1529541015625,-11.679423332214355,0
match12_ambig_0040.mp4,0.12587788701057434,0.0050056688487529755,1777.1585105685676,-41.14115524291992,3789.84375,27,1.8125486373901367,4.9114580154418945,3566.6337176067073,1777.562735939062,0.11039919969512195,22.22013454110016,0.01165040563514658,-85.62232971191406,135.58116149902344,-47.04381561279297,22.88705062866211,-33.05072784423828,1
match12_ambig_0041.mp4,0.13851319253444672,0.0034810928627848625,1725.7610125840934,-45.53345489501953,3768.310546875,21,1.8018285036087036,4.962378025054932,3284.6416766826924,1732.5845996833377,0.08988131009615384,22.660544949093985,0.005212229072175229,-107.06407928466797,130.43475341796875,-49.639225006103516,16.857942581176758,-25.404409408569336,1
match12_ambig_0042.mp4,0.1002422347664833,0.01983613707125187,2239.1607111106887,-40.980377197265625,3962.109375,26,1.8826276063919067,4.887428283691406,4618.564453125,2244.274753714908,0.12693917410714287,20.628244499151442,0.002898859189179833,-94.87942504882812,104.21356964111328,-19.65157127380371,35.95759963989258,-4.658252239227295,0
match12_ambig_0043.mp4,0.13807398080825806,0.004064395558089018,1635.7468754547783,-43.75099182128906,3671.4111328125,20,1.8235344886779785,4.856886863708496,2866.42822265625,1573.42623521868,0.09280598958333333,21.56426524542234,0.03956155907905761,-87.39685821533203,139.8343048095703,-61.1072998046875,5.780429363250732,-24.755062103271484,0
match12_ambig_0044.mp4,0.09836702048778534,0.006659228354692459,2457.5978223569914,-45.2697868347168,4026.708984375,25,1.95967698097229,4.8018059730529785,4246.857653166118,1926.2471499100222,0.18732010690789475,23.55631274118758,0.03423091543371174,-169.4602508544922,92.29718017578125,-34.563140869140625,44.48624038696289,6.475549221038818,0
match12_ambig_0045.mp4,0.12750495970249176,0.007181775290518999,2095.576080784064,-40.01266860961914,3725.244140625,24,1.7852634191513062,5.018856048583984,3962.109375,1790.562674938357,0.12561928353658536,24.762725210363776,-0.009652463730611252,-95.33871459960938,106.47708892822266,-68.64369201660156,18.671247482299805,-40.12384033203125,0
match12_ambig_0046.mp4,0.0777253806591034,0.003273115726187825,1981.8674348971117,-48.24932098388672,3962.109375,37,1.8689906597137451,4.771292209625244,3400.2273559570312,1738.8253121566352,0.15538533528645834,22.41207561251392,-0.009696800467705729,-168.7471923828125,130.72080993652344,-38.88881301879883,15.301613807678223,-44.95600509643555,1
match12_ambig_0047.mp4,0.10111898183822632,0.008434323593974113,1962.6161126633058,-39.94709014892578,3703.7109375,24,1.8031766414642334,4.870721817016602,3655.597686767578,1825.6225905604383,0.1144866943359375,21.739864183499478,-0.03302685572656502,-100.001708984375,120.63845825195312,-57.04399108886719,7.910606861114502,-27.364139556884766,0
match12_ambig_0048.mp4,0.10759174823760986,0.007281889673322439,2318.8250536428222,-49.69369888305664,3757.5439453125,30,1.799210786819458,4.65350866317749,3542.4623001453488,1773.6401465522142,0.18014171511627908,22.21556444919429,-0.005446129458086232,-128.53358459472656,102.6336441040039,-46.699710845947266,35.8382682800293,-18.72984504699707,0
match12_ambig_0049.mp4,0.08045392483472824,0.004032022785395384,1868.3540824749473,-43.95121765136719,3822.1435546875,34,1.9303988218307495,4.720297813415527,3793.098769077035,1923.02665669337,0.11724427688953488,23.076166076801776,0.004030588449259923,-176.983154296875,135.338623046875,-19.280410766601562,27.795286178588867,-32.349571228027344,0
match12_ambig_0050.mp4,0.1400241106748581,0.0126758748665452,2136.806031509998,-43.01197052001953,3854.443359375,46,1.867607831954956,4.752164840698242,4400.731360394022,2111.1871985231905,0.11847543025362318,22.01015892556727,0.016986023273981035,-97.56561279296875,107.61565399169922,-18.759105682373047,30.55900764465332,-21.864444732666016,1
match12_ambig_0051.mp4,0.11963807046413422,0.0037318351678550243,1997.6236483234975,-42.717979431152344,3692.9443359375,37,1.8540030717849731,4.919336795806885,3893.97973232582,1883.6439415489363,0.12598456711065573,23.287747918612673,0.002288516576329723,-129.36956787109375,125.83751678466797,-41.88264846801758,22.81916046142578,-24.403606414794922,1
match12_ambig_0052.mp4,0.06667112559080124,0.011602194979786873,2398.9616151735363,-37.58247756958008,4188.2080078125,18,1.8748281002044678,4.8387932777404785,4245.1513671875,2063.807622446133,0.18518880208333333,22.389904121946323,-0.007143848524513288,-150.41111755371094,106.19252014160156,-40.07244110107422,28.63534927368164,-25.743696212768555,0
match12_ambig_0053.mp4,0.10417632758617401,0.007105888798832893,2097.11618630293,-44.11555862426758,3606.8115234375,38,1.8444228172302246,4.978781700134277,3883.2978515625,1806.7240922766478,0.152470703125,22.27346703778051,-0.02305164153400142,-113.67357635498047,120.6338119506836,-51.727596282958984,26.41687774658203,-22.62362289428711,1
match12_ambig_0054.mp4,0.10624611377716064,0.0031278980895876884,1844.749493799514,-43.835182189941406,4015.9423828125,28,1.8758186101913452,4.696269512176514,3426.715642755682,1895.022989655366,0.10802112926136363,23.64853656604399,0.023439972301130464,-130.93150329589844,132.03890991210938,-41.169002532958984,26.45703125,-7.560882091522217,1
match12_ambig_0055.mp4,0.030513204634189606,0.01243487186729908,2274.7238057773343,-33.28156280517578,4123.6083984375,32,1.8236888647079468,4.617727279663086,4170.351205221036,1939.2038368362857,0.1946217606707317,21.20037388276809,0.010296172351940237,-214.8673553466797,115.1531982421875,-47.94462585449219,28.7786865234375,-12.778416633605957,0
match12_ambig_0056.mp4,0.015118886716663837,0.018644483759999275,2652.0735821615817,-32.535377502441406,3832.91015625,26,1.80714750289917,4.661240100860596,4839.904067095588,2267.7905109031017,0.21253159466911764,21.7709609589352,-0.011256113155213108,-295.1623840332031,99.63377380371094,-14.070476531982422,43.272762298583984,-25.489749908447266,0
match12_ambig_0057.mp4,0.14607471227645874,0.009490539319813251,2079.1290406851267,-38.438602447509766,3951.3427734375,44,1.870204210281372,4.731069564819336,4140.655517578125,2147.3648652684274,0.12210286458333333,22.65621371658117,-0.007558128588739417,-84.88813781738281,113.30720520019531,-20.189117431640625,20.675676345825195,-26.572792053222656,1
match12_ambig_0058.mp4,0.15551087260246277,0.007233882322907448,1834.3637479511747,-44.58083724975586,3951.3427734375,17,1.9043866395950317,4.772968292236328,3881.5335181451615,2074.6311949681485,0.08406313004032258,22.85015726971542,-0.01118358032850097,-97.98971557617188,113.9919204711914,-19.794002532958984,1.390598177909851,-27.08579444885254,0
match12_ambig_0059.mp4,0.16469639539718628,0.006232148967683315,2316.097699033686,-42.779136657714844,3940.576171875,36,1.838741660118103,4.779606819152832,4544.818859565548,2144.136960523383,0.12048637576219512,24.722720334154385,0.055264153535227886,-96.07442474365234,91.35442352294922,-31.704830169677734,21.876632690429688,-18.00676155090332,0
match12_ambig_0060.mp4,0.10082416981458664,0.009124555625021458,2391.4618100595035,-41.00831985473633,3757.5439453125,10,1.8474284410476685,4.935871124267578,4665.193495639535,2061.222593930958,0.13494731104651161,24.182811135844215,0.02553915756499973,-142.69151306152344,78.49308013916016,-47.14249801635742,31.90348243713379,-20.642263412475586,0
match12_ambig_0061.mp4,0.11472892016172409,0.006231904495507479,1807.1682123124854,-48.828277587890625,3940.576171875,25,1.8584437370300293,4.654238700866699,3458.0366654829545,1831.1045770166509,0.11363636363636363,22.52200452310838,0.0035084919909712017,-153.46888732910156,125.83495330810547,-23.12495231628418,31.231111526489258,-19.51774024963379,1
match12_ambig_0062.mp4,0.14072242379188538,0.006068830844014883,2227.2277946627883,-44.121925354003906,3897.509765625,37,1.8929539918899536,4.697272300720215,4362.2039794921875,2182.1664067029565,0.13077218191964285,22.640834676274658,0.0429325411256926,-104.28507995605469,104.56840515136719,-21.850860595703125,25.63627052307129,-30.950679779052734,0
match12_ambig_0063.mp4,0.1321905106306076,0.02148076891899109,2587.639977284596,-41.0151481628418,3617.578125,32,1.8522241115570068,4.838547706604004,5087.785901521382,2277.72762764973,0.16652318050986842,22.13409545554555,-0.03172882891114012,-80.62694549560547,84.13959503173828,-34.12266159057617,19.032018661499023,-24.883588790893555,1
match12_ambig_0064.mp4,0.11695929616689682,0.007220841478556395,2056.5311301965608,-44.39656448364258,4005.17578125,41,1.8308285474777222,4.780557155609131,3874.0482159514927,1855.3291438631127,0.1416161380597015,22.821588631183772,0.02289218955516346,-101.03662109375,117.42000579833984,-53.862701416015625,14.293079376220703,-31.00983428955078,1
match12_ambig_0065.mp4,0.10328952968120575,0.03264695033431053,2812.704995995551,-40.171241760253906,4048.2421875,60,1.8682031631469727,4.910533905029297,5371.246868631114,2354.994709570193,0.18839695142663043,22.017027735884326,-0.010762832715805496,-106.24251556396484,76.2359390258789,-20.840221405029297,34.8763313293457,-20.209138870239258,1
match12_ambig_0066.mp4,0.09759983420372009,0.01711367815732956,2300.838707487134,-38.93000411987305,3843.6767578125,43,1.8586713075637817,4.686821460723877,4333.66268382353,2025.2919185514843,0.1513671875,21.06791661959887,-0.0383243482066169,-89.59870910644531,105.5003433227539,-51.50690841674805,5.890748500823975,-24.291961669921875,0
match12_ambig_0067.mp4,0.143805593252182,0.015188443474471569,2122.893174641773,-42.96532440185547,3875.9765625,41,1.8931803703308105,4.512787818908691,4245.840992647059,2117.577529484167,0.1111749387254902,21.41042223123591,0.005459157210895798,-83.16458892822266,105.06832885742188,-26.14188575744629,24.777381896972656,-19.301454544067383,0
match12_ambig_0068.mp4,0.14414770901203156,0.010699736885726452,2247.559327807705,-40.130775451660156,4349.70703125,27,1.8331084251403809,4.901580810546875,4406.965775923295,2139.931627896526,0.12236993963068182,22.947484045938417,0.012870357585528796,-74.63776397705078,101.73171997070312,-38.9785041809082,-2.4307281970977783,-38.4621467590332,0
match12_ambig_0069.mp4,0.15369468927383423,0.005178285762667656,2046.8572958607272,-40.72828674316406,4349.70703125,30,1.8097069263458252,4.866855621337891,4110.99609375,2027.8275857426167,0.10772879464285715,23.686644433542448,0.006077800125114033,-80.46104431152344,106.72843170166016,-39.80646514892578,3.9620299339294434,-39.491729736328125,0
match12_ambig_0070.mp4,0.038294799625873566,0.005065217148512602,1826.651781850238,-39.064632415771484,4026.708984375,23,1.880157709121704,5.021669387817383,3897.8570753528224,1875.3397872362418,0.1101467993951613,22.931371507635355,-0.04614267287096977,-220.0410919189453,128.5093994140625,-35.08147430419922,21.663793563842773,-36.42457962036133,0
match12_ambig_0071.mp4,0.037994928658008575,0.00537659227848053,2414.563758515774,-40.38325881958008,4198.974609375,14,1.903810739517212,4.842371940612793,4343.455456149193,2113.1911463251136,0.19069745463709678,23.846279831604978,0.01849224265036139,-248.01084899902344,111.4655990600586,-11.557476043701172,35.10095977783203,-25.657869338989258,0
match12_ambig_0072.mp4,0.09422685205936432,0.011042173951864243,2382.4541712928785,-42.100860595703125,3822.1435546875,34,1.8463385105133057,4.845975875854492,4538.260591947115,1996.373217295499,0.13987379807692307,22.86968581869865,-0.006849871542254503,-130.67225646972656,80.49974822998047,-59.09563446044922,19.849899291992188,-14.40380859375,0
match12_ambig_0073.mp4,0.126603364944458,0.016714366152882576,2252.7018714563897,-44.04450225830078,4026.708984375,17,1.851466178894043,4.9328813552856445,4511.456440770349,2148.5550718144978,0.1060592296511628,21.11658793196943,0.009545491268321387,-74.66728973388672,90.71614837646484,-50.83718490600586,-10.82981014251709,-30.46210479736328,0
match12_ambig_0074.mp4,0.056354910135269165,0.004897525999695063,2487.745561275218,-44.329444885253906,3736.0107421875,32,1.813707709312439,4.707370281219482,3976.386824898098,1834.4318720126787,0.20917544157608695,22.97354160653584,0.0023660635051476198,-202.11190795898438,107.10587310791016,-31.737258911132812,45.559295654296875,-34.61202621459961,1
match12_ambig_0075.mp4,0.12997548282146454,0.008166741579771042,2121.455663962766,-41.5814094543457,3639.111328125,18,1.814322829246521,4.878111362457275,4441.744109122984,2108.193562364702,0.11373802923387097,22.31287975261229,0.0006230397273769791,-84.19583129882812,115.26329040527344,-38.320987701416016,-0.280960351228714,-45.605865478515625,0
match12_ambig_0076.mp4,0.10085762292146683,0.020064689218997955,2314.550082310614,-41.48948669433594,3671.4111328125,34,1.849133849143982,4.7931036949157715,4718.5400390625,2214.99947964817,0.139453125,21.233756559995758,-0.013832898808337026,-103.1865005493164,105.07686614990234,-21.61052703857422,22.658653259277344,-19.51568603515625,0
match12_ambig_0077.mp4,0.14978714287281036,0.005874866619706154,2076.8033907433673,-45.933876037597656,3800.6103515625,28,1.8127353191375732,4.676307678222656,4032.630615234375,2037.1822191829876,0.11851806640625,21.923718893813977,-0.03742350021659447,-94.71000671386719,107.88890075683594,-31.712499618530273,31.7653751373291,-14.251405715942383,1
match12_ambig_0078.mp4,0.1337115317583084,0.005497573874890804,2013.0524080612108,-45.2657585144043,3725.244140625,14,1.7605419158935547,4.821160793304443,3578.3321257560483,1763.015309626513,0.10983177923387097,25.23461312989463,4.6015415552722365e-05,-107.42804718017578,102.96565246582031,-68.03926849365234,17.482776641845703,-18.215513229370117,0
match12_ambig_0079.mp4,0.10892923921346664,0.009988702833652496,2057.516522009426,-45.012420654296875,4231.2744140625,17,1.8223960399627686,4.845892906188965,4192.324649586397,2118.176216025887,0.12215647977941177,22.437790918554935,0.0029595748436781217,-139.58909606933594,116.48199462890625,-15.336403846740723,19.52187156677246,-25.115825653076172,0
match12_ambig_0080.mp4,0.04603663086891174,0.010805141180753708,2893.1864909009005,-31.952054977416992,3660.64453125,45,1.8379021883010864,4.873108863830566,5019.255065917969,2140.409524317752,0.235107421875,22.40402223517955,-0.014493504513844117,-196.6678924560547,91.3614273071289,-28.844411849975586,49.94242477416992,-30.45747184753418,0
match12_ambig_0081.mp4,0.12888103723526,0.004636610392481089,2034.6879625012496,-47.50037384033203,3994.4091796875,32,1.836936593055725,4.789886951446533,3635.328468116554,1890.3022650160262,0.11552470439189189,23.191999139361787,-0.002381893105893673,-109.1361312866211,114.81904602050781,-58.03135681152344,5.631019592285156,-25.42681884765625,0
match12_ambig_0082.mp4,0.0955231785774231,0.01230965182185173,2167.5091712426597,-45.117759704589844,3832.91015625,30,1.8630125522613525,4.841264247894287,4418.273283305921,2128.9178093260066,0.11870374177631579,22.512618302935287,0.004285236342900863,-118.6107406616211,103.49188232421875,-33.09054946899414,10.882611274719238,-9.053215026855469,1
match12_ambig_0083.mp4,0.09647434204816818,0.007675772532820702,2184.812706953179,-43.49299621582031,3649.8779296875,23,1.874462604522705,4.936861515045166,4159.802505817819,2031.890900781796,0.15806806848404256,23.086568337447762,0.010334672242649334,-143.96014404296875,117.33407592773438,-32.09405517578125,21.645858764648438,-35.140541076660156,1
match12_ambig_0084.mp4,0.06390423327684402,0.010835545137524605,2727.149837877837,-47.37236404418945,3628.3447265625,23,1.9256505966186523,4.846320629119873,4311.8316650390625,1903.3658607848738,0.20774623325892858,22.006850606986944,-0.017562393097251078,-236.16226196289062,88.40889739990234,-17.568937301635742,42.95281219482422,-36.14749526977539,1
match12_ambig_0085.mp4,0.08827697485685349,0.004218998830765486,2264.64331594561,-41.78990173339844,4026.708984375,31,1.8265507221221924,4.86614465713501,3943.90869140625,1959.1560095518792,0.15804036458333334,22.43341676522289,0.02041469606845953,-146.24044799804688,113.63070678710938,-42.472808837890625,26.840242385864258,-28.81545066833496,0
match12_ambig_0086.mp4,0.08494598418474197,0.019370703026652336,2416.5314875856184,-34.487525939941406,3639.111328125,30,1.8931204080581665,4.793071269989014,4593.75,2092.422154165175,0.16376657196969696,21.274328128424575,-0.018528553435071524,-94.47032928466797,100.103271484375,-53.68553924560547,21.414392471313477,-15.242571830749512,0
match12_ambig_0087.mp4,0.10224039107561111,0.007161499932408333,1910.680368451622,-41.362388610839844,3962.109375,28,1.8206801414489746,4.743490219116211,3846.966552734375,2007.4778318596318,0.11720106336805555,22.085780732173557,-0.019691814926450807,-120.20486450195312,121.22402954101562,-24.233558654785156,18.227434158325195,-30.30887794494629,1
match12_ambig_0088.mp4,0.0828901156783104,0.004319106228649616,2666.246000062332,-41.56112289428711,3649.8779296875,27,1.762977957725525,4.940680980682373,4593.450927734375,2129.343666374577,0.2118869357638889,23.825864694257522,0.0059445085241335745,-173.88023376464844,90.84197998046875,-15.233335494995117,31.18025779724121,-39.679908752441406,1
match12_ambig_0089.mp4,0.10561376065015793,0.005645781755447388,1895.6645008931,-42.418521881103516,3843.6767578125,22,1.82854163646698,4.821291923522949,3509.1943359375,1862.2534479784401,0.127734375,22.014897026079257,0.0018926191197871855,-119.70780181884766,126.0697250366211,-34.63457107543945,26.80259895324707,-20.57674789428711,1
match12_ambig_0090.mp4,0.13519099354743958,0.005810428876429796,2327.841239925726,-44.91603469848633,3854.443359375,40,1.7706079483032227,4.748232364654541,4377.654379986702,2073.943529006473,0.13815242686170212,23.290436502844727,0.022698173460453643,-113.08956146240234,96.69160461425781,-43.865882873535156,24.33293342590332,-21.095870971679688,1
match12_ambig_0091.mp4,0.11306480318307877,0.005203758832067251,2199.0024277091693,-41.74951171875,3660.64453125,33,1.810056447982788,4.864677906036377,4086.875287224265,1940.2893492812686,0.15158739276960784,23.49769498924985,0.005032560200583567,-121.33367156982422,110.12891387939453,-54.54445266723633,13.84797191619873,-30.660781860351562,1
match12_ambig_0092.mp4,0.07427475601434708,0.017528319731354713,2373.3817973485925,-35.76801681518555,3746.77734375,20,1.8821274042129517,4.684540271759033,4045.332295185811,1901.3467717293452,0.17236328125,20.9649043225904,-0.0021965579887337867,-108.52923583984375,98.8327407836914,-74.05318450927734,15.003341674804688,-20.911226272583008,0
match7_ebola.mp4,0.14886657893657684,0.011184917762875557,1874.9972687594343,-46.04572677612305,3725.244140625,41.0,1.8628721237182617,4.87460994720459,3752.5594075520835,1958.0071053925121,0.10127314814814815,18.40773735350492,-0.00816249471527221,-98.84667205810547,118.60018920898438,-29.324806213378906,22.224952697753906,-2.134793519973755,0



















