filename,flatness,band_energy,ridge_length,rolloff,bandwidth,mfcc1,mfcc2,mfcc3,mfcc4,mfcc5,label
match2_whistle_0001.mp4,0.0101849772036075,-43.17733001708984,54,4354.23504125292,2145.963431326122,-84.13662719726562,99.0653076171875,-14.437005043029783,19.9832820892334,-22.985239028930664,1
match2_whistle_0002.mp4,0.0017676367424428,-46.4167594909668,43,4402.150800151209,2037.5458416736235,-189.8340759277344,99.24591827392578,9.387755393981934,64.01026916503906,-11.8096284866333,1
match2_whistle_0003.mp4,0.0075417351908981,-43.99576187133789,51,3745.5810546875,1958.060060859484,-121.15470123291016,125.77099609375,-18.575035095214844,43.72697067260742,-13.236515998840332,1
match2_whistle_0004.mp4,0.0160289071500301,-34.883575439453125,45,4934.859306867733,2302.0896882452003,-105.74111938476562,101.71444702148438,-12.924025535583496,47.13755798339844,-20.387086868286133,0
match2_whistle_0005.mp4,0.0127453841269016,-44.476837158203125,47,4508.269708806818,2192.3155302596983,-58.59491729736328,101.67572784423828,-30.93835830688477,6.274321556091309,-22.209453582763672,1
match2_whistle_0006.mp4,0.005648551043123,-44.820560455322266,61,4223.995584837148,2065.621900524852,-182.50363159179688,112.97840881347656,-10.47898292541504,39.56853485107422,-24.943172454833984,1
match2_whistle_0007.mp4,0.0038727775681763,-44.946868896484375,47,4410.873811141304,2035.3849837496653,-202.8208923339844,113.94698333740234,-4.589513301849365,47.44657516479492,-19.33089828491211,1
match2_whistle_0008.mp4,0.0096763195469975,-46.63352584838867,43,4226.682775160845,2098.550220670208,-92.09773254394533,114.87887573242188,-25.989910125732425,15.382503509521484,-23.17098426818848,1
match2_whistle_0009.mp4,0.0056438408792018,-42.47078704833984,27,3752.16064453125,1979.2593751412928,-66.64152526855469,127.6808624267578,-34.27116394042969,3.2746644020080566,-34.76902389526367,1
match2_whistle_0010.mp4,0.0078601595014333,-43.81118392944336,31,4456.53190612793,2174.541373190966,-98.82766723632812,104.04886627197266,-22.769939422607425,31.25312042236328,-17.17997169494629,0
match2_whistle_0011.mp4,0.0101140877231955,-45.28348922729492,54,4914.873265508396,2273.85557167206,-48.90920639038086,95.34937286376952,-25.48224449157715,5.685327529907227,-28.243284225463867,1
match2_whistle_0012.mp4,0.0058897174894809,-38.7622184753418,88,3964.629217918883,1898.44385019429,-119.61112213134766,113.41297149658205,-42.229339599609375,31.836599349975582,-21.9716796875,1
match2_whistle_0013.mp4,0.0057707163505256,-43.10559844970703,49,4039.348038383152,2000.9885876531664,-127.9072265625,112.35216522216795,-26.43320655822754,43.67778396606445,-15.472543716430664,1
match2_whistle_0014.mp4,0.0074443677440285,-46.049991607666016,47,4220.25146484375,2090.8877517968126,-58.74119186401367,115.31490325927734,-34.33194732666016,-2.0680415630340576,-33.867557525634766,1
match2_whistle_0015.mp4,0.0046736970543861,-46.1259651184082,51,4437.63427734375,2195.9003079931485,-87.49130249023438,104.05947875976562,-18.503347396850582,23.596813201904297,-21.939903259277344,1
match2_whistle_0016.mp4,0.0087026823312044,-42.15566635131836,51,3894.511471518988,2045.498229160238,-84.52840423583984,126.487060546875,-25.94474029541016,17.489749908447266,-24.162199020385746,1
match2_whistle_0017.mp4,0.0069011193700134,-43.44353485107422,45,4378.9921875,2157.7210667201102,-143.51638793945312,111.099365234375,-7.99176025390625,42.49689102172852,-16.927167892456055,1
match2_whistle_0018.mp4,0.0062322854064404,-41.79999542236328,32,3738.565528998941,1898.89117754972,-100.34617614746094,113.62322998046876,-37.22019577026367,39.9268913269043,-3.038433790206909,0
match2_whistle_0019.mp4,0.0063945562578737,-47.471954345703125,57,3838.147962415541,1903.092782382216,-104.83032989501952,122.73133850097656,-37.89704132080078,39.02922058105469,-13.585969924926758,1
match2_whistle_0020.mp4,0.0105914380401372,-38.83927154541016,72,4664.874822443182,2252.743673349412,-87.67149353027344,106.77574920654295,-21.30938148498535,30.686189651489254,-20.85064697265625,0
match2_whistle_0021.mp4,0.0081735327839851,-43.91595458984375,43,4451.512744758703,2157.734469272124,-48.99082946777344,104.87308502197266,-30.130510330200195,13.086570739746094,-19.298717498779297,1
match2_whistle_0022.mp4,0.0023853408638387,-49.06294631958008,50,3649.0744519589553,2033.2533074541225,-146.3605194091797,122.72637176513672,-5.171020984649658,42.85387420654297,-13.552786827087402,1
match2_whistle_0023.mp4,0.0071395342238247,-44.57054138183594,51,4138.357167701199,2131.4772133667657,-113.6925811767578,119.73845672607422,-23.871137619018555,24.71199989318848,-6.026815414428711,0
match2_whistle_0024.mp4,0.0119669586420059,-40.59747314453125,61,3961.7927102481617,2052.854961049928,-53.45193862915039,115.4508819580078,-39.771366119384766,13.72426986694336,-24.4493350982666,1
match2_whistle_0025.mp4,0.0048978286795318,-42.60031509399414,40,3647.724609375,2031.270921599836,-110.4347686767578,119.7142333984375,-17.716094970703125,40.938995361328125,-6.78838586807251,1
match2_whistle_0026.mp4,0.0119411228224635,-41.39273071289063,45,4550.527556046196,2226.198614049609,-59.553836822509766,108.26386260986328,-25.32819938659668,5.873414993286133,-33.597206115722656,1
match2_whistle_0027.mp4,0.0183523558080196,-44.00679016113281,46,4699.801025390625,2127.7127991191587,-79.66812133789062,99.2269058227539,-36.54611587524414,32.415950775146484,-24.131946563720703,0
match2_whistle_0028.mp4,0.0065402328036725,-44.98989486694336,43,4319.257736206055,2144.616223050918,-64.6135025024414,108.67882537841795,-28.67259979248047,16.45923614501953,-28.15913772583008,1
match2_whistle_0029.mp4,0.0088898120447993,-39.83632659912109,41,4143.26171875,2147.9041267471,-134.8316192626953,107.69430541992188,-24.044904708862305,34.994224548339844,-20.12907600402832,1
match2_whistle_0030.mp4,0.0060953083448112,-45.42594909667969,41,4073.0984157986113,2010.1173282918676,-121.95184326171876,114.63897705078124,-22.50341415405273,37.92556381225586,-18.758081436157227,1
match2_whistle_0031.mp4,0.0066131185740232,-48.06747817993164,42,4238.171768188477,2140.5383640094024,-106.36749267578124,108.42933654785156,-26.375537872314453,27.51022720336914,-15.413966178894045,1
match2_whistle_0032.mp4,0.0065058637410402,-44.92195510864258,48,3657.1028859991775,1946.5762782909835,-72.559326171875,122.62593841552734,-35.54203414916992,22.682527542114254,-17.76848030090332,1
match2_whistle_0033.mp4,0.0022522532381117,-49.66293716430664,49,3591.5027618408203,1990.2782090662204,-120.7194366455078,122.28893280029295,-21.42123794555664,42.68537902832031,-9.451289176940918,1
match2_whistle_0034.mp4,0.0081280199810862,-40.93849563598633,86,4231.570742545871,2109.1474394790685,-50.16801834106445,115.9266586303711,-31.863357543945312,7.136945724487305,-30.2968864440918,1
match2_whistle_0035.mp4,0.0093818474560976,-43.407833099365234,71,3901.6156730005296,2013.7626506189404,-100.79120635986328,115.72449493408205,-30.806716918945312,21.22454643249512,-26.3300724029541,1
match2_whistle_0036.mp4,0.0113629214465618,-36.72354507446289,83,4777.251797970211,2204.054733720118,-116.68810272216795,117.36741638183594,-12.953299522399902,39.150917053222656,-19.995847702026367,1
match2_whistle_0037.mp4,0.0057952306233346,-46.21110534667969,54,3689.5263671875,1874.8706129989123,-166.716796875,137.32147216796875,-10.547077178955078,38.06755447387695,-17.78842544555664,0
match2_whistle_0038.mp4,0.0159422717988491,-38.01423263549805,53,4096.470662992295,2017.9710945067063,-61.73884963989258,109.94363403320312,-47.86043167114258,12.89292812347412,-17.360525131225586,1
match2_whistle_0039.mp4,0.0074079018086194,-43.47084045410156,63,3940.879456426057,2074.929564124754,-111.04065704345705,114.79273986816406,-23.205055236816406,26.864730834960938,-17.308509826660156,1
match2_whistle_0040.mp4,0.0051716375164687,-43.36851501464844,36,3983.642578125,2053.337390841118,-147.13209533691406,112.84990692138672,-17.0869083404541,39.58113098144531,-16.982257843017578,1
match2_whistle_0041.mp4,0.0079992488026618,-45.317291259765625,56,3836.8016989834337,1944.7702642544373,-76.06112670898438,125.73865509033205,-29.866640090942383,34.84767150878906,-19.27071762084961,0
match2_whistle_0042.mp4,0.0065837372094392,-40.3386116027832,55,4269.7052001953125,2229.589051974732,-80.34349060058594,114.14933013916016,-12.473906517028809,27.3701171875,-27.509986877441406,1
match2_whistle_0043.mp4,0.0205815527588129,-40.46837615966797,34,4551.8499755859375,2162.1253148751725,-128.17752075195312,106.8911361694336,-22.363224029541016,33.79529571533203,-18.709461212158203,1
match2_whistle_0044.mp4,0.0063854125328361,-44.095027923583984,35,4126.125266335227,2099.489395491816,-109.64845275878906,111.43049621582033,-12.513187408447266,40.6714096069336,-20.727689743041992,1
match2_whistle_0045.mp4,0.0075067160651087,-43.827125549316406,33,3992.9736328125,2018.2804728449928,-101.20628356933594,118.4490203857422,-21.1845645904541,42.51932144165039,-20.406835556030277,1
match2_whistle_0046.mp4,0.0062832841649651,-42.59120941162109,89,3792.6611784462616,1957.5289424365096,-73.07966613769531,126.77839660644533,-34.097267150878906,23.133703231811523,-26.01360893249512,1
match2_whistle_0047.mp4,0.0078052692115306,-40.72916030883789,46,4178.084188432836,2144.354258088387,-109.94881439208984,113.28446197509766,-20.092344284057617,35.78419494628906,-13.889852523803713,1
match2_whistle_0048.mp4,0.0077974540181458,-45.69528198242188,37,4161.705603966346,2116.0978019548347,-60.864219665527344,116.49031066894533,-24.88464736938477,22.63655662536621,-22.69598388671875,1
match2_whistle_0049.mp4,0.0086773103103041,-44.51899719238281,50,4096.422729492188,2146.5702855205345,-70.1954574584961,108.9238510131836,-30.438060760498047,21.13336753845215,-13.354333877563477,1
match2_whistle_0050.mp4,0.0088228425011038,-41.859493255615234,46,4274.167165448589,2108.798759961516,-120.83623504638672,111.47547912597656,-23.40420913696289,50.4076042175293,-8.149784088134766,0
match2_whistle_0051.mp4,0.0080677131190896,-44.46430969238281,31,3747.142313294492,1912.1789964052675,-96.00214385986328,129.41323852539062,-38.3876953125,24.572111129760746,-12.50148105621338,0
match2_whistle_0052.mp4,0.0033212886191904,-42.59039688110352,81,4095.6988584648057,2051.1333078788166,-95.90774536132812,105.89716339111328,-23.66181945800781,25.54815101623535,-21.48460960388184,1
match2_whistle_0053.mp4,0.0129871712997555,-41.36562347412109,62,4199.297607421875,2060.3718374226983,-78.14129638671875,110.83018493652344,-36.0900993347168,30.054821014404297,-10.725115776062012,0
match2_whistle_0054.mp4,0.0031132951844483,-46.194313049316406,27,4092.868970788044,2129.727350531604,-87.3448257446289,117.5325698852539,-22.040620803833008,12.544897079467772,-37.15849685668945,1
match2_whistle_0055.mp4,0.0078825168311595,-40.821067810058594,82,3761.343922334559,1969.7602182420453,-82.2331314086914,123.16107177734376,-35.206295013427734,16.918325424194336,-22.169214248657227,1
match2_whistle_0056.mp4,0.0126047199591994,-41.06972122192383,74,4135.194197944973,2085.805431278842,-105.28323364257812,111.4022445678711,-27.5180721282959,25.426668167114254,-19.95758819580078,1
match2_whistle_0057.mp4,0.0094866026192903,-46.24884033203125,36,4500.118062033582,2146.375464117854,-70.017578125,101.58344268798828,-31.585620880126957,17.300783157348633,-17.241390228271484,1
match2_whistle_0058.mp4,0.0099382679909467,-39.91349792480469,93,4152.6123046875,2088.840155513504,-117.63359832763672,112.36566925048828,-23.112762451171875,34.8632926940918,-17.566564559936523,1
match2_whistle_0059.mp4,0.0041512534953653,-46.82430267333984,73,3678.394874366554,1962.777365534778,-112.16520690917967,121.87561798095705,-29.48228645324707,43.22433853149414,-10.816082000732422,1
match2_whistle_0060.mp4,0.0065003302879631,-43.16918563842773,51,4097.258557771382,2083.2254999596407,-96.78376007080078,123.18426513671876,-29.093374252319336,27.820276260375977,-13.774242401123049,0
match2_whistle_0061.mp4,0.0113001512363553,-43.60173416137695,66,4488.559065193966,2133.366826275486,-49.13985443115234,102.94659423828124,-39.7710189819336,5.895164966583252,-23.55890464782715,1
match2_whistle_0062.mp4,0.0137659683823585,-39.59084701538086,64,4580.516052246094,2166.0840595356726,-113.39090728759766,99.50679779052734,-29.369369506835938,26.7457218170166,-12.684768676757812,1
match2_whistle_0063.mp4,0.0073965205810964,-43.997650146484375,49,3970.750989412007,2043.744009899089,-116.69225311279295,120.6714859008789,-23.127975463867188,24.612817764282227,-24.492084503173828,1
match2_whistle_0064.mp4,0.0194406677037477,-38.51911544799805,47,4548.9719801682695,2212.846165065599,-73.53324890136719,105.38369750976562,-30.04038429260254,19.787677764892575,-15.622650146484377,1
match2_whistle_0065.mp4,0.0082313986495137,-39.83928298950195,69,3890.40839012633,2000.0228320594244,-83.38031768798828,117.4743194580078,-47.56386566162109,18.46185111999512,-19.968721389770508,1
match2_whistle_0066.mp4,0.0056429104879498,-43.37945938110352,54,3864.381760817308,1896.6024631590717,-94.93079376220705,108.28136444091795,-42.93935775756836,59.91699981689453,-8.705548286437988,1
match2_whistle_0067.mp4,0.007961300201714,-45.73468017578125,53,4261.758165474397,2122.727910550298,-84.0703125,106.63130950927734,-32.813377380371094,24.20422744750977,-12.166269302368164,1
match2_whistle_0068.mp4,0.0076114377006888,-44.79350280761719,62,3629.582266971983,1890.6764755516572,-75.7398910522461,121.9913330078125,-44.59657287597656,16.494192123413086,-25.10425567626953,1
match2_whistle_0069.mp4,0.0115791168063879,-44.48862457275391,63,4195.697817595109,2095.45965497911,-78.75474548339844,111.91832733154295,-26.67990493774414,31.40023422241211,-20.203109741210938,1
match2_whistle_0070.mp4,0.0079532628878951,-41.36465835571289,32,3674.588162781762,1970.2956255066183,-46.1177864074707,127.68801879882812,-26.432281494140625,43.70797348022461,-12.48434352874756,0
match2_whistle_0071.mp4,0.006455133203417,-42.2342414855957,43,3721.423733618952,1983.786630065949,-41.85152816772461,123.92433166503906,-25.88479995727539,41.76817321777344,-12.009498596191406,0
match2_whistle_0072.mp4,0.0100701004266738,-36.32365798950195,97,4266.224459134615,2175.724548223045,-61.989933013916016,115.45272827148438,-17.39190673828125,44.14912796020508,-24.16455841064453,1
match2_whistle_0073.mp4,0.0103736789897084,-39.308868408203125,66,4059.575452302632,2127.611970520864,-44.195343017578125,122.09123229980467,-14.91359043121338,33.58876037597656,-20.763935089111328,1
match2_whistle_0074.mp4,0.0031327188480645,-44.17564010620117,54,3864.806213378906,1993.181819372016,-135.9102783203125,126.7213134765625,-17.506288528442383,35.28529739379883,-31.63924789428711,1
match2_whistle_0075.mp4,0.0058700996451079,-46.87896728515625,67,3734.4524182771374,1991.6618813495948,-67.7451400756836,121.85608673095705,-30.772802352905277,15.145973205566406,-21.79705238342285,1
match2_whistle_0076.mp4,0.0076806484721601,-47.37100982666016,42,4597.471788194444,2094.931868761894,-127.40436553955078,110.49300384521484,-21.262775421142575,35.44911575317383,-21.47997283935547,1
match2_whistle_0077.mp4,0.0059977951459586,-43.54286193847656,33,4864.821624755859,2131.96197617913,-163.24249267578125,100.41421508789062,-7.73467206954956,45.77959442138672,-17.203350067138672,1
match2_whistle_0078.mp4,0.0084840161725878,-42.97091674804688,42,3768.448580228365,1969.7026027697727,-99.87071990966795,124.86424255371094,-28.248462677001957,26.853954315185547,-15.738808631896973,1
match2_whistle_0079.mp4,0.0048279892653226,-42.455322265625,42,4132.125262360075,2098.701597862822,-130.4991455078125,115.1124038696289,-15.74729824066162,40.06025695800781,-19.266660690307617,1
match2_whistle_0080.mp4,0.0190157108008861,-40.48637390136719,61,4552.586125753012,2180.4880709352697,-80.14891052246094,109.04937744140624,-21.75581741333008,31.83843994140625,-16.22626304626465,0
match2_whistle_0081.mp4,0.0185024980455636,-40.14525604248047,56,4441.780037715517,2206.3467158503345,-45.302005767822266,107.3576889038086,-27.18831443786621,9.888345718383787,-15.919329643249512,1
match2_whistle_0082.mp4,0.00784557685256,-43.66070556640625,61,4320.001588384789,2111.294121442403,-56.55337142944336,110.47850036621094,-32.417694091796875,1.0764516592025757,-38.42239761352539,1
match2_whistle_0083.mp4,0.0044875973835587,-48.90034866333008,60,4454.648966961597,2061.506623333321,-180.1724548339844,107.4866943359375,-5.049232006072998,41.99057388305664,-17.347719192504883,1
match2_whistle_0084.mp4,0.0026649755891412,-44.426605224609375,43,4021.1044520547935,2121.209268124612,-162.4422607421875,113.15518188476562,-1.89624547958374,53.46131134033203,-17.816251754760742,1
match2_whistle_0085.mp4,0.0094885779544711,-44.81044769287109,50,4412.074540301067,2216.1645218811504,-63.35922622680664,112.8911361694336,-20.3975772857666,10.681255340576172,-26.36079788208008,1
match2_whistle_0086.mp4,0.0019341517472639,-49.24343490600586,62,3942.7294921875,2003.409516204492,-146.17572021484375,118.0575942993164,-7.40582275390625,35.17105865478516,-23.381515502929688,1
match2_whistle_0087.mp4,0.0068701873533427,-45.96042251586914,51,3663.037109375,1991.3576649105007,-72.07295227050781,119.77214813232422,-34.469120025634766,10.657005310058594,-25.690860748291016,1
match2_whistle_0088.mp4,0.0054887421429157,-44.52078628540039,25,5165.313971532534,2353.3862960670435,-80.83902740478516,92.62813568115234,-8.882176399230957,18.22213363647461,-8.42713737487793,0
match2_whistle_0089.mp4,0.0058009671047329,-45.92056274414063,42,4290.995407104492,2122.044841245285,-97.66128540039062,110.6101531982422,-22.850509643554688,23.07528305053711,-12.85464096069336,0
match2_whistle_0090.mp4,0.0030139642767608,-46.03874969482422,47,3859.82666015625,2083.8895223205777,-145.042724609375,113.6655502319336,-0.5164929032325745,57.389381408691406,-13.235708236694336,1
match2_whistle_0091.mp4,0.0037818462587893,-43.78878021240234,49,3977.054060750933,2055.4823935721565,-140.72434997558594,111.49276733398438,-5.392645835876465,45.96968460083008,-13.846293449401855,1
match2_whistle_0092.mp4,0.0187206827104091,-38.11017227172852,43,5129.2388916015625,2297.1770543436905,-103.88127136230467,101.78688049316406,-8.200481414794922,44.77228927612305,-14.802056312561035,0
match2_whistle_0093.mp4,0.005461505614221,-46.70347595214844,49,3916.519546508789,2032.618310845929,-81.78271484375,118.46314239501952,-26.02133560180664,5.57798433303833,-36.2033805847168,1
match2_whistle_0094.mp4,0.0053684557788074,-41.409664154052734,77,3835.241069990335,1946.0151323003715,-174.66416931152344,123.0299301147461,-19.31699562072754,40.76775360107422,-22.431964874267575,1
match2_whistle_0095.mp4,0.0084067024290561,-41.23556900024414,62,3882.3185332833914,2055.1311607207244,-89.62848663330078,115.2025375366211,-24.921031951904297,35.762245178222656,-13.09516716003418,1
match2_whistle_0096.mp4,0.0063781994394958,-44.38582229614258,46,3642.624640213816,1987.7740303784144,-63.49869918823242,122.85870361328124,-27.49171257019043,17.981348037719727,-20.41161346435547,1
match2_whistle_0097.mp4,0.0041148979216814,-43.1923713684082,56,3818.035246196546,1953.7546898882229,-145.8778076171875,122.74851989746094,-20.3055362701416,43.25483703613281,-18.7342472076416,1
match2_whistle_0098.mp4,0.0108349081128835,-43.5903549194336,61,4154.759765625,2092.164493794988,-47.52605056762695,113.90206909179688,-36.87394714355469,-7.032642364501953,-35.60880279541016,1
match2_whistle_0099.mp4,0.0069538312964141,-44.41132354736328,51,3957.1673283811474,2067.309678574446,-69.18970489501953,119.8667221069336,-22.61652374267578,14.481550216674805,-33.43949890136719,1
match2_whistle_0100.mp4,0.0068777967244386,-43.7795295715332,61,3734.93408203125,1955.44979061935,-71.91072845458984,123.76963806152344,-34.970848083496094,6.756316661834717,-35.328731536865234,1
match2_whistle_0101.mp4,0.006907136645168,-42.87554550170898,60,3658.1479279891305,1888.7142331054288,-124.01348876953124,120.66055297851562,-41.1147346496582,23.94142341613769,-22.958852767944336,1
match2_whistle_0102.mp4,0.0243439450860023,-36.98271560668945,35,4355.579723011364,2163.488873889834,-45.55985641479492,106.97765350341795,-30.89786148071289,9.192455291748049,-16.96275520324707,1
match2_whistle_0103.mp4,0.0092684859409928,-45.08426284790039,48,4005.3466796875,2032.7752670919672,-67.88379669189453,120.3595733642578,-30.055784225463867,21.246728897094727,-22.07689666748047,0
match2_whistle_0104.mp4,0.0157073270529508,-46.63951110839844,51,5299.232796446918,2321.506741595328,-69.91303253173828,87.940673828125,-18.19449234008789,2.518374443054199,-38.01813507080078,1
match2_whistle_0105.mp4,0.0113601153716444,-42.574588775634766,53,4057.628455528846,2069.8043060633054,-90.78287506103516,113.64373016357422,-33.57183074951172,12.980782508850098,-18.62404441833496,1
match2_whistle_0106.mp4,0.0056127966381609,-41.92068099975586,45,4386.699969951923,2157.7346374866106,-111.72037506103516,113.10948944091795,-14.014812469482422,43.97929000854492,-24.972980499267575,1
match2_whistle_0107.mp4,0.0051529644988477,-43.62321472167969,39,3913.916015625,2001.8962002677604,-117.6766357421875,128.19998168945312,-22.315086364746094,39.12018585205078,-17.11512565612793,1
match2_whistle_0108.mp4,0.005459014326334,-44.7393913269043,41,3583.320756392045,1756.3767209859257,-82.5791015625,135.591552734375,-46.38407897949219,35.20201110839844,-27.0035400390625,0
match2_whistle_0109.mp4,0.0206509660929441,-41.46739959716797,32,4560.4248046875,2208.594150065035,-66.98312377929688,103.54464721679688,-26.93592834472656,15.041004180908203,-16.995487213134766,1
match2_whistle_0110.mp4,0.0031195930205285,-47.28687286376953,37,4013.591056034483,2076.2545446891518,-126.82564544677734,120.80709838867188,-16.926464080810547,23.453521728515625,-24.512304306030277,1
match2_whistle_0111.mp4,0.0082948999479413,-41.64929962158203,48,4195.56884765625,2106.864267700101,-78.03031921386719,110.09954071044922,-28.096752166748047,27.652732849121094,-20.645339965820312,1
match2_whistle_0112.mp4,0.0068202917464077,-42.33477020263672,36,3692.206897474315,1969.275998466521,-91.70868682861328,123.63270568847656,-26.451417922973636,29.786794662475582,-16.530277252197266,1
match2_whistle_0113.mp4,0.0059356912970542,-42.781585693359375,80,3833.1605423328488,1984.4731185163944,-79.21431732177734,122.78826904296876,-33.381649017333984,20.568708419799805,-26.17464828491211,1
match2_whistle_0114.mp4,0.0034032564144581,-41.59749984741211,26,3653.466796875,1910.768796872268,-102.25626373291016,127.33092498779295,-30.52186393737793,35.60588455200195,-23.434717178344727,1
match2_whistle_0115.mp4,0.0183245595544576,-43.07609939575195,53,4622.2216796875,2236.863373987428,-42.9012451171875,105.70326232910156,-26.4758358001709,8.768709182739258,-20.23314476013184,1
match2_whistle_0116.mp4,0.0063946233130991,-44.840476989746094,31,4458.176524603545,2043.767753867636,-107.4755859375,107.26827239990234,-20.099666595458984,42.08583068847656,-23.088706970214844,1
match2_whistle_0117.mp4,0.008248328231275,-45.77752685546875,55,3753.2373046875,1992.824871510082,-73.2147445678711,120.48011016845705,-29.88991928100586,11.67345905303955,-33.29793930053711,1
match2_whistle_0118.mp4,0.0047137457877397,-36.87767028808594,100,3978.208966121496,1909.0095881896705,-126.58747100830078,109.91123962402344,-29.07331275939941,45.92625427246094,-16.976728439331055,1
match2_whistle_0119.mp4,0.0057650310918688,-44.97255706787109,50,3948.4541730182927,2060.669583833016,-122.65927124023438,109.13069152832033,-16.2386474609375,44.4328727722168,-16.126712799072266,1
match2_whistle_0120.mp4,0.0047702849842607,-44.502479553222656,58,3609.3685913085938,1900.159272221612,-64.07861328125,127.29730224609376,-37.84955596923828,17.54363441467285,-31.840206146240234,1
match2_whistle_0121.mp4,0.0050277006812393,-42.918060302734375,44,3645.2221019847975,1923.937801944833,-88.1091079711914,129.8238067626953,-29.44467544555664,20.9305477142334,-11.645132064819336,0
match2_whistle_0122.mp4,0.0048957387916743,-40.55784225463867,30,3800.2630418346776,1913.727502536332,-65.95553588867188,127.1174774169922,-37.81805038452149,4.943848133087158,-48.13716125488281,1
match2_whistle_0123.mp4,0.0072257141582667,-42.18486404418945,73,4520.762925737359,2272.969590612116,-76.20625305175781,105.03034210205078,-16.0119686126709,13.82422161102295,-21.403400421142575,1
match2_whistle_0124.mp4,0.0097148399800062,-42.22482681274414,45,3967.3388671875,2054.809082566556,-58.43626403808594,121.3172607421875,-25.837371826171875,44.30014801025391,-10.062660217285156,0
match2_whistle_0125.mp4,0.0064256386831402,-42.19749069213867,84,4109.632521409255,2126.754270504603,-64.375244140625,118.62703704833984,-20.16282081604004,43.45852279663086,-20.365917205810547,1
match2_whistle_0126.mp4,0.0048112287186086,-42.3355712890625,47,3823.7999549278848,2033.7471015879191,-99.5073013305664,127.4492645263672,-21.56635856628418,35.38634490966797,-21.84105491638184,1
match2_whistle_0127.mp4,0.0176965650171041,-43.62218475341797,58,4214.443864493534,2068.7853027590945,-31.99544334411621,116.52574157714844,-34.69578552246094,10.913402557373049,-17.268657684326172,1
match2_whistle_0128.mp4,0.0121995024383068,-42.240631103515625,56,4586.152787642045,2198.698413441127,-61.62583160400391,107.3115234375,-27.67392921447754,3.771050453186035,-24.84980010986328,1
match2_whistle_0129.mp4,0.0074337138794362,-44.665504455566406,78,4138.9892578125,1957.3716923011823,-111.82363891601562,112.59969329833984,-39.82100296020508,23.381750106811523,-10.714159965515137,1
match2_whistle_0130.mp4,0.0099034141749143,-43.341896057128906,34,4762.014920594263,2286.4503697648,-44.03693008422852,106.64655303955078,-10.395055770874023,44.94475936889648,-7.339759826660156,0
match2_whistle_0131.mp4,0.0087143890559673,-45.09870910644531,47,4291.0888671875,2146.3009054983363,-44.9190559387207,116.2197494506836,-17.871612548828125,41.48185729980469,-6.683946132659912,0
match2_whistle_0132.mp4,0.0050844713114202,-39.50279235839844,89,3767.728568412162,2018.273474123236,-70.08499908447266,123.74217987060548,-24.37161445617676,47.31305313110352,-14.091578483581545,1
match2_whistle_0133.mp4,0.0108271967619657,-44.11690139770508,47,4224.141540527344,2145.553134416644,-70.38450622558594,110.1698226928711,-26.334949493408203,11.539060592651367,-19.42826271057129,1
match2_whistle_0134.mp4,0.0048839687369763,-39.289039611816406,83,4235.80242406542,2214.7911248237715,-97.53791809082033,112.5181655883789,0.2800548672676086,59.95613861083984,-15.38089370727539,1
match2_whistle_0135.mp4,0.008400403894484,-43.66938400268555,40,4121.350885206653,2148.7730204931736,-49.07265090942383,123.72022247314452,-10.491986274719238,34.75687789916992,-18.30963516235352,1
match2_whistle_0136.mp4,0.0095349885523319,-43.9644889831543,35,4772.637337698064,2312.1094052188005,-69.30227661132812,110.2818603515625,-1.9291430711746216,47.041751861572266,-10.00578784942627,0
match2_whistle_0137.mp4,0.00536003196612,-45.253684997558594,40,3751.121761924342,1991.3997689286875,-84.53760528564453,126.56761932373048,-29.191272735595703,28.943378448486328,-16.3881893157959,0
match2_whistle_0138.mp4,0.0048182066529989,-46.10409164428711,38,3775.983297413793,1938.17062953975,-102.89611053466795,123.51300048828124,-35.78654861450195,26.760087966918945,-18.568344116210938,0
match2_whistle_0139.mp4,0.0052292556501924,-45.702911376953125,42,3727.815269356344,2004.90765787349,-77.85829162597656,122.88301849365234,-22.526853561401367,21.83766746520996,-22.81964492797852,1
match2_whistle_0140.mp4,0.0045420005917549,-45.397308349609375,77,4843.4326171875,2319.8855970806017,-97.2416763305664,97.9075164794922,-6.12784481048584,36.05597686767578,-12.902711868286133,1
match2_whistle_0141.mp4,0.0064489506185054,-41.13985824584961,43,3889.285278320313,1994.0457082633293,-102.9480972290039,112.86382293701172,-28.07626342773437,37.95072937011719,-17.273189544677734,1
match2_whistle_0142.mp4,0.0035447012633085,-38.69081878662109,26,3916.596013849432,2020.4786126563863,-92.5457763671875,128.550537109375,-32.53608703613281,13.230393409729004,-41.09522247314453,1
match2_whistle_0143.mp4,0.0061235995963215,-44.87361907958984,44,4452.69191576087,2072.058140258465,-153.9609375,100.08014678955078,-4.767055988311768,48.74723434448242,-25.322643280029297,1
match2_whistle_0144.mp4,0.0064611220732331,-44.07253646850586,32,4153.7548828125,2114.039583738016,-59.01402282714844,113.9122314453125,-25.196495056152344,14.349153518676758,-26.12411880493164,1
match2_whistle_0145.mp4,0.0103909410536289,-41.79118728637695,34,4609.541015625,2117.180929054306,-140.68043518066406,118.2992706298828,-20.231321334838867,39.1109504699707,-18.864933013916016,0
match2_whistle_0146.mp4,0.0038603043649345,-46.40533065795898,42,4138.377967247596,2033.0891529397104,-97.20548248291016,109.31908416748048,-24.313478469848636,31.947444915771484,-23.98252296447754,1
match2_whistle_0147.mp4,0.0069094323553144,-40.04732894897461,84,3975.343322753906,1899.102103258169,-105.46953582763672,119.08121490478516,-35.42791748046875,25.83693504333496,-27.002145767211918,1
match2_whistle_0148.mp4,0.005534169729799,-45.36083221435547,46,4655.657958984375,2197.757878845957,-70.53327178955078,104.36157989501952,-21.40842056274414,5.18571662902832,-29.11141014099121,1
match2_whistle_0149.mp4,0.0062601654790341,-45.04423904418945,72,4408.118938577586,2085.764502580007,-117.31588745117188,108.33883666992188,-27.107994079589844,32.91287612915039,-18.949234008789062,1
match2_whistle_0150.mp4,0.0040212864987552,-44.5126838684082,45,3661.676945098459,1857.9234568991144,-116.79144287109376,124.17288970947266,-40.67205429077149,36.89583206176758,-25.54514503479004,1
match2_whistle_0151.mp4,0.0135750547051429,-38.82714080810547,72,4313.244140625,2181.726695915361,-78.26893615722656,114.81773376464844,-23.644275665283203,21.97004127502441,-10.450416564941406,1
match2_whistle_0152.mp4,0.0148422345519065,-35.03292465209961,29,5096.14013671875,2331.4324157040537,-156.9962158203125,100.81948852539062,-4.311522960662842,43.65958786010742,-25.390771865844727,0
match2_whistle_0153.mp4,0.0113044800236821,-41.85176086425781,43,4823.8861083984375,2255.646991835607,-48.92409133911133,102.92385864257812,-26.78639793395996,9.68394374847412,-25.115610122680664,1
match2_whistle_0154.mp4,0.0179999023675918,-40.25722885131836,50,4411.356886772261,2207.911901742012,-55.01972579956055,109.04923248291016,-24.385353088378903,11.429970741271973,-19.98719024658203,1
match2_whistle_0155.mp4,0.0108556551858782,-39.23477935791016,77,4749.160046523876,2249.6684183115717,-67.35211181640625,102.53668212890624,-31.400880813598636,14.609787940979004,-29.25403213500977,1
match2_whistle_0156.mp4,0.0103500932455062,-40.2751350402832,42,4157.213245738636,2116.095738322701,-63.03802108764648,121.03572845458984,-28.324493408203125,21.90182304382324,-13.424921989440918,0
match2_whistle_0157.mp4,0.0116435289382934,-42.85344696044922,43,4375.166877297794,2140.9669455782328,-50.16626739501953,106.94825744628906,-34.9562873840332,-10.408602714538574,-39.9121208190918,1
match2_whistle_0158.mp4,0.0104478057473897,-39.29060745239258,60,4269.954427083333,2194.025197572122,-64.27649688720703,111.65999603271484,-17.540836334228516,41.08537292480469,-5.266561031341553,1
match2_whistle_0159.mp4,0.007033493835479,-40.6861572265625,86,4266.926085274175,2246.549186616393,-81.39214324951172,111.47875213623048,-4.764729022979736,48.73289489746094,-14.637624740600586,1
match2_whistle_0160.mp4,0.0062266662716865,-41.84575271606445,84,4156.634041432584,2198.3544999788337,-86.6153793334961,116.8980941772461,-4.231626987457275,48.69784164428711,-14.537785530090332,1
match2_whistle_0161.mp4,0.007169256452471,-43.37776565551758,71,3609.5372453520567,1995.4567702136665,-49.39264678955078,128.1578826904297,-21.67102813720703,45.44396209716797,-5.128443717956543,1
match2_whistle_0162.mp4,0.0047842157073318,-41.8077392578125,57,3774.543842516448,1976.346837934362,-112.7255859375,127.24556732177734,-25.45698928833008,40.988189697265625,-24.220212936401367,1
match2_whistle_0163.mp4,0.0056220605038106,-44.3112678527832,47,3823.391856317935,1933.1942845135093,-74.98673248291016,122.58262634277344,-39.18499374389648,25.070507049560547,-19.06266593933105,1
match2_whistle_0164.mp4,0.0075414702296257,-40.25259399414063,48,4222.139115767045,2097.520772425036,-165.94122314453125,108.11018371582033,-14.842604637145996,50.73822784423828,-17.261430740356445,1
match2_whistle_0165.mp4,0.0075413170270621,-42.87066650390625,51,3849.138077445652,1995.513850218091,-130.3594207763672,120.8852310180664,-30.107404708862305,31.31024169921875,-21.62896728515625,1
match2_whistle_0166.mp4,0.0062705338932573,-45.83359146118164,36,3749.593224158654,2072.2815399370097,-99.57888793945312,122.8160629272461,-12.505027770996094,19.06322860717773,-24.517637252807617,1
match2_whistle_0167.mp4,0.0037073530256748,-44.16524124145508,42,3925.14404296875,2058.3172242123223,-74.18650817871094,116.29438018798828,-34.63639068603516,10.559819221496582,-33.74629211425781,1
match2_whistle_0168.mp4,0.0091919107362627,-42.52091979980469,38,4082.219904119318,2091.352472864152,-105.69318389892578,108.1425552368164,-20.410118103027344,44.14485168457031,-14.362604141235352,1
match2_whistle_0169.mp4,0.0054690106771886,-43.1889877319336,43,4016.8963854825943,2042.534207549012,-95.66795349121094,119.75484466552734,-27.72418594360352,32.77042770385742,-15.17117691040039,1
match2_whistle_0170.mp4,0.0058561833575367,-40.08102416992188,33,4440.1123046875,2210.011475068254,-143.9684295654297,99.4196319580078,-5.954434394836426,52.68206024169922,-17.625473022460938,1
match2_whistle_0171.mp4,0.0103630721569061,-40.90096282958984,50,4174.251302083333,2103.5148440087346,-71.58894348144531,114.74364471435548,-27.895898818969727,22.311267852783203,-20.403364181518555,1
match2_whistle_0172.mp4,0.0107947215437889,-42.23469543457031,43,3992.40966796875,2033.730244209636,-75.72430419921875,117.9427719116211,-29.567312240600582,13.91787815093994,-28.088266372680664,1
match2_whistle_0173.mp4,0.0080377850681543,-39.710670471191406,59,4049.0921823601975,1966.6539328294332,-92.2754898071289,112.09159088134766,-34.134273529052734,45.75271224975586,-17.000356674194336,1
match2_whistle_0174.mp4,0.0036333804018795,-43.87100601196289,47,4128.770467679795,1931.494267543472,-144.28211975097656,120.19073486328124,-16.922412872314453,48.06636428833008,-20.762540817260746,1
match2_whistle_0175.mp4,0.0070055709220469,-44.19540023803711,56,4076.858681126645,2134.420147414735,-78.7079849243164,118.66898345947266,-21.25524139404297,24.654232025146484,-23.253263473510746,1
match2_whistle_0176.mp4,0.0185644812881946,-41.266998291015625,46,4769.751979880137,2252.190851341737,-92.33984375,98.95978546142578,-25.517147064208984,24.42873764038086,-17.30567169189453,1
match2_whistle_0177.mp4,0.0250007808208465,-39.52943801879883,53,4519.430541992188,2161.383551988738,-108.02919006347656,103.34140014648438,-31.34298324584961,27.856698989868164,-20.413129806518555,1
match2_whistle_0178.mp4,0.0067415437661111,-38.941505432128906,48,3826.008488581731,1985.863670667257,-78.08120727539062,122.77009582519533,-34.727996826171875,34.88555908203125,-23.37333106994629,1
match2_whistle_0179.mp4,0.0074401888996362,-42.25126647949219,68,3805.4269891036174,1976.3934662196464,-88.36396789550781,121.60257720947266,-32.07353591918945,24.076675415039062,-25.577537536621094,1
match2_whistle_0180.mp4,0.0063093523494899,-40.99086380004883,80,3784.46044921875,1932.586153191135,-100.67163848876952,125.41012573242188,-33.50308990478516,48.054161071777344,-18.526342391967773,1
match2_whistle_0181.mp4,0.0176993869245052,-40.13282775878906,46,4859.014096467391,2217.9440750865087,-103.73053741455078,100.27902221679688,-12.578359603881836,43.382205963134766,-13.195320129394531,0
match2_whistle_0182.mp4,0.0064918454736471,-46.80824661254883,56,3705.038326733733,2041.0743126573357,-83.46697235107422,125.78490447998048,-19.03300666809082,16.93939971923828,-25.864070892333984,1
match2_whistle_0183.mp4,0.0038412534631788,-48.21657943725586,39,3654.242768158784,1921.642198389984,-144.32131958007812,129.1831512451172,-14.878300666809082,43.82875442504883,-19.409502029418945,1
match2_whistle_0184.mp4,0.0072494037449359,-47.428470611572266,57,3648.876385356105,1974.574763084428,-88.64689636230469,121.42784881591795,-33.541603088378906,24.66792297363281,-11.977330207824709,1
match2_whistle_0185.mp4,0.0076363519765436,-44.44056701660156,51,3874.8432360197367,2106.322722071972,-81.48046875,118.87004089355467,-21.100566864013672,18.292156219482425,-17.536972045898438,1
match2_whistle_0186.mp4,0.0021356481593102,-47.265743255615234,31,3529.1877992691534,2010.0634703272144,-112.30028533935548,123.69701385498048,-8.539341926574707,46.32707977294922,-11.082925796508787,1
match2_whistle_0188.mp4,0.0075505818240344,-43.39143753051758,89,4067.8282392785904,2073.6104847313204,-122.53805541992188,116.80562591552734,-14.784122467041016,43.12608337402344,-5.402987957000732,1
match2_whistle_0189.mp4,0.0045862328261137,-44.035491943359375,36,3174.9119492827867,1784.6343246823171,-61.266361236572266,136.92762756347656,-36.67584991455078,48.720611572265625,-6.768324851989746,0
match2_whistle_0190.mp4,0.0057671470567584,-40.65648651123047,88,4006.16455078125,2103.7802312361127,-73.88784790039062,123.00154113769533,-19.02494430541992,43.15124130249024,-19.912111282348636,1
match2_whistle_0191.mp4,0.0084744552150368,-45.08519744873047,55,3776.6845703125,2021.0727880030772,-72.93597412109375,122.57966613769533,-26.4443359375,18.76082420349121,-22.98716354370117,1
match2_whistle_0192.mp4,0.0077235852368175,-40.92983627319336,53,4185.7470703125,2142.8786521693,-81.95255279541016,114.8134994506836,-19.706663131713867,18.04183387756348,-35.525787353515625,1
match2_whistle_0193.mp4,0.0030224460642784,-46.2082633972168,37,3761.885316910282,2099.098546999671,-107.40604400634766,120.70333099365234,-0.5031616687774658,44.91328811645508,-12.109251022338867,1
match2_whistle_0194.mp4,0.0125928446650505,-37.90055847167969,44,4619.462021083048,2324.1086634068392,-157.16238403320312,111.89151000976562,2.2059757709503174,40.93693542480469,-23.79024124145508,0
match2_whistle_0196.mp4,0.0022293447982519,-48.05157470703125,46,3587.8494490438434,1957.476423956924,-149.0668182373047,114.28563690185548,-15.09109592437744,42.87967300415039,-17.105249404907227,1
match2_whistle_0197.mp4,0.0136431660503149,-40.96402740478516,31,4330.697250366211,2109.829196265368,-96.133056640625,102.49327087402344,-29.030282974243164,33.390838623046875,-12.91101360321045,1
match2_whistle_0198.mp4,0.0072412644512951,-44.547969818115234,51,3952.1402994791674,2053.321173951801,-77.2110824584961,119.36373901367188,-22.976730346679688,13.077163696289062,-30.055200576782227,1
match2_whistle_0199.mp4,0.0062648365274071,-44.17716217041016,51,3840.656857374238,2077.010994980268,-84.1966552734375,121.73289489746094,-25.637269973754883,12.921625137329102,-30.94609642028809,1
match2_whistle_0200.mp4,0.0043155960738658,-47.17758560180664,61,3818.352497799296,2009.6093951663895,-146.38192749023438,120.81966400146484,-12.15725803375244,46.24631881713867,-18.426433563232425,1
match2_whistle_0201.mp4,0.010114655829966,-41.75022506713867,54,4080.402166193182,1942.3341002362893,-87.43771362304688,115.74311065673828,-42.76911163330078,26.65727806091309,-19.74068260192871,0
match2_whistle_0202.mp4,0.0059664533473551,-43.70397567749024,44,3795.1047030362215,1972.699515378316,-90.20355987548828,122.56608581542967,-31.01925468444824,17.859819412231445,-30.588897705078125,1
match2_whistle_0203.mp4,0.0050087720155715,-46.35148239135742,46,4069.619352921196,2054.199474977121,-154.17764282226562,111.775634765625,-4.1495208740234375,49.52941131591797,-19.45660781860352,1
match2_whistle_0204.mp4,0.0242631714791059,-36.31968307495117,33,4261.490360383064,2077.3518623612667,-76.15809631347656,107.7292938232422,-42.94869613647461,15.42287826538086,-11.778173446655272,0
match2_whistle_0205.mp4,0.0092121055349707,-41.74874496459961,45,4027.298935145548,1946.893999641357,-110.52904510498048,117.10739135742188,-37.24013137817383,34.91617584228516,-20.40310287475586,1
match2_whistle_0206.mp4,0.0076185194775462,-43.11469650268555,81,4134.8757721656975,2084.332086837828,-122.51995086669922,110.80634307861328,-25.402729034423828,50.35660552978516,-13.663960456848145,1
match2_whistle_0207.mp4,0.0063237571157515,-42.06661605834961,53,3705.682287081866,1921.1534160065917,-124.01734161376952,123.59441375732422,-33.8551139831543,26.202260971069336,-25.09228134155273,1
match2_whistle_0208.mp4,0.0044899219647049,-39.64078903198242,50,3930.4161394146126,1984.1163773386909,-136.40365600585938,121.48065948486328,-25.45333480834961,48.506927490234375,-21.41837882995605,1
match2_whistle_0209.mp4,0.0041307276114821,-49.95099639892578,14,3904.784496410473,2079.7900770897368,-122.71715545654295,112.51423645019533,-15.27029514312744,29.97918510437012,-12.071762084960938,1
match2_whistle_0210.mp4,0.0068149669095873,-41.68935394287109,67,3878.733862900152,1971.9389220048563,-118.78791046142578,122.1703872680664,-37.46616744995117,34.52199172973633,-23.95011138916016,1
match2_whistle_0211.mp4,0.0118861719965934,-38.982421875,71,4169.083123458059,2005.339209888912,-113.037841796875,106.48298645019533,-37.5107307434082,44.68501281738281,-18.915254592895508,1
match2_whistle_0212.mp4,0.0054486612789332,-42.181243896484375,73,4679.221705386513,2216.4400772300924,-98.58514404296876,102.49703216552734,-15.515460014343262,20.469247817993164,-24.97893714904785,1
match2_whistle_0213.mp4,0.009836790151894,-46.53446578979492,37,4329.389412172379,2113.967667875569,-66.78343963623047,116.69525909423828,-21.011125564575195,55.42119216918945,-3.673668146133423,0
match2_whistle_0214.mp4,0.0045034680515527,-44.0795783996582,42,4144.666604434743,2206.644173348025,-83.46385192871094,109.652587890625,-12.28489875793457,44.781375885009766,-12.561681747436523,1
match2_whistle_0215.mp4,0.0042098527774214,-45.19976806640625,46,3856.3717059235073,2036.4621256228884,-105.09677124023438,118.57630157470705,-23.464473724365234,33.02674865722656,-19.911544799804688,1
match2_whistle_0216.mp4,0.003930109553039,-42.767578125,56,4677.960205078125,2176.82841271875,-80.9285659790039,100.49649810791016,-27.44864273071289,19.907289505004883,-23.282472610473636,1
match2_whistle_0217.mp4,0.0119995875284075,-38.14384078979492,50,3742.862215909091,1816.4785122640512,-80.36905670166016,129.15545654296875,-49.35146331787109,23.9630184173584,-26.07929229736328,0
match2_whistle_0218.mp4,0.0069294720888137,-40.4367790222168,80,3869.9279099367977,2030.62764667325,-76.93565368652344,120.6716766357422,-24.349475860595703,36.34246444702149,-17.109596252441406,1
match2_whistle_0219.mp4,0.0127798868343234,-37.86815643310547,58,4080.921989889706,2066.90546578478,-78.92839813232422,110.16153717041016,-39.598899841308594,9.323630332946776,-16.584888458251953,1
match2_whistle_0221.mp4,0.0110498210415244,-39.32992172241211,80,4243.105844350962,2126.046255476295,-118.40975189208984,109.90635681152344,-27.91447639465332,14.338985443115234,-19.699352264404297,1
match2_whistle_0222.mp4,0.0135901076719164,-43.1871337890625,47,4138.3056640625,2044.4167584779595,-49.64470672607422,104.65032196044922,-40.19451904296875,31.82727813720703,-9.637937545776367,1
match2_whistle_0223.mp4,0.0032535516656935,-40.00769805908203,87,3857.4169921875,2145.3976659687564,-100.07229614257812,127.40962982177734,3.8203787803649902,42.17251968383789,-19.275447845458984,1
match2_whistle_0224.mp4,0.0076611163094639,-43.15659713745117,42,3997.100830078125,2099.2032158689794,-98.3994140625,114.17725372314452,-18.59464263916016,44.711647033691406,-11.479705810546877,1
match2_whistle_0225.mp4,0.0058344257995486,-37.580116271972656,47,4364.0625,2245.651124643607,-116.20740509033205,110.35350799560548,-5.719333648681641,46.2844123840332,-21.2658634185791,0
match2_whistle_0226.mp4,0.0056248824112117,-37.97916793823242,73,3923.22998046875,2028.639882454199,-105.93177795410156,125.44834899902344,-19.7513370513916,34.28815460205078,-24.766864776611328,1
match2_whistle_0227.mp4,0.0043804007582366,-44.74096298217773,53,3627.88330078125,1963.8812297472805,-161.2200469970703,126.4681625366211,-16.402585983276367,41.54770278930664,-18.425050735473636,1
match2_whistle_0228.mp4,0.0058375652879476,-37.34672164916992,103,4004.978228927752,2109.267709602725,-78.47260284423828,122.989013671875,-14.614256858825684,46.71376419067383,-18.806476593017575,1
match2_whistle_0229.mp4,0.0055289417505264,-43.34846878051758,63,3628.091394761029,1934.815950264443,-67.60003662109375,132.228515625,-27.415781021118164,30.28542137145996,-30.89712142944336,1
match2_whistle_0230.mp4,0.0072213956154882,-43.564701080322266,25,3724.334286971831,1982.521332443056,-44.19789123535156,130.59231567382812,-23.605358123779297,38.6338005065918,-16.99627685546875,0
match2_whistle_0231.mp4,0.0059947734698653,-43.795841217041016,46,3679.153408093399,1995.8690265883872,-52.19261932373047,127.67372131347656,-25.07503890991211,38.87922668457031,-14.37440299987793,1
match2_whistle_0232.mp4,0.0041259685531258,-41.271183013916016,37,3520.342254638672,1910.0930667263297,-106.09317016601562,133.1341552734375,-19.50287628173828,51.20484924316406,-19.652565002441406,1
match2_whistle_0233.mp4,0.0065530845895409,-40.563594818115234,56,3535.5749678938355,1847.592809710916,-94.39797973632812,135.29258728027344,-35.97440719604492,33.574459075927734,-22.901914596557617,1
match2_whistle_0234.mp4,0.0069884317927062,-41.59898376464844,58,4206.411334165593,2110.081302287603,-121.57129669189452,112.80235290527344,-6.63501501083374,52.91200256347656,-19.412172317504883,1
match2_whistle_0235.mp4,0.0084607144817709,-44.06821441650391,60,3987.861921980574,1969.100370401983,-121.58393096923828,119.8823013305664,-30.173847198486328,52.680938720703125,-8.6173677444458,0
match2_whistle_0236.mp4,0.0056623220443725,-45.23755645751953,49,3979.946580573694,2049.2696618825657,-114.47523498535156,121.27340698242188,-20.54534149169922,42.68497467041016,-21.976341247558597,0
match2_whistle_0237.mp4,0.005682919640094,-47.15677261352539,58,3592.323133680556,1916.4792211721613,-71.33500671386719,126.99182891845705,-38.98492050170898,11.528570175170898,-30.20754623413086,1
match2_whistle_0238.mp4,0.004667229950428,-41.694129943847656,35,3900.408466045673,2062.6537482810813,-86.78783416748047,118.43540954589844,-21.10048484802246,22.55793571472168,-37.872196197509766,1
match2_whistle_0239.mp4,0.0034574172459542,-44.56226348876953,46,3584.3243176424053,1959.3041235723167,-97.9985122680664,122.7151870727539,-19.833850860595703,42.902442932128906,-13.035971641540527,1
match2_whistle_0240.mp4,0.0116935204714536,-40.6911735534668,55,4155.770169771635,2098.853158436189,-67.56245422363281,122.36322784423828,-23.06812858581543,14.955134391784668,-29.79696655273437,1
match2_whistle_0241.mp4,0.0074113830924034,-44.84545135498047,30,4535.767364501953,2125.213704854368,-161.51541137695312,101.6244125366211,-11.826412200927734,48.06415939331055,-25.725975036621094,1
match2_whistle_0242.mp4,0.0042808959260582,-44.20198059082031,43,3928.941295992944,2097.941433933672,-109.04067993164062,120.64740753173828,-14.011847496032717,32.375762939453125,-24.20728874206543,1
match2_whistle_0243.mp4,0.0040180734358727,-44.02200698852539,45,3531.740287885274,1890.6271913452624,-108.5538558959961,128.45736694335938,-22.23457145690918,36.766544342041016,-23.19891166687012,1
match2_whistle_0244.mp4,0.0043674656189978,-44.7205924987793,55,3809.9220069679054,1960.0593310618908,-121.4903564453125,121.37986755371094,-26.995967864990234,41.23149490356445,-21.992467880249023,1
match2_whistle_0245.mp4,0.0079105552285909,-42.519649505615234,50,3798.8644161739862,1958.478977381312,-92.86515808105467,114.17095184326172,-31.587970733642575,32.990272521972656,-15.516469955444336,1
match2_whistle_0246.mp4,0.0067321760579943,-46.23211288452149,41,4230.232484879032,2087.4580172412066,-106.43109893798828,113.78961944580078,-22.59355735778809,33.93669891357422,-7.915698528289795,0
match2_whistle_0247.mp4,0.0056943604722619,-42.00070190429688,71,3474.47772448576,1864.7911104705856,-84.40603637695312,127.77803802490234,-36.984161376953125,27.305065155029297,-9.287514686584473,1
match2_whistle_0248.mp4,0.0075429971329867,-46.08921813964844,45,5007.502140410959,2387.388330299314,-111.43080139160156,95.9106674194336,-0.4239723682403564,38.66033554077149,-8.47553825378418,0
match2_whistle_0249.mp4,0.0044152275659143,-41.3355598449707,85,4019.068170362904,2037.5296727020584,-165.94851684570312,118.25153350830078,-9.049711227416992,43.892765045166016,-28.136335372924805,1
match2_whistle_0250.mp4,0.0273403860628604,-38.77659606933594,68,4792.347425825141,2228.43325086773,-94.49344635009766,98.10428619384766,-30.271728515625,14.485411643981934,-13.779932022094728,1
match2_whistle_0251.mp4,0.0044713537208735,-40.89480209350586,88,4006.205630095109,2050.7784014220483,-165.2947235107422,112.01641845703124,-4.534146308898926,51.24825668334961,-19.00339126586914,1
match2_whistle_0252.mp4,0.0112857138738036,-44.0694465637207,40,4114.749802215189,2124.9339646042004,-56.45692443847656,111.83679962158205,-27.57442855834961,-3.101454496383667,-32.01469039916992,1
match2_whistle_0253.mp4,0.0130295092239975,-38.58842086791992,50,4197.2028901305375,2108.4844729103934,-73.08920288085938,113.48564910888672,-32.123783111572266,13.21874713897705,-21.6220817565918,1
match2_whistle_0254.mp4,0.0035008233971893,-44.07341766357422,49,3734.725177821828,1954.5670658586016,-130.8419647216797,122.17898559570312,-27.88150405883789,42.17423248291016,-14.432838439941406,1
match2_whistle_0255.mp4,0.0077875736169517,-42.998329162597656,62,4077.5584760918673,2090.7541738066598,-110.15508270263672,111.99181365966795,-22.856813430786133,41.64566802978516,-8.291769027709961,1
match2_whistle_0256.mp4,0.0103916609659791,-41.33114242553711,33,4119.633037860577,2067.423844179416,-79.12293243408203,120.07335662841795,-29.37339782714844,23.399747848510746,-25.194568634033203,1
match2_whistle_0257.mp4,0.0095988865941762,-40.00593566894531,33,4703.615643901209,2275.30279004516,-135.1608428955078,118.18929290771484,-8.619647026062012,38.525917053222656,-15.610862731933594,0
match2_whistle_0258.mp4,0.0066728824749588,-42.41263198852539,58,3900.8313767453456,2063.1435185616992,-81.13580322265625,123.13832092285156,-22.14725875854492,28.28105354309082,-26.729591369628903,1
match2_whistle_0259.mp4,0.0058709741570055,-42.16062927246094,55,3883.030542834052,1985.8976961808448,-116.2138900756836,121.89676666259766,-25.202571868896484,45.985450744628906,-20.33968162536621,1
match2_whistle_0260.mp4,0.0117469867691397,-44.73185729980469,25,3890.685863226232,1871.5427277973613,-73.68627166748047,111.24019622802734,-52.328155517578125,25.09090614318848,-11.562990188598633,0
match2_whistle_0261.mp4,0.0083279190585017,-45.55401611328125,51,3953.463467684659,2115.951344744909,-92.72222900390624,113.8824462890625,-20.33484268188477,20.28516387939453,-24.554128646850582,1
match2_whistle_0262.mp4,0.0046690837480127,-41.81287384033203,49,3856.216681985294,2007.8158045121572,-126.62549591064452,122.34529876708984,-18.161375045776367,46.07266616821289,-21.8129997253418,1
match2_whistle_0263.mp4,0.0050293873064219,-40.858177185058594,72,3919.04296875,1987.888626479582,-131.44610595703125,129.53594970703125,-24.319562911987305,38.400390625,-27.140884399414062,1
match2_whistle_0264.mp4,0.0081820581108331,-40.410003662109375,62,4181.076882102273,2015.04540541708,-119.3593978881836,109.92589569091795,-17.847196578979492,42.76956558227539,-27.139060974121094,1
match2_whistle_0265.mp4,0.004645621869713,-42.880889892578125,56,4090.498204385081,1960.7116414179493,-149.0502471923828,117.54380798339844,-15.939773559570312,43.010887145996094,-19.857866287231445,1
match2_whistle_0266.mp4,0.0046675610356032,-47.8692741394043,51,3736.667242282774,1986.032522006271,-127.31107330322266,121.18359375,-14.036150932312012,42.55157470703125,-18.01747131347656,1
match2_whistle_0267.mp4,0.0031323884613811,-46.133209228515625,49,3839.761629971591,1988.29349011802,-163.6750946044922,119.36946868896484,-11.308615684509276,46.81292343139648,-15.985968589782717,1
match2_whistle_0268.mp4,0.0094120427966117,-42.09076690673828,32,3798.73046875,2011.6863332745168,-65.47647094726562,121.1466293334961,-33.91630935668945,15.051262855529783,-21.583532333374023,1
match2_whistle_0269.mp4,0.0043285987339913,-43.31925582885742,68,3707.831488715278,1991.4810886372263,-102.8611831665039,123.27107238769533,-18.08829689025879,48.66119766235352,-15.61902141571045,1
match2_whistle_0270.mp4,0.0168172270059585,-46.543453216552734,58,4459.5263671875,2115.795676874264,-125.66405487060548,102.59896087646484,-27.22580337524414,34.98914337158203,-8.198094367980957,1
match2_whistle_0271.mp4,0.0050859856419265,-44.87554550170898,61,3577.2983685661766,1978.8583813285172,-76.24571990966797,129.38055419921875,-22.32962226867676,25.31085205078125,-24.604555130004883,1
match2_whistle_0272.mp4,0.0031276319641619,-46.3978157043457,44,3598.9069298852846,1925.0538067532,-136.00746154785156,127.41280364990234,-17.403675079345703,51.10023498535156,-13.27583122253418,1
match2_whistle_0273.mp4,0.0122704254463315,-42.65944290161133,48,4135.950600228659,2117.0840107852723,-68.33895874023438,115.6738510131836,-18.589435577392575,20.546545028686523,-20.807899475097656,1
match2_whistle_0274.mp4,0.0096336770802736,-46.66947555541992,44,4864.3809143926055,2285.5283387467766,-129.93235778808594,107.97543334960938,1.2935672998428345,43.83234405517578,-14.680481910705566,0
match2_whistle_0275.mp4,0.0154956337064504,-42.40180969238281,51,4369.494298986487,2118.4452693968897,-81.68450927734375,107.76294708251952,-28.376447677612305,23.82583999633789,-28.83553123474121,1
match2_whistle_0276.mp4,0.0026768445968627,-43.24644470214844,73,3953.6596370648736,2086.517245375488,-126.15373992919922,120.5517807006836,0.8010411262512207,52.23189163208008,-14.78603744506836,1
match2_whistle_0277.mp4,0.0056289169006049,-42.85956573486328,57,3893.826454564145,2069.378009569351,-109.9466781616211,118.70934295654295,-17.27369499206543,45.3806266784668,-16.552230834960938,1
match2_whistle_0278.mp4,0.003268179949373,-43.29954528808594,65,3844.7953657670455,1892.618089461556,-126.05519104003906,122.86817932128906,-33.27296447753906,36.35464477539063,-18.86529922485352,1
match2_whistle_0279.mp4,0.0048907860182225,-42.55017852783203,60,3833.462289663461,2027.0614449519703,-110.82791137695312,121.2855453491211,-22.68839836120605,32.202980041503906,-23.495044708251957,1
match2_whistle_0280.mp4,0.0033386633731424,-46.8810920715332,65,3584.096620141006,1989.9173507241528,-122.45426940917967,125.27098083496094,-5.776605129241943,30.06525993347168,-24.77639579772949,1
match2_whistle_0281.mp4,0.0024915707763284,-43.45022964477539,75,4392.7734375,2244.040693652727,-98.6276626586914,109.86898803710938,2.587914228439331,29.062175750732425,-10.60530948638916,1
match2_whistle_0282.mp4,0.0024917284026741,-41.22720336914063,93,3714.163948725728,2032.735461327184,-94.0080795288086,127.79359436035156,-4.90320348739624,48.972015380859375,-24.46703147888184,1
match2_whistle_0283.mp4,0.0041193724609911,-43.02046585083008,58,3728.515006922468,1970.9633109126733,-130.16928100585938,120.29845428466795,-16.832061767578125,47.39414978027344,-18.743860244750977,1
match2_whistle_0284.mp4,0.0073862290009856,-44.19239807128906,55,3776.1124320652175,1920.6190736998751,-129.84259033203125,115.62288665771484,-39.88331985473633,31.17108154296875,-18.07248878479004,1
match2_whistle_0285.mp4,0.0061158472672104,-42.9718132019043,73,4056.105435832163,2034.4562067873223,-96.7987823486328,117.08161163330078,-30.083885192871094,20.81155204772949,-28.25412368774414,1
match2_whistle_0286.mp4,0.0133954184129834,-38.79427719116211,61,3837.3743568978657,1983.260211016679,-69.67332458496094,119.14372253417967,-40.33397674560547,11.018881797790527,-22.10724449157715,1
match2_whistle_0287.mp4,0.0100505668669939,-38.6234130859375,82,4628.572671720297,2139.672213252826,-77.74451446533203,99.33626556396484,-32.25230407714844,38.66891860961914,-10.32373046875,1
match2_whistle_0288.mp4,0.0127196507528424,-43.28921508789063,34,5163.827749399038,2316.6450062359795,-30.348094940185547,97.35953521728516,-22.908069610595703,26.01924133300781,-5.036880016326904,0
match2_whistle_0289.mp4,0.0101248463615775,-43.16717147827149,47,4746.931295955882,2292.850141576374,-39.89405059814453,111.54814910888672,-10.379761695861816,30.94215583801269,-16.676897048950195,0
match2_whistle_0290.mp4,0.0119525603950023,-41.40657806396485,79,4792.817590591755,2296.7025991006926,-32.290157318115234,109.63912200927734,-15.212620735168455,32.64781951904297,-15.678035736083984,0
match2_whistle_0291.mp4,0.0102184619754552,-41.19927597045898,55,4552.040360613567,2242.6865421588245,-37.88637924194336,111.7718505859375,-16.080413818359375,40.17751693725586,-10.707670211791992,1
match2_whistle_0292.mp4,0.0227766335010528,-41.03833770751953,45,4878.088224386867,2262.240955861176,-72.49754333496094,92.30640411376952,-30.98065185546875,16.875818252563477,-15.619424819946287,1
match2_whistle_0293.mp4,0.0122064156457781,-43.93842697143555,41,4271.376103940217,2125.2425887467543,-94.55936431884766,108.5994644165039,-27.77123260498047,21.78053474426269,-22.42618751525879,1
match2_whistle_0294.mp4,0.0046714930795133,-44.39849090576172,48,3598.805588942308,1945.7127083494024,-95.41724395751952,128.7152099609375,-25.19896697998047,24.50316047668457,-23.08181953430176,1
match2_whistle_0295.mp4,0.0039891153573989,-44.2918701171875,70,3552.1171875,1882.369560617937,-93.10202026367188,127.95500183105467,-29.09963798522949,32.52585983276367,-21.158447265625,1
match2_whistle_0296.mp4,0.0109885800629854,-42.378517150878906,61,4459.418701171875,2223.3307077582963,-62.524932861328125,107.50405883789062,-21.637269973754883,25.617237091064453,-27.60626983642578,1
match2_whistle_0297.mp4,0.0102527756243944,-44.450904846191406,40,4065.8363900533536,2076.7553141356752,-66.9495849609375,113.58646392822266,-39.20846176147461,8.472274780273438,-26.12020874023437,1
match2_whistle_0298.mp4,0.0126988384872674,-38.7006950378418,65,4294.924029181985,2097.017330845013,-55.5748405456543,110.73529052734376,-34.643672943115234,12.485319137573242,-20.234378814697266,0
match2_whistle_0299.mp4,0.0102379629388451,-38.88577651977539,105,4254.417576299649,2082.239820038559,-66.82945251464844,112.94857025146484,-31.32120513916016,20.539470672607425,-23.95426368713379,1
match2_whistle_0300.mp4,0.0077820378355681,-38.05820083618164,108,3783.610454358553,2045.471100332533,-65.12620544433594,122.67838287353516,-23.494409561157227,34.63916778564453,-10.750799179077148,1
match2_whistle_0301.mp4,0.0094486409798264,-39.15534210205078,42,3527.530184659091,1936.3910249977105,-34.28602981567383,125.90927124023438,-35.234413146972656,29.562915802001957,-14.45320987701416,1
match2_whistle_0302.mp4,0.0082113659009337,-43.78816986083984,33,3273.576379994877,1835.523629328055,-40.15461730957031,129.74183654785156,-43.23582077026367,30.85412979125977,-7.270796775817871,1
match2_whistle_0303.mp4,0.0067123412154614,-42.43256378173828,58,3783.0647786458335,2040.5654250089008,-62.329986572265625,122.98235321044922,-31.11431121826172,45.33988952636719,-5.565340995788574,1
match2_whistle_0304.mp4,0.0101834656670689,-38.59711837768555,57,4034.886150118671,2020.0227976657068,-99.15654754638672,116.8081512451172,-36.98406219482422,30.888996124267575,-23.14965057373047,1
match2_whistle_0305.mp4,0.0076862797141075,-43.27054977416992,42,4162.8098707932695,2144.940662485975,-80.13460540771484,119.4468765258789,-15.915311813354492,26.52131462097168,-19.38120460510254,1
match2_whistle_0306.mp4,0.001941007329151,-43.99282455444336,81,3595.2679506282216,1900.8670523719825,-147.99183654785156,132.79653930664062,-18.32142448425293,42.48503875732422,-24.445730209350582,1
match2_whistle_0307.mp4,0.0191151965409517,-40.4698486328125,54,4260.232859644397,2116.036626413608,-42.4497184753418,103.89271545410156,-38.46657943725586,10.876876831054688,-12.41897201538086,1
match2_whistle_0308.mp4,0.0043002464808523,-45.06201934814453,73,4646.991900275735,2152.449854578595,-135.0154266357422,111.95819091796876,-8.567119598388672,56.949806213378906,-6.260915756225586,1
match2_whistle_0309.mp4,0.0026217955164611,-39.9622802734375,61,3408.0232945884145,1888.81134545265,-95.06281280517578,145.2454833984375,-15.942439079284668,48.49129867553711,-22.762941360473636,1
match2_whistle_0310.mp4,0.0073823160491883,-43.55636596679688,59,3843.9393578506097,2005.409197044907,-66.32099151611328,124.81256866455078,-27.87309455871582,21.244064331054688,-28.66286849975586,1
match2_whistle_0311.mp4,0.0063718887977302,-41.84275436401367,48,3802.792770798142,1904.3199743558448,-111.79873657226562,120.19702911376952,-34.00906753540039,30.73359680175781,-21.34988594055176,1
match2_whistle_0312.mp4,0.0120635982602834,-43.28155899047852,62,4236.01171875,2098.396392867809,-41.17937088012695,113.29484558105467,-34.674503326416016,3.8604986667633057,-28.54230308532715,1
match2_whistle_0313.mp4,0.0177942402660846,-39.42603302001953,55,4119.8759765625,2130.44017142498,-74.207763671875,114.74382781982422,-22.4226131439209,26.02355194091797,-2.860328435897827,1
match2_whistle_0314.mp4,0.017768133431673,-38.47452926635742,65,4660.244853844803,2113.9070841776347,-82.00698852539062,95.8024673461914,-33.417293548583984,26.869203567504883,-18.769651412963867,1
match2_whistle_0315.mp4,0.0150341913104057,-40.297550201416016,71,4444.392751533294,2174.077238734901,-36.96266174316406,108.2222671508789,-33.26045608520508,-1.608181357383728,-33.56072998046875,1
match2_whistle_0316.mp4,0.0058555081486701,-37.461708068847656,80,3997.862617924528,2004.7135094680243,-103.65602111816406,126.35668182373048,-27.02379608154297,38.68574142456055,-24.39364624023437,1
match2_whistle_0317.mp4,0.0053490847349166,-42.27266693115234,45,3712.346649169922,1965.6807387211784,-42.8065071105957,128.00428771972656,-29.513153076171875,43.04085922241211,-20.55791473388672,0
match2_whistle_0318.mp4,0.0036957433912903,-38.1033821105957,108,3613.5498046875,1926.1165028116448,-72.93923950195312,136.8333740234375,-22.601547241210938,50.48461532592773,-21.248016357421875,1
match2_whistle_0319.mp4,0.008664452470839,-39.17448425292969,38,3958.77324493838,2082.189753507416,-59.48632049560547,124.21224212646484,-16.24229621887207,43.54923629760742,-15.956862449645996,1
match2_whistle_0320.mp4,0.0092304563149809,-38.01239013671875,76,3860.5513352614175,1961.6968402052096,-54.69345474243164,111.7666473388672,-46.40249252319336,19.83857536315918,-17.64624786376953,1
match2_whistle_0321.mp4,0.0065879309549927,-42.34898376464844,43,3618.0788971656975,1830.290581376357,-47.46168899536133,116.2210922241211,-53.73458099365234,16.117544174194336,-23.613086700439453,0
match2_whistle_0322.mp4,0.0111916065216064,-42.53105926513672,79,4389.328125,2158.955567924785,-54.73028945922852,103.65178680419922,-37.91085815429688,2.409393072128296,-30.245716094970703,1
match5_whistle_0001.mp4,0.0088924327865242,-41.77399826049805,49,5385.731949344759,2510.5153290908484,-187.42349243164065,68.28949737548828,10.801026344299316,59.21916580200195,-2.2654871940612797,1
match5_whistle_0002.mp4,0.01092838216573,-46.83722686767578,65,5260.18703294837,2127.215511696847,-146.8362274169922,73.60619354248047,-14.367349624633787,23.57986259460449,-26.4936466217041,1
match5_whistle_0003.mp4,0.0113150998950004,-44.90546417236328,76,5409.605546431108,2067.6862438714843,-182.0267639160156,78.64289855957031,-32.856990814208984,30.418603897094727,-25.134071350097656,1
match5_whistle_0004.mp4,0.0026521128602325,-50.79814910888672,68,4707.941228693182,1928.0463664747167,-242.6790313720703,84.87893676757812,-9.537074089050291,46.94366836547852,-23.606836318969727,1
match5_whistle_0005.mp4,0.016358770430088,-43.0284309387207,49,4953.968669458763,2250.8339053437044,-111.09587097167967,93.17383575439452,-24.43353080749512,38.382911682128906,-13.424346923828123,1
match5_whistle_0006.mp4,0.0072746598161756,-51.3034782409668,55,4648.852914663462,2094.766267291982,-153.58323669433594,112.99566650390624,-33.192874908447266,29.877328872680664,-18.13788414001465,0
match5_whistle_0007.mp4,0.0085254739969968,-45.39945983886719,60,5325.4302978515625,2304.2027691899943,-210.5902404785156,71.93830871582031,-2.4783406257629395,54.23867034912109,-7.467104911804199,1
match5_whistle_0008.mp4,0.0103470459580421,-44.14780807495117,60,4061.77318676098,2066.092228664826,-100.83555603027344,111.77632904052734,-40.16180038452149,14.35236930847168,-20.483531951904297,1
match5_whistle_0009.mp4,0.0106630735099315,-47.13148880004883,61,5511.225007709704,2229.388876228044,-217.6547088623047,72.46085357666016,-11.570606231689451,54.22273254394531,-18.468530654907227,1
match5_whistle_0010.mp4,0.0159218218177557,-43.7368049621582,60,5004.4189453125,2195.333464987913,-114.16494750976562,84.91465759277344,-20.541933059692383,46.98352813720703,-4.119873523712158,0
match5_whistle_0011.mp4,0.010649406351149,-44.236209869384766,65,4360.4736328125,2128.837061619837,-131.51153564453125,99.70330810546876,-34.616024017333984,25.895265579223636,-12.327381134033203,1
match5_whistle_0012.mp4,0.0030618412420153,-52.28345489501953,62,5301.999136117788,2030.1190733369117,-290.02178955078125,51.49070739746094,10.959330558776855,62.21327972412109,-20.299224853515625,1
match5_whistle_0013.mp4,0.0049733468331396,-45.10426330566406,86,4914.204039754747,2199.9597950800226,-226.48556518554688,87.28083038330078,-3.347658634185791,49.2441291809082,-17.90528678894043,1
match5_whistle_0014.mp4,0.0132449641823768,-42.4388313293457,78,4548.03386937792,2165.2484582077145,-98.35064697265624,100.32882690429688,-22.138532638549805,29.08404541015625,-22.720014572143555,0
match5_whistle_0015.mp4,0.0112275127321481,-50.73647689819336,67,5372.390625,2150.910273187229,-240.8245849609375,66.78059387207031,-8.77355670928955,45.79729080200195,-14.868060111999512,1
match5_whistle_0016.mp4,0.0048350072465837,-42.74677276611328,74,4300.690660978618,2112.9603986540246,-107.01618957519533,104.95972442626952,-38.28166580200195,23.390323638916016,-28.39165306091309,1
match5_whistle_0017.mp4,0.0030388373415917,-51.83716583251953,71,4639.343777508803,2223.9051413139323,-224.2344207763672,94.95343017578124,-16.741079330444336,47.65342712402344,-5.535951614379883,1
match5_whistle_0018.mp4,0.0144986975938081,-45.17676544189453,42,4520.456233494719,2050.403117166296,-176.28985595703125,95.10355377197266,-47.2489013671875,23.05740547180176,-4.793737888336182,1
match5_whistle_0019.mp4,0.0037719667889177,-48.35488510131836,70,5215.96444371235,2155.547043327239,-244.0479278564453,79.4344482421875,8.366930961608887,56.817012786865234,-24.30834007263184,1
match5_whistle_0020.mp4,0.020103670656681,-45.33614730834961,44,4778.57666015625,2170.475883690088,-102.249267578125,94.89329528808594,-35.64401626586914,30.436931610107425,-13.058076858520508,0
match5_whistle_0021.mp4,0.012096781283617,-38.46099853515625,62,5264.8681640625,2218.977565320618,-144.5950927734375,88.60140991210938,-29.20758056640625,40.72546005249024,-16.335222244262695,0
match5_whistle_0022.mp4,0.0214538089931011,-38.44822311401367,51,6039.1064453125,2348.915541178576,-187.30853271484372,63.21786117553711,-6.414033889770508,59.73078155517578,-21.06720542907715,0
match5_whistle_0023.mp4,0.01364516466856,-41.18498611450195,45,5152.208941915761,2353.3801178695,-127.07628631591795,88.91564178466797,-20.373497009277344,48.83797836303711,-15.374588012695312,0
match5_whistle_0024.mp4,0.0134564917534589,-42.45991516113281,52,4285.865633252641,2149.095535071144,-94.95305633544922,106.633544921875,-30.113037109375,20.9013614654541,-15.95692253112793,1
match5_whistle_0025.mp4,0.0018654890591278,-46.54833221435547,69,5555.713893942637,2075.270964981802,-304.2262268066406,55.1732063293457,16.59541130065918,63.59993743896485,-21.68766212463379,1
match5_whistle_0026.mp4,0.0155087318271398,-40.409366607666016,79,5096.022518382353,2280.0881874414026,-120.7301254272461,81.89998626708984,-20.415361404418945,39.27581405639648,-7.875228404998779,1
match5_whistle_0027.mp4,0.0036009266041219,-47.93852996826172,77,4568.85507318038,2067.533951451982,-194.4683990478516,99.75740814208984,-14.814264297485352,47.03950119018555,-29.379539489746094,1
match5_whistle_0028.mp4,0.0186600275337696,-41.82305908203125,76,5865.808370838995,2345.507978956837,-167.51438903808594,61.766109466552734,-6.359434604644775,48.99494552612305,-12.401019096374512,0
match5_whistle_0029.mp4,0.0040634232573211,-49.28971099853516,64,4181.224266258446,2101.781142043325,-139.3402862548828,108.9826202392578,-22.698360443115234,31.632980346679688,-19.77335548400879,1
match5_whistle_0030.mp4,0.0055736885406076,-46.66996765136719,81,5357.486881118223,2213.2719951547238,-213.46437072753903,74.64462280273438,-1.84219491481781,62.23176193237305,-18.49200439453125,1
match5_whistle_0031.mp4,0.0023218991700559,-44.28230285644531,75,4224.727156355574,2037.8143208250365,-188.7520751953125,107.06626892089844,-21.836050033569336,54.1790657043457,-11.679792404174805,1
match5_whistle_0032.mp4,0.0066293189302086,-44.124786376953125,73,4669.922697945927,2106.5265993884755,-140.77110290527344,92.12459564208984,-22.47681427001953,46.33723831176758,-18.157922744750977,1
match5_whistle_0033.mp4,0.0111893592402338,-42.842559814453125,60,3966.930241371269,2080.259603324698,-120.37387084960938,110.3355712890625,-39.79561996459961,23.21714210510254,-9.654664039611816,1
match5_whistle_0034.mp4,0.0091354893520474,-50.15340042114258,71,4880.400333848111,2128.823862176582,-203.3046875,79.18693542480469,-0.1836116760969162,54.53257369995117,-24.08890914916992,1
match5_whistle_0035.mp4,0.0142655754461884,-39.69023132324219,51,5925.957624488902,2420.350777010067,-147.1212158203125,83.9178237915039,-2.6400485038757324,41.02592849731445,-30.07087135314941,0
match5_whistle_0036.mp4,0.0055672009475529,-46.96199798583984,40,4235.415414663462,2101.4369311017595,-160.18572998046875,125.72570037841795,-19.7620906829834,29.153549194335938,-28.5030460357666,0
match5_whistle_0037.mp4,0.0036502976436167,-47.64606094360352,54,3728.676970108696,1968.7643442531185,-77.1099624633789,110.35577392578124,-48.33846282958984,12.590929985046388,-23.53955841064453,1
match5_whistle_0038.mp4,0.0024162987247109,-47.493160247802734,68,4740.696904430651,2161.762568212634,-217.6413116455078,98.37796020507812,1.7340147495269775,58.9337158203125,-32.36301803588867,1
match5_whistle_0039.mp4,0.0274550877511501,-36.02264404296875,53,5900.587047230114,2426.253096721759,-157.67787170410156,62.08339309692383,-3.2702198028564453,53.11113739013672,-15.855132102966309,0
match5_whistle_0040.mp4,0.0061369235627353,-43.18423080444336,80,4079.3745293674697,2044.9343747083776,-125.59873962402344,116.82518005371094,-31.27742576599121,29.41848373413086,-30.369909286499023,1
match5_whistle_0041.mp4,0.0096675846725702,-42.70396041870117,93,4448.130021005307,1993.6754558906405,-106.56444549560548,97.46136474609376,-50.45392990112305,8.96116828918457,-28.609230041503903,1
match5_whistle_0042.mp4,0.0020925034768879,-47.000579833984375,59,4912.891923620346,1917.849696086745,-256.9897766113281,82.993896484375,-3.026577472686768,46.37561798095703,-45.09075927734375,1
match5_whistle_0043.mp4,0.0169268585741519,-44.13954925537109,62,5453.493430397727,2254.2874086364527,-158.84695434570312,69.7454605102539,-37.13138198852539,17.680307388305664,-19.13195037841797,1
match5_whistle_0044.mp4,0.0194043107330799,-41.11666870117188,62,5198.152043269231,2271.3138740643103,-92.34356689453124,84.66888427734375,-23.475439071655277,32.186248779296875,-18.008352279663086,0
match5_whistle_0045.mp4,0.0026482113171368,-45.75425720214844,74,4476.411549637957,2067.01057479658,-197.0235748291016,97.98492431640624,-7.0746235847473145,55.59727478027344,-18.203174591064453,1
match5_whistle_0046.mp4,0.0026658510323613,-45.6511344909668,59,3970.0048828125,2032.6883674699989,-149.87950134277344,124.19778442382812,-14.375718116760254,29.05227851867676,-46.92846298217773,1
match5_whistle_0047.mp4,0.0099198846146464,-43.42459487915039,73,5033.456143465909,2185.7140178867207,-195.45022583007807,74.32617950439453,0.8831359148025513,65.7435073852539,-11.948763847351074,1
match5_whistle_0048.mp4,0.0117030655965209,-40.56658172607422,64,4515.7393606085525,2106.849712029642,-135.47027587890625,106.43572998046876,-27.42811393737793,27.237586975097656,-23.541942596435547,1
match5_whistle_0049.mp4,0.0030926871113479,-46.80754089355469,69,4965.335787259615,2208.130107382089,-255.02816772460935,74.30561828613281,4.397178649902344,68.44853973388672,-16.93693733215332,1
match5_whistle_0050.mp4,0.0092652747407555,-42.68398666381836,82,4198.974609375,2037.645680111408,-125.9511489868164,102.18318176269533,-42.81417846679688,33.8874397277832,-18.878009796142575,1
match5_whistle_0051.mp4,0.0058474126271903,-50.70131301879883,72,4979.27715594952,2150.07677306532,-204.0684051513672,84.33821868896484,-19.827733993530277,44.659481048583984,-12.15652561187744,1
match5_whistle_0053.mp4,0.0054297391325235,-51.97709655761719,54,5842.890041977612,2371.3135688524617,-208.1590576171875,56.2195930480957,31.066333770751957,48.52573394775391,-21.25102424621582,1
match5_whistle_0054.mp4,0.0107541549950838,-44.055023193359375,52,5589.892865349265,2360.1856791496625,-189.80364990234372,68.3608169555664,4.423764228820801,55.96432495117188,-20.521408081054688,1
match5_whistle_0055.mp4,0.0160944573581218,-41.1251335144043,67,4895.517064144737,2200.07385497587,-104.78590393066406,83.8155288696289,-31.406953811645508,31.16578865051269,-18.39811134338379,0
match5_whistle_0056.mp4,0.0104478439316153,-44.58834457397461,58,3505.45166015625,1798.880110690961,-118.8011474609375,127.68206024169922,-44.55363464355469,19.514291763305664,-17.721513748168945,0
match5_whistle_0057.mp4,0.0125214708968997,-45.4206657409668,55,5283.288133000753,2345.8416875356443,-176.52684020996094,73.6171646118164,-10.99012279510498,54.17070007324219,-9.956253051757812,1
match5_whistle_0058.mp4,0.0061829001642763,-44.10679244995117,49,3836.648559570313,1955.765526391216,-116.22539520263672,120.882080078125,-33.69025039672852,25.468181610107425,-17.82456398010254,1
match5_whistle_0059.mp4,0.0058439020067453,-45.18914413452149,77,4514.932955228365,2019.7291492344568,-181.1121063232422,95.04308319091795,-21.28413391113281,45.76108551025391,-22.223745346069336,1
match5_whistle_0060.mp4,0.0133644547313451,-42.59270477294922,67,4543.356323242188,2074.3461348457545,-129.42242431640625,96.2998275756836,-34.94556427001953,31.24382209777832,-11.395644187927246,1
match5_whistle_0061.mp4,0.0304969102144241,-42.35828399658203,58,5237.02880859375,2279.839430343045,-192.026123046875,89.2844009399414,-11.570648193359377,37.07740783691406,-19.494186401367188,0
match5_whistle_0062.mp4,0.0025376088451594,-48.150516510009766,70,4730.902924408784,2230.11548749375,-269.9711608886719,73.4012222290039,6.068733215332031,65.39575958251953,-8.950106620788574,1
match5_whistle_0063.mp4,0.0065219327807426,-46.25611114501953,72,4480.889571340461,2123.768409146552,-77.28448486328125,106.83792114257812,-33.733978271484375,28.88936233520508,-19.19219207763672,1
match5_whistle_0064.mp4,0.0219318773597478,-44.17319869995117,48,5044.835222271126,2123.2865335290253,-164.30250549316406,79.3227767944336,-42.3187255859375,15.650375366210938,-20.9908504486084,1
match5_whistle_0065.mp4,0.0131871523335576,-40.80058288574219,77,4869.050844254032,2168.0327966466493,-140.61256408691406,94.73017120361328,-29.65353775024414,35.27961349487305,-21.330615997314453,1
match5_whistle_0066.mp4,0.0080924993380904,-44.63186264038086,66,4543.037746263587,1984.8280204955408,-128.9029998779297,86.95378112792969,-37.39117050170898,24.790573120117188,-18.79397964477539,1
match5_whistle_0067.mp4,0.0030122641474008,-46.6199951171875,46,4624.47509765625,2098.7208423900142,-190.84103393554688,100.26986694335938,-13.705293655395508,46.12861633300781,-30.443439483642575,1
match5_whistle_0068.mp4,0.0061380644328892,-50.28543472290039,76,5094.463433159723,2030.2492998584291,-241.40533447265625,83.151123046875,0.7980701923370361,45.48824691772461,-30.20917510986328,1
match5_whistle_0069.mp4,0.0224868636578321,-42.536407470703125,70,4807.28759765625,2163.9278871096426,-127.8392562866211,91.2667999267578,-42.04645919799805,17.68853759765625,-22.71268081665039,1
match5_whistle_0070.mp4,0.0084998654201626,-43.03474044799805,69,5038.9111970600325,2190.2825234911106,-189.9394073486328,82.23229217529297,-16.52943992614746,48.25455093383789,-18.546710968017575,1
match5_whistle_0071.mp4,0.0060420841909945,-44.25105667114258,68,4207.246510575457,2076.347927229177,-112.76248168945312,105.9565887451172,-33.299068450927734,35.75419616699219,-20.392087936401367,1
match5_whistle_0072.mp4,0.0033269866835325,-42.50754165649414,73,4490.081709849684,2133.536230680366,-183.98513793945312,109.8103256225586,-11.329731941223145,33.89604568481445,-41.8962287902832,1
match5_whistle_0073.mp4,0.0063073853962123,-44.67315673828125,91,4904.18701171875,2101.283076865268,-162.7001495361328,104.52672576904295,-13.398157119750977,37.79875564575195,-28.3602294921875,1
match5_whistle_0074.mp4,0.0219712685793638,-40.6575927734375,66,4964.00146484375,2165.178183712336,-138.34359741210938,86.44090270996094,-47.66241836547852,17.674760818481445,-13.964580535888672,1
match5_whistle_0075.mp4,0.0069110677577555,-44.51764297485352,45,4268.7421875,2155.581164477834,-92.69760131835938,111.00263214111328,-22.156330108642575,21.05843544006348,-30.418682098388672,1
match5_whistle_0076.mp4,0.0098054697737097,-45.01824569702149,70,4241.1796875,2125.758143572752,-92.03421783447266,101.94886016845705,-35.69905471801758,13.392980575561523,-19.190263748168945,1
match5_whistle_0077.mp4,0.001758012920618,-49.91597366333008,67,5165.591708096591,2025.1136761037485,-266.0466613769531,67.92914581298828,3.89577579498291,60.92667007446289,-18.10738182067871,1
match5_whistle_0078.mp4,0.0065469690598547,-44.4571647644043,63,4216.387261284723,1996.4599248639768,-94.23273468017578,112.893798828125,-37.45572662353516,23.20672035217285,-25.927339553833008,1
match5_whistle_0079.mp4,0.0169648416340351,-46.66350555419922,62,5404.597355769231,2082.723027673521,-269.1961669921875,60.531856536865234,3.4380314350128174,61.95719146728516,-31.06733703613281,1
match5_whistle_0080.mp4,0.0027046697214245,-46.053035736083984,63,4860.014447773972,2239.92956234168,-298.21343994140625,85.86202239990234,4.860311031341553,61.73162078857422,-11.287357330322266,1
match5_whistle_0081.mp4,0.0103474613279104,-45.16142272949219,44,4434.023790474397,2084.111464417001,-126.4802017211914,100.69694519042967,-36.2564811706543,18.342914581298828,-31.899673461914062,1
match5_whistle_0082.mp4,0.0136162303388118,-45.93925476074219,88,5108.682528409091,2278.1750966657296,-195.7683868408203,70.89549255371094,-2.0344815254211426,57.02042007446289,-12.723895072937012,1
match5_whistle_0083.mp4,0.0062090181745588,-44.46268844604492,64,3797.394353693182,1940.824115598334,-97.58206176757812,122.75170135498048,-30.35820579528809,35.66400146484375,-19.703330993652344,1
match5_whistle_0084.mp4,0.0067697488702833,-45.06402587890625,65,4848.873596191406,2070.280622266196,-185.5585174560547,91.56558990478516,-22.158790588378903,46.442657470703125,-17.091794967651367,1
match5_whistle_0085.mp4,0.0075424602255225,-47.64204788208008,73,4365.666934742647,2112.818416346407,-84.00132751464844,108.03472137451172,-34.69490432739258,19.938196182250977,-29.25921440124512,1
match5_whistle_0086.mp4,0.0062742684967815,-42.92060470581055,79,5178.994787744729,2243.7776700102354,-222.9273376464844,80.076416015625,-12.086902618408203,45.4856071472168,-20.878389358520508,1
match5_whistle_0087.mp4,0.0044667972251772,-47.33592224121094,63,3744.98291015625,1923.631894739028,-142.89703369140625,122.65485382080078,-50.504638671875,32.91559982299805,-15.225743293762209,1
match5_whistle_0088.mp4,0.0218218397349119,-44.00210952758789,84,5371.566395277388,2212.817808109625,-128.68197631835938,74.94415283203125,-36.10588455200195,33.56495666503906,-14.858826637268066,1
match5_whistle_0089.mp4,0.0139381047338247,-44.1096076965332,87,4637.633673035272,2187.92679811353,-97.2523193359375,97.0350341796875,-28.049190521240234,27.75434875488281,-17.617900848388672,0
match5_whistle_0090.mp4,0.0018227582331746,-52.0816650390625,77,4503.684182363014,1999.6398285600703,-237.35081481933597,93.44066619873048,-18.849342346191406,46.98814010620117,-15.083678245544434,1
match5_whistle_0091.mp4,0.0149591770023107,-38.49398040771485,37,4807.1337890625,2223.081315518244,-109.97052001953124,84.6910171508789,-20.603042602539062,44.27288818359375,-18.1098747253418,0
match5_whistle_0092.mp4,0.0100973322987556,-43.4688720703125,44,4020.10546875,2028.4732705738525,-109.08479309082033,111.60437774658205,-38.66971206665039,32.482479095458984,-9.528596878051758,1
match5_whistle_0093.mp4,0.0037679560482501,-45.70756912231445,75,5164.0927734375,2222.114762382558,-240.56610107421875,73.09893035888672,0.0947136208415031,64.65857696533203,-11.227020263671877,1
match5_whistle_0094.mp4,0.0065615400671958,-45.884315490722656,74,4027.381896972656,1950.122409668217,-157.606689453125,105.7802734375,-44.93805694580078,41.516387939453125,-10.923887252807615,1
match5_whistle_0095.mp4,0.0022065907251089,-44.93661117553711,80,4157.7923583984375,1918.233210242336,-217.9961395263672,96.31597900390624,-8.806700706481934,55.2629508972168,-20.038175582885746,1
match5_whistle_0096.mp4,0.0067391190677881,-45.118499755859375,48,3925.0244140625,2081.7421839971253,-113.91941833496094,104.19686126708984,-32.931793212890625,23.37969970703125,-12.248453140258787,1
match5_whistle_0097.mp4,0.0053046499378979,-48.199649810791016,75,4824.416281960227,1938.3303556400592,-197.1905212402344,96.52854919433594,-32.094993591308594,32.56919479370117,-33.8915901184082,1
match5_whistle_0098.mp4,0.012104544788599,-39.82807540893555,53,5090.069221047794,2296.6422607811546,-105.77975463867188,85.14837646484375,-17.551401138305664,34.81361389160156,-22.9666748046875,0
match5_whistle_0099.mp4,0.0075212251394987,-45.8882942199707,60,4227.782543285473,2102.853545463372,-111.37199401855467,105.05376434326172,-34.505313873291016,20.24955368041992,-26.229360580444336,1
match5_whistle_0100.mp4,0.0025721932761371,-47.500709533691406,78,4180.424922345633,1810.9881082261984,-183.7412872314453,107.73413848876952,-37.91448593139648,34.670169830322266,-32.9921875,1
match5_whistle_0101.mp4,0.016086334362626,-42.73511505126953,69,4948.811741879112,2152.366226031418,-132.3320770263672,72.4054946899414,-31.146934509277344,36.68458938598633,-9.643943786621094,1
match5_whistle_0102.mp4,0.0045516244135797,-42.10882568359375,58,5141.171875,2321.709156774797,-186.9302978515625,89.48053741455078,-4.550590991973877,55.8281364440918,-13.696141242980955,1
match5_whistle_0103.mp4,0.0113424118608236,-43.67050552368164,54,4315.926818847656,2085.059919627193,-105.82462310791016,101.29450988769533,-45.29182052612305,24.63969993591309,-23.234180450439453,1
match5_whistle_0104.mp4,0.0138842435553669,-43.97802734375,83,4759.107055664063,2064.5743664721217,-117.1283187866211,90.34654235839844,-44.25469207763672,27.809484481811523,-20.24890518188477,1
match5_whistle_0105.mp4,0.0129321729764342,-42.74247360229492,68,4318.88210348887,2088.985756344487,-102.009033203125,106.83565521240234,-38.94992065429688,28.321861267089844,-18.22780036926269,1
match5_whistle_0106.mp4,0.0071733491495251,-44.990840911865234,93,4516.4078958918535,2083.4718419823384,-149.99929809570312,103.78662872314452,-35.43378448486328,18.06995964050293,-27.561641693115234,1
match5_whistle_0107.mp4,0.0205947961658239,-37.762149810791016,49,5869.035391971983,2400.4725460218424,-141.91366577148438,62.65797805786133,-0.8902185559272766,46.56824493408203,-20.7910270690918,0
match5_whistle_0108.mp4,0.0117481583729386,-43.20744323730469,67,4517.262268066406,2133.0464007650094,-91.28509521484376,98.18869018554688,-36.20505142211914,20.55850601196289,-25.46018409729004,1
match5_whistle_0109.mp4,0.0064724232070147,-41.469032287597656,55,4156.6259765625,1989.5046293016644,-152.1963348388672,113.03614807128906,-40.13346099853516,21.974964141845703,-27.92500305175781,1
match5_whistle_0110.mp4,0.0202181227505207,-45.797996520996094,60,4334.665455537684,2087.5962680349903,-129.76275634765625,110.27227783203124,-39.78700637817383,21.6716365814209,-19.856910705566406,1
match5_whistle_0111.mp4,0.0031903311610221,-50.48215103149414,73,4501.587890625,1919.6850421602765,-271.7197570800781,82.6419677734375,-3.9913322925567623,59.15430450439453,-20.278886795043945,1
match5_whistle_0112.mp4,0.0101926373317837,-43.622352600097656,73,4617.15399559508,2172.9091416400784,-106.6391830444336,94.78021240234376,-35.76893615722656,30.14805793762207,-25.22471046447754,1
match5_whistle_0113.mp4,0.0099393287673592,-40.46979904174805,46,4556.489114200368,2067.0283528940736,-228.91737365722656,86.43851470947266,-28.1279411315918,46.61574935913086,-24.282527923583984,1
match5_whistle_0114.mp4,0.0039240452460944,-45.51318359375,96,4790.674615675403,2024.960000124914,-228.3035125732422,103.22093200683594,-14.18903923034668,31.180126190185547,-40.6535530090332,1
match5_whistle_0115.mp4,0.0123029928654432,-42.56193161010742,68,4699.732960668103,2137.350980982999,-106.59162139892578,87.12003326416016,-28.35857963562012,30.310516357421875,-15.12762451171875,1
match5_whistle_0116.mp4,0.0120793720707297,-44.21459197998047,85,4526.729991824128,2078.547581750891,-141.45509338378906,101.57691955566406,-35.60559844970703,18.237682342529297,-30.99301147460937,1
match5_whistle_0117.mp4,0.0131514184176921,-45.87908172607422,97,4727.298081341912,2088.209606535405,-158.8936004638672,90.02198028564453,-33.968719482421875,20.253890991210938,-22.53026962280273,1
match5_whistle_0118.mp4,0.0015816768864169,-51.46895217895508,48,4882.91015625,1991.0088719476548,-298.7055053710937,81.93106079101562,22.502344131469727,60.53434371948242,-28.17899513244629,1
match5_whistle_0119.mp4,0.0049215019680559,-48.83795928955078,71,4696.962361163403,1839.149932847348,-254.83819580078125,76.02942657470703,-10.867691040039062,46.16920852661133,-29.839454650878903,1
match5_whistle_0120.mp4,0.009392661973834,-41.23054504394531,52,4495.2099609375,2136.319513001045,-111.12464904785156,113.91289520263672,-30.847774505615234,20.94552993774414,-24.95957946777344,0
match5_whistle_0121.mp4,0.0116471275687217,-46.6220588684082,71,4272.158401076858,2068.3343140647203,-96.18811798095705,111.40679168701172,-41.52321243286133,9.89655876159668,-22.53334045410156,1
match5_whistle_0122.mp4,0.0062504014931619,-48.18693923950195,59,4952.491224134291,2077.6194382688336,-210.9429168701172,94.6369857788086,-15.09630012512207,39.05174255371094,-28.863082885742188,1
match5_whistle_0123.mp4,0.0097964815795421,-40.94363021850586,68,4427.590110085227,2098.2488823051413,-136.5777587890625,100.08113098144533,-39.8090934753418,35.960655212402344,-20.98175430297852,1
match5_whistle_0124.mp4,0.0057655707933008,-45.13995742797852,52,5082.425888270548,2325.368243087357,-221.5499725341797,73.8223648071289,6.742411613464356,67.3247299194336,-19.54696655273437,1
match5_whistle_0125.mp4,0.0073667573742568,-44.18558120727539,71,4251.01318359375,2038.315873979929,-124.20952606201172,99.28011322021484,-36.09170150756836,32.69795608520508,-17.028364181518555,1
match5_whistle_0126.mp4,0.0106052467599511,-47.357757568359375,71,5370.764327375856,2256.083029506142,-218.82388305664065,58.115909576416016,0.601796567440033,59.96711730957031,-11.834400177001951,1
match5_whistle_0127.mp4,0.0081278448924422,-38.6767692565918,47,5002.977855785473,2309.3865308518334,-194.15835571289065,85.08689880371094,-3.1227283477783203,53.30025100708008,-12.12166976928711,0
match5_whistle_0128.mp4,0.011046121828258,-42.91790008544922,76,4773.600344313789,2152.5407229270404,-103.83641815185548,99.2153778076172,-30.229061126708984,30.457260131835938,-23.34432411193848,0
match5_whistle_0129.mp4,0.0149992341175675,-44.197635650634766,67,4548.4952600990855,2185.1509400929976,-104.68350982666016,101.31761169433594,-33.46826171875,23.414640426635746,-26.661808013916016,1
match5_whistle_0130.mp4,0.0034284151624888,-47.41707992553711,70,4671.209716796875,2092.2225813306104,-234.8740997314453,101.26429748535156,-4.987785816192627,54.4901237487793,-27.030216217041016,1
match5_whistle_0131.mp4,0.0077790585346519,-43.53364181518555,61,4159.308182565789,2042.0206168453133,-98.2990951538086,96.54579162597656,-45.10460662841797,16.158241271972656,-20.448486328125,1
match5_whistle_0132.mp4,0.0018842230783775,-53.59250259399414,41,4698.829920151655,2038.4937093482208,-282.8992004394531,75.41928100585938,9.117250442504885,59.820430755615234,-17.269311904907227,1
match5_whistle_0133.mp4,0.0062546450644731,-47.68136215209961,46,4382.701455393145,2171.486476160172,-128.73269653320312,111.3779525756836,-18.592002868652344,34.626468658447266,-14.27194595336914,0
match5_whistle_0134.mp4,0.0108677018433809,-44.81682586669922,52,4176.903076171875,2050.174134929651,-129.26010131835938,106.11369323730467,-34.32262420654297,31.483657836914062,-22.38776206970215,1
match5_whistle_0135.mp4,0.006047825794667,-50.23213958740234,56,4903.314044024493,2067.6967392261536,-249.478271484375,84.24855041503906,1.1881123781204224,49.70925521850586,-34.506553649902344,1
match5_whistle_0136.mp4,0.0078352401033043,-40.67294692993164,82,4215.058051215277,2029.1608986225792,-92.92335510253906,109.04467010498048,-33.92158126831055,23.25012588500977,-34.29586410522461,1
match5_whistle_0137.mp4,0.0055925967171788,-47.472843170166016,69,4951.201171875,2011.077719974399,-246.5286407470703,76.02007293701172,-18.926424026489254,50.139591217041016,-24.18850517272949,1
match5_whistle_0138.mp4,0.0048893336206674,-47.44222259521485,73,3920.4058297072784,1763.2482337273002,-154.5471649169922,103.32228088378906,-50.12883377075195,22.526796340942383,-21.77899932861328,1
match5_whistle_0139.mp4,0.0080405930057168,-44.76996612548828,57,5405.232747395833,2224.133439003311,-201.4981384277344,94.11664581298828,-19.1373348236084,36.71044158935547,-39.79138946533203,1
match5_whistle_0140.mp4,0.0144231170415878,-41.64753723144531,54,4692.57021621919,2167.632146407819,-186.52243041992188,97.78330993652344,-24.27216148376465,34.313114166259766,-37.44317626953125,1
match5_whistle_0141.mp4,0.0041311467066407,-46.475467681884766,85,4327.500915527344,1906.099099533552,-228.2784423828125,94.51736450195312,-17.26961898803711,59.98372650146485,-19.26607131958008,1
match5_whistle_0142.mp4,0.0213138181716203,-39.13945770263672,40,5957.049959842289,2458.1173096000143,-146.76657104492188,59.02006530761719,3.725583076477051,53.20668029785156,-23.70069694519043,1
match5_whistle_0143.mp4,0.0131026804447174,-39.59708786010742,66,4583.849676724138,2157.7246051544694,-95.63890838623048,93.69086456298828,-32.79254531860352,38.03014373779297,-11.672099113464355,1
match5_whistle_0144.mp4,0.0136132854968309,-45.62103271484375,74,4879.893141526442,2058.1317329424705,-164.14549255371094,81.57311248779297,-45.429718017578125,25.409896850585938,-8.626991271972656,1
match5_whistle_0145.mp4,0.0043130195699632,-44.5343132019043,76,3916.636316636029,1847.373351268632,-131.67694091796875,119.46602630615234,-48.08345413208008,23.65887451171875,-29.952524185180664,1
match5_whistle_0146.mp4,0.004902206826955,-48.90964889526367,59,4166.068235585387,2103.2518230666165,-185.5311584472656,104.94117736816406,-31.29058265686035,42.00941848754883,-7.018574237823486,1
match5_whistle_0147.mp4,0.0139803467318415,-42.18313980102539,77,4339.894432357595,2101.435477153356,-100.13274383544922,100.91510772705078,-37.6063117980957,23.54647827148437,-14.24039077758789,1
match5_whistle_0148.mp4,0.0034483601339161,-46.96677017211914,52,4689.704975328948,2056.7265914607583,-224.48509216308597,85.7894515991211,-1.6271625757217407,56.970401763916016,-19.19695472717285,1
match5_whistle_0149.mp4,0.0062627182342112,-40.98104095458984,55,3796.275745738637,1955.3293694315705,-83.66136932373047,114.12881469726562,-47.8729133605957,27.62869644165039,-14.772049903869627,1
match5_whistle_0150.mp4,0.0041934074833989,-49.61808395385742,53,4384.523703835227,1950.8088402379328,-203.0630340576172,100.04925537109376,-23.074445724487305,36.55355072021485,-25.56717872619629,1
match5_whistle_0151.mp4,0.0037275112699717,-43.4149284362793,64,3910.458786423142,2004.5119609528035,-98.5384521484375,117.77511596679688,-34.19643783569336,15.81098747253418,-40.23863220214844,1
match5_whistle_0152.mp4,0.0126877343282103,-44.065528869628906,61,4388.1378173828125,2038.850057222122,-149.71763610839844,101.57076263427734,-36.20658874511719,26.49677276611328,-42.429931640625,1
match5_whistle_0153.mp4,0.0104069765657186,-41.72438430786133,45,4257.841352982955,2083.9674738822746,-106.00538635253906,96.62920379638672,-43.71882247924805,14.707995414733888,-15.686120986938477,1
match5_whistle_0154.mp4,0.0057842712849378,-41.67594528198242,76,5129.481243265086,2255.388480841128,-159.7000732421875,96.30821228027344,-7.290349960327148,44.3797492980957,-30.32294273376465,1
match5_whistle_0155.mp4,0.0070244842208921,-48.6114501953125,77,3726.4404296875,1938.4890235253229,-102.68523406982422,115.46378326416016,-46.46488952636719,10.773460388183594,-15.03883171081543,1
match5_whistle_0156.mp4,0.0140276178717613,-42.13415145874024,65,4801.758802259291,2147.9878748083884,-114.02779388427734,90.31687927246094,-34.05276870727539,22.21941566467285,-12.794142723083496,1
match5_whistle_0157.mp4,0.0102148046717047,-43.5909538269043,63,4465.644948075457,2158.674870463776,-123.14788055419922,109.59366607666016,-26.2088680267334,32.93647003173828,-31.426204681396484,1
match5_whistle_0158.mp4,0.0046124928630888,-46.94438934326172,86,4975.233289930556,2164.890327288273,-208.05506896972656,89.70962524414062,-6.808948516845703,53.40714263916016,-30.10009384155273,1
match5_whistle_0159.mp4,0.0066153667867183,-43.087799072265625,58,4045.8197021484375,2021.169975661394,-106.0553207397461,116.99348449707033,-39.10253143310547,19.347087860107425,-22.987232208251957,1
match5_whistle_0160.mp4,0.0125433504581451,-45.863555908203125,76,4888.710021972656,2065.9730617717178,-149.10757446289062,83.41788482666016,-28.503076553344727,24.12125015258789,-28.43539428710937,1
match5_whistle_0161.mp4,0.0184039697051048,-42.74636459350586,65,4867.194073016827,2252.1145569301143,-128.66551208496094,88.77198028564453,-29.429370880126957,36.580867767333984,-13.293452262878418,1
match5_whistle_0162.mp4,0.0101374108344316,-49.256309509277344,69,5229.0659709149095,2002.6556037451687,-259.4188537597656,62.5004997253418,-12.000751495361328,62.6963005065918,-15.818272590637209,1
match5_whistle_0163.mp4,0.0127069381996989,-42.60807037353516,59,4477.249849759615,2091.4542373859395,-122.60260772705078,100.4362564086914,-47.875221252441406,24.649566650390625,-16.058141708374023,1
match5_whistle_0164.mp4,0.0030959243886172,-46.978477478027344,81,4617.821670160061,1997.098103935896,-281.0748291015625,79.03107452392578,-8.254450798034668,55.76723861694336,-24.719804763793945,1
match5_whistle_0165.mp4,0.0118305515497922,-42.80031967163086,72,4472.4462890625,2113.364558633111,-123.45384216308594,102.17404174804688,-33.41249084472656,21.25226211547852,-24.87827682495117,0
match5_whistle_0166.mp4,0.0157960057258605,-47.47306823730469,71,5463.2427978515625,2143.454223660763,-242.81082153320312,73.01534271240234,-7.300991058349609,54.46741485595703,-24.41535186767578,1
match5_whistle_0167.mp4,0.0074894949793815,-49.3269157409668,64,4688.85498046875,2020.7442801630525,-184.08116149902344,99.40199279785156,-34.96554183959961,30.68563461303711,-23.539514541625977,1
match5_whistle_0168.mp4,0.0181189365684986,-42.38420867919922,67,4385.680147058823,2085.694199666501,-121.42064666748048,88.04063415527344,-36.587989807128906,35.20089340209961,-10.826437950134276,1
match5_whistle_0169.mp4,0.005970518104732,-46.16987228393555,81,4906.023667279412,2204.97229938914,-202.45054626464844,80.83248901367188,3.27610182762146,60.83196640014648,-24.376577377319336,1
match5_whistle_0170.mp4,0.0214187260717153,-34.60752868652344,50,6665.91064453125,2592.8920101946333,-226.64822387695312,55.01208114624024,17.075313568115234,48.606224060058594,-31.15496253967285,0
match5_whistle_0171.mp4,0.0104272430762648,-41.23915863037109,77,4932.4493408203125,2209.389744008472,-154.2321014404297,91.26771545410156,-10.053418159484863,41.13030242919922,-19.914634704589844,1
match5_whistle_0172.mp4,0.006227103061974,-42.542781829833984,63,5347.321251977848,2284.0658774404537,-210.9717712402344,83.01566314697266,0.7987610101699829,57.321048736572266,-24.448884963989254,1
match5_whistle_0173.mp4,0.0043278406374156,-44.12278366088867,71,4269.57275390625,1989.2907235742807,-174.5601348876953,105.92071533203124,-29.93382835388184,49.75527191162109,-13.270343780517578,1
match5_whistle_0174.mp4,0.0022618873044848,-49.52023315429688,74,4491.770241477273,2035.1087417065887,-230.68258666992188,99.68782043457033,-4.569250106811523,59.64125442504883,-22.974565505981445,1
match5_whistle_0175.mp4,0.0060589457862079,-44.27848815917969,76,4156.211487676056,2004.5094213624488,-170.2040252685547,107.77738189697266,-28.9019832611084,40.42570877075195,-2.86401915550232,1
match5_whistle_0176.mp4,0.0081208143383264,-47.84690475463867,49,5197.993920554577,2064.0420685568715,-245.6619415283203,71.22362518310547,-4.093511581420898,54.49152374267578,-19.902681350708008,1
match5_whistle_0177.mp4,0.0117676118388772,-42.3370361328125,65,4402.044677734375,2108.7110558715267,-113.06100463867188,108.17938995361328,-32.59164810180664,20.211780548095703,-18.776769638061523,1
match5_whistle_0178.mp4,0.0109810670837759,-43.96238708496094,60,4392.147472292878,1940.9417267559008,-133.13873291015625,99.3218765258789,-52.36509323120117,18.113719940185547,-19.03096008300781,1
match5_whistle_0179.mp4,0.0016695755766704,-46.76108551025391,70,4320.832963423295,1801.896671652857,-221.0240173339844,97.3621826171875,-23.165245056152344,59.8641471862793,-22.784822463989254,1
match5_whistle_0180.mp4,0.012989955022931,-43.16763305664063,69,5227.41413522274,2235.241053818391,-173.05789184570312,77.07953643798828,-13.439967155456545,38.68532180786133,-22.12481117248535,1
match5_whistle_0181.mp4,0.0115036563947796,-41.30153274536133,59,4000.5615234375,1950.878205621998,-106.77081298828124,105.0615234375,-50.218658447265625,22.853492736816406,-17.284732818603516,1
match5_whistle_0182.mp4,0.0029133949428796,-49.768497467041016,66,4664.913458573191,2033.9008211395376,-261.3543701171875,75.2331771850586,8.93975830078125,59.64260482788086,-20.588077545166016,1
match5_whistle_0183.mp4,0.0100678550079464,-41.43120956420898,77,4493.553835846657,2091.0688514562617,-101.3154525756836,98.39112091064452,-39.14276885986328,30.877256393432617,-31.958467483520508,1
match5_whistle_0184.mp4,0.0034138322807848,-46.3615608215332,74,4975.3276209677415,2164.332219656097,-228.59996032714844,80.92598724365234,-12.223221778869627,66.9525375366211,-7.229557991027832,1
match5_whistle_0186.mp4,0.0103318272158503,-45.71970748901367,84,4805.4066853350905,2059.76937077244,-157.54710388183594,87.0625,-44.62131881713867,30.99562644958496,-22.566627502441406,1
match5_whistle_0187.mp4,0.0093632750213146,-46.14617156982422,82,4455.992713341346,2123.944598578601,-75.5320053100586,97.37259674072266,-40.3704948425293,13.24371337890625,-23.67695999145508,1
match5_whistle_0188.mp4,0.0096843102946877,-41.088111877441406,61,4352.16796875,2129.139936773666,-137.70465087890625,106.0471649169922,-38.99235916137695,27.474449157714844,-16.33072853088379,1
match5_whistle_0189.mp4,0.0059235300868749,-44.21026611328125,81,5225.084258288872,2241.31339566958,-200.7655334472656,68.93522644042969,0.5916897654533386,59.53307723999024,-20.719438552856445,1
match5_whistle_0190.mp4,0.0253027081489563,-36.79231643676758,70,5608.038119612069,2216.512087560115,-133.74346923828125,65.86734771728516,-26.914596557617188,39.423587799072266,-25.55224609375,0
match5_whistle_0191.mp4,0.006715175230056,-43.89280319213867,74,4027.123084435096,2044.477902145272,-112.96609497070312,120.37552642822266,-33.24216079711914,27.13806533813477,-21.17892074584961,1
match5_whistle_0192.mp4,0.0019577257335186,-46.82907104492188,85,4207.246510575457,1931.7019599072207,-206.0771484375,102.90253448486328,-16.540403366088867,50.50261306762695,-31.095643997192383,1
match5_whistle_0193.mp4,0.008703320287168,-43.312721252441406,67,4491.035712519779,2078.8394821089846,-134.68817138671875,93.5767059326172,-33.58290100097656,39.17905426025391,-16.956872940063477,1
match5_whistle_0194.mp4,0.006081105209887,-50.08908462524414,87,4914.749184137659,2117.6822578104666,-231.84945678710935,82.93125915527344,-8.21981143951416,48.979618072509766,-31.60602569580078,1
match5_whistle_0195.mp4,0.0141820926219224,-42.50731658935547,68,4247.628745549841,2085.6319694983517,-92.74220275878906,106.3787841796875,-41.9684944152832,12.532183647155762,-21.56087684631348,1
match5_whistle_0196.mp4,0.0066158068366348,-44.89907455444336,88,4804.41650390625,2020.6255928201228,-181.1738739013672,89.13292694091797,-18.806272506713867,42.70835113525391,-35.51757049560547,1
match5_whistle_0197.mp4,0.0081474408507347,-44.45927047729492,61,4272.215833162007,2107.2921975468,-133.7796630859375,98.99860382080078,-31.313940048217773,31.09434127807617,-18.24807929992676,1
match5_whistle_0198.mp4,0.0135553563013672,-46.15436553955078,69,5196.493252840909,2267.5904286213145,-191.88848876953125,79.24244689941406,-15.103994369506836,44.85562896728516,-23.68004035949707,1
match5_whistle_0199.mp4,0.0094631807878613,-43.22804641723633,64,4168.129750844595,2092.968106344903,-76.6931381225586,107.52544403076172,-38.68544769287109,15.80946445465088,-22.850557327270508,1
match5_whistle_0200.mp4,0.0246335696429014,-42.66722869873047,72,4943.881460336538,2170.060469292096,-123.13838958740234,89.34510803222656,-39.86217498779297,23.039783477783203,-18.77980613708496,1
match5_whistle_0201.mp4,0.0025601303204894,-46.18627548217773,74,4701.3756912745785,2118.0412935493923,-233.4779052734375,89.20989227294922,7.856800079345703,59.4537467956543,-26.420412063598636,1
match5_whistle_0202.mp4,0.0048752976581454,-47.45587158203125,76,4648.934659090909,2072.5335706657397,-217.47564697265625,94.986572265625,-0.9725829362869264,57.26192092895508,-28.77332305908203,1
match5_whistle_0203.mp4,0.0250780619680881,-43.3493766784668,73,4716.559284489329,2197.931224729404,-105.1016082763672,96.93657684326172,-39.24494934082031,18.091184616088867,-14.780035018920898,1
match5_whistle_0204.mp4,0.0290008503943681,-31.08890151977539,62,6163.684817394578,2136.126284826889,-239.84686279296875,22.00446891784668,3.750347375869751,55.88937377929688,-29.77761459350586,0
match5_whistle_0205.mp4,0.0092991953715682,-48.366981506347656,62,4880.19287109375,2111.258434614732,-210.3596343994141,81.28886413574219,-7.1022162437438965,52.45050430297852,-15.42104148864746,1
match5_whistle_0206.mp4,0.0060426224954426,-44.90555191040039,75,3730.8427734375,1940.562383995381,-70.07561492919922,113.66890716552734,-47.11763000488281,4.405331611633301,-23.21180725097656,1
match5_whistle_0207.mp4,0.0041694473475217,-46.875099182128906,43,4205.1055908203125,2036.5164858305172,-93.51012420654295,96.90253448486328,-54.10942077636719,4.8983988761901855,-24.50084686279297,1
match5_whistle_0208.mp4,0.0018874466186389,-49.023067474365234,78,4211.89453125,1915.8805452184345,-220.409423828125,110.31961059570312,-17.743736267089844,45.1286735534668,-32.604732513427734,1
match5_whistle_0209.mp4,0.0093035493046045,-46.23908615112305,41,4162.424830386513,2071.5823328040506,-93.39705657958984,98.42715454101562,-47.06710052490234,7.701484203338623,-16.858064651489258,1
match5_whistle_0210.mp4,0.0071541597135365,-46.58219528198242,68,4827.854567307692,2119.1674871687765,-133.99163818359375,85.57469940185547,-44.45414352416992,1.4372260570526123,-27.32318878173828,1
match5_whistle_0211.mp4,0.0171422623097896,-46.731056213378906,66,4979.301666544977,1961.0803398812543,-177.94381713867188,76.874755859375,-24.495824813842773,47.1309700012207,-26.183979034423828,1
match5_whistle_0212.mp4,0.0037872393149882,-46.84718704223633,76,4963.4033203125,2113.5501765476115,-243.38877868652344,72.45855712890625,9.694477081298828,61.20809555053711,-21.28367042541504,1
match5_whistle_0213.mp4,0.0126514537259936,-41.95635223388672,67,4631.966585726352,2182.20981804906,-107.4293212890625,102.77484893798828,-35.042076110839844,33.14027786254883,-17.402509689331055,1
match5_whistle_0214.mp4,0.0099167609587311,-44.92800521850586,84,4512.674227627841,2042.1384456865044,-117.79377746582033,104.9653778076172,-32.14923095703125,26.622875213623047,-34.234317779541016,1
match5_whistle_0215.mp4,0.0230656452476978,-39.6706657409668,50,5504.698114809783,2332.79217419715,-112.3372573852539,76.6963119506836,-19.479341506958008,48.15435028076172,-14.303777694702148,0
match5_whistle_0216.mp4,0.0080608520656824,-45.86896896362305,62,4399.66890142205,2109.6416678057863,-73.56324768066406,95.14009857177734,-46.90758895874024,-2.133044719696045,-27.40191650390625,1
match5_whistle_0217.mp4,0.0084942393004894,-42.61297225952149,89,4365.85693359375,1988.188286127588,-124.0651397705078,111.0733871459961,-48.508785247802734,23.170568466186523,-27.74886703491211,1
match5_whistle_0218.mp4,0.0221805870532989,-45.67419052124024,68,4809.290686319041,2087.5764176790512,-139.5908966064453,82.0649642944336,-35.30417251586914,46.847877502441406,-8.37397575378418,0
match5_whistle_0219.mp4,0.0149518009275197,-45.09109878540039,36,4628.007368607955,2168.1079652617154,-97.50506591796876,97.54141998291016,-24.901960372924805,25.325469970703125,-17.696508407592773,0
match5_whistle_0220.mp4,0.0080769248306751,-42.53998947143555,51,4264.17236328125,2106.976646970581,-104.46343231201172,110.88729095458984,-30.87948226928711,34.66514587402344,-11.677173614501951,1
match5_whistle_0221.mp4,0.0022748128976672,-46.809112548828125,60,4432.347972972973,1905.9332122262788,-221.7675018310547,100.35470581054688,-26.981704711914062,42.87553787231445,-26.956621170043945,1
match5_whistle_0222.mp4,0.0089383590966463,-45.90009689331055,78,4693.993585759943,2163.4713961305865,-64.7855453491211,92.44436645507812,-39.85470199584961,12.936904907226562,-21.948755264282227,1
match5_whistle_0223.mp4,0.0071033388376235,-45.47372817993164,80,4993.9314057555375,2029.8667590070213,-195.0495147705078,84.90153503417969,-17.651121139526367,58.41754913330078,-18.474853515625,1
match5_whistle_0224.mp4,0.0036012802738696,-43.09682083129883,48,3561.3346840018658,1904.8055186767656,-144.930419921875,124.48226165771484,-38.18192672729492,33.05903244018555,-11.048867225646973,1
match5_whistle_0225.mp4,0.0024350075982511,-44.85260009765625,53,4306.034055897887,2065.44713557676,-195.92263793945312,110.89569854736328,-9.860674858093262,55.16110610961914,-18.06326675415039,1
match5_whistle_0226.mp4,0.0023938009981065,-44.93566131591797,53,3501.5380859375,1813.686504303164,-188.4425201416016,131.98260498046875,-30.71768951416016,47.082740783691406,-26.5212516784668,1
match5_whistle_0227.mp4,0.0048084259033203,-47.66452026367188,46,4778.104440789473,2149.2448088523565,-209.77362060546875,95.6565933227539,-5.573546409606934,54.96340560913086,-23.46864128112793,1
match5_whistle_0228.mp4,0.0130382850766181,-40.28893661499024,74,4941.709421641791,2212.235596283075,-109.76885986328124,93.42880249023438,-28.343706130981445,28.388566970825195,-16.93555450439453,0
match5_whistle_0229.mp4,0.0091628972440958,-46.28286743164063,81,4071.2375217013887,2026.421409233234,-111.72078704833984,113.20738220214844,-40.34086227416992,26.345598220825195,-26.83525657653809,1
match5_whistle_0230.mp4,0.0084542520344257,-45.17807769775391,72,3840.0034466911766,1942.7977760300428,-74.14947509765625,109.15367889404295,-48.44749450683594,12.469340324401855,-18.405567169189453,1
match5_whistle_0231.mp4,0.0066621010191738,-46.78742218017578,74,4008.563026685393,2003.067972330224,-125.1664581298828,113.84391784667967,-36.19644927978516,8.038199424743652,-32.471588134765625,1
match5_whistle_0232.mp4,0.0064728278666734,-42.10183334350586,54,5329.4677734375,2096.889479092697,-191.63710021972656,76.52661895751953,-14.922938346862791,45.92801284790039,-38.230098724365234,1
match5_whistle_0233.mp4,0.0246002376079559,-37.076297760009766,43,5276.139450073242,2267.308453751893,-187.2013702392578,85.69564056396484,-20.192739486694336,39.04581451416016,-16.2193603515625,0
match5_whistle_0234.mp4,0.002099766395986,-50.56153106689453,71,4719.406960227273,2053.074907842752,-271.6500244140625,81.44169616699219,-9.76760196685791,59.62049102783203,-18.880779266357425,1
match5_whistle_0235.mp4,0.0073360661044716,-45.978477478027344,69,4082.4995561079545,2016.531713203044,-137.10472106933594,112.83208465576172,-40.03188705444336,21.15671157836914,-21.20869445800781,1
match5_whistle_0236.mp4,0.0044014630839228,-47.07562255859375,56,4125.450053967928,1813.2763620364656,-179.2200164794922,96.104736328125,-41.437129974365234,16.135211944580078,-27.78120231628418,1
match5_whistle_0237.mp4,0.0186772476881742,-39.020782470703125,42,5759.089906754032,2291.254059871902,-152.02992248535156,52.2590446472168,-17.99930763244629,54.43844604492188,-6.756139278411865,0
match5_whistle_0238.mp4,0.0079061696305871,-46.24968719482422,51,4818.6181640625,2245.794646475313,-166.7476043701172,92.63350677490234,-15.408214569091797,48.3797721862793,-11.18393898010254,1
match5_whistle_0239.mp4,0.0088951038196682,-46.35882186889648,64,4978.243771114865,2062.6125814052607,-265.4532775878906,78.61138153076172,-7.33519172668457,47.16523361206055,-26.30248069763184,1
match5_whistle_0240.mp4,0.0392568632960319,-34.301021575927734,40,6174.814224243164,2313.184587226235,-171.94583129882812,59.1113395690918,-12.581022262573242,52.23601531982422,-23.777851104736328,0
match5_whistle_0241.mp4,0.009332938119769,-44.77760696411133,48,4786.334134615385,2189.3585370592605,-121.28152465820312,104.94642639160156,-25.42019271850586,33.832763671875,-10.709959030151367,0
match5_whistle_0242.mp4,0.027992021292448,-32.5533332824707,43,6261.85546875,2476.8762655287887,-195.4730987548828,47.2824821472168,18.457246780395508,51.306758880615234,-28.04401397705078,0
match5_whistle_0243.mp4,0.012018060311675,-41.99409866333008,54,5515.799442414314,2377.5233395956866,-108.63665008544922,84.39054870605469,-8.985466957092285,41.06755828857422,-23.95336532592773,0
match5_whistle_0244.mp4,0.0066901589743793,-43.30131912231445,70,4343.504532523777,2077.4014839249808,-114.1186752319336,110.49649810791016,-31.750621795654297,29.96979522705078,-22.42270851135254,1
match5_whistle_0245.mp4,0.0076273130252957,-49.585086822509766,69,5117.191129117398,2121.922852801786,-247.79885864257807,81.75431823730469,-3.809142589569092,51.201290130615234,-22.543746948242188,1
match5_whistle_0246.mp4,0.0080024078488349,-48.65434646606445,41,3885.5165892009495,1929.7538869202149,-109.32027435302734,111.21574401855467,-36.2763900756836,18.70844268798828,-23.94346809387207,1
match5_whistle_0247.mp4,0.0046775615774095,-49.646121978759766,83,5126.231553819444,2084.584229706932,-307.0213623046875,72.86701965332031,0.9274708032608032,57.07402038574219,-24.294981002807617,1
match5_whistle_0248.mp4,0.0064417729154229,-48.57013702392578,75,4047.1088610197367,1984.6268329631864,-124.63675689697266,109.25929260253906,-37.22483825683594,26.4010066986084,-23.580698013305664,1
match5_whistle_0249.mp4,0.0095055028796195,-40.7353401184082,68,4210.499422315141,1983.7256954884256,-180.93771362304688,102.8772964477539,-57.5567512512207,7.958380699157715,-23.142316818237305,1
match5_whistle_0250.mp4,0.0135486181825399,-41.35196685791016,44,4911.589050292969,2259.6957409510624,-129.00022888183594,95.8469696044922,-23.857669830322266,38.654422760009766,-12.02526569366455,0
match5_whistle_0251.mp4,0.0202985722571611,-43.60513687133789,53,5140.735581341912,2148.7154585654994,-143.43905639648438,78.21807861328125,-36.549591064453125,34.45084762573242,-21.877666473388672,1
match5_whistle_0252.mp4,0.0150976916775107,-47.716426849365234,73,5533.458984375,2171.288818886859,-249.84005737304688,52.9217529296875,-0.2980349659919739,66.6045150756836,-18.540307998657227,1
match5_whistle_0253.mp4,0.0261714253574609,-36.39122772216797,57,5941.063262195122,2431.74980997895,-159.9761962890625,67.59606170654297,-13.66761302947998,46.24267959594727,-9.352558135986328,0
match5_whistle_0254.mp4,0.0078259594738483,-45.98585891723633,63,4209.591674804688,2021.734434354263,-173.25347900390625,107.72594451904295,-34.15898895263672,39.10303115844727,-11.141517639160156,1
match5_whistle_0255.mp4,0.0045355660840868,-45.52434158325195,51,4632.839553420608,2155.356989257421,-187.6719207763672,105.2026596069336,-14.281322479248049,36.1835823059082,-24.60093307495117,1
match5_whistle_0256.mp4,0.0049718110822141,-45.04600143432617,61,4167.6796875,2110.7765740859463,-144.3179473876953,112.94908905029295,-11.102417945861816,31.19370460510254,-34.34334182739258,1
match5_whistle_0257.mp4,0.008864801377058,-46.00790023803711,74,4785.75439453125,2020.4373330108835,-161.96055603027344,87.99128723144531,-50.2063102722168,30.291933059692383,-18.099609375,1
match5_whistle_0258.mp4,0.0077967820689082,-44.95074081420898,54,3997.8600135216343,1936.3685346106884,-126.03386688232422,107.87964630126952,-50.29817199707031,28.36355972290039,-10.474968910217283,1
match5_whistle_0259.mp4,0.0059438748285174,-44.12236785888672,59,4723.846435546875,2232.879604787388,-196.36813354492188,92.4262466430664,-15.581426620483398,40.25338745117188,-8.146767616271973,1
match5_whistle_0260.mp4,0.0147882718592882,-37.534854888916016,36,6180.029296875,2561.317583836648,-194.6357879638672,59.71202850341797,9.102086067199709,55.39106750488281,-19.17605209350586,0
match5_whistle_0261.mp4,0.0166243892163038,-42.54034805297852,66,6143.274346713362,2460.7893995776813,-164.7903289794922,53.28546905517578,10.902544975280762,45.91206741333008,-26.029720306396484,0
match5_whistle_0262.mp4,0.0075442753732204,-44.56108856201172,68,4368.775590643825,2112.023217579213,-130.0464324951172,107.7966766357422,-26.8027400970459,31.610260009765625,-23.51045608520508,1
match5_whistle_0263.mp4,0.0019072762224823,-48.14380645751953,76,4800.814008109177,2131.501212870398,-278.0233764648437,70.55903625488281,9.218673706054688,66.51400756835938,-13.042981147766112,1
match5_whistle_0265.mp4,0.0360319763422012,-41.20085144042969,63,5104.39453125,2329.758400548738,-140.46351623535156,85.39471435546875,-15.061002731323242,33.431697845458984,-30.112510681152344,1
match5_whistle_0266.mp4,0.0031981072388589,-47.006004333496094,75,4493.310216955237,1976.6815496185104,-194.24075317382807,108.76935577392578,-18.25275611877441,42.75502014160156,-37.28069686889648,1
match5_whistle_0267.mp4,0.010134132578969,-41.21316146850586,75,4126.9211989182695,2030.614038500588,-126.04105377197266,107.37671661376952,-36.28281784057617,20.60817527770996,-16.863100051879883,1
match5_whistle_0268.mp4,0.0045881136320531,-46.83351516723633,85,5010.558309434336,2209.48420570869,-251.51312255859372,72.13640594482422,-1.0581070184707642,67.7380599975586,-2.547684669494629,1
match5_whistle_0269.mp4,0.0101405913010239,-46.76567077636719,59,4824.6337890625,2299.013627736658,-216.24752807617188,87.68901824951172,4.780655384063721,55.20298767089844,-21.65703582763672,1
match5_whistle_0270.mp4,0.0042555471882224,-47.99043273925781,69,4700.863882211538,2016.9595511584969,-232.28257751464844,92.1125259399414,-18.96759986877441,31.67532157897949,-22.734132766723636,1
match5_whistle_0271.mp4,0.0063346051611006,-44.007755279541016,60,4549.874834947183,2140.015363326053,-141.736328125,94.58985900878906,-25.60339736938477,35.82721328735352,-12.390789985656738,1
match5_whistle_0272.mp4,0.0052981581538915,-44.65361785888672,30,4032.8818359375,1932.9822088471824,-250.66671752929688,104.95267486572266,-31.508493423461918,31.096773147583008,-31.7463321685791,1
match5_whistle_0273.mp4,0.0029446124099195,-45.34913635253906,74,4678.036113850121,1988.3266691906083,-189.82530212402344,97.25362396240234,-21.50455093383789,35.44998550415039,-43.85670471191406,1
match5_whistle_0274.mp4,0.0060310089029371,-46.64241027832031,80,5219.569657488567,2058.3151952174667,-272.78057861328125,56.58973693847656,3.27549409866333,63.63330841064453,-19.11030960083008,1
match5_whistle_0275.mp4,0.0100563708692789,-47.454383850097656,67,4980.5588942307695,2115.852675149224,-184.5865173339844,80.37605285644531,-5.152206897735596,50.41694259643555,-27.493566513061523,1
match5_whistle_0276.mp4,0.0147386146709322,-41.96708679199219,44,4878.78887469952,2142.513621323872,-124.07112884521484,83.23045349121094,-34.032135009765625,40.86557388305664,-22.03949737548828,1
match5_whistle_0277.mp4,0.0032168973702937,-47.090518951416016,81,4158.0615234375,1950.6116396318023,-163.80215454101562,115.7711181640625,-17.132455825805664,34.74138259887695,-30.39724349975586,1
match5_whistle_0278.mp4,0.014010046608746,-43.74894332885742,65,4819.382546164773,2180.9813324232896,-143.6219024658203,97.04930114746094,-27.046730041503903,41.92145156860352,-14.725461959838867,1
match5_whistle_0279.mp4,0.0155114866793155,-42.36745834350586,56,4770.743267352765,2135.278223440805,-129.6981964111328,87.1695556640625,-19.697492599487305,30.4036865234375,-33.57847595214844,0
match5_whistle_0280.mp4,0.0156020252034068,-41.30142211914063,80,4930.714361351656,2238.076113412055,-126.24214935302734,80.61268615722656,-32.10289001464844,39.56296920776367,-7.6708550453186035,1
match5_whistle_0281.mp4,0.00374490278773,-46.30745315551758,81,4433.9556884765625,1982.386422172148,-190.55615234375,101.34162139892578,-18.088043212890625,48.298133850097656,-25.785802841186523,1
match5_whistle_0282.mp4,0.0117377247661352,-44.34499740600586,66,4051.266513781601,1870.9394797412867,-128.2310333251953,96.583984375,-57.41571807861328,34.89556121826172,-13.868066787719728,1
match5_whistle_0283.mp4,0.0109118595719337,-36.01338577270508,49,4174.886619438559,2004.7806037674732,-247.4465484619141,116.4417724609375,-37.09545135498047,37.29059600830078,-11.01763153076172,0
match5_whistle_0284.mp4,0.002778188092634,-47.922611236572266,67,4325.18310546875,1854.2628491699477,-239.85086059570312,97.11690521240234,-20.58129501342773,49.93689727783203,-25.17013931274414,1
match5_whistle_0285.mp4,0.0045240661129355,-42.309364318847656,70,4196.103515625,1944.2057480929395,-142.06666564941406,103.58980560302734,-45.48101425170898,20.72844123840332,-24.928037643432617,1
match5_whistle_0286.mp4,0.0073059177957475,-48.93189239501953,59,4515.778173159247,2060.782253898491,-229.17214965820312,93.84716796875,-1.3684959411621094,56.6231689453125,-16.205167770385742,1
match5_whistle_0287.mp4,0.0041790078394114,-46.60541534423828,76,5245.465850830078,2045.7462529390568,-260.5299072265625,72.60169982910156,15.418034553527832,56.36228942871094,-49.38227844238281,1
match5_whistle_0288.mp4,0.0037837265990674,-47.20573806762695,87,4737.166654146635,2040.019269701755,-230.0205078125,91.05327606201172,-7.303430080413818,62.513916015625,-26.02917861938477,1
match5_whistle_0289.mp4,0.0265129953622818,-39.63514709472656,79,5295.210404829545,2313.482109753049,-128.0540008544922,71.699951171875,-20.29685401916504,48.82801055908203,-13.141295433044434,1
match5_whistle_0290.mp4,0.0031078185420483,-52.90509414672852,81,5078.114149305556,2092.19016047145,-269.1369323730469,68.0645751953125,5.288180351257324,57.01161193847656,-19.4683837890625,1
match5_whistle_0291.mp4,0.0112416753545403,-41.65654373168945,45,5265.380859375,2365.2294778159176,-152.7714080810547,81.04369354248047,2.242225885391236,47.46042251586914,-26.01329231262207,1
match5_whistle_0292.mp4,0.0087760500609874,-40.29668045043945,64,4712.3321533203125,2165.1403889639155,-161.53933715820312,94.66324615478516,-20.258872985839844,46.67271423339844,-27.57292938232422,1
match5_whistle_0293.mp4,0.0026206597685813,-45.1473274230957,72,4876.252045502534,2025.445896039432,-247.9528350830078,82.45746612548828,-8.399203300476074,60.79934310913086,-15.392060279846191,1
match5_whistle_0294.mp4,0.0110838580876588,-45.84092330932617,32,4887.278897997359,2296.7534941801664,-122.55976104736328,100.1799545288086,-22.37350845336914,10.118996620178224,-30.29220962524414,0
match5_whistle_0295.mp4,0.0093635581433773,-43.748008728027344,61,4209.450221706081,2082.3388047656663,-171.01768493652344,104.25978088378906,-31.406982421875,41.48860931396485,-16.25063133239746,1
match5_whistle_0296.mp4,0.0071971626020967,-46.6258659362793,68,5256.084883840461,2072.867359900951,-261.388916015625,60.67684173583984,7.0325798988342285,61.6663932800293,-25.1599178314209,1
match5_whistle_0297.mp4,0.0152601990848779,-45.35043716430664,59,4208.342950994318,1983.590713242251,-140.96157836914062,106.07699584960938,-48.51463317871094,22.021751403808597,-15.583088874816896,1
match5_whistle_0298.mp4,0.0016745022730901,-50.7381477355957,74,4443.206465871711,2005.813363936636,-260.0710144042969,95.637451171875,3.6071019172668457,45.59930038452149,-35.821712493896484,1
match5_whistle_0299.mp4,0.0045202299952507,-43.06682205200195,58,5083.585510253906,2348.744625674384,-220.2620849609375,78.78572082519531,6.274232387542725,59.462677001953125,-18.68076515197754,1
match5_whistle_0300.mp4,0.0048747514374554,-47.69806289672852,70,5211.314808238636,2144.6719894536623,-285.9686279296875,66.55723571777344,7.034151077270508,65.02658081054688,-21.901716232299805,1
match5_whistle_0301.mp4,0.0243329014629125,-36.59600830078125,89,6010.741668051862,2257.741506614164,-143.2298583984375,49.11298370361328,-6.54117488861084,54.72029876708984,-23.14900016784668,0
match5_whistle_0302.mp4,0.0083353668451309,-42.52125549316406,67,5147.815880408654,2313.1813885413635,-184.1104736328125,96.10993957519533,1.4077578783035278,44.728763580322266,-33.26813125610352,1
match5_whistle_0303.mp4,0.0272489059716463,-36.46510696411133,58,5157.052612304688,2172.8949580658527,-151.27993774414062,77.31845092773438,-42.04391479492188,26.92156219482422,-9.775650024414062,0
match5_whistle_0304.mp4,0.0044495672918856,-50.558502197265625,65,5069.704555457746,2030.8623236473936,-268.1966247558594,87.97701263427734,-2.2525951862335205,49.30377960205078,-27.99704360961914,1
match5_whistle_0305.mp4,0.0038464372046291,-45.72153854370117,75,3471.3560362119933,1818.05635956918,-139.0286102294922,128.077392578125,-51.41608047485352,30.862756729125977,-10.8803129196167,1
match5_whistle_0306.mp4,0.0028208910953253,-47.126991271972656,73,4031.015625,1794.7332895656534,-171.8132781982422,104.4604263305664,-41.283180236816406,49.66606140136719,-20.28367805480957,1
match5_whistle_0307.mp4,0.0066892374306917,-43.78840637207031,59,4539.031427556818,2075.9789075315243,-146.8594207763672,94.72229766845705,-10.79415798187256,37.60909652709961,-26.792667388916016,1
match5_whistle_0308.mp4,0.0026437153574079,-49.99378204345703,66,4569.611180971747,1984.845779719064,-231.0686492919922,99.1235122680664,-16.15118408203125,51.914180755615234,-16.744661331176758,1
match5_whistle_0309.mp4,0.0139038059860467,-45.69598388671875,79,4925.387912326389,2006.0778198439525,-149.2386474609375,86.27184295654297,-39.88531875610352,32.80750274658203,-22.25299644470215,1
match5_whistle_0310.mp4,0.0158133227378129,-42.249393463134766,64,4516.8585205078125,2134.25433480101,-123.3565444946289,95.4098892211914,-34.08949661254883,39.92327880859375,-13.154728889465332,1
match5_whistle_0311.mp4,0.0023042762186378,-44.18938827514648,83,4720.616455078125,2161.5677104598853,-266.97772216796875,83.69206237792969,15.595420837402344,64.17967224121094,-21.25838851928711,1
match5_whistle_0312.mp4,0.0077999993227422,-46.62925338745117,59,3892.724609375,1884.013604364328,-136.9996337890625,103.80316925048828,-50.65298461914063,37.57676696777344,-7.329136371612549,1
match5_whistle_0313.mp4,0.0239958278834819,-44.89205932617188,71,5118.224325059336,2069.3470758569706,-147.31690979003906,68.34561920166016,-42.15165710449219,24.99465751647949,-8.862321853637695,1
match5_whistle_0314.mp4,0.0185158308595418,-40.702110290527344,87,4913.876953125,2171.0573854198965,-111.16549682617188,86.12813568115234,-28.096216201782227,32.046714782714844,-17.54471206665039,0
match5_whistle_0315.mp4,0.0064033363014459,-45.52197647094727,74,4440.256911057692,2015.871031792342,-158.50408935546875,108.00765228271484,-29.872987747192383,34.21870422363281,-26.23764038085937,1
match5_whistle_0316.mp4,0.0165693052113056,-40.636749267578125,71,4545.959009098101,2144.9939779710035,-107.69647216796876,93.50941467285156,-33.79958724975586,23.083885192871094,-18.455909729003903,1
match5_whistle_0317.mp4,0.0033173642586916,-45.355594635009766,86,5111.444091796875,2027.013769979008,-224.4813232421875,61.90497589111328,-4.175699710845947,65.23931884765625,-11.993219375610352,1
match5_whistle_0318.mp4,0.0251171682029962,-42.26032638549805,45,6525.5859375,2493.5781180172835,-182.2911529541016,37.86741638183594,13.407217025756836,49.15679931640625,-24.243383407592773,0
match5_whistle_0319.mp4,0.0226052291691303,-37.76875305175781,76,5932.733917236328,2372.6604848136312,-129.50091552734375,57.347904205322266,-7.964466094970703,37.91332244873047,-28.22320556640625,0
match5_whistle_0320.mp4,0.0142075354233384,-44.4002685546875,69,4463.653564453125,2143.6658528739563,-119.87323760986328,93.91458129882812,-39.41318130493164,34.97340393066406,-7.37168550491333,1
match5_whistle_0321.mp4,0.0048788515850901,-47.85565185546875,66,4203.5079152960525,2028.8441772513645,-175.1939697265625,106.2821044921875,-20.21985244750977,51.15866088867188,-15.763751983642578,1
match5_whistle_0322.mp4,0.0074573401361703,-43.91385269165039,77,4876.097907642326,2327.4543901955867,-177.00082397460938,84.38706970214844,-4.5819196701049805,47.95767974853516,-22.56210327148437,1
match5_whistle_0323.mp4,0.00561830913648,-46.72211837768555,51,5585.457892166941,2185.8866659105,-244.33270263671875,56.04718399047852,10.10134983062744,59.18038177490234,-20.96842765808105,1
match5_whistle_0325.mp4,0.0073021287098526,-46.93540191650391,76,5002.834250710227,2141.7829015327966,-242.56268310546875,75.4717788696289,-13.995555877685549,40.36817169189453,-13.78123378753662,1
match5_whistle_0326.mp4,0.0164002366364002,-38.86907577514648,65,4678.287760416667,2097.746909430003,-99.03646850585938,85.03791809082031,-45.652931213378906,32.36893081665039,-12.056703567504885,1
match5_whistle_0327.mp4,0.0029766506049782,-45.127628326416016,83,3730.1841107536766,1846.8932089490452,-140.6884002685547,119.8063735961914,-37.0313835144043,32.70475769042969,-22.03799057006836,1
match5_whistle_0328.mp4,0.0078969663009047,-42.83186721801758,77,3911.572265625,1904.6211125702785,-105.38363647460938,105.56503295898438,-51.0601692199707,21.469024658203125,-20.58491516113281,1
match5_whistle_0329.mp4,0.0033800129313021,-46.37192916870117,61,4660.834209735577,2062.56421892504,-210.6274261474609,91.65818786621094,-23.5830020904541,49.066139221191406,-13.606901168823242,1
match5_whistle_0330.mp4,0.0036418414674699,-44.72745895385742,81,3798.136943095439,1924.668654201572,-119.5280303955078,117.98372650146484,-43.7573471069336,18.696495056152344,-25.778589248657227,1
match5_whistle_0331.mp4,0.0020616992842406,-44.82858276367188,65,4654.711579623287,2083.582688867786,-239.3525238037109,93.3297119140625,-0.0859884098172187,53.73406219482422,-27.41969871520996,1
match5_whistle_0332.mp4,0.013459675014019,-40.94486999511719,47,6055.887118252841,2390.850141262345,-261.2066345214844,65.83422088623047,12.572271347045898,52.85329055786133,-25.43327140808105,0
match5_whistle_0333.mp4,0.0072039221413433,-43.40023040771485,65,4191.408889358108,2034.0665025801773,-142.84967041015625,101.6171646118164,-34.94088363647461,23.962533950805664,-24.52084350585937,1
match5_whistle_0334.mp4,0.0032489858567714,-49.1318359375,73,4797.370990953948,1975.6682855834615,-260.8095397949219,77.30243682861328,2.411543130874634,60.13816452026367,-15.812650680541992,1
match5_whistle_0335.mp4,0.0170913767069578,-42.21092987060547,73,5009.395433508832,2286.667788612032,-131.21780395507812,75.40180969238281,-11.40515422821045,39.99930953979492,-13.679017066955566,1
match5_whistle_0336.mp4,0.0074616484344005,-50.203643798828125,64,4970.049370659723,2134.514851823357,-221.7749786376953,79.36812591552734,-6.671408653259277,49.68934631347656,-23.847686767578125,1
match5_whistle_0337.mp4,0.0075699142180383,-44.22200393676758,63,4086.339393028846,2009.969331337644,-120.23656463623048,110.79113006591795,-33.35266876220703,23.101375579833984,-15.893574714660645,1
match5_whistle_0338.mp4,0.006425401661545,-48.63157653808594,84,4530.720520019531,1957.0938166496169,-254.92117309570312,84.0516357421875,-15.191675186157228,57.91571044921875,-18.18745422363281,1
match5_whistle_0339.mp4,0.0074994200840592,-46.14669418334961,72,4518.577781883446,2064.71148596201,-204.5283966064453,85.32069396972656,-9.960999488830566,48.82061767578125,-27.741552352905277,1
match5_whistle_0340.mp4,0.022015368565917,-37.26045608520508,38,4351.267408288043,2030.1530410698335,-88.7316665649414,92.0618133544922,-58.1264533996582,8.139397621154785,-10.719066619873049,1
match5_whistle_0341.mp4,0.0077687590382993,-44.298458099365234,87,4829.872710129311,2107.9078371579462,-156.8828887939453,93.81656646728516,-21.66642951965332,48.35987854003906,-25.793794631958008,1
match5_whistle_0342.mp4,0.0057173087261617,-48.21777725219727,73,4215.2740478515625,2116.705358968519,-111.02286529541016,103.26303100585938,-32.67780303955078,16.1527099609375,-14.485007286071776,1
match5_whistle_0343.mp4,0.0035003346856683,-45.90372848510742,81,4802.701822916667,2076.406588429296,-213.91722106933597,99.29743194580078,-7.349026203155518,37.13937759399414,-29.97727394104004,1
match5_whistle_0344.mp4,0.019378438591957,-40.54094314575195,44,5836.57470703125,2396.219696040825,-172.2429962158203,64.686279296875,-0.9620396494865416,58.26944351196289,-16.31890106201172,0
match5_whistle_0345.mp4,0.0163269601762294,-41.75872421264648,35,4554.928961032774,2145.3402554511053,-105.42388916015624,92.57327270507812,-27.82990455627441,35.68764877319336,-10.502373695373535,0
match5_whistle_0346.mp4,0.0059529738500714,-42.61006927490234,68,4197.083179370777,2115.62216046721,-140.84104919433594,112.59461975097656,-14.974891662597656,35.20039749145508,-13.42314338684082,1
match5_whistle_0347.mp4,0.0055139912292361,-45.00917434692383,90,4928.898308076055,2126.098310403533,-220.98199462890625,83.82821655273438,-5.069665908813477,54.53939056396485,-27.90906143188477,1
match5_whistle_0348.mp4,0.0100261662155389,-43.69392395019531,61,3997.100830078125,1982.528948261442,-89.59808349609375,118.00691986083984,-44.24790954589844,18.26055908203125,-23.224943161010746,1
match5_whistle_0349.mp4,0.0165694095194339,-42.59280776977539,76,5477.1240234375,2160.6803806525486,-207.9316864013672,64.78253936767578,-8.80595588684082,53.3297119140625,-28.135692596435547,1
match5_whistle_0350.mp4,0.0089911697432398,-43.92665863037109,72,4220.031414200775,2050.4691577355384,-94.32554626464844,102.61870574951172,-40.75448226928711,19.385665893554688,-23.29372215270996,1
match5_whistle_0351.mp4,0.0061357067897915,-42.47725677490234,72,5111.7431640625,2188.4685003034137,-218.26300048828125,88.76860809326172,-5.733610153198242,51.70565032958984,-21.44069099426269,1
match5_whistle_0352.mp4,0.0163796208798885,-37.65737915039063,62,4927.25830078125,2200.880398136579,-151.93283081054688,95.95804595947266,-33.00080108642578,27.34517478942871,-32.55496597290039,0
match5_whistle_0353.mp4,0.0118031175807118,-40.058250427246094,76,4683.188348067434,2243.80881272844,-93.9659423828125,97.44893646240234,-22.14466857910156,26.78495216369629,-23.179780960083008,1
match5_whistle_0354.mp4,0.0036669676192104,-45.94673538208008,78,4694.521612870066,1948.314653066922,-223.3884735107422,113.7549819946289,-23.979633331298828,32.08195877075195,-47.65025329589844,1
match5_whistle_0355.mp4,0.0086671030148863,-46.12796401977539,72,3947.620985243056,1909.68225971886,-107.34784698486328,114.76750946044922,-48.672119140625,19.852373123168945,-24.74161720275879,1
match5_whistle_0356.mp4,0.0024653188884258,-49.619049072265625,67,4253.545055650685,1917.0738289238911,-232.6780548095703,94.68334197998048,-17.425317764282227,45.57086944580078,-30.40058708190918,1
match5_whistle_0357.mp4,0.0063804439269006,-43.12425231933594,62,5302.152506510417,2045.6081384703532,-217.7327880859375,71.88238525390625,10.357234001159668,61.201507568359375,-47.171531677246094,1
match5_whistle_0358.mp4,0.0047198100946843,-45.01307678222656,84,4778.597771139706,1968.2695591306056,-172.69017028808594,96.82479095458984,-28.27918243408203,32.29872131347656,-25.012012481689453,1
match5_whistle_0359.mp4,0.009697419591248,-39.74970626831055,44,4653.022384643555,2209.805089688294,-126.4795913696289,96.85626220703124,-32.875370025634766,29.63555908203125,-15.24643325805664,0
match5_whistle_0360.mp4,0.0014290756080299,-48.287879943847656,77,4648.668014171512,1952.2077900761667,-255.68116760253903,78.16283416748047,5.059787750244141,66.61051940917969,-28.76984024047852,1
match5_whistle_0361.mp4,0.0119624231010675,-40.57576751708984,73,4532.7392578125,2127.507042530965,-108.82789611816406,101.4542999267578,-34.47379302978516,31.879392623901367,-19.26664161682129,1
match5_whistle_0362.mp4,0.0066582537256181,-44.7053108215332,38,3959.554588188559,1966.91788503066,-147.25682067871094,120.71705627441406,-33.431121826171875,37.45943832397461,-11.37502670288086,0
match5_whistle_0363.mp4,0.0253306180238723,-38.42308044433594,61,4866.0732421875,2200.760593364168,-109.42985534667967,88.64698791503906,-45.8517951965332,14.06049346923828,-17.856809616088867,1
match5_whistle_0364.mp4,0.0039155897684395,-49.29222869873047,72,4653.761310818829,2035.564828652905,-228.75865173339844,90.70547485351562,-0.6789860129356384,48.81537628173828,-29.110750198364254,1
match5_whistle_0365.mp4,0.0094647984951734,-41.66247177124024,59,4177.317652209052,2049.9721620550595,-122.81521606445312,109.12928771972656,-38.25865936279297,28.729469299316406,-16.095043182373047,1
match5_whistle_0366.mp4,0.0103034572675824,-46.67744064331055,78,4348.602764423077,2012.7330245466608,-145.29010009765625,107.38207244873048,-40.60630416870117,31.20827293395996,-18.705564498901367,1
match5_whistle_0367.mp4,0.0139675326645374,-44.0673828125,102,5476.428455911624,2293.681946155064,-125.34687042236328,69.23492431640625,-10.500017166137695,45.61387252807617,-15.185078620910645,0
match5_whistle_0368.mp4,0.003704342758283,-44.524688720703125,76,3906.48193359375,1947.7549123081596,-93.63440704345705,107.67813873291016,-53.70249938964844,7.270976543426514,-29.1273136138916,1
match5_whistle_0369.mp4,0.002366078319028,-46.4581184387207,78,4549.831237792969,2049.731057560294,-258.84381103515625,91.11761474609376,-4.706336975097656,56.935150146484375,-12.094627380371094,1
match5_whistle_0370.mp4,0.0212896056473255,-40.96099853515625,74,4584.723455255682,2074.0707446985384,-89.46049499511719,91.3354949951172,-50.14659118652344,15.57423973083496,-22.46320915222168,1
match5_whistle_0371.mp4,0.0049447291530668,-47.30366134643555,69,4664.147010216346,2162.500325365043,-205.9249420166016,83.1609115600586,-9.096820831298828,57.94819259643555,-18.404056549072266,1
match5_whistle_0372.mp4,0.011358318850398,-40.33078002929688,56,3779.0771484375,1972.5075931620192,-88.92243194580078,112.07305908203124,-46.47439956665039,13.1104154586792,-14.646611213684082,1
match5_whistle_0373.mp4,0.0017723173368722,-49.0947380065918,66,4234.5872145432695,1993.040065966724,-237.5548858642578,110.56693267822266,-4.309892177581787,45.528656005859375,-24.79348945617676,1
match5_whistle_0374.mp4,0.010462462902069,-40.82533645629883,72,5068.470501077586,2131.1226206635065,-136.72959899902344,81.52491760253906,-19.44919204711914,43.22315216064453,-31.81752586364746,1
match5_whistle_0375.mp4,0.0016213388880714,-48.85068893432617,69,4652.8167724609375,1915.3746430342096,-255.8970489501953,85.02012634277344,4.008187294006348,50.04925537109375,-37.76552581787109,1
match5_whistle_0376.mp4,0.0044805640354752,-44.07090377807617,62,3895.7601928710938,1961.6550614879447,-116.90763092041016,115.5762176513672,-39.71288299560547,39.829833984375,-17.643230438232422,1
match5_whistle_0377.mp4,0.0044846762903034,-48.15280151367188,75,4903.455946180556,2109.9389482986267,-282.7545166015625,53.38450622558594,6.403415203094482,68.56726837158203,-18.890756607055664,1
match5_whistle_0378.mp4,0.0202283039689064,-40.46467208862305,54,5482.858615451389,2267.310495374544,-106.23522186279295,65.98918151855469,-15.994128227233888,43.16386795043945,-26.46507835388184,0
match5_whistle_0379.mp4,0.0041878293268382,-45.79907989501953,68,3894.8871319110576,1929.7284989069587,-88.58865356445312,113.77202606201172,-51.69082260131836,5.956275463104248,-36.79577255249024,1
match5_whistle_0380.mp4,0.0103228585794568,-44.205474853515625,69,5099.2852572737065,2107.0523359025024,-198.79373168945312,66.98362731933594,-15.231328964233398,62.254356384277344,-16.787281036376953,1
match5_whistle_0381.mp4,0.0047936555929481,-43.85423278808594,85,3950.363991477273,1937.0461684188228,-134.33372497558594,123.88662719726562,-33.46778869628906,36.98350524902344,-22.98334312438965,1
match5_whistle_0382.mp4,0.0049812756478786,-43.52626419067383,84,4208.607884457237,2070.1561688439874,-170.33168029785156,110.54376220703124,-25.02177619934082,42.28125,-15.057408332824709,1
match5_whistle_0383.mp4,0.0129936002194881,-40.8240966796875,70,4419.623480902777,2116.4753740879028,-113.69497680664062,103.00820922851562,-35.618995666503906,23.614782333374023,-23.80399513244629,1
match5_whistle_0384.mp4,0.0102818133309483,-46.8393440246582,78,5013.041548295455,2129.748956500961,-171.086181640625,91.86695098876952,-22.53005027770996,40.88808059692383,-26.353923797607425,1
match5_whistle_0385.mp4,0.004667121451348,-40.504512786865234,51,3866.5771484375,1840.8358237027924,-186.7412567138672,128.2116241455078,-49.36458587646485,28.948680877685547,-26.011667251586918,0
match5_whistle_0386.mp4,0.0089607834815979,-43.61621856689453,70,4527.501451646959,2128.3962181950383,-164.1565399169922,99.79053497314452,-27.267221450805664,38.51190185546875,-10.604331016540527,1
match5_whistle_0387.mp4,0.0158612318336963,-38.74942398071289,51,5045.58837890625,2283.094988751648,-187.62364196777344,96.87100219726562,-20.94545555114746,36.4599609375,-18.479297637939453,0
match5_whistle_0388.mp4,0.0029733288101851,-49.12158584594727,76,4254.557189941406,1968.8517195928907,-200.9177703857422,108.49845886230467,-17.17435073852539,51.8386116027832,-28.93977928161621,1
match5_whistle_0389.mp4,0.0153761962428689,-43.7273063659668,44,5598.2798091700815,2279.901233493568,-197.30064392089844,74.67747497558594,-7.376491546630859,48.46222686767578,-15.879011154174805,0
match5_whistle_0390.mp4,0.0161835681647062,-41.7342643737793,76,4688.651837043042,2147.853915928792,-94.50887298583984,96.69412231445312,-34.25226211547852,22.224943161010746,-26.83910369873047,1
match5_whistle_0391.mp4,0.0050782463513314,-48.359012603759766,43,5121.952589897261,2079.888207247006,-201.6231384277344,84.5824966430664,-3.924602270126343,57.67290496826172,-14.278005599975586,1
match5_whistle_0392.mp4,0.0134384231641888,-40.45148468017578,73,5020.868434676205,2222.410437380556,-125.62562561035156,93.5766372680664,-27.069738388061523,37.848445892333984,-20.15192985534668,1
match5_whistle_0393.mp4,0.006642541848123,-47.57478332519531,79,4971.343688964844,2011.6426872018244,-248.25076293945312,83.36239624023438,0.2680306732654571,47.1881217956543,-41.69532012939453,1
match5_whistle_0394.mp4,0.0126915760338306,-44.43624114990234,67,4897.738882211538,2266.5130935462994,-116.25530242919922,88.87037658691406,-8.798100471496582,35.19758605957031,-23.858264923095703,0
match5_whistle_0395.mp4,0.0033996906131505,-44.00850296020508,82,3802.1686754728617,1878.222965949916,-109.82322692871094,116.5092544555664,-38.43232345581055,15.808009147644045,-38.801944732666016,1
match5_whistle_0396.mp4,0.0054167360067367,-45.75465774536133,79,4335.575866699219,1992.6682728714345,-189.9193115234375,106.6639404296875,-19.936466217041016,47.89750671386719,-23.116024017333984,1
match5_whistle_0397.mp4,0.0147222634404897,-43.12211608886719,68,4143.275390625,1957.8057962437988,-103.02015686035156,108.34303283691406,-52.24978256225586,21.271202087402344,-7.914801597595215,1
match5_whistle_0398.mp4,0.0047925999388098,-46.58305740356445,72,4652.534735957279,2164.002670954464,-211.86618041992188,98.6030731201172,-11.005349159240724,47.90596389770508,-21.92932510375977,1
match5_whistle_0400.mp4,0.008038280531764,-45.388671875,86,4353.424072265625,2048.752654719465,-122.93035125732422,106.53337860107422,-34.58395004272461,13.218395233154297,-27.14773368835449,1
match5_whistle_0401.mp4,0.0148484902456402,-42.770843505859375,85,4695.263671875,2159.295203666226,-152.8875732421875,93.79642486572266,-28.93557929992676,35.7247200012207,-15.340718269348145,1
match5_whistle_0402.mp4,0.0210053138434886,-45.51999282836914,68,5200.01522288603,2279.8100648621703,-163.87916564941406,87.15145111083984,-20.19712448120117,31.01336097717285,-21.22739601135254,1
match5_whistle_0403.mp4,0.0064069950021803,-44.374759674072266,76,4176.4365234375,2067.937704415182,-148.15386962890625,114.13877868652344,-26.13771629333496,33.78919982910156,-19.01208877563477,1
match5_whistle_0404.mp4,0.0037055471912026,-48.0534782409668,64,5028.887855843322,2070.3588465682706,-208.10980224609372,97.69879913330078,-16.91347885131836,47.23908233642578,-25.480466842651367,1
match5_whistle_0405.mp4,0.0123840197920799,-43.899147033691406,50,4882.816938920455,2141.094804646288,-159.001708984375,94.25299072265624,-26.324752807617188,49.06834411621094,-11.411968231201172,0
match5_whistle_0406.mp4,0.0029770026449114,-45.17253875732422,67,4021.1761474609375,1951.331420022332,-187.0089569091797,125.32083129882812,-31.717397689819336,34.64854049682617,-28.96344757080078,1
match5_whistle_0407.mp4,0.0066657494753599,-43.61334228515625,75,4860.5386270059125,1959.6767844710523,-214.56204223632807,87.0613021850586,-27.59974670410156,41.89031600952149,-21.68681526184082,1
match5_whistle_0408.mp4,0.0073333652690052,-48.40275955200195,75,4524.834664260285,2175.7850551913025,-92.56017303466795,85.46495819091797,-36.65658950805664,15.15096378326416,-20.12289810180664,1
match5_whistle_0409.mp4,0.0074303606525063,-44.55705642700195,68,4260.068813590116,1990.279498124929,-141.61463928222656,99.6802215576172,-29.03907585144043,25.5391902923584,-30.8230037689209,1
match5_whistle_0410.mp4,0.0043236762285232,-47.5456428527832,43,5154.459712190448,2122.928072886891,-233.14601135253903,76.99444580078125,8.850849151611328,60.1373405456543,-35.07866287231445,1
match5_whistle_0411.mp4,0.011201374232769,-46.0216178894043,73,5822.414581685127,2199.1834370690835,-287.2043762207031,47.00210571289063,15.739606857299805,76.92820739746094,-20.26616477966309,1
match5_whistle_0412.mp4,0.0059192362241446,-46.19759368896485,69,3965.019267314189,2009.2316345226927,-77.43109130859375,111.08631896972656,-42.0908088684082,9.52962589263916,-20.45148086547852,1
match5_whistle_0413.mp4,0.0029076086357235,-47.750614166259766,79,4789.229689972311,2013.7448872096195,-236.36663818359372,92.61277770996094,-22.047945022583008,43.33860397338867,-27.397953033447266,1
match5_whistle_0414.mp4,0.0198058299720287,-40.91786575317383,51,4713.345207966549,2074.6526614141053,-138.838134765625,89.24483489990234,-47.79277038574219,19.44588661193848,-22.187894821166992,1
match5_whistle_0415.mp4,0.0024662017822265,-47.14777374267578,86,4711.09035326087,2034.210571422598,-244.8179931640625,81.83927917480469,-1.1293960809707642,54.98800659179688,-26.438692092895508,1
match5_whistle_0416.mp4,0.007791060488671,-41.80589294433594,59,4302.4775390625,2099.0194885653154,-99.38130950927734,107.86335754394533,-41.70719146728516,22.11207389831543,-30.24856758117676,1
match5_whistle_0417.mp4,0.0049491603858768,-46.01107025146485,82,4246.427408854167,1920.6952753355208,-170.01771545410156,111.62820434570312,-35.793907165527344,37.95887756347656,-23.06896209716797,1
match5_whistle_0418.mp4,0.0160360299050807,-38.92504119873047,37,5588.742562227471,2460.365106332345,-150.0304718017578,81.42371368408203,1.849803805351257,38.53859329223633,-20.69487953186035,0
match5_whistle_0419.mp4,0.0101384781301021,-35.41764450073242,39,4971.615135063559,2119.6250123359127,-178.36178588867188,102.47643280029295,-31.483930587768555,35.63983154296875,-39.68217086791992,0
match5_whistle_0420.mp4,0.0146231763064861,-32.38355255126953,47,5784.790826612903,2354.532853784655,-197.6616058349609,74.68156433105469,-5.752171516418457,43.51753616333008,-30.77996826171875,0
match5_whistle_0421.mp4,0.017467537894845,-39.47675323486328,112,5121.404912669188,2181.116817985436,-125.19083404541016,81.21768951416016,-17.863405227661133,34.5997428894043,-25.9543571472168,1
match5_whistle_0422.mp4,0.0031794330570846,-45.64811706542969,80,4190.733506944444,1970.8476723151232,-177.03201293945312,110.5673370361328,-34.66824722290039,42.72891998291016,-21.38652992248535,1
match5_whistle_0423.mp4,0.009377209469676,-46.53989791870117,50,4820.703125,2238.7499532917936,-103.09728240966795,99.68904876708984,-13.49678897857666,34.65879821777344,-29.1899528503418,0
match5_whistle_0424.mp4,0.0204571262001991,-28.24088478088379,46,5511.617491675205,2309.4084142051147,-203.7616271972656,90.40058135986328,-43.372066497802734,27.22125816345215,-25.542896270751957,0
match5_whistle_0425.mp4,0.004553013946861,-43.27134323120117,64,3725.543212890625,1946.428665674171,-90.805908203125,119.21720123291016,-44.25444030761719,13.176770210266112,-24.75299835205078,1
match5_whistle_0426.mp4,0.0067398804239928,-46.05017852783203,86,5160.2004425435125,2253.0785016360346,-199.97943115234372,79.7865982055664,-3.449736833572388,46.973087310791016,-15.910321235656738,1
match5_whistle_0427.mp4,0.0094063626602292,-39.31985092163086,114,4202.541856880647,2006.873114142844,-101.57608795166016,114.1230239868164,-32.16326141357422,24.267372131347656,-30.96453857421875,1
match5_whistle_0428.mp4,0.0048421286046504,-46.84587478637695,71,4222.122802734375,1987.8302747539133,-166.6199188232422,107.14396667480467,-41.76145553588867,32.45500946044922,-19.97028923034668,1
match5_whistle_0429.mp4,0.0174879226833581,-38.90272903442383,69,5314.577792553191,2268.3544980334077,-122.49243927001952,72.42637634277344,-15.617180824279783,45.85986328125,-24.40625762939453,1
match5_whistle_0430.mp4,0.0106542985886335,-44.45878219604492,67,4362.451171875,2056.805048161305,-77.90959167480469,100.94437408447266,-50.03421401977539,18.04547500610352,-21.706567764282227,1
match5_whistle_0431.mp4,0.0033323301468044,-44.63255310058594,93,4225.765920239825,1946.0872407900772,-160.42771911621094,112.42170715332033,-34.10319900512695,23.881834030151367,-32.70689010620117,1
match5_whistle_0432.mp4,0.0060373041778802,-44.85085678100586,75,4022.0947265625,1960.9399056175675,-145.62181091308594,111.59130859375,-40.98552322387695,28.8127384185791,-17.246843338012695,1
match5_whistle_0433.mp4,0.0022761926520615,-47.3764877319336,80,4181.827799479167,1893.191727425164,-210.28518676757807,95.84027862548828,-23.32663345336914,61.32979965209961,-15.945195198059082,1
match5_whistle_0434.mp4,0.012174635194242,-35.60597229003906,47,5587.209710842226,2388.156087199774,-192.9595489501953,82.09976196289062,-11.21672248840332,48.08843994140625,-20.53839111328125,0
match5_whistle_0435.mp4,0.0030693281441926,-42.07678985595703,73,3747.3839128521126,1920.6566930777649,-136.423095703125,131.91285705566406,-35.19513702392578,25.069019317626957,-37.17323684692383,1
match5_whistle_0436.mp4,0.0023572330828756,-49.00820159912109,80,4135.5567001714935,1983.027782290164,-216.34310913085935,111.9244613647461,-7.716915130615234,47.01739883422852,-22.375885009765625,1
match5_whistle_0437.mp4,0.0055738566443324,-41.103126525878906,78,4416.586626838235,2079.0240910470816,-149.12538146972656,111.52761840820312,-26.005130767822266,21.625263214111328,-36.74110412597656,1
match5_whistle_0438.mp4,0.0059590144082903,-52.07396697998047,69,4382.596786708048,2062.340206953486,-242.4918975830078,102.60096740722656,-5.553858280181885,46.91435241699219,-21.89691162109375,1
match5_whistle_0439.mp4,0.0024728486314415,-45.80458068847656,62,4555.7541033543575,1834.1249738151944,-190.75027465820312,94.43927764892578,-29.039953231811523,43.29661178588867,-31.644418716430664,1
match5_whistle_0440.mp4,0.0053937355987727,-46.55799865722656,90,4879.54345703125,2010.778150282937,-192.91482543945312,90.4833526611328,-13.984307289123535,37.89234924316406,-44.81227493286133,1
match5_whistle_0441.mp4,0.0134688885882496,-41.909786224365234,56,4526.302702530571,2120.8388326439467,-93.48660278320312,100.05110931396484,-35.34703826904297,19.40609169006348,-27.67996406555176,1
match5_whistle_0442.mp4,0.0023128495085984,-46.86151885986328,71,4271.963778409091,1923.2924162028064,-188.45664978027344,114.22391510009766,-19.113380432128903,36.95513534545898,-30.19242477416992,1
match5_whistle_0443.mp4,0.0040663229301571,-47.309967041015625,30,3497.056465718284,1924.234159632638,-123.88180541992188,119.61676788330078,-42.71754837036133,-3.596444606781006,-18.39302444458008,1
match5_whistle_0444.mp4,0.0082372780889272,-42.1557731628418,84,4226.25,2045.412212580052,-108.20124053955078,111.6581802368164,-34.986595153808594,33.3380012512207,-28.33298110961914,1
match5_whistle_0445.mp4,0.0147964721545577,-40.45965194702149,70,4406.940018503289,2072.3142710258617,-122.19422149658205,99.7845687866211,-40.96157836914063,27.348957061767575,-15.67049503326416,1
match5_whistle_0446.mp4,0.0060663474723696,-45.888309478759766,61,4669.980998211597,1898.7504019786732,-217.3850250244141,87.5069808959961,-15.575971603393556,47.46250915527344,-26.174087524414062,1
match5_whistle_0447.mp4,0.0055456599220633,-47.01686477661133,74,4445.61478464227,2122.180060939033,-94.17498779296876,99.24382019042967,-37.48638153076172,16.062641143798828,-18.23490524291992,1
match5_whistle_0448.mp4,0.0054989354684948,-46.91265487670898,75,4487.727080195783,2152.5025069831845,-191.3147430419922,103.67000579833984,-14.837806701660156,45.30421447753906,-21.43523597717285,1
match5_whistle_0449.mp4,0.0084777791053056,-39.49803161621094,15,4940.294516958841,2342.014187146841,-156.52798461914062,84.77304077148438,-3.705272436141968,44.79045104980469,-18.792543411254883,0
match5_whistle_0450.mp4,0.0091582844033837,-42.44821548461914,52,4229.1514222051055,2114.589936557397,-154.50364685058594,106.6522445678711,-30.932493209838867,29.350419998168945,-15.546589851379396,1
match5_whistle_0451.mp4,0.0083629256114363,-45.66573333740234,61,4832.10028286638,1982.01590442687,-189.7338409423828,91.60430145263672,-26.57193374633789,45.96134567260742,-28.00791358947754,1
match5_whistle_0452.mp4,0.0117875915020704,-44.36011505126953,66,4276.051401869159,2063.706370442483,-82.55255126953125,99.712890625,-31.57904052734375,22.063730239868164,-26.811986923217773,1
match5_whistle_0453.mp4,0.0021746819838881,-45.3652458190918,84,4376.180204503677,1894.1166232784576,-238.0468292236328,98.58871459960938,-13.363845825195312,50.44682312011719,-31.296573638916016,1
match5_whistle_0454.mp4,0.0090589988976717,-46.10531234741211,46,4308.7939453125,2006.014908657561,-142.97344970703125,104.267578125,-46.82549285888672,21.28522491455078,-11.78455638885498,0
match5_whistle_0455.mp4,0.0042791254818439,-46.13143539428711,41,3519.90966796875,1873.982576200195,-115.0201187133789,132.2410125732422,-39.67055892944336,8.679336547851562,-31.798583984375,1
match5_whistle_0456.mp4,0.0097121214494109,-46.98652648925781,83,4167.402277766048,1939.0677048386024,-158.92462158203125,122.95156860351562,-35.57888412475586,37.53868103027344,-34.3537483215332,1
match5_whistle_0457.mp4,0.002638102741912,-46.73716354370117,90,4596.041686276355,1974.5894670655812,-215.8889617919922,102.36198425292967,-4.736042499542236,39.33786010742188,-37.07418823242188,1
match5_whistle_0458.mp4,0.0065265465527772,-47.428504943847656,81,4521.042209201389,1984.1022633838456,-167.14083862304688,110.3502960205078,-34.22129821777344,32.30756378173828,-25.47946548461914,1
match5_whistle_0459.mp4,0.0139331268146634,-42.21146011352539,63,4418.671479096284,2073.2133688604604,-143.13092041015625,90.3142318725586,-29.28780937194824,29.794248580932617,-10.178485870361328,1
match5_whistle_0460.mp4,0.0026833310257643,-48.45812225341797,65,4655.988512541118,2022.5862157395256,-237.7343292236328,85.59915161132812,-3.5679144859313965,59.5556640625,-24.20606803894043,1
match5_whistle_0461.mp4,0.0061134942807257,-45.0130729675293,43,4487.050217848558,2233.885684177568,-134.15782165527344,106.9905242919922,-13.326699256896973,43.00956344604492,-17.70071792602539,0
match5_whistle_0462.mp4,0.0025872907135635,-43.00922393798828,59,3489.7436867297533,1831.9571380676168,-130.74156188964844,130.2907257080078,-45.34602737426758,21.780765533447266,-29.958871841430664,1
match5_whistle_0463.mp4,0.0010814084671437,-47.33832550048828,70,4264.589935878537,1717.5845443622968,-169.2301025390625,104.4052734375,-25.22995376586914,43.36709213256836,-43.68544006347656,1
match5_whistle_0464.mp4,0.0018639393383637,-50.00143051147461,72,4380.448512027138,2047.873760576642,-228.5313262939453,109.59660339355467,-6.654883861541748,47.880767822265625,-35.38869094848633,1
match5_whistle_0465.mp4,0.0138918366283178,-39.99949645996094,74,4635.687324438202,2134.578647967572,-97.76422882080078,102.50253295898438,-29.25795555114746,22.19493293762207,-26.876840591430664,1
match5_whistle_0466.mp4,0.0025576567277312,-44.774017333984375,61,4438.666076660156,1867.3189519889504,-226.50082397460935,91.03947448730467,-11.579130172729492,44.92092514038086,-45.54158401489258,1
match5_whistle_0467.mp4,0.0118018882349133,-45.49481964111328,70,4639.587556863133,1976.4988068249927,-204.25875854492188,86.14090728759766,-17.111608505249023,51.980430603027344,-23.02694702148437,1
match5_whistle_0468.mp4,0.0087644681334495,-48.58464431762695,63,4774.114825274493,2133.328809088924,-266.8349609375,84.38573455810547,-5.18320369720459,55.82399368286133,-20.31035041809082,1
match5_whistle_0469.mp4,0.0042165131308138,-47.24944686889648,50,4672.570495605469,1995.2334543137413,-217.79052734375,91.56192016601562,-16.6689510345459,48.94208526611328,-26.453149795532227,1
match5_whistle_0470.mp4,0.0063928049057722,-45.53828430175781,69,5049.263560621044,2134.5525566155743,-258.40264892578125,59.98033905029297,5.7071309089660645,73.05123901367188,-12.739030838012695,1
match5_whistle_0471.mp4,0.0197465047240257,-39.55356597900391,64,5274.8533187374,2257.410126778668,-116.87337493896484,71.94612884521484,-19.662986755371094,35.80754470825195,-18.473512649536133,0
match5_whistle_0472.mp4,0.0038889460265636,-48.45598602294922,64,5166.011186079545,2081.695429447607,-262.1756591796875,75.89972686767578,-4.734024524688721,59.96728515625,-14.232131958007812,1
match5_whistle_0473.mp4,0.0184266455471515,-39.25094223022461,44,5267.185027689873,2236.2229800431533,-103.61743927001952,80.47586059570312,-32.16706848144531,39.963504791259766,-15.47342586517334,1
match5_whistle_0474.mp4,0.0078281005844473,-45.63650894165039,67,3919.1884633657096,1938.4159576991292,-94.48956298828124,110.46849060058594,-50.083473205566406,21.4677791595459,-16.202777862548828,1
match5_whistle_0475.mp4,0.0099850166589021,-42.43666458129883,80,4719.686612215909,2133.40377279821,-187.26963806152344,92.53524017333984,-35.955745697021484,40.60555648803711,-12.086774826049805,1
match5_whistle_0476.mp4,0.0040493067353963,-44.95516204833984,64,3930.57861328125,1994.1260380367676,-93.9528350830078,112.666748046875,-43.12823486328125,5.338366508483887,-34.30723571777344,1
match5_whistle_0477.mp4,0.0143156414851546,-48.17277526855469,62,4033.3125,2014.225839813912,-139.63424682617188,103.44757843017578,-42.18342971801758,10.437792778015137,-17.284835815429688,1
match5_whistle_0478.mp4,0.0047309659421443,-46.69073486328125,49,5250.470964298692,2164.9629497408937,-251.6789093017578,81.16761016845703,11.58560848236084,56.53529357910156,-30.76644897460937,1
match5_whistle_0479.mp4,0.0055153486318886,-43.67598724365234,70,5148.795349957192,2328.146004704458,-222.36119079589844,62.76674270629883,3.168046712875366,70.97525024414062,-18.12251663208008,1
match5_whistle_0480.mp4,0.0065439017489552,-44.86868667602539,59,4016.7005941901407,2059.0160633112737,-125.17728424072266,111.79092407226562,-31.048139572143555,30.562576293945312,-14.423635482788086,1
match5_whistle_0481.mp4,0.0048034987412393,-46.38868713378906,63,4357.91015625,2011.182486522624,-170.4734649658203,98.92584991455078,-12.133301734924316,48.373905181884766,-19.16214942932129,1
match5_whistle_0482.mp4,0.01396054495126,-41.33832931518555,65,5108.045543323864,2264.6464749070506,-98.25645446777344,85.85444641113281,-25.41349029541016,42.55891418457031,-14.958043098449709,0
match5_whistle_0483.mp4,0.0114542292430996,-45.27293014526367,80,4223.621046686747,2046.7867826698737,-83.40325927734375,108.9659652709961,-45.64974594116211,22.327442169189453,-14.962586402893066,1
match5_whistle_0484.mp4,0.0052506532520055,-45.29902267456055,87,4342.487074908088,2112.266128839299,-172.5204315185547,98.51162719726562,-13.992372512817385,54.12560272216797,-17.24310874938965,1
match5_whistle_0485.mp4,0.0070854192599654,-48.40748977661133,32,4183.497619628906,1918.2242653011915,-130.7730712890625,115.49242401123048,-43.3463134765625,21.70616149902344,-22.178062438964844,0
match5_whistle_0486.mp4,0.0072126812301576,-43.38258743286133,92,4106.163778184336,2001.1139884418155,-127.06242370605467,113.4386215209961,-39.90541076660156,22.084867477416992,-39.13787841796875,1
match5_whistle_0487.mp4,0.0054170945659279,-46.6019401550293,74,4157.636176215277,1967.599270675286,-143.62957763671875,103.59100341796876,-40.51474380493164,42.3518180847168,-11.822107315063477,1
match5_whistle_0488.mp4,0.0163799170404672,-45.60556411743164,54,4340.435791015625,2129.5476771145363,-119.54237365722656,92.96434020996094,-32.53379821777344,29.78554916381836,-4.669060230255127,1
match5_whistle_0489.mp4,0.0208414830267429,-33.37181854248047,45,5674.441486515411,2309.573321073864,-241.220458984375,74.88929748535156,-11.916754722595217,48.8323974609375,-34.45229721069336,0
match5_whistle_0490.mp4,0.015687059611082,-33.94591522216797,44,5553.744365985577,2238.6945804894067,-249.8448638916016,70.1613998413086,-20.05310440063477,62.68622589111328,-18.634920120239254,0
match5_whistle_0491.mp4,0.0117235565558075,-48.384056091308594,54,5390.5257375616775,2154.9660420087253,-198.46771240234372,64.87516784667969,-18.128883361816406,47.59673309326172,-10.702153205871582,1
match5_whistle_0492.mp4,0.0059519470669329,-45.548099517822266,67,3754.273079015032,1893.6640870021192,-99.55608367919922,113.66944885253906,-58.30733108520508,4.938056468963623,-31.12040138244629,1
match5_whistle_0493.mp4,0.0027168637607246,-44.65370559692383,78,4286.710958277926,2047.962948989525,-188.1648712158203,106.9732894897461,-15.450935363769531,40.92824172973633,-26.283477783203125,1
match5_whistle_0494.mp4,0.0131873339414596,-43.41838073730469,71,5417.9931640625,2318.8641729480214,-194.50148010253903,80.80883026123047,-4.900299549102783,53.05929183959961,-17.529966354370117,0
match5_whistle_0495.mp4,0.0078694261610507,-46.460540771484375,61,4064.782184103261,1999.7337830832585,-114.26687622070312,113.87106323242188,-40.2741813659668,25.01948928833008,-14.939414024353027,1
match5_whistle_0496.mp4,0.0062305098399519,-48.70068359375,68,4434.36496682363,2102.074717380496,-205.95738220214844,102.31088256835938,-11.584502220153809,47.6054801940918,-20.158981323242188,1
match5_whistle_0497.mp4,0.0102143492549657,-42.113067626953125,59,4220.224480879934,2106.979011117261,-124.15525817871094,109.78887939453124,-26.20885467529297,39.72590637207031,-10.7883882522583,1
match5_whistle_0498.mp4,0.0039473553188145,-48.86540985107422,71,5139.424736555233,2015.9633571926947,-251.6155242919922,74.38379669189453,-0.1068802550435066,53.9524040222168,-34.55043411254883,1
match5_whistle_0499.mp4,0.003548749256879,-44.18222427368164,63,3547.59521484375,1853.3863501492397,-107.4735107421875,129.03456115722656,-44.5738410949707,16.6290340423584,-25.6850643157959,1
match5_whistle_0500.mp4,0.0073048854246735,-47.22359848022461,79,4260.1348876953125,2010.8589910565047,-196.25559997558597,108.51985168457033,-30.91828155517578,29.94896507263184,-31.82743263244629,1
match5_whistle_0501.mp4,0.0155025850981473,-41.7663459777832,32,5154.914245605469,2276.7997482676474,-112.2716064453125,87.05784606933594,-20.9218864440918,31.43268775939941,-18.577133178710938,0
match5_whistle_0502.mp4,0.0027572400867938,-43.75150680541992,62,3647.015921677216,1883.3452457545595,-81.49012756347656,119.24122619628906,-51.98427581787109,1.0019676685333252,-40.47328186035156,1
match5_whistle_0503.mp4,0.0154091082513332,-44.90398025512695,64,4234.177767292837,2037.1061749660123,-122.0966339111328,94.26551818847656,-50.55118560791016,11.383667945861816,-30.67636489868164,1
match5_whistle_0504.mp4,0.0062914700247347,-42.98347473144531,52,4640.4052734375,2133.558673030172,-179.5777587890625,102.2720184326172,-27.77762222290039,31.673236846923828,-48.565425872802734,1
match5_whistle_0505.mp4,0.0091458847746253,-44.50471878051758,72,4746.3486328125,2077.8642527212305,-192.4964141845703,109.03933715820312,-22.799633026123047,33.74532699584961,-29.703332901000977,1
match5_whistle_0506.mp4,0.016980230808258,-43.98670959472656,50,4571.35546875,2088.8204417461866,-124.13616943359376,92.34929656982422,-37.471492767333984,31.141117095947266,-19.0772647857666,1
match5_whistle_0507.mp4,0.0087326793000102,-45.23258972167969,71,5323.793483424831,2217.766055466166,-264.1971740722656,63.40872573852539,16.412372589111328,64.625732421875,-23.76767349243164,1
match5_whistle_0508.mp4,0.0061269551515579,-46.71283721923828,49,3820.688608530405,1947.741445182248,-110.9404525756836,117.46884155273438,-38.49863052368164,23.646892547607425,-17.376930236816406,1
match5_whistle_0509.mp4,0.0028118714690208,-46.467769622802734,64,4864.6686900745735,1905.0731301499236,-264.70928955078125,67.57433319091797,-0.6135299205780029,64.24459838867188,-26.0660400390625,1
match5_whistle_0510.mp4,0.001385718001984,-48.62510299682617,85,3822.273272778615,1857.811077315839,-181.4852294921875,122.8623275756836,-30.09017372131348,45.33075714111328,-20.25544166564941,1
match5_whistle_0511.mp4,0.0126207927241921,-44.52879333496094,61,4626.0498046875,2153.388986813808,-105.49720001220705,101.48334503173828,-37.47592926025391,15.90119743347168,-22.196928024291992,1
match5_whistle_0512.mp4,0.0027697272598743,-47.56612014770508,70,4416.998291015625,2042.8416938787789,-182.81939697265625,98.9789810180664,-15.493819236755373,56.46316146850586,-11.38615608215332,1
match5_whistle_0513.mp4,0.0059297801926732,-42.3569450378418,50,3908.970986643146,1943.8076051772848,-88.80265808105469,112.3246078491211,-42.31825256347656,11.983282089233398,-40.8117561340332,1
match5_whistle_0514.mp4,0.001368168159388,-49.64077377319336,64,4216.874084472656,2033.860478158827,-230.8935546875,99.4067840576172,1.4798599481582642,58.00601196289063,-24.382831573486328,1
match5_whistle_0515.mp4,0.0089777717366814,-43.07406234741211,52,4108.2275390625,2039.923721375536,-80.47855377197266,111.65694427490234,-36.845436096191406,11.50644588470459,-26.182880401611328,1
match5_whistle_0517.mp4,0.0017856955528259,-47.78325653076172,84,4060.3716500197775,1927.1086354568172,-204.23362731933597,108.73876190185548,-13.642095565795898,54.15861129760742,-28.600313186645508,1
match5_whistle_0518.mp4,0.009643567726016,-39.03810119628906,45,4527.066532258064,2067.527932056545,-105.80804443359376,103.3672332763672,-40.95730972290039,19.64033317565918,-22.3790340423584,0
match5_whistle_0519.mp4,0.0288582108914852,-40.77302551269531,67,4964.027471127717,2253.691183473143,-128.12924194335938,86.16311645507812,-39.82374572753906,17.646360397338867,-10.230133056640623,1
match5_whistle_0520.mp4,0.0072092772461473,-46.3092155456543,55,5033.38623046875,2126.6080937763318,-198.2071990966797,84.82537078857422,-16.720157623291016,37.69021224975586,-19.05110740661621,1
match5_whistle_0521.mp4,0.0143233127892017,-42.79241180419922,73,4665.399169921875,2113.744184339288,-105.32833099365234,92.40100860595705,-25.917503356933597,42.29029083251953,-16.51026725769043,1
match5_whistle_0522.mp4,0.0035741813480854,-47.93058013916016,72,4866.50390625,1988.9236096100333,-265.8727722167969,84.93241882324219,-4.126888275146484,53.75815582275391,-32.26557540893555,1
match5_whistle_0523.mp4,0.013620464131236,-42.80869674682617,41,4782.806396484375,2195.361866498806,-107.23292541503906,91.57257080078124,-26.627052307128903,29.838727951049805,-22.95302391052246,0
match5_whistle_0524.mp4,0.0066134803928434,-43.30259323120117,86,3978.9702793337274,1981.056096337748,-91.15814971923828,121.38091278076172,-37.23485565185547,15.670328140258787,-39.731815338134766,1
match5_whistle_0525.mp4,0.0075991819612681,-43.99077606201172,43,4412.51220703125,1969.5408898572769,-145.9525146484375,105.3040008544922,-36.85973358154297,28.534536361694336,-28.155105590820312,1
match5_whistle_0526.mp4,0.0098406905308365,-43.94382858276367,36,4586.424777932363,2183.651719314133,-143.48574829101562,98.49674987792967,-12.605045318603516,44.53947830200195,-24.56054306030273,0
match5_whistle_0527.mp4,0.0087582245469093,-44.42142105102539,40,4565.392065829919,2172.1806994362823,-98.07733154296876,90.36309051513672,-27.21074676513672,33.49873733520508,-14.12709140777588,1
match5_whistle_0528.mp4,0.0049801035784184,-46.68902969360352,50,4127.625787080224,2065.641546292148,-98.20623779296876,97.91161346435548,-35.59968948364258,18.991050720214844,-21.390899658203125,1
match5_whistle_0529.mp4,0.0134492451325058,-53.14281845092773,66,5222.815085018382,2184.2858588649883,-289.1849365234375,53.62673568725586,10.389345169067385,67.96016693115234,-10.091300010681152,1
match5_whistle_0530.mp4,0.0119552481919527,-41.08528137207031,59,5071.17919921875,2203.432791510338,-128.2977752685547,91.57994842529295,-15.4884672164917,30.842323303222656,-35.0383415222168,0
match5_whistle_0531.mp4,0.0054471031762659,-40.56871032714844,41,3934.7516169313526,1908.1388952828304,-150.10585021972656,129.2054901123047,-34.67255783081055,6.6855788230896,-39.5869369506836,0
match5_whistle_0532.mp4,0.0147498538717627,-44.574554443359375,25,4624.87060546875,2188.456100546381,-100.07396697998048,101.3921890258789,-28.4156436920166,28.019428253173828,-17.72991943359375,1
match5_whistle_0533.mp4,0.0171491280198097,-46.917510986328125,66,4455.045133023648,2132.519159805891,-106.18668365478516,106.25338745117188,-39.84176635742188,13.883155822753906,-13.836586952209473,1
match5_whistle_0534.mp4,0.0110734347254037,-45.06141662597656,82,5021.461197092563,2034.7849215355795,-144.81500244140625,89.58954620361328,-39.66232299804688,36.55027389526367,-29.21893882751465,1
match5_whistle_0535.mp4,0.0092929266393184,-43.80276870727539,75,4063.963331374447,2000.6546740995689,-107.26406860351562,111.75662994384766,-39.21754455566406,17.156726837158203,-23.223148345947266,1
match5_whistle_0536.mp4,0.0042259655892848,-48.8154296875,80,4859.280743176424,1984.468300202483,-279.0676574707031,68.2885513305664,2.81664514541626,57.82789611816406,-29.198694229125977,1
match5_whistle_0537.mp4,0.0049557271413505,-47.01123046875,59,3797.1270392922793,1956.605688531092,-146.98690795898438,124.9768524169922,-33.5553092956543,14.968021392822266,-22.583415985107425,1
match5_whistle_0538.mp4,0.0048529398627579,-46.67532730102539,87,4752.126242897727,2113.6031166736825,-174.53099060058594,99.00670623779295,-9.483636856079102,41.81348037719727,-32.60555648803711,1
match5_whistle_0539.mp4,0.0149624003097414,-41.62864685058594,49,4826.163221914557,2267.493771037579,-100.63858795166016,99.13361358642578,-22.921897888183597,20.250709533691406,-21.173219680786133,0
match5_whistle_0540.mp4,0.0318010337650775,-36.41165542602539,86,6283.312448147124,2393.3070846527244,-129.5528106689453,49.54912185668945,-6.067365646362305,41.05699157714844,-33.189720153808594,0
match5_whistle_0541.mp4,0.0123263290151953,-43.94292449951172,72,4436.527073636968,2101.471625131908,-85.43545532226562,102.48334503173828,-42.40547943115234,12.5318603515625,-27.6273250579834,1
match5_whistle_0542.mp4,0.004492899402976,-50.92070770263672,76,5290.24658203125,2054.149425883854,-287.27154541015625,63.09093475341797,13.043916702270508,59.391693115234375,-31.5798454284668,1
match5_whistle_0543.mp4,0.0208899918943643,-41.8682746887207,85,5248.758737664473,2292.048413716141,-164.36842346191406,71.50679016113281,-10.750666618347168,42.43321990966797,-23.491798400878903,1
match5_whistle_0544.mp4,0.00370156718418,-48.444854736328125,72,4878.680419921875,2189.398014550841,-224.39959716796875,84.73117065429688,-10.15837287902832,65.55000305175781,-6.055222034454346,1
match5_whistle_0545.mp4,0.005198092199862,-45.88484954833984,36,4082.8588558148736,1934.5127799152372,-107.04930877685548,113.57838439941406,-37.075191497802734,24.267412185668945,-27.506669998168945,1
match5_whistle_0546.mp4,0.010503614321351,-44.47244644165039,49,4370.0439453125,1989.1190758923683,-176.08343505859375,90.74502563476562,-38.55513381958008,28.91219139099121,-11.587440490722656,1
match5_whistle_0547.mp4,0.0112713919952511,-45.10463333129883,40,5300.68576926052,1894.7008886105568,-226.03857421875,47.47259521484375,-9.83968448638916,52.85972213745117,-27.9186954498291,1
match5_whistle_0548.mp4,0.0042125876061618,-43.97709274291992,78,4687.601335081336,2100.3470282548533,-212.48944091796875,96.98017120361328,-26.676576614379883,39.00693130493164,-25.45219612121582,1
match5_whistle_0549.mp4,0.0023227212950587,-45.84479522705078,57,4332.693142361111,1982.042308295651,-212.1737365722656,105.94284057617188,-10.92636489868164,46.47981643676758,-49.69166946411133,1
match5_whistle_0550.mp4,0.0088362237438559,-44.23372650146485,57,4372.71511130137,1972.7925176543424,-191.79258728027344,105.68746948242188,-30.982234954833984,42.73592376708984,-39.44581604003906,1
match8_whistle_0001.mp4,0.0057442239485681,-40.488059997558594,40,4093.7363568474266,2141.2009930985,-162.72523498535156,103.5613250732422,-8.388092994689941,39.8914909362793,-12.405070304870604,1
match8_whistle_0002.mp4,0.0059212585911154,-41.0078125,64,4367.704932369403,2226.647423691111,-170.36428833007812,98.60675048828124,-6.240264892578125,45.64543151855469,-15.341806411743164,1
match8_whistle_0003.mp4,0.0091313878074288,-42.98225021362305,66,4216.08318172089,2036.4004922109696,-174.19552612304688,111.96686553955078,-8.446227073669434,50.16350555419922,-14.322325706481934,1
match8_whistle_0004.mp4,0.0090784532949328,-41.79102325439453,58,4259.0473521839485,2011.4116713767517,-177.50576782226562,99.5619659423828,-17.454803466796875,33.186546325683594,-19.648653030395508,1
match8_whistle_0005.mp4,0.0016526125837117,-42.32678985595703,72,3873.9578247070312,1876.7986788793305,-218.8024444580078,105.1143035888672,-18.470808029174805,60.03157806396485,-12.472028732299805,1
match8_whistle_0006.mp4,0.0134901432320475,-37.39773941040039,58,4840.036010742188,2182.7747971182216,-79.29457092285156,85.38661193847656,-26.89608383178711,24.165645599365234,-26.602094650268555,1
match8_whistle_0007.mp4,0.0029588749166578,-44.25672149658203,60,3876.9814453125,2035.01167126658,-184.2237243652344,104.11782836914062,-10.142020225524902,42.34713363647461,-16.1323184967041,1
match8_whistle_0008.mp4,0.0076741892844438,-37.68355178833008,65,3928.859576056985,1943.6154153012903,-77.13278198242188,107.22261810302734,-50.3052864074707,13.321783065795898,-18.972091674804688,1
match8_whistle_0009.mp4,0.0040488960221409,-39.30736541748047,74,3910.142578125,1878.871236174367,-154.08799743652344,105.05778503417967,-33.49591827392578,48.16497039794922,-5.406965255737305,1
match8_whistle_0010.mp4,0.0353317856788635,-33.954158782958984,48,6956.8037109375,2626.6897300178343,-136.21546936035156,35.065948486328125,12.764374732971191,56.85664749145508,-14.825181007385254,0
match8_whistle_0013.mp4,0.0055696391500532,-40.62672424316406,64,4215.777033025568,2119.971958350838,-212.51307678222656,96.85397338867188,-9.01846408843994,50.00625991821289,-9.94727897644043,1
match8_whistle_0014.mp4,0.0150501560419797,-40.76049041748047,57,4393.23486328125,2109.6130464675834,-92.4059829711914,87.68465423583984,-33.05048370361328,19.54101181030273,-18.756492614746094,1
match8_whistle_0015.mp4,0.0193282607942819,-42.5977783203125,60,4573.114013671875,2052.066597713911,-123.7318344116211,96.27195739746094,-25.078067779541016,39.28135299682617,-12.978503227233888,1
match8_whistle_0016.mp4,0.0359140336513519,-39.43497467041016,60,6013.713635896382,2528.2088887088457,-111.68759155273438,55.35750579833984,2.573834180831909,47.85583114624024,-20.292688369750977,0
match8_whistle_0017.mp4,0.0080016888678073,-36.84943771362305,72,4198.974609375,2028.3216531619844,-76.15531921386719,102.59147644042967,-40.33126449584961,25.461204528808597,-18.31998443603516,1
match8_whistle_0018.mp4,0.0125144440680742,-38.787353515625,73,4809.496131310096,2162.996373505274,-183.6089782714844,82.20868682861328,-16.035186767578125,48.40357971191406,-15.314091682434082,1
match8_whistle_0019.mp4,0.0255042035132646,-37.57454681396485,64,5306.0079152960525,2348.8025150542794,-148.4758758544922,64.18462371826172,-2.379920482635498,54.3468132019043,-10.18520164489746,1
match8_whistle_0020.mp4,0.0051113441586494,-38.33751678466797,59,4508.698763912671,2157.413752643773,-222.882568359375,80.30581665039062,3.226675510406494,58.42506408691406,-15.734201431274414,1
match8_whistle_0021.mp4,0.0070715337060391,-42.01087188720703,66,3962.761896306818,1947.8069385424096,-123.01726531982422,107.56433868408205,-43.36513137817383,28.347213745117188,-21.75739097595215,1
match8_whistle_0022.mp4,0.015239467844367,-36.99382781982422,73,4511.327027738764,2088.5754141891907,-102.44354248046876,96.22491455078124,-37.741153717041016,27.609289169311523,-19.318477630615234,1
match8_whistle_0023.mp4,0.0063917594961822,-40.19563293457031,72,4401.036178234012,2121.135263638345,-208.14401245117188,81.19086456298828,11.99904727935791,56.48238754272461,-19.878698348999023,1
match8_whistle_0024.mp4,0.0025778585113584,-43.97779083251953,70,3658.9881310096152,1860.429581018886,-193.2571563720703,108.54769134521484,-15.24832820892334,57.62434387207031,-11.288379669189451,1
match8_whistle_0025.mp4,0.0319812521338462,-33.76213836669922,44,5773.115090762868,2392.049001112912,-123.23095703125,46.27817153930664,-11.712281227111816,53.43229675292969,-3.432705402374268,0
match8_whistle_0026.mp4,0.0188719611614942,-35.69858169555664,65,4448.08132223887,2127.7288293673228,-51.74029159545898,100.1317367553711,-39.30888748168945,12.339103698730469,-17.656639099121094,1
match8_whistle_0027.mp4,0.0198249090462923,-37.17820358276367,56,5230.061068600171,2328.0381354581245,-95.12371826171876,70.443603515625,-12.500839233398438,42.01853561401367,-14.583786964416504,1
match8_whistle_0028.mp4,0.005934007000178,-37.54758071899414,69,4035.4568481445312,2011.381606062075,-137.83934020996094,108.99166107177734,-32.668983459472656,33.7095947265625,-16.385540008544922,1
match8_whistle_0029.mp4,0.0110344877466559,-39.88588333129883,51,4681.539212740385,2206.434517032543,-149.0785369873047,85.33626556396484,-12.424179077148438,48.898067474365234,-15.83942413330078,1
match8_whistle_0030.mp4,0.0123849613592028,-38.982200622558594,76,4605.243460739715,2144.3188525271603,-134.67828369140625,79.80158233642578,-32.749839782714844,44.10688400268555,1.2830209732055664,1
match8_whistle_0031.mp4,0.0021601386833935,-40.418338775634766,66,3960.6472439236113,1974.43601426827,-213.2208251953125,101.70518493652344,1.212809443473816,53.01504135131836,-9.766918182373049,1
match8_whistle_0032.mp4,0.0035801562480628,-42.37924957275391,70,3845.47119140625,1963.5373119665007,-121.51705932617188,107.33732604980467,-36.08058547973633,23.635906219482425,-18.07337188720703,1
match8_whistle_0033.mp4,0.0078719733282923,-40.67567443847656,72,4145.1416015625,1942.6239816487828,-133.67893981933594,105.33822631835938,-26.905202865600582,29.189775466918945,-14.954442977905272,1
match8_whistle_0034.mp4,0.007862408645451,-37.92167663574219,74,4381.109619140625,2100.093714721459,-159.2138671875,98.3916473388672,-25.004398345947266,52.4976806640625,-7.710655689239502,1
match8_whistle_0035.mp4,0.0163156632333993,-38.169715881347656,72,4442.923134251645,2123.2879922553966,-78.62239074707031,88.44377136230469,-33.14983367919922,31.60528945922852,-1.7016340494155884,1
match8_whistle_0036.mp4,0.0038832034915685,-39.70827102661133,42,4208.627424568966,2089.791256480755,-254.72738647460935,87.38074493408203,4.052412986755371,46.57105255126953,-27.74814796447754,1
match8_whistle_0037.mp4,0.0018671994330361,-43.6521110534668,53,4022.7699838033536,1893.61525425836,-268.56658935546875,71.92069244384766,8.248496055603027,67.6832046508789,-11.417919158935549,1
match8_whistle_0038.mp4,0.0110005130991339,-39.25833511352539,69,4444.2138671875,2080.8297448298417,-172.27093505859375,89.7884750366211,-33.21991729736328,51.909854888916016,-11.03119945526123,1
match8_whistle_0039.mp4,0.016926534473896,-37.435096740722656,45,4577.483575994318,2137.651418764737,-109.78305053710938,84.47985076904297,-37.46319961547852,27.28298759460449,-10.192628860473633,1
match8_whistle_0040.mp4,0.0016413033008575,-39.219970703125,83,3814.689753605769,1839.970648501146,-237.95553588867188,115.86762237548828,-20.165132522583008,48.14310836791992,-23.300216674804688,1
match8_whistle_0041.mp4,0.0075746332295238,-37.61616516113281,79,4177.855506310096,2064.254075986975,-104.84394073486328,98.45567321777344,-35.592872619628906,23.226640701293945,-12.501867294311523,1
match8_whistle_0042.mp4,0.0216775443404912,-35.31377029418945,78,4759.471220128677,2055.5215219659003,-177.0320587158203,58.55073928833008,-23.81987762451172,50.18366241455078,-11.557780265808104,1
match8_whistle_0043.mp4,0.0091138510033488,-37.86005783081055,76,4420.4174144847975,2050.2435388984923,-110.7796401977539,97.70806884765624,-40.795997619628906,25.29127693176269,-17.198427200317383,1
match8_whistle_0044.mp4,0.0072581293061375,-39.59930419921875,67,4477.560424804688,2117.439898369203,-172.40536499023438,100.2488250732422,-15.279424667358398,48.15836715698242,-21.814807891845703,1
match8_whistle_0045.mp4,0.0193173885345459,-40.77750015258789,38,4041.92578125,1851.313067259112,-80.65020751953125,93.53128051757812,-58.9322509765625,15.786551475524902,-9.88730525970459,1
match8_whistle_0046.mp4,0.004084447864443,-38.27106857299805,80,4462.955729166667,2095.0630571514016,-161.59378051757812,99.27133178710938,-10.257867813110352,55.03628921508789,-13.202384948730469,1
match8_whistle_0047.mp4,0.0055154431611299,-42.0736198425293,68,3769.9554443359375,1968.904211770942,-92.02680206298828,113.22980499267578,-44.05392456054688,-0.3432655334472656,-30.00007057189941,1
match8_whistle_0048.mp4,0.0067924335598945,-37.63216400146485,75,4608.643798828125,2125.480842156623,-208.0726623535156,82.30198669433594,-0.7974845170974731,65.06246185302734,-16.244110107421875,1
match8_whistle_0049.mp4,0.022105561569333,-37.05719757080078,66,5156.423839890813,2300.604227814777,-108.50247192382812,75.81061553955078,-13.930709838867188,36.91043472290039,-22.050111770629883,1
match8_whistle_0050.mp4,0.0112546691671013,-38.23599243164063,76,4782.603194073933,2167.5679373505336,-173.54823303222656,83.66071319580078,2.1058549880981445,50.05051803588867,-26.348255157470703,1
match8_whistle_0051.mp4,0.0152847841382026,-41.1465072631836,64,4818.727111816406,2235.0812994256057,-160.57037353515625,87.298095703125,-14.426912307739258,38.32073211669922,-18.665674209594727,1
match8_whistle_0052.mp4,0.0111399665474891,-40.03257751464844,68,4148.8330078125,2075.620121201255,-67.85565185546875,106.31616973876952,-40.940223693847656,-3.400953769683838,-24.418357849121094,1
match8_whistle_0053.mp4,0.0096243591979146,-37.04188919067383,71,4433.4173583984375,2126.205497067984,-109.42723083496094,97.25426483154295,-33.525394439697266,18.269502639770508,-17.057722091674805,1
match8_whistle_0054.mp4,0.015383499674499,-30.553373336791992,55,5665.885062839674,2370.446490970738,-154.82334899902344,77.29300689697266,4.628642559051514,55.669898986816406,-19.79332160949707,0
match8_whistle_0055.mp4,0.0052264016121625,-35.66006851196289,82,3981.6025904605262,1910.3097086079915,-109.87567901611328,113.01626586914062,-49.3638916015625,30.06137466430664,-15.543560981750488,1
match8_whistle_0056.mp4,0.0165652781724929,-40.7148666381836,67,4714.327184165396,2128.553728716059,-146.93359375,87.35591888427734,-24.930072784423828,47.36489868164063,-11.89963436126709,1
match8_whistle_0057.mp4,0.0079389046877622,-40.74932861328125,56,4049.688447411381,1991.067039644137,-144.68386840820312,110.46436309814452,-40.86676025390625,19.22722816467285,-17.896968841552734,1
match8_whistle_0058.mp4,0.0162232965230941,-32.4677734375,77,5092.6025390625,2245.401418051764,-187.12286376953125,63.80747604370117,-21.99910926818848,46.26243209838867,-10.26780891418457,1
match8_whistle_0059.mp4,0.0330823622643947,-36.95246505737305,46,5540.232155539773,2323.8352139261474,-114.43379974365234,52.2538948059082,-22.26013565063477,51.94351577758789,-6.817375183105469,0
match8_whistle_0060.mp4,0.010727135464549,-37.85574722290039,60,4382.5810546875,2107.246515158989,-94.0205307006836,95.13119506835938,-38.85691452026367,16.790699005126953,-22.31984519958496,1
match8_whistle_0061.mp4,0.0087469518184661,-38.422950744628906,72,4377.936535346798,2071.099448063925,-166.49818420410156,99.1852035522461,-17.478174209594727,44.96134948730469,-15.76088523864746,1
match8_whistle_0062.mp4,0.0052477130666375,-35.278995513916016,81,3953.932209256329,1892.6384593881332,-100.7386474609375,108.029296875,-51.80990219116211,23.7668571472168,-21.776535034179688,1
match8_whistle_0063.mp4,0.0061692944727838,-38.39322280883789,79,3915.4541015625,1870.2773211933688,-144.49949645996094,110.25593566894533,-49.54781723022461,31.83872604370117,-12.108128547668455,1
match8_whistle_0064.mp4,0.0018505103653296,-42.7131233215332,71,4206.954561121323,1951.00920613272,-294.6904602050781,58.40121841430664,10.099140167236328,84.70037078857422,-6.905997276306152,1
match8_whistle_0065.mp4,0.0248605050146579,-33.741493225097656,78,4782.497829861111,2110.004176946113,-71.69011688232422,83.90855407714844,-42.72418975830078,19.99113273620605,-9.883591651916504,1
match8_whistle_0066.mp4,0.0173925515264272,-33.71507263183594,55,4854.814453125,2283.6619998092647,-170.67724609375,85.7509765625,-14.333160400390623,39.28334426879883,-16.613101959228516,1
match8_whistle_0067.mp4,0.0168560240417718,-40.25954818725586,53,4610.372121710527,2090.628865833151,-132.4110565185547,88.5727310180664,-24.09824562072754,39.21387481689453,-20.68197631835937,1
match8_whistle_0068.mp4,0.0114709548652172,-35.88875961303711,75,4583.946265243902,2076.1144826672044,-162.36532592773438,86.94953918457031,-15.79018211364746,50.53277587890625,-18.417146682739254,1
match8_whistle_0070.mp4,0.0121800387278199,-38.82945251464844,69,4020.3836059570312,1927.7813654167348,-94.38736724853516,96.89817810058594,-51.07959747314453,29.06435775756836,-14.23780632019043,1
match8_whistle_0071.mp4,0.0228816345334053,-38.67620086669922,32,6110.838048598345,2509.9312128493275,-97.00170135498048,58.05913925170898,1.699840784072876,45.07722473144531,-22.59249687194824,0
match8_whistle_0072.mp4,0.0038413926959037,-44.19644927978516,61,4121.788691131162,2061.9768955887166,-93.42707061767578,110.74207305908205,-38.18570327758789,3.82623028755188,-32.55194854736328,1
match8_whistle_0073.mp4,0.0092428503558039,-38.217735290527344,69,4014.9507221422696,1995.1239078171295,-144.4020538330078,111.76358032226562,-30.636314392089844,26.574382781982425,-20.33690452575684,1
match8_whistle_0074.mp4,0.0076040183193981,-40.869178771972656,54,4092.868970788044,1981.10943566618,-110.6741943359375,118.80278778076172,-37.07227325439453,5.1265387535095215,-36.28482818603516,1
match8_whistle_0075.mp4,0.0110344970598816,-38.72603988647461,64,4346.436164952532,2094.4923991759174,-148.99710083007812,84.29493713378906,-24.77217102050781,35.43444061279297,-9.121912002563477,1
match8_whistle_0076.mp4,0.0321429446339607,-35.31764221191406,23,6408.216971781716,2382.32090171251,-138.012939453125,28.247634887695312,8.79870891571045,62.83878707885742,-13.57839012145996,0
match8_whistle_0077.mp4,0.0101663004606962,-38.91545867919922,67,3992.255859375,1921.6502001736485,-138.6153564453125,106.94722747802734,-39.63671112060547,24.36063003540039,-22.89739990234375,1
match8_whistle_0078.mp4,0.0130821168422698,-37.73109436035156,71,4284.708658854167,2001.4620362885912,-147.18658447265625,98.1919403076172,-18.151212692260746,44.25312042236328,-20.153322219848636,1
match8_whistle_0079.mp4,0.0167105309665203,-35.84956359863281,72,5184.230804443359,2315.7883091510225,-117.68234252929688,78.53386688232422,-14.678606986999512,37.22468566894531,-22.18985939025879,1
match8_whistle_0080.mp4,0.0133443679660558,-37.9915885925293,75,4276.935182134789,2081.494232583511,-74.5418472290039,98.58953857421876,-39.05727767944336,26.088754653930664,-11.706104278564451,1
match8_whistle_0081.mp4,0.0171127021312713,-41.043094635009766,71,4556.365966796875,2170.5343633721163,-78.79655456542969,95.09786987304688,-31.71695899963379,18.23734664916992,-18.291662216186523,1
match8_whistle_0082.mp4,0.0113211078569293,-35.693695068359375,74,4879.06494140625,2267.346302635636,-161.45089721679688,93.66593170166016,-5.790816307067871,31.655607223510746,-34.279170989990234,1
match8_whistle_0083.mp4,0.0112038999795913,-37.22416305541992,54,4410.228382457386,2107.943995911147,-148.76112365722656,107.99267578125,-20.229814529418945,45.73424530029297,-20.242162704467773,1
match8_whistle_0084.mp4,0.0040600034408271,-38.85435485839844,65,4166.6748046875,2019.3361926672449,-212.03399658203125,100.8741226196289,-11.042766571044922,44.00342178344727,-11.631522178649902,1
match8_whistle_0085.mp4,0.0152508495375514,-37.71909332275391,66,4212.97119140625,2104.128900772156,-63.03000259399414,104.72030639648438,-41.8536262512207,-3.8396084308624263,-22.032245635986328,1
match8_whistle_0086.mp4,0.0051676565781235,-39.26021194458008,66,4067.681884765625,1915.9001274104448,-203.72970581054688,103.55038452148438,-17.832834243774414,47.19385147094727,-18.085254669189453,1
match8_whistle_0087.mp4,0.0071781603619456,-38.85963439941406,75,3909.983267435213,1939.2984097518731,-113.07022857666016,110.4077606201172,-43.46760177612305,18.71491050720215,-18.588623046875,1
match8_whistle_0088.mp4,0.003937310539186,-36.80876922607422,71,3943.7019594254034,1814.477280297357,-157.87820434570312,106.62840270996094,-31.058809280395508,38.86052322387695,-20.794103622436523,1
match8_whistle_0089.mp4,0.0399158224463462,-37.80501556396485,38,6260.16357421875,2447.460163310997,-120.43734741210938,48.93408966064453,-3.4275448322296143,51.505558013916016,-16.55756378173828,0
match8_whistle_0090.mp4,0.0111075509339571,-36.68461227416992,63,4345.28240047089,2065.807988652734,-57.86518096923828,103.05754852294922,-42.7585563659668,8.190595626831055,-27.91911125183105,1
match8_whistle_0091.mp4,0.0041777812875807,-41.373722076416016,67,4059.2958984375,1990.6305830448955,-205.4683532714844,114.09323120117188,-17.684106826782227,37.65206146240234,-18.52890014648437,1
match8_whistle_0092.mp4,0.0075999926775693,-40.27463912963867,57,4193.189569729478,1978.302549232793,-62.749168395996094,103.63865661621094,-49.03879928588867,2.6512482166290283,-22.99315071105957,1
match8_whistle_0093.mp4,0.009278941899538,-38.58250427246094,82,4091.049157567771,2041.041558725174,-115.5154266357422,107.16300201416016,-29.693191528320312,28.923236846923828,-16.245834350585938,1
match8_whistle_0094.mp4,0.0120275560766458,-34.68006896972656,37,5616.791409165112,2394.1229379202696,-155.18711853027344,63.53942108154297,-0.1277132183313369,52.621055603027344,-22.67180633544922,0
match8_whistle_0095.mp4,0.0262438599020242,-35.3176155090332,54,6788.971502130682,2510.206409521477,-123.98153686523438,29.238229751586918,14.928712844848633,54.43085479736328,-16.5711727142334,0
match8_whistle_0096.mp4,0.0518381744623184,-32.98039245605469,49,6381.5185546875,2482.622191972736,-72.54426574707031,39.17201232910156,-7.688098907470703,55.09195327758789,-11.39795207977295,0
match8_whistle_0097.mp4,0.0475315153598785,-36.09465408325195,61,5952.008056640625,2399.509092275169,-76.4397201538086,50.04792022705078,-20.352622985839844,44.75687789916992,-11.159749031066896,0
match8_whistle_0098.mp4,0.0125036751851439,-41.422096252441406,60,4028.425399116848,2093.2131831966467,-90.59358215332033,104.13844299316406,-36.6290397644043,4.216275691986084,-14.59770393371582,1
match8_whistle_0099.mp4,0.0074391118250787,-37.13276290893555,72,4221.405029296875,2026.4354627649564,-165.548095703125,104.4069595336914,-16.14125633239746,48.79988479614258,-20.93629646301269,1
match8_whistle_0100.mp4,0.0329603478312492,-37.905860900878906,52,6247.08984375,2504.466878602543,-78.43553924560547,54.32698059082031,-6.7807207107543945,42.830039978027344,-17.18036460876465,0
match8_whistle_0101.mp4,0.031073160469532,-37.387237548828125,49,5739.723501632463,2398.9676145520884,-99.6765365600586,58.446922302246094,-21.555500030517575,43.15975189208984,-15.657614707946776,0
match8_whistle_0102.mp4,0.0358872301876544,-36.14031982421875,60,6583.069957386364,2516.3629000768524,-106.77167510986328,32.97478103637695,7.114823341369629,55.03480529785156,-17.63590431213379,0
match8_whistle_0103.mp4,0.0349949076771736,-40.41096115112305,39,5872.166907269022,2344.1735665102274,-95.30007934570312,55.667945861816406,-15.4439058303833,48.43092727661133,-14.67328643798828,0
match8_whistle_0104.mp4,0.0187155026942491,-37.12358093261719,72,4310.502558169158,2032.6232136316407,-94.29444122314452,95.04180145263672,-37.745723724365234,25.86089324951172,-21.5550537109375,1
match8_whistle_0105.mp4,0.0029505905695259,-40.80739974975586,60,4303.922842081311,2035.9206140177253,-216.6415557861328,96.35970306396484,5.62554407119751,61.23168182373047,-23.449254989624023,1
match8_whistle_0106.mp4,0.0055328062735497,-40.732330322265625,65,4018.903198242188,1889.9960491515967,-183.8607940673828,96.59620666503906,-12.552694320678713,47.4619026184082,-21.596323013305664,1
match8_whistle_0107.mp4,0.0063705686479806,-42.255157470703125,63,4159.2919921875,2101.591341738111,-89.8971176147461,102.5870132446289,-33.02143096923828,5.421507358551025,-38.61346435546875,1
match8_whistle_0108.mp4,0.0077140317298471,-37.09840393066406,67,3981.4892578125,1938.485912331813,-141.67935180664062,106.61941528320312,-27.8475399017334,26.16042709350586,-23.76712226867676,1
match8_whistle_0109.mp4,0.0180117953568696,-39.3720588684082,67,4882.34442349138,2262.150382986204,-113.81887817382812,87.74187469482422,-16.843935012817383,36.43465042114258,-9.319138526916504,1
match8_whistle_0110.mp4,0.0042755263857543,-46.99159240722656,74,3864.883700284091,1962.1144311223045,-152.6627197265625,121.05266571044922,-25.00085830688477,19.12042617797852,-22.771337509155277,1
match8_whistle_0111.mp4,0.0029051876626908,-39.56745910644531,68,3987.921612079327,1929.477598347019,-203.5290985107422,111.70199584960938,-24.10912704467773,43.49495315551758,-18.74999237060547,1
match8_whistle_0112.mp4,0.0058453320525586,-40.01185607910156,64,3819.386254287348,1941.1287291346896,-157.65940856933594,113.14733123779295,-27.25155639648437,34.62284469604492,-18.312145233154297,1
match8_whistle_0113.mp4,0.0023498258087784,-38.65558624267578,57,3940.698519620029,1922.562551214785,-241.1210021972656,102.89344024658205,-7.670125961303711,51.197898864746094,-21.24494743347168,1
match8_whistle_0114.mp4,0.0090269315987825,-41.37433242797852,57,4547.844639109142,2128.8755348800405,-162.0242919921875,102.3206558227539,-19.631744384765625,50.02314758300781,-16.995790481567383,1
match8_whistle_0115.mp4,0.0070350798778235,-37.226036071777344,58,3720.5630095108695,1858.460626018681,-120.80716705322266,123.77881622314452,-39.1984977722168,32.63894271850586,-13.586932182312012,1
match8_whistle_0116.mp4,0.0056316670961678,-37.48712921142578,69,4026.068115234375,1974.8018681285544,-87.44358825683594,112.9389877319336,-35.87236022949219,22.8169002532959,-24.22961807250977,1
match8_whistle_0117.mp4,0.0325034670531749,-36.65375518798828,37,6021.930252878289,2450.3552688099408,-97.004150390625,54.45220565795898,-12.47486686706543,40.88743209838867,-8.785837173461914,0
match8_whistle_0118.mp4,0.040813535451889,-33.68744659423828,55,6103.89404296875,2337.570104828043,-156.39556884765625,41.192359924316406,-13.758183479309082,59.63785552978516,-14.708293914794922,1
match8_whistle_0119.mp4,0.0611614510416984,-32.50367736816406,60,6745.9423828125,2382.2922926745778,-99.71876525878906,9.686073303222656,-8.7766695022583,66.98662567138672,-4.33551549911499,0
match8_whistle_0120.mp4,0.0123916640877723,-35.11322021484375,75,4410.763202136076,2049.59189221658,-123.95027160644533,108.9873275756836,-34.84317398071289,27.95514678955078,-27.999622344970703,1
match8_whistle_0121.mp4,0.0072754984721541,-39.37339019775391,62,4497.44873046875,2152.774118800633,-83.39566802978516,101.70111846923828,-28.71331787109375,15.43767261505127,-28.64035987854004,1
match8_whistle_0122.mp4,0.0030736031476408,-38.85676193237305,77,3696.666124131944,1839.180195297669,-118.00434112548828,119.39744567871094,-37.094215393066406,29.35786247253418,-25.784215927124023,1
match8_whistle_0123.mp4,0.0064394413493573,-40.28733825683594,67,3923.3201118364727,1928.1989289442213,-90.95692443847656,113.23251342773438,-45.000301361083984,7.652256965637207,-22.727996826171875,1
match8_whistle_0124.mp4,0.0053818589076399,-43.757720947265625,70,4131.279602050781,2008.591534294214,-157.1435546875,101.3318328857422,-18.10380172729492,35.27485275268555,-22.96643829345703,1
match8_whistle_0125.mp4,0.0132363177835941,-39.24796676635742,67,4581.980626723345,2165.5839791819512,-45.89149856567383,97.07109832763672,-38.89547348022461,5.455779552459717,-20.201875686645508,1
match8_whistle_0126.mp4,0.0138903521001338,-32.6904182434082,69,4712.1826171875,2169.5067734021145,-151.20333862304688,96.30296325683594,-27.73357391357422,35.20085906982422,-37.34296798706055,1
match8_whistle_0127.mp4,0.0342761948704719,-34.88106155395508,32,6486.388050426136,2489.981437184411,-156.58941650390625,35.072994232177734,10.100641250610352,53.88623428344727,-18.615997314453125,0
match8_whistle_0128.mp4,0.0162348002195358,-41.74044036865234,59,4622.559262628424,2212.076757198486,-46.16358947753906,92.00900268554688,-35.512969970703125,8.00028133392334,-14.7775297164917,1
match8_whistle_0129.mp4,0.0079757208004593,-37.281497955322266,61,4591.95556640625,2202.572371665655,-208.14474487304688,84.75623321533203,-3.880017280578613,55.480712890625,-16.733505249023438,1
match8_whistle_0130.mp4,0.0048934766091406,-37.895843505859375,75,3893.879167423692,1986.861120518617,-133.82933044433594,113.52650451660156,-20.609169006347656,38.98453521728516,-19.253101348876957,1
match8_whistle_0131.mp4,0.0054173083044588,-36.91889572143555,62,4300.853576660156,2121.5671563270053,-193.7843780517578,98.92488861083984,-13.840306282043455,44.86199951171875,-15.49445343017578,1
match8_whistle_0132.mp4,0.0064057405106723,-43.35807037353516,73,3959.4867412860576,2006.885180560572,-85.9874496459961,104.40198516845705,-36.2246208190918,26.936708450317383,-11.433794975280762,1
match8_whistle_0133.mp4,0.0035565546713769,-36.45904541015625,75,3978.444908405173,1881.547080600022,-159.9676513671875,108.91258239746094,-27.124801635742188,50.42348098754883,-18.672149658203125,1
match8_whistle_0134.mp4,0.0150582147762179,-37.052764892578125,53,5487.214799360795,2378.8818091260982,-113.5699462890625,79.76627349853516,-14.44245147705078,34.26210021972656,-24.382326126098636,0
match8_whistle_0135.mp4,0.0435153394937515,-36.08481979370117,44,6205.948893229167,2497.8384703836614,-92.01754760742188,44.18717956542969,-3.519246816635132,49.778770446777344,-10.077836036682127,0
match8_whistle_0136.mp4,0.0171173922717571,-38.224727630615234,59,4709.00390625,2144.807695672016,-83.48625183105469,88.9203872680664,-34.58549499511719,20.115013122558597,-17.255081176757812,1
match8_whistle_0137.mp4,0.0023258100263774,-40.44472503662109,65,3709.6923828125,1774.8664473334254,-167.47662353515625,124.30410766601562,-38.26318740844727,37.76311492919922,-24.25445938110352,1
match8_whistle_0138.mp4,0.0151496035978198,-36.85076522827149,56,4933.147807060917,2215.792884666406,-195.9499053955078,67.74274444580078,-3.736219644546509,57.291114807128906,-14.82604694366455,1
match8_whistle_0139.mp4,0.0059027248062193,-41.88476943969727,67,3787.600708007813,1915.7958860431763,-75.5144271850586,110.76876831054688,-42.08677291870117,16.60507583618164,-21.2244873046875,1
match8_whistle_0140.mp4,0.0076742563396692,-39.23772048950195,64,4307.773951480263,2058.4183677483,-180.0203399658203,95.07288360595705,-18.11818122863769,39.5346794128418,-16.080469131469727,1
match8_whistle_0141.mp4,0.0143290739506483,-39.0548095703125,67,4278.815252130682,2042.121978536868,-126.07410430908205,107.04881286621094,-33.63972473144531,26.952281951904297,-19.01599502563477,1
match8_whistle_0142.mp4,0.0129647711291909,-35.82963562011719,82,4514.263237847223,2078.564914605456,-151.8093719482422,90.67543029785156,-12.691526412963867,53.805458068847656,-26.3979549407959,1
match8_whistle_0143.mp4,0.030602416023612,-35.91977310180664,34,5104.160802504595,2279.492854982678,-115.24747467041016,82.09848022460938,-27.340450286865234,26.08587455749512,-18.584474563598636,1
match8_whistle_0144.mp4,0.0024118600413203,-40.57310104370117,63,3891.485595703125,1917.6161666640528,-189.14065551757807,115.2278289794922,-25.105655670166016,51.77246856689453,-19.51605796813965,1
match8_whistle_0145.mp4,0.019421812146902,-38.994415283203125,55,4844.327920942164,2203.0486018417205,-53.821754455566406,80.86092376708984,-46.06570816040039,2.378438711166382,-13.826995849609377,1
match8_whistle_0146.mp4,0.0117919584736227,-36.34794998168945,74,3981.0531423061702,1906.282847257223,-114.48429870605467,108.36203002929688,-44.31000900268555,32.652042388916016,-9.987318992614746,1
match8_whistle_0147.mp4,0.0036803912371397,-38.69404983520508,62,3406.521067899816,1662.6659141335756,-115.42555236816406,128.63710021972656,-67.15399169921875,16.867420196533203,-22.413555145263672,1
match8_whistle_0148.mp4,0.0078589674085378,-36.03139114379883,66,4910.899522569444,2263.716610218326,-189.91114807128903,77.53890228271484,-2.2254838943481445,54.86143112182617,-17.435131072998047,1
match8_whistle_0149.mp4,0.0055325580760836,-35.76367950439453,71,3899.918084395559,1947.7399889527885,-114.21925354003906,114.53397369384766,-41.50862503051758,18.958742141723636,-27.526065826416016,1
match8_whistle_0150.mp4,0.0093748327344655,-39.21263885498047,66,4558.32576976103,2011.543612121196,-201.01290893554688,85.34102630615234,-11.4453706741333,60.18032455444336,-14.687429428100586,1
match8_whistle_0151.mp4,0.0300241224467754,-39.68585205078125,47,5603.3701171875,2372.857228631457,-92.79778289794922,62.2819709777832,-18.68497467041016,44.94502639770508,-8.891206741333008,0
match8_whistle_0152.mp4,0.018299201503396,-37.025638580322266,64,4207.652168843284,2090.764033788426,-43.21812438964844,97.11146545410156,-44.43040466308594,6.466542720794678,-11.693706512451172,1
match8_whistle_0153.mp4,0.0025113450828939,-39.49112701416016,74,4187.265930175781,1880.1258074672296,-241.3681640625,83.45001220703125,-12.44619846343994,69.25718688964844,-9.777406692504885,1
match8_whistle_0154.mp4,0.0077743642032146,-37.96378707885742,64,3993.941066576087,1986.5943547772652,-102.35700988769533,105.31641387939452,-43.91308975219727,20.488544464111328,-17.78023338317871,1
match8_whistle_0155.mp4,0.0045039760880172,-36.34196853637695,68,4144.761603860294,1947.5533901381116,-169.65455627441406,108.27643585205078,-22.576431274414062,49.45179748535156,-19.91243934631348,1
match8_whistle_0156.mp4,0.0037894591223448,-38.14241027832031,81,4649.168786337209,2061.956023566649,-220.49407958984372,70.9464340209961,2.8578476905822754,74.37833404541016,-9.59838581085205,1
match8_whistle_0157.mp4,0.0086757419630885,-37.16552734375,62,4661.4377043968025,2080.698790856091,-161.59535217285156,79.63135528564453,-14.369553565979004,53.94067001342773,-13.08956813812256,1
match8_whistle_0158.mp4,0.015498012304306,-34.132057189941406,69,4723.554569841867,2185.441800799873,-154.00299072265625,86.71825408935547,-12.29760456085205,42.34608459472656,-16.943138122558594,1
match8_whistle_0159.mp4,0.0089717702940106,-39.66961288452149,57,4181.342348845109,1988.494013346487,-101.45154571533205,108.17393493652344,-48.27739715576172,12.983290672302246,-19.407588958740234,1
match8_whistle_0160.mp4,0.0064266696572303,-40.47649383544922,71,4120.235728068524,1902.1324695430471,-155.8340606689453,107.54935455322266,-18.65499496459961,35.29999923706055,-29.080453872680664,1
match8_whistle_0161.mp4,0.034327745437622,-40.1440658569336,62,5577.479607077206,2350.899134048389,-94.3109130859375,61.14540863037109,-14.03915023803711,46.37762451171875,-13.410334587097168,0
match8_whistle_0162.mp4,0.0128823993727564,-37.18111801147461,54,4377.729692851028,2091.410601611537,-82.257080078125,106.11881256103516,-40.39946365356445,21.33540725708008,-20.45355796813965,1
match8_whistle_0163.mp4,0.0458733811974525,-41.04753112792969,54,5846.854599208048,2358.055748642217,-109.22728729248048,55.5589599609375,-8.946528434753418,34.65443801879883,-25.25160789489746,0
match8_whistle_0164.mp4,0.0045575960539281,-39.78903579711914,68,3822.273272778615,1934.7030510339373,-180.44857788085935,106.8005828857422,-13.893562316894531,47.15703582763672,-18.80302047729492,1
match8_whistle_0165.mp4,0.0290970914065837,-39.4072265625,44,5802.666558159723,2421.9578346387725,-95.69567108154295,63.174564361572266,-12.292083740234377,42.12617111206055,-14.822263717651367,0
match8_whistle_0166.mp4,0.0294184274971485,-36.82545471191406,40,5141.704767400568,2258.794072561801,-100.57825469970705,70.93656158447266,-28.3716983795166,48.07577896118164,-1.0595340728759766,0
match8_whistle_0167.mp4,0.0129263531416654,-36.44845581054688,74,4351.579483695652,1914.605052301964,-132.62037658691406,78.3503646850586,-33.66828918457031,43.04622268676758,-16.929092407226562,1
match8_whistle_0168.mp4,0.0022815915290266,-45.846221923828125,70,3546.27685546875,1797.4207890927946,-155.11587524414062,109.40897369384766,-16.674453735351562,37.253211975097656,-18.99504280090332,1
match8_whistle_0169.mp4,0.0041349320672452,-40.135032653808594,70,4077.337646484375,1994.13489478911,-168.4982147216797,115.88809204101562,-15.817355155944824,50.586456298828125,-14.233854293823242,1
match8_whistle_0170.mp4,0.0212769843637943,-35.4453239440918,35,5480.689586292614,2432.983045678513,-81.9298095703125,65.7309799194336,-10.069419860839844,40.92757415771485,-13.46384620666504,0
match8_whistle_0171.mp4,0.0139630567282438,-38.03303909301758,58,4585.117319467905,2183.467712248098,-62.19663238525391,90.21548461914062,-32.251312255859375,17.514169692993164,-17.078834533691406,1
match8_whistle_0172.mp4,0.0105375060811638,-35.573516845703125,61,4317.843710409628,1970.7211946485843,-152.9104766845703,104.91901397705078,-40.4992561340332,30.36310386657715,-18.233488082885746,1
match8_whistle_0173.mp4,0.0069289077073335,-35.5468864440918,74,3966.024502840909,1863.2394670528508,-167.89308166503906,107.07366180419922,-42.78824615478516,34.85422134399414,-16.807716369628906,1
match8_whistle_0174.mp4,0.0115021346136927,-34.67082214355469,72,4574.508483151355,2073.512607101796,-150.70321655273438,95.00615692138672,-19.855302810668945,41.13241958618164,-24.698638916015625,1
match8_whistle_0175.mp4,0.0017256989376619,-41.94126510620117,69,3496.7388556985293,1688.5774152178324,-178.33187866210938,126.54290771484376,-27.594209671020508,38.99789047241211,-19.982641220092773,1
match8_whistle_0176.mp4,0.0080743599683046,-36.71036148071289,73,4279.865786903783,2076.036730153053,-116.0763168334961,106.7238540649414,-31.07380485534668,24.059345245361328,-26.19256401062012,1
match8_whistle_0177.mp4,0.0082541033625602,-39.79536056518555,75,4087.4170510165663,1988.284588511951,-139.1772003173828,103.96326446533205,-33.9096565246582,31.292110443115234,-14.696349143981934,1
match8_whistle_0178.mp4,0.0091025121510028,-35.24090576171875,70,4319.324566566781,2079.320041477114,-80.52648162841797,98.24166870117188,-40.25452423095703,12.668560028076172,-27.89091110229492,1
match8_whistle_0179.mp4,0.0086321514099836,-37.728553771972656,67,4915.4560546875,2292.907086917798,-192.66067504882807,66.89225006103516,-4.019037246704102,57.88050079345703,-11.273173332214355,1
match8_whistle_0180.mp4,0.0384681709110736,-36.383697509765625,19,5892.181037454044,2309.6921620709504,-109.78895568847656,34.23958206176758,-23.25465583801269,60.592529296875,-4.713310718536377,0
match8_whistle_0181.mp4,0.007921639829874,-42.270015716552734,61,3852.226706112133,2000.535558493949,-65.69891357421875,117.33068084716795,-39.23443222045898,6.226154804229736,-21.322832107543945,1
match8_whistle_0182.mp4,0.0093893520534038,-36.51709365844727,79,4098.7255859375,1974.0450830760828,-144.68934631347656,112.8514404296875,-23.93087387084961,40.316673278808594,-28.17702865600586,1
match8_whistle_0183.mp4,0.0075770821422338,-38.20524978637695,79,4070.5094770951705,1934.407677518364,-127.97885131835938,103.6443328857422,-41.57048034667969,31.15694999694824,-17.078367233276367,1
match8_whistle_0185.mp4,0.0068879681639373,-40.05836486816406,74,4468.890806686047,1987.7492738093492,-163.57940673828125,84.66372680664062,-17.34268569946289,54.693843841552734,-19.10078239440918,1
match8_whistle_0186.mp4,0.009831097908318,-38.01776123046875,69,4281.470056482263,2124.1836697975195,-72.13449096679688,99.13471221923828,-36.50139999389648,12.13366413116455,-12.18251132965088,1
match8_whistle_0187.mp4,0.0031544782686978,-40.74615859985352,67,3975.64037426098,1971.218904709876,-171.5646209716797,96.43805694580078,-32.0157470703125,48.13792419433594,-8.383511543273926,1
match8_whistle_0188.mp4,0.0227404702454805,-35.31356430053711,46,5095.495058885262,2273.7934343341253,-93.17919921875,82.58466339111328,-26.81405258178711,31.67022132873535,-10.665522575378418,0
match8_whistle_0189.mp4,0.042926725000143,-35.748931884765625,62,6379.274758731618,2459.327297400204,-84.66567993164062,38.54848098754883,-16.327335357666016,50.12925720214844,-4.222413539886475,0
match8_whistle_0190.mp4,0.0280501972883939,-38.81642532348633,33,4485.303795855978,2040.5129327448367,-103.9334945678711,87.35882568359375,-42.625247955322266,39.15983963012695,-2.349104404449463,0
match8_whistle_0191.mp4,0.0143775986507534,-37.406517028808594,60,4728.84521484375,2137.842563055769,-107.8326644897461,84.83189392089844,-31.981971740722656,18.026782989501957,-20.189701080322266,1
match8_whistle_0192.mp4,0.0064527122303843,-44.9224967956543,55,4384.086747602983,2102.834735938085,-172.39193725585938,95.20242309570312,-17.140583038330078,48.7766227722168,-20.86393165588379,1
match8_whistle_0193.mp4,0.0173382405191659,-36.82481002807617,49,4603.927384561567,2173.333519530593,-98.7011260986328,88.72882080078125,-25.429555892944336,31.49522590637207,-13.954145431518556,1
match8_whistle_0194.mp4,0.0057697258889675,-32.34172821044922,76,4264.093091114458,1861.8572977258527,-125.5484619140625,98.00322723388672,-40.638309478759766,42.19847869873047,-23.65725517272949,1
match8_whistle_0195.mp4,0.0095178792253136,-41.13721466064453,65,4276.7333984375,2060.213775288008,-66.35166931152344,94.12457275390624,-46.87874603271485,-4.594682693481445,-24.40635871887207,1
match8_whistle_0196.mp4,0.0244099907577037,-41.4267463684082,59,4663.829906566723,2165.604056634798,-78.77256774902344,91.57660675048828,-42.9027214050293,4.679203987121582,-15.841419219970703,1
match8_whistle_0197.mp4,0.0306861940771341,-33.85934066772461,75,5065.1040566934125,2255.68424276638,-65.96107482910156,82.1099853515625,-41.54988098144531,5.965620040893555,-15.093302726745604,1
match8_whistle_0198.mp4,0.0092363813892006,-36.18141174316406,70,4290.065725226152,2037.335667909468,-134.169189453125,102.1690902709961,-30.86039924621582,19.257099151611328,-27.21953010559082,1
match8_whistle_0199.mp4,0.0102620488032698,-38.70574951171875,77,4614.692095588235,2151.823814280699,-151.33853149414062,91.6384048461914,-19.98917388916016,42.92052459716797,-12.929048538208008,1
match8_whistle_0200.mp4,0.0240878108888864,-38.6079330444336,55,4999.455122514205,2301.39542525636,-71.12454223632812,81.78514099121094,-29.864839553833008,28.8026123046875,-19.455047607421875,0
match8_whistle_0201.mp4,0.0063481209799647,-41.69241714477539,72,3935.0390625,2005.1359159126907,-88.13969421386719,106.3831024169922,-40.70483016967773,9.55092430114746,-19.978384017944336,1
match8_whistle_0202.mp4,0.0038780563045293,-40.238990783691406,63,3770.3203125,1898.1656160648645,-163.13136291503906,112.55380249023438,-27.577545166015625,41.442867279052734,-10.72096824645996,1
match8_whistle_0203.mp4,0.032220859080553,-37.098907470703125,53,5576.07421875,2342.428245801153,-85.61589050292969,64.29257202148438,-21.688018798828125,49.14830780029297,-12.417882919311523,0
match8_whistle_0204.mp4,0.012099458836019,-38.23314666748047,69,4582.534790039063,2196.187144631052,-86.49951171875,92.1791763305664,-33.04326248168945,17.604454040527344,-18.044662475585938,1
match8_whistle_0205.mp4,0.0087463119998574,-40.60285568237305,79,4538.555697737069,2100.9765046813563,-182.7781219482422,84.29017639160156,-19.29120445251465,44.44677734375,-10.672582626342772,1
match8_whistle_0206.mp4,0.0108244717121124,-37.8543815612793,69,4407.365015933388,2047.8174550689337,-190.7017059326172,92.93186950683594,-21.69313621520996,49.76416397094727,-15.39157772064209,1
match8_whistle_0207.mp4,0.0113548189401626,-34.05172348022461,59,4313.3697509765625,2092.421921097461,-146.24734497070312,102.16191864013672,-30.13545799255371,24.28712272644043,-31.83644676208496,1
match8_whistle_0208.mp4,0.0030720133800059,-39.92315673828125,72,4187.809244791667,2007.526556905635,-208.8615264892578,85.1202621459961,-9.948723793029783,70.77796173095703,-8.58450698852539,1
match8_whistle_0209.mp4,0.0163266621530056,-40.08753204345703,51,5385.421475497159,2381.8903010178374,-123.40061950683594,76.36370086669922,-5.167021751403809,37.90970993041992,-26.98560333251953,0
match8_whistle_0210.mp4,0.0042793145403265,-41.42591094970703,64,4346.436164952532,1954.686157326298,-220.1188201904297,95.67296600341795,-7.941215515136719,53.029335021972656,-19.85072898864746,1
match8_whistle_0211.mp4,0.0198744069784879,-40.21466445922852,52,5423.60278980152,2422.616149459219,-92.06359100341795,72.60102081298828,-11.00697898864746,50.3780403137207,-14.92924690246582,0
match8_whistle_0212.mp4,0.0050738640129566,-40.11237716674805,64,4148.37158203125,1999.4576541102983,-110.6869125366211,107.7697525024414,-32.936920166015625,38.33089447021485,-9.746604919433594,1
match8_whistle_0213.mp4,0.0055029010400176,-38.54250717163086,78,4158.599853515625,2007.409100515233,-126.83193969726562,110.48856353759766,-24.90537452697754,27.89362144470215,-24.95058822631836,1
match8_whistle_0214.mp4,0.0245301630347967,-38.32039260864258,43,5745.224233774038,2440.641083240593,-103.93490600585938,50.559326171875,-9.35367202758789,57.70816421508789,-8.280308723449707,0
match8_whistle_0215.mp4,0.010971575975418,-38.60379409790039,61,4319.153161951013,2056.866850159341,-104.45111083984376,104.97373962402344,-36.02568054199219,30.394197463989254,-21.236343383789062,1
match8_whistle_0216.mp4,0.0071574132889509,-38.44721221923828,75,3784.9037798713234,1896.1597980165063,-115.84883880615234,115.00662994384766,-49.60693359375,21.625205993652344,-16.593931198120117,1
match8_whistle_0217.mp4,0.0025655815843492,-42.374488830566406,61,3576.595577116936,1753.0178377446405,-148.69613647460938,128.79608154296875,-33.92365646362305,31.92403030395508,-21.32937240600586,1
match8_whistle_0218.mp4,0.0053994585759937,-41.773738861083984,69,3513.969089673913,1834.387383657024,-134.1290283203125,129.0139923095703,-43.54182052612305,23.22256851196289,-11.85952854156494,1
match8_whistle_0219.mp4,0.0043095955625176,-39.387916564941406,78,3825.183536305147,1895.3434485835187,-155.10086059570312,118.19290161132812,-24.154165267944336,40.78913879394531,-21.431713104248047,1
match8_whistle_0220.mp4,0.0059704817831516,-43.05784225463867,69,3965.9853515625,1993.8762586302057,-102.6566162109375,109.58853149414062,-33.665470123291016,32.8848762512207,-19.816186904907227,1
match8_whistle_0221.mp4,0.008263599127531,-35.956485748291016,65,4388.92822265625,2147.60915513627,-135.35372924804688,97.01410675048828,-25.644092559814453,42.76029586791992,-11.360466003417969,1
match8_whistle_0222.mp4,0.0058945827186107,-41.42814254760742,73,3986.002381207192,2043.1826835882264,-111.0787124633789,107.23898315429688,-29.694477081298828,11.12579345703125,-36.60236740112305,1
match8_whistle_0223.mp4,0.010967937298119,-37.57797622680664,67,4010.6787109375,1932.4272176032705,-124.0916748046875,100.65933227539062,-49.574974060058594,22.37921714782715,-14.49553394317627,1
match8_whistle_0224.mp4,0.0075357295572757,-40.70564270019531,68,4527.221374511719,2169.4805632346665,-183.2397918701172,87.33551788330078,-6.953713417053223,45.30156707763672,-17.598312377929688,1
match8_whistle_0225.mp4,0.0039677745662629,-39.72806930541992,67,3981.181640625,1866.8922792369929,-177.61546325683594,97.07816314697266,-11.880277633666992,53.03812789916992,-17.721073150634766,1
match8_whistle_0226.mp4,0.0058413594961166,-41.2188720703125,68,4265.902132601352,2053.6365607951366,-176.8748779296875,96.53068542480467,-18.30990028381348,50.393310546875,-16.408475875854492,1
match8_whistle_0227.mp4,0.0063249915838241,-40.46777725219727,59,4104.020966679217,2010.2673515115791,-141.3797607421875,107.62110900878906,-22.07603645324707,34.725196838378906,-19.403932571411133,1
match8_whistle_0228.mp4,0.0030734550673514,-41.16023254394531,72,3943.689406061747,1908.8578984109445,-168.6598663330078,115.34286499023438,-22.48821449279785,41.23800659179688,-23.1368408203125,1
match8_whistle_0229.mp4,0.0076666586101055,-37.98360824584961,73,4700.884331597223,2074.802503974614,-106.69857788085938,88.81926727294922,-34.249881744384766,25.603166580200195,-28.03897476196289,1
match8_whistle_0230.mp4,0.0087632061913609,-35.89738464355469,79,4325.340511924343,2097.484225582151,-102.61512756347656,100.5043487548828,-29.29359436035156,28.05804443359375,-30.14971923828125,1
match8_whistle_0231.mp4,0.0421903319656848,-35.23150634765625,32,6225.673621808979,2497.3709859933238,-86.5671615600586,47.42613220214844,-8.713980674743652,51.4481086730957,-14.532950401306152,0
match8_whistle_0232.mp4,0.0388460494577884,-37.12648010253906,46,6265.4144287109375,2566.8044964383703,-101.14073181152344,43.86909484863281,-0.6221781373023987,54.25318908691406,-6.842342853546143,0
match8_whistle_0233.mp4,0.0050596110522747,-39.29333114624024,69,4000.3591437088817,2033.839568517383,-206.2792510986328,98.7873764038086,-13.879199028015137,43.46767044067383,-12.273937225341797,1
match8_whistle_0234.mp4,0.0046670134179294,-38.7755012512207,72,3767.3443134014415,1834.0639852684517,-146.68592834472656,114.4810562133789,-32.2271614074707,46.744361877441406,-13.572919845581056,1
match8_whistle_0235.mp4,0.0069204089231789,-39.22623443603516,58,4165.389240321829,1996.293118023368,-154.8277130126953,101.8969268798828,-34.128990173339844,30.926729202270508,-21.23783302307129,1
match8_whistle_0236.mp4,0.0033033278305083,-41.96479034423828,73,3999.4517652294303,1975.1876067936053,-158.80726623535156,104.98780059814452,-20.61180686950684,35.57802963256836,-22.625822067260746,1
match8_whistle_0237.mp4,0.0206499751657247,-39.69773864746094,59,4891.360134548611,2191.7952132618616,-96.93075561523438,89.26853942871094,-35.19458770751953,24.187986373901367,-18.241287231445312,1
match8_whistle_0238.mp4,0.0086995903402566,-35.8613166809082,87,4074.693467881944,1858.756562839624,-133.72042846679688,103.5640106201172,-37.29351425170898,38.54970932006836,-23.65703582763672,1
match8_whistle_0239.mp4,0.0075985472649335,-39.0438346862793,70,4244.034830729167,1869.0419317153585,-198.57644653320312,84.13653564453125,-18.11774063110352,64.28205108642578,-12.272488594055176,1
match8_whistle_0240.mp4,0.007001300342381,-36.2611198425293,74,4242.041015625,1924.4101647787088,-163.5220184326172,91.69066619873048,-27.676284790039062,51.61226272583008,-12.512439727783203,1
match8_whistle_0241.mp4,0.0088482052087783,-37.563114166259766,56,4211.613663383152,1969.0421691474023,-138.66685485839844,101.553466796875,-37.70281219482422,39.070068359375,-15.583413124084473,1
match8_whistle_0242.mp4,0.0026256137061864,-37.24853897094727,60,4064.0513746044303,1986.683141377804,-191.98985290527344,105.87541961669922,-17.470233917236328,51.82676696777344,-16.462839126586914,1
match8_whistle_0243.mp4,0.0027547981590032,-42.936256408691406,93,4072.055376838235,1954.68907256572,-157.44642639160156,91.83837890625,-11.18800163269043,48.78306579589844,-23.18752670288086,1
match8_whistle_0244.mp4,0.0181814730167388,-37.83877944946289,67,4727.006199048913,2238.943788766361,-71.15424346923828,89.14024353027344,-31.25853157043457,11.21285629272461,-17.35455322265625,1
match8_whistle_0245.mp4,0.0040983236394822,-40.0802001953125,64,3848.790893554688,1859.6384976341049,-168.07992553710938,108.7354507446289,-27.36747169494629,43.45577239990234,-11.554950714111328,1
match8_whistle_0246.mp4,0.0171398427337408,-40.1307258605957,65,4629.922003495066,2147.1142791104417,-93.04655456542967,80.08567810058594,-34.11502456665039,31.410606384277344,-14.884380340576172,1
match8_whistle_0247.mp4,0.0062760757282376,-39.712738037109375,83,4261.195550962936,1962.6506204707528,-198.6881103515625,87.76993560791016,-0.9169384241104126,55.36817932128906,-15.025157928466797,1
match8_whistle_0248.mp4,0.0424570739269256,-38.877689361572266,38,5729.890352136948,2389.7462411752813,-75.59125518798828,57.75609970092773,-13.224160194396973,42.98292922973633,-24.554792404174805,0
match8_whistle_0249.mp4,0.0154490517452359,-37.61875534057617,61,4719.826438210227,2055.931086056616,-120.51669311523438,75.91311645507812,-21.709190368652344,38.03645706176758,-20.083070755004883,1
match8_whistle_0250.mp4,0.0027820968534797,-39.22745132446289,61,3934.1162109375,1892.364821498274,-164.6278076171875,122.50984954833984,-20.05960273742676,38.973731994628906,-30.054052352905277,1
match8_whistle_0251.mp4,0.0136474538594484,-35.79497528076172,56,4474.334131528253,2046.901552189728,-87.70375061035156,84.98774719238281,-34.0045166015625,32.75978088378906,-12.108258247375488,1
match8_whistle_0252.mp4,0.014114880003035,-35.96269226074219,73,4384.0773362379805,2087.282768737417,-81.21604919433594,105.53862762451172,-30.1225643157959,9.899493217468262,-28.41916847229004,1
match8_whistle_0253.mp4,0.0151563929393887,-38.29681015014648,62,4312.02392578125,2071.122831627298,-104.3348617553711,92.9349136352539,-42.0399169921875,24.493810653686523,-10.364500045776367,1
match8_whistle_0254.mp4,0.0107548143714666,-36.994571685791016,73,4181.571061643836,1946.4240307712173,-171.1985321044922,105.73367309570312,-49.9941520690918,34.01237106323242,-10.29330348968506,1
match8_whistle_0255.mp4,0.0307768862694501,-34.60487747192383,57,5603.591115851152,2305.707557445638,-101.25846862792967,69.17887115478516,-12.00254726409912,31.79162979125977,-30.985483169555664,0
match8_whistle_0256.mp4,0.006001429632306,-37.51506423950195,64,3754.62158203125,1958.2773364990865,-82.94154357910156,112.62621307373048,-37.2801513671875,6.368762969970703,-32.74959945678711,1
match8_whistle_0257.mp4,0.0028896534349769,-37.26595306396485,61,4109.349926097973,1958.617613522889,-209.5461883544922,102.38353729248048,-25.78525733947754,48.20119094848633,-16.866212844848633,1
match8_whistle_0258.mp4,0.0081870472058653,-34.97857666015625,71,4154.7119140625,2029.1499251039068,-113.4481430053711,101.81124877929688,-41.85649108886719,18.793310165405277,-21.59927749633789,1
match8_whistle_0259.mp4,0.0142108714208006,-39.34911346435547,72,4691.93115234375,2105.3400952047323,-153.3712158203125,84.82079315185547,-10.306404113769531,50.880889892578125,-23.320600509643555,1
match8_whistle_0260.mp4,0.0097144078463315,-37.07941818237305,63,4109.85107421875,1958.3925433368595,-81.47840118408203,108.203857421875,-53.84170150756836,8.282618522644043,-19.020662307739254,1
match8_whistle_0261.mp4,0.0035727589856833,-38.48226547241211,69,3837.3513793945312,1956.1130093690876,-180.00271606445312,113.8349838256836,-12.971969604492188,40.46826934814453,-12.539631843566896,1
match8_whistle_0262.mp4,0.0059391246177256,-37.83903503417969,54,3961.948679454291,1952.497308229524,-103.33712005615234,109.66195678710938,-30.395553588867188,27.56788825988769,-27.57365608215332,1
match8_whistle_0263.mp4,0.0035535946954041,-38.82213973999024,73,3840.4866536458335,1928.1657894311527,-179.24258422851562,113.1425552368164,-10.813334465026855,42.27399826049805,-19.897844314575195,1
match8_whistle_0264.mp4,0.036747395992279,-36.51245880126953,52,6214.8329623909885,2418.4033608980267,-109.29853057861328,34.45061111450195,-3.086066961288452,58.066104888916016,-15.676553726196287,0
match8_whistle_0265.mp4,0.0354594364762306,-34.215301513671875,61,5264.3860774253735,2308.411517360093,-48.74550628662109,74.32560729980469,-28.606542587280277,31.53741455078125,-9.021695137023926,0
match8_whistle_0266.mp4,0.0191305093467235,-36.036808013916016,81,4318.540553042763,2052.198879348445,-58.38636016845703,97.53854370117188,-48.14958572387695,13.375919342041016,-7.914839267730713,1
match8_whistle_0267.mp4,0.0119441375136375,-38.05995941162109,75,5178.336588541667,2265.5023049797605,-200.183349609375,57.867279052734375,0.9263561964035034,65.3431167602539,-8.984118461608887,1
match8_whistle_0268.mp4,0.0084426356479525,-41.22956466674805,70,3996.683813820423,2043.863064600004,-73.00492858886719,98.67103576660156,-47.16830825805664,4.696307182312012,-10.077898025512695,1
match8_whistle_0269.mp4,0.0117989303544163,-38.01144027709961,71,4255.430250901442,1993.8962023631575,-105.3011474609375,103.350341796875,-40.30817794799805,21.5621280670166,-16.75602149963379,1
match8_whistle_0270.mp4,0.0158863626420497,-34.55182266235352,40,5913.435386543843,2456.2474439025755,-168.51608276367188,52.53001022338867,-1.5019723176956177,57.53779983520508,-15.759623527526855,0
match8_whistle_0271.mp4,0.0087321558967232,-37.493385314941406,72,4138.620983714789,2081.65905131761,-85.51653289794922,105.21073150634766,-32.05852127075195,10.710291862487791,-22.680482864379883,1
match8_whistle_0272.mp4,0.0109110511839389,-41.83113479614258,53,4991.848415798611,2148.849006616362,-232.27618408203125,50.22004699707031,4.724544048309326,74.37834930419922,-5.303083419799805,1
match8_whistle_0273.mp4,0.031173413619399,-35.07355117797852,63,5719.37255859375,2443.553341635481,-62.6640739440918,59.827911376953125,-17.134567260742188,43.61619186401367,-10.76585865020752,0
match8_whistle_0274.mp4,0.0189900081604719,-35.61635971069336,72,4542.487397065034,2129.151229901948,-77.98007202148438,88.2120590209961,-43.00890350341797,24.13853454589844,-5.577427387237549,1
match8_whistle_0275.mp4,0.0066515458747744,-38.91176986694336,65,4417.8955078125,2046.959230144952,-232.15335083007807,82.69957733154297,-3.3244996070861816,44.87561798095703,-24.93342399597168,1
match8_whistle_0276.mp4,0.0083308117464184,-38.90634536743164,56,3858.782139109142,1893.378299797975,-84.70602416992188,108.8213348388672,-54.06404876708984,10.031962394714355,-26.634281158447266,1
match8_whistle_0277.mp4,0.0091448565945029,-37.71404266357422,64,4272.6959228515625,2006.7732522395995,-205.02354431152344,91.18292236328124,-21.888465881347656,45.17568588256836,-7.667981624603271,1
match8_whistle_0278.mp4,0.0092045534402132,-38.840087890625,63,4051.16455078125,2021.7985047974944,-104.76781463623048,104.95391845703124,-45.40737915039063,10.780981063842772,-14.023096084594728,1
match8_whistle_0279.mp4,0.0066656991839408,-40.36359786987305,66,3964.179875300481,1904.955191205752,-128.0382537841797,106.95069885253906,-43.83148193359375,30.772300720214844,-12.450387954711914,1
match8_whistle_0280.mp4,0.0159311313182115,-43.21089172363281,62,4944.113159179688,2290.3859252259654,-94.09473419189452,93.1326904296875,-15.966182708740234,20.28451156616211,-25.024171829223636,0
match8_whistle_0281.mp4,0.007721846923232,-42.063743591308594,63,3823.401988636364,1880.858651008212,-144.61764526367188,114.40675354003906,-39.81602096557617,28.08738899230957,-13.367767333984377,1
match8_whistle_0282.mp4,0.0072798449546098,-39.53696441650391,75,3917.805428340517,1872.4125161876675,-100.3027572631836,118.74268341064452,-53.245059967041016,22.447866439819336,-23.62504768371582,1
match8_whistle_0283.mp4,0.0032269707880914,-40.5342903137207,67,4027.012268926057,1946.536526281169,-182.60910034179688,115.43231201171876,-18.44196891784668,42.79846954345703,-19.39596366882324,1
match8_whistle_0284.mp4,0.0164700858294963,-36.60873794555664,63,4135.056430478639,1971.7222747743124,-131.0071563720703,95.83578491210938,-52.81365585327149,27.55691337585449,-7.001012802124023,1
match8_whistle_0285.mp4,0.0172841120511293,-35.58894348144531,75,4474.599609375,2108.730885159596,-81.15233612060547,97.53168487548828,-37.9864387512207,22.265626907348636,-10.503775596618652,1
match8_whistle_0286.mp4,0.0042959628626704,-38.81577682495117,62,3965.412764115767,1922.044450255372,-175.92356872558594,108.9294891357422,-26.509416580200195,41.83668518066406,-10.99354648590088,1
match8_whistle_0287.mp4,0.0019009590614587,-37.95785903930664,66,4080.671710278615,1958.924012381225,-205.4127655029297,99.03335571289062,-3.897336721420288,57.163455963134766,-11.91369915008545,1
match8_whistle_0288.mp4,0.0144791156053543,-38.19493103027344,62,4257.891845703125,2030.0591807994624,-93.77117156982422,101.39554595947266,-36.34124755859375,15.46604061126709,-26.714475631713867,1
match8_whistle_0289.mp4,0.0020331351552158,-38.67745208740234,60,4027.5267009493673,1946.38649153681,-217.59703063964844,103.2260971069336,-7.905600070953369,54.98316192626953,-19.71511459350586,1
match8_whistle_0290.mp4,0.0025662009138613,-39.7820930480957,67,3593.120659722222,1790.9886785666254,-177.5060577392578,124.2127456665039,-27.49939346313477,33.61745834350586,-18.70290756225586,1
match8_whistle_0291.mp4,0.0046905325725674,-36.82204055786133,75,3934.942485010901,1941.2278627776168,-131.56248474121094,114.84182739257812,-31.27100372314453,15.41736125946045,-37.33517837524414,1
match8_whistle_0292.mp4,0.006611889693886,-39.34505844116211,79,4017.5987830528848,1928.2249319673592,-122.01023864746094,110.88502502441406,-36.20078659057617,44.83119201660156,-10.223225593566896,1
match8_whistle_0293.mp4,0.0037663558032363,-44.08222961425781,58,3884.148802240211,1917.5575398640249,-205.35997009277344,107.8810043334961,-9.169065475463867,53.37490081787109,-22.5614070892334,1
match8_whistle_0294.mp4,0.0054238839074969,-40.08797073364258,68,4559.65576171875,2172.5997371027174,-207.5325927734375,96.01719665527344,-2.07666563987732,57.26353073120117,-19.27401351928711,1
match8_whistle_0295.mp4,0.0043877745047211,-41.0075569152832,64,3773.963012695313,1871.791168114556,-179.3992156982422,107.4848175048828,-36.28949737548828,46.71394729614258,-1.9676491022109983,1
match8_whistle_0296.mp4,0.0114331077784299,-39.17108154296875,74,4216.329728311567,2001.0388159952065,-61.67159652709961,103.11904907226562,-53.02329635620117,-3.712494611740112,-30.675128936767575,1
match8_whistle_0297.mp4,0.0034472346305847,-38.71871566772461,67,4423.054504394531,2050.8049229185463,-239.8554229736328,76.3739242553711,6.831751823425293,67.2924575805664,-13.232000350952148,1
match8_whistle_0298.mp4,0.0061043314635753,-35.98965835571289,61,4432.856327654367,2048.9662277403427,-166.70350646972656,103.99851989746094,-33.52717971801758,45.52861785888672,-22.27507972717285,1
match8_whistle_0299.mp4,0.0086503894999623,-40.10662841796875,67,3840.985107421875,1929.6238385933584,-80.15348815917969,108.87877655029295,-49.658729553222656,8.509418487548828,-12.108586311340332,1
match8_whistle_0300.mp4,0.018694169819355,-37.52204895019531,69,4822.518399866616,2117.626154375627,-147.5303497314453,70.11001586914062,-10.14240264892578,47.405250549316406,-17.54928970336914,1
match8_whistle_0301.mp4,0.0354296267032623,-36.508548736572266,65,5930.218505859375,2426.0063802276472,-117.71542358398438,57.480247497558594,-13.267450332641602,49.0386848449707,-22.179574966430664,0
match8_whistle_0302.mp4,0.0176151115447282,-35.75810241699219,68,3945.251143606085,1956.787923401878,-61.46049880981445,102.13644409179688,-55.87846755981445,8.956904411315918,-8.844720840454102,1
match8_whistle_0303.mp4,0.0020620545838028,-40.88937377929688,79,3878.6025628810976,1758.563994437496,-219.24473571777344,103.47494506835938,-18.871665954589844,52.42155838012695,-19.272125244140625,1
match8_whistle_0304.mp4,0.032538067549467,-40.55524444580078,43,6403.235409864738,2569.2643813558084,-108.94468688964844,42.253414154052734,5.919510364532471,47.78010559082031,-16.605125427246094,0
match8_whistle_0305.mp4,0.0140848122537136,-41.56893539428711,57,4443.68408203125,2142.808484532625,-83.82782745361328,88.92510986328125,-33.53642654418945,14.963460922241213,-19.637645721435547,1
match8_whistle_0306.mp4,0.0052835205569863,-36.68388366699219,74,4248.288302951389,2000.8501034926103,-204.85243225097656,106.50469970703124,-18.352684020996094,50.90679931640625,-11.174334526062012,1
match8_whistle_0307.mp4,0.0232767537236213,-33.99945068359375,73,4936.170151654412,2204.7776415016715,-84.87224578857422,87.61454772949219,-22.829566955566406,41.26885986328125,-19.168954849243164,1
match8_whistle_0308.mp4,0.0133309634402394,-38.312625885009766,56,4514.885779272152,2154.313306185368,-151.78765869140625,95.43418884277344,-6.778434753417969,38.49041366577149,-20.62271881103516,1
match8_whistle_0309.mp4,0.0085851680487394,-38.25994873046875,62,4213.857852711397,1953.5071163272287,-103.70164489746094,95.93424987792967,-45.24234390258789,17.12259292602539,-23.802366256713867,1
match8_whistle_0310.mp4,0.0034001565072685,-39.54059600830078,66,4018.8134765625,1982.0397961621168,-217.4657287597656,100.20394897460938,-9.19568920135498,53.248313903808594,-13.22974681854248,1
match8_whistle_0311.mp4,0.0105809979140758,-38.13761138916016,61,3742.977366727941,1933.1811876676556,-74.77784729003906,108.1495361328125,-49.49806213378906,4.914371013641357,-16.738754272460938,1
match8_whistle_0312.mp4,0.0184864196926355,-34.37335968017578,64,4853.358636900436,2192.70678587201,-90.6443099975586,85.87787628173828,-15.393572807312012,34.629032135009766,-27.289138793945312,1
match8_whistle_0313.mp4,0.013440728187561,-38.377811431884766,59,4552.452753631162,2052.4669993735,-79.873779296875,88.61189270019531,-41.368202209472656,26.876632690429688,-18.13018798828125,1
match8_whistle_0314.mp4,0.0077328654006123,-37.15939712524414,81,4580.47551534262,2098.718882649005,-150.53622436523438,101.68717193603516,-18.389692306518555,42.32483673095703,-21.727767944335938,1
match8_whistle_0315.mp4,0.0083473566919565,-40.94918441772461,61,4209.888698630137,2017.4669192030933,-136.1265869140625,103.64547729492188,-37.84347915649414,37.45704650878906,-11.918933868408203,1
match8_whistle_0316.mp4,0.0034903013147413,-38.98926544189453,78,3770.9331805889424,1932.8793244376004,-180.6595001220703,119.09600067138672,-21.61284637451172,31.511816024780277,-19.20292854309082,1
match8_whistle_0317.mp4,0.0094950953498482,-39.52399063110352,57,4673.008362676056,2217.3961080737868,-95.39009857177734,96.37749481201172,-18.17127990722656,14.7324800491333,-35.10546875,1
match8_whistle_0318.mp4,0.0115773119032382,-40.188175201416016,67,4436.248702037184,2161.7531276168847,-150.828857421875,96.72277069091795,-22.03529930114746,18.340625762939453,-22.25434112548828,1
match8_whistle_0319.mp4,0.0081999199464917,-42.16792297363281,64,4049.192181755515,2019.7210382937003,-102.96003723144533,105.05829620361328,-30.336196899414062,1.0173921585083008,-48.64340591430664,1
match8_whistle_0320.mp4,0.0090759638696908,-34.6269645690918,36,4101.585804332386,2021.144065369563,-101.54660034179688,102.52368927001952,-43.74528503417969,13.671724319458008,-18.307287216186523,1
match9_whistle_0001.mp4,0.0029317177832126,-47.31819534301758,80,4618.253300107759,2430.944483353138,-149.31573486328125,97.28565979003906,10.719395637512209,53.137454986572266,11.461034774780272,1
match9_whistle_0002.mp4,0.0071980860084295,-49.63458251953125,66,3972.54638671875,1978.5041105745352,-152.34817504882812,94.88053131103516,-22.41372299194336,21.26006126403809,-14.364994049072266,1
match9_whistle_0003.mp4,0.0421303026378154,-38.00663375854492,57,6153.173279494382,2360.801975739395,-131.22247314453125,62.500125885009766,-34.935359954833984,20.946149826049805,-13.708398818969728,1
match9_whistle_0004.mp4,0.0124455383047461,-40.975982666015625,67,4638.298764436141,2134.840145466316,-138.1898651123047,90.4272918701172,-17.485097885131836,37.080604553222656,-8.776863098144531,1
match9_whistle_0005.mp4,0.0033866700250655,-52.98688125610352,92,3444.1012573242188,1919.9084966571888,-160.4767608642578,125.58799743652344,-23.659343719482425,21.62627410888672,-18.444128036499023,1
match9_whistle_0006.mp4,0.0104598123580217,-43.0994987487793,71,4134.634436182229,2037.8190420561648,-127.57152557373048,112.36357879638672,-27.740732192993164,28.101198196411133,-16.650012969970703,1
match9_whistle_0007.mp4,0.0040575950406491,-51.29533767700195,72,3102.0396839488635,1796.474690113542,-84.55743408203125,126.6868667602539,-50.58789825439453,0.7581292390823364,-14.393736839294434,1
match9_whistle_0008.mp4,0.0053429738618433,-50.61098098754883,48,3610.1578995988175,1960.036586795156,-106.05030059814452,124.57427215576172,-34.48228073120117,11.164423942565918,-14.088197708129885,1
match9_whistle_0009.mp4,0.015384909696877,-40.11825942993164,68,4913.205788352273,2328.796425370711,-183.3535919189453,84.10154724121094,3.668930530548096,39.84626770019531,-20.634864807128903,1
match9_whistle_0010.mp4,0.0158912129700183,-42.09693145751953,83,4258.66943359375,2067.1162328985,-124.83526611328124,102.58140563964844,-39.57018280029297,21.34514617919922,-11.540569305419922,1
match9_whistle_0011.mp4,0.0123030981048941,-46.59956741333008,74,4024.3810705236488,2070.0185728874835,-103.16940307617188,118.5127410888672,-30.76806640625,7.208261489868164,-12.347811698913574,0
match9_whistle_0012.mp4,0.0052773016504943,-46.8258171081543,65,4383.653492647059,2304.9589230433826,-205.9432373046875,100.7689437866211,5.451879024505615,47.08514404296875,-5.363251686096191,1
match9_whistle_0013.mp4,0.0145741654559969,-44.49689865112305,75,4636.643448795181,2167.103427630923,-77.0341796875,103.28324127197266,-37.658321380615234,13.900193214416504,-15.843730926513672,1
match9_whistle_0014.mp4,0.0044792769476771,-45.40289688110352,89,3619.504780016448,1998.147104994723,-127.8426742553711,115.0838623046875,-16.690736770629883,31.81007194519043,-8.863505363464355,1
match9_whistle_0015.mp4,0.002754294546321,-50.88741302490234,63,3505.8038008840463,1861.5054185292056,-101.19001770019533,122.97428894042967,-41.175594329833984,8.434989929199219,-17.803430557250977,1
match9_whistle_0016.mp4,0.0031195455230772,-51.11038589477539,45,3660.802863625919,2032.6709413647084,-120.75491333007812,121.91165161132812,-19.262081146240234,4.497585296630859,-25.43343734741211,1
match9_whistle_0017.mp4,0.0100529603660106,-49.29605102539063,61,4021.1876502403848,2038.072963240242,-126.68385314941406,107.7568588256836,-42.38937377929688,1.9772686958312988,-15.731704711914062,1
match9_whistle_0018.mp4,0.0045066215097904,-44.16664123535156,79,3798.835637019231,1941.8052096452352,-179.994140625,112.08477783203124,-26.17806625366211,32.14457321166992,-26.929542541503903,1
match9_whistle_0019.mp4,0.007271540351212,-47.07983016967773,42,3423.937629250919,1836.5369559241808,-111.73596954345705,126.0905303955078,-51.443477630615234,19.67130279541016,-1.8412245512008667,1
match9_whistle_0020.mp4,0.0056187259033322,-47.95932769775391,80,3820.174054401677,2011.1559935596536,-181.35585021972656,116.68624877929688,-25.943796157836918,32.29376220703125,-16.180583953857422,1
match9_whistle_0021.mp4,0.0094895614311099,-42.424766540527344,76,4292.408910290948,2159.663405881697,-165.42807006835938,101.70743560791016,-21.546167373657227,34.7696533203125,-6.638459205627441,1
match9_whistle_0022.mp4,0.0436026155948638,-43.7889404296875,49,5836.878380408654,2403.8347904260354,-122.00222778320312,70.35084533691406,-7.963709831237793,26.121124267578125,-18.340478897094727,0
match9_whistle_0023.mp4,0.0027439212426543,-50.679386138916016,51,3151.473999023437,1804.4648490818945,-109.86376953125,130.34814453125,-32.43693542480469,8.576213836669922,-24.297313690185547,1
match9_whistle_0024.mp4,0.0067148697562515,-48.56753540039063,48,3480.385520241477,1889.4178758185285,-101.54906463623048,127.99773406982422,-32.77846145629883,12.689470291137695,-17.542814254760742,1
match9_whistle_0025.mp4,0.012635632418096,-40.75801467895508,85,3704.689719460228,1910.272265098771,-99.00261688232422,112.033935546875,-51.50786972045898,16.95622444152832,-2.9250359535217285,1
match9_whistle_0026.mp4,0.0073892986401915,-52.90488052368164,56,3302.39692583476,1766.282019343977,-104.87335205078124,130.10511779785156,-47.03086471557617,24.13257598876953,-0.1873517781496048,1
match9_whistle_0027.mp4,0.0059521980583667,-47.14669418334961,72,3731.84765625,1926.0246990555893,-180.10125732421875,124.49846649169922,-26.891660690307617,34.81167221069336,-12.985467910766602,1
match9_whistle_0028.mp4,0.0084271598607301,-48.93306350708008,72,3447.1285532756024,1849.0783580453008,-82.46041107177734,125.95008850097656,-49.33003616333008,17.352760314941406,-9.382234573364258,1
match9_whistle_0030.mp4,0.0040461621247231,-44.117183685302734,76,3614.501953125,1943.219570812404,-168.75833129882812,121.22505950927734,-18.722206115722656,34.255001068115234,-19.93779563903809,1
match9_whistle_0031.mp4,0.0018736044876277,-52.21928405761719,69,2536.45751953125,1585.6563638081566,-116.11174011230467,153.1270294189453,-31.19088363647461,14.064393997192385,-17.9040470123291,1
match9_whistle_0032.mp4,0.0090553294867277,-43.48110580444336,71,4353.80859375,2103.9553495793725,-171.57127380371094,98.10628509521484,-29.941280364990234,31.82693290710449,-9.593269348144531,1
match9_whistle_0033.mp4,0.0047523896209895,-47.38829040527344,63,3976.778869628906,1994.4587685542213,-254.9471435546875,92.62052917480467,-1.006171464920044,48.04581832885742,-15.716586112976074,1
match9_whistle_0034.mp4,0.0131499022245407,-44.25201797485352,77,4060.6295677923385,1979.2554872280152,-100.48247528076172,104.1562728881836,-47.38250732421875,13.965659141540527,-14.926298141479492,1
match9_whistle_0035.mp4,0.0049937390722334,-49.89974212646485,62,3378.12890625,1882.14288713045,-85.02603912353516,125.39114379882812,-37.69927597045898,10.5359468460083,-16.5738582611084,1
match9_whistle_0036.mp4,0.025197260081768,-40.316017150878906,85,4508.982517408288,2083.627807942209,-136.8284149169922,92.8460922241211,-35.233642578125,26.976896286010746,-6.151524543762207,1
match9_whistle_0037.mp4,0.0046443259343504,-48.27740097045898,70,3335.7802734375,1817.6262978355137,-108.48007202148438,126.0189971923828,-43.74789810180664,16.633237838745117,-15.721948623657228,1
match9_whistle_0038.mp4,0.0094438074156641,-44.776004791259766,66,4075.50977623981,2076.1145702173976,-136.37841796875,110.0006332397461,-21.972797393798828,28.62000846862793,-8.722284317016602,1
match9_whistle_0039.mp4,0.005388795863837,-45.139190673828125,67,3573.7239186356705,1897.669967119676,-146.2354278564453,132.9916229248047,-29.7625789642334,22.49768447875977,-10.476569175720217,1
match9_whistle_0040.mp4,0.0028948776889592,-57.16341400146485,68,3612.984375,1837.4014859956608,-204.4051055908203,131.55880737304688,-20.401344299316406,19.970457077026367,-23.24331283569336,1
match9_whistle_0041.mp4,0.011126572266221,-54.49595642089844,63,3344.637784090909,1829.7203991817923,-127.363525390625,128.27276611328125,-29.46044540405273,17.702985763549805,-19.508699417114254,1
match9_whistle_0042.mp4,0.0153296021744608,-43.25086212158203,65,4058.489916698042,2004.944280994137,-140.5984344482422,101.10236358642578,-40.62569808959961,18.57156562805176,-11.326580047607422,1
match9_whistle_0043.mp4,0.0047959317453205,-45.541595458984375,52,3366.401188548018,1825.183804971445,-163.287841796875,120.04367065429688,-38.57650375366211,28.682825088500977,-6.592792987823486,1
match9_whistle_0044.mp4,0.0022344719618558,-51.99848175048828,60,3085.14755458048,1526.2775543075918,-129.50596618652344,132.96810913085938,-69.41520690917969,36.78196716308594,12.190898895263672,1
match9_whistle_0045.mp4,0.0052878302522003,-46.26764678955078,73,3760.060813210228,1967.121837172962,-157.67359924316406,115.36630249023438,-27.692426681518555,43.4481201171875,-7.092381000518799,1
match9_whistle_0046.mp4,0.0074014067649841,-49.63334274291992,59,3623.033203125,1945.1048787597056,-124.28958129882812,117.04169464111328,-32.412254333496094,10.09787940979004,-13.10025691986084,1
match9_whistle_0047.mp4,0.0037520786281675,-50.8201789855957,49,3298.0129076086955,1774.1489243456206,-124.96920013427734,131.75845336914062,-43.5568733215332,10.653875350952148,-18.684206008911133,1
match9_whistle_0048.mp4,0.006327508483082,-45.12126922607422,68,3727.5320434570312,1884.771288068244,-224.090087890625,108.96041107177734,-7.704982757568359,39.067604064941406,-24.66361618041992,1
match9_whistle_0049.mp4,0.0049234060570597,-49.44736099243164,62,3456.487959849684,1829.3028360864807,-105.48045349121094,123.31761932373048,-39.84027099609375,11.849268913269045,-22.062488555908203,1
match9_whistle_0050.mp4,0.0064286366105079,-45.457481384277344,77,3992.904170866936,2087.21017101558,-129.0707244873047,112.18024444580078,-19.94477844238281,37.457157135009766,-5.421327114105225,1
match9_whistle_0051.mp4,0.0080424547195434,-48.42227935791016,44,3479.91943359375,1898.1774703782603,-103.5169906616211,120.35601043701172,-36.11685180664063,19.6561279296875,-8.590229034423828,1
match9_whistle_0052.mp4,0.0152902724221348,-42.44691848754883,74,4910.377807617188,2173.0793495867224,-224.44790649414065,77.11668395996094,-6.118903160095215,49.23931121826172,-11.350130081176758,1
match9_whistle_0053.mp4,0.0042180819436907,-46.89056396484375,67,3378.134971941021,1672.8742979688775,-161.88015747070312,128.59747314453125,-60.190574645996094,23.59070587158203,-10.178699493408203,1
match9_whistle_0054.mp4,0.0109350215643644,-37.9614486694336,54,4791.85546875,2159.3208697819737,-203.99786376953125,83.78445434570312,-8.687552452087402,56.06304168701172,-18.893718719482425,1
match9_whistle_0055.mp4,0.0085993772372603,-41.1909065246582,68,3752.16064453125,1937.136692703858,-106.8881607055664,113.396728515625,-39.288124084472656,15.111312866210938,-9.708996772766112,1
match9_whistle_0056.mp4,0.0168753638863563,-43.09105682373047,59,4199.411093222128,2110.893832744278,-151.52847290039062,109.23094940185548,-25.8691520690918,16.246944427490234,-11.829853057861328,1
match9_whistle_0057.mp4,0.0068401610478758,-46.07764434814453,75,4011.6357421875,1922.0350005727053,-228.23536682128903,95.61457061767578,-9.885692596435549,47.9057502746582,-13.622147560119627,1
match9_whistle_0058.mp4,0.0026476206257939,-49.10908126831055,65,3190.971042798913,1792.682382018,-133.09088134765625,130.68463134765625,-39.16135025024414,15.708477020263672,-23.78969955444336,1
match9_whistle_0059.mp4,0.0089954659342765,-45.84228515625,71,3806.442260742188,1960.2957922946216,-181.3159637451172,113.90280151367188,-31.75969123840332,36.49998092651367,-6.2978715896606445,1
match9_whistle_0060.mp4,0.0102727562189102,-45.830509185791016,81,4314.3310546875,2138.321170787345,-82.80013275146484,96.45661926269533,-33.08012771606445,25.017871856689453,-3.360291719436645,0
match9_whistle_0061.mp4,0.0256780721247196,-42.62076950073242,68,4508.0657958984375,2161.483028476476,-139.22959899902344,90.39768981933594,-40.83572006225586,24.28659439086914,4.585315227508545,1
match9_whistle_0062.mp4,0.0039424891583621,-48.079471588134766,72,3486.409405964177,1837.0761468825572,-149.64112854003906,133.97930908203125,-33.887115478515625,21.783796310424805,-18.711997985839844,1
match9_whistle_0063.mp4,0.01061378326267,-39.47633743286133,76,4077.617730034722,2035.084325103138,-150.7444610595703,106.5327606201172,-35.323272705078125,36.40175247192383,-10.215394020080566,1
match9_whistle_0065.mp4,0.0031114530283957,-50.84244155883789,83,3245.2663845486118,1871.9998067510253,-163.74993896484375,130.14697265625,-14.147746086120604,34.32243347167969,-8.214472770690918,1
match9_whistle_0066.mp4,0.0111581441015005,-41.746543884277344,71,4311.56991246235,2196.9659046619545,-142.64065551757812,102.992919921875,-21.974035263061523,39.0563850402832,2.912123680114746,1
match9_whistle_0067.mp4,0.0159887373447418,-47.30843734741211,46,4369.24072265625,2124.848845568996,-96.6459503173828,109.53550720214844,-30.271270751953125,14.846435546875,-14.730934143066406,1
match9_whistle_0068.mp4,0.0105723356828093,-42.52402877807617,77,3918.0296415441176,1931.2516690111845,-187.9252471923828,106.58318328857422,-25.847558975219727,42.07753372192383,-0.6250110268592834,1
match9_whistle_0069.mp4,0.0182225313037633,-39.46426010131836,69,4378.41796875,2110.571060595545,-148.48280334472656,97.55690002441406,-33.96087646484375,32.21990966796875,-3.755745887756348,1
match9_whistle_0070.mp4,0.0107114054262638,-45.47237396240234,67,4534.836647727273,2203.6797117863307,-173.0678253173828,106.46986389160156,-12.95366096496582,41.25601959228516,-10.827034950256348,1
match9_whistle_0071.mp4,0.0183056518435478,-42.30908584594727,85,4500.794396033654,2182.311412959497,-109.42823791503906,105.27981567382812,-29.60391998291016,21.996871948242188,-13.585898399353027,1
match9_whistle_0072.mp4,0.0059227622114121,-42.98471832275391,87,3559.311810661765,1876.2317809163271,-164.58670043945312,122.60245513916016,-26.407943725585938,36.902442932128906,-13.260220527648926,1
match9_whistle_0073.mp4,0.0084213828667998,-49.04410934448242,62,3932.399006131329,1992.17110525515,-104.15750885009766,116.97560119628906,-33.03500747680664,25.75701904296875,-4.0715508460998535,1
match9_whistle_0074.mp4,0.0095624029636383,-40.82372283935547,74,3788.399449790397,1979.6311298570945,-141.4348907470703,120.56492614746094,-33.9127311706543,18.4356746673584,-15.386852264404297,1
match9_whistle_0075.mp4,0.0065673924982547,-46.10900115966797,88,3545.1005144817077,1880.406396451918,-144.84725952148438,120.10994720458984,-36.80929565429688,24.87919235229492,-8.234878540039062,1
match9_whistle_0076.mp4,0.014888972043991,-46.564083099365234,63,3764.2730712890634,2009.5599490851796,-77.03269958496094,121.04861450195312,-30.93836212158203,9.610031127929688,-7.803914546966553,1
match9_whistle_0077.mp4,0.0223218109458684,-42.4244270324707,79,4687.5555630387935,2225.1638776005043,-183.3791046142578,95.56468963623048,-8.665489196777344,35.47966766357422,-16.43579864501953,1
match9_whistle_0078.mp4,0.0071296389214694,-41.91471862792969,84,3718.974980221519,1868.3422386254024,-121.22992706298828,130.27371215820312,-36.238399505615234,26.23627281188965,-11.843450546264648,1
match9_whistle_0079.mp4,0.0084511432796716,-43.65876388549805,78,3634.228799509448,1954.1338374231132,-148.1667938232422,118.14189910888672,-32.522953033447266,24.61713409423828,-6.600284099578857,1
match9_whistle_0080.mp4,0.0097489831969141,-46.46996307373047,69,3945.6187574169294,2005.2378355443643,-103.9882583618164,104.53055572509766,-37.4754638671875,22.596677780151367,-8.488700866699219,1
match9_whistle_0081.mp4,0.0045599131844937,-42.473411560058594,65,3369.17724609375,1862.776515116612,-143.5481719970703,135.1551513671875,-27.46487808227539,23.616455078125,-13.866802215576172,1
match9_whistle_0082.mp4,0.0294386968016624,-41.8458251953125,61,4706.691217996988,2218.907939442519,-67.54295349121094,94.7907257080078,-36.65517807006836,10.02590560913086,0.3940054178237915,1
match9_whistle_0083.mp4,0.0102048916742205,-43.4223747253418,76,4082.1983924278848,2095.990725075937,-144.91676330566406,112.5283432006836,-19.26285743713379,34.88306427001953,-9.801836013793944,1
match9_whistle_0084.mp4,0.0093448227271437,-44.94246673583984,81,3859.550593449519,2013.119404997751,-130.91555786132812,114.35347747802734,-31.88668441772461,25.89500617980957,-0.9739649891853333,1
match9_whistle_0085.mp4,0.0077890437096357,-46.74444580078125,70,3686.864372702206,2053.85385180916,-107.69476318359376,118.4912109375,-20.10155868530273,26.90080070495605,-4.622262954711914,1
match9_whistle_0086.mp4,0.0119176525622606,-42.53629302978516,59,4175.232872596154,2193.2973343230883,-146.7576446533203,107.60093688964844,-17.156770706176758,25.34280014038086,1.6686800718307495,1
match9_whistle_0087.mp4,0.0132938651368021,-46.28950500488281,65,3802.2552490234375,2001.3487540831195,-86.15768432617188,118.6435546875,-40.37486267089844,5.326719284057617,-9.569950103759766,1
match9_whistle_0088.mp4,0.0043673189356923,-42.37451934814453,60,3485.853407118056,1843.870961375773,-163.9016876220703,128.05482482910156,-34.41404342651367,23.22871398925781,-21.517105102539062,1
match9_whistle_0089.mp4,0.0153599679470062,-47.92321395874024,59,4071.2109375,2050.578132719625,-105.60921478271484,110.71533966064452,-35.91960144042969,21.39071655273437,2.399422645568848,1
match9_whistle_0090.mp4,0.0116719892248511,-46.5623779296875,66,3583.0186631944443,1894.914397496908,-66.5324478149414,126.6699676513672,-40.828216552734375,12.486814498901367,-14.543978691101074,1
match9_whistle_0091.mp4,0.0039553404785692,-44.13279342651367,67,3644.7856181376687,1978.711685223484,-189.4202880859375,123.62599182128906,-9.4297456741333,41.64461517333984,-18.03839111328125,1
match9_whistle_0092.mp4,0.0055686514824628,-42.58211135864258,74,3507.3486328125,1948.029078994972,-132.9769744873047,126.85333251953124,-21.30986785888672,27.75382423400879,-13.464921951293944,1
match9_whistle_0093.mp4,0.007036933209747,-45.91507339477539,56,3464.9794921875,1876.9610099992249,-102.33934020996094,129.69358825683594,-36.36146926879883,28.88821220397949,-5.276207447052002,1
match9_whistle_0095.mp4,0.0085732406005263,-45.48812103271485,87,3886.99951171875,2077.9158287869395,-122.47434997558594,117.64383697509766,-19.08112907409668,29.49071884155273,-1.6379966735839844,1
match9_whistle_0096.mp4,0.0042950506322085,-45.65875625610352,74,3734.71875,1905.4363262256977,-234.8267517089844,111.02526092529295,-21.900470733642575,47.79620361328125,-5.689411640167236,1
match9_whistle_0097.mp4,0.0151404663920402,-45.80517578125,38,3735.542629076087,1882.4482161473,-114.34751892089844,117.45417022705078,-42.81474304199219,26.26655387878418,-5.850365161895752,1
match9_whistle_0098.mp4,0.0071744439192116,-43.64363098144531,89,3873.65195534446,1992.466498952804,-170.50381469726562,116.0099639892578,-18.480131149291992,40.37649154663086,-8.995257377624512,1
match9_whistle_0099.mp4,0.0166931729763746,-44.99514389038086,75,4110.557972301136,1930.811166980577,-84.99108123779297,113.0259246826172,-44.94555282592773,34.24176025390625,-1.880321025848389,0
match9_whistle_0100.mp4,0.0093912975862622,-41.18057632446289,71,4568.0373566060125,2200.3678703188293,-164.1609649658203,99.05289459228516,-6.871241092681885,43.21689224243164,-11.371798515319824,1
match9_whistle_0101.mp4,0.005527826026082,-49.27456283569336,52,3597.186834161932,1831.8247432013563,-123.77974700927734,116.79588317871094,-52.59032440185547,21.151182174682617,-2.494163751602173,1
match9_whistle_0103.mp4,0.006274334155023,-40.84051513671875,54,4028.2081314280063,2003.123139661644,-120.5751495361328,118.2533721923828,-28.296123504638672,37.94044494628906,-14.325286865234377,1
match9_whistle_0104.mp4,0.0114480480551719,-44.98450469970703,65,3821.0249467329545,1860.376511532338,-74.15876770019531,116.74348449707033,-51.70960998535156,17.172687530517578,-6.487448692321777,1
match9_whistle_0105.mp4,0.0133631862699985,-41.7247314453125,77,4234.384765625,2087.169598344497,-153.7586212158203,102.43700408935548,-22.992387771606445,30.323802947998047,-15.289427757263184,1
match9_whistle_0106.mp4,0.0087270820513367,-40.28480911254883,62,4166.391473067434,2007.542895700671,-174.68560791015625,119.1562271118164,-27.645694732666016,31.487388610839844,-22.04220390319824,1
match9_whistle_0107.mp4,0.0074859354645013,-45.077598571777344,61,3619.096491887019,1898.4271219738828,-165.4846954345703,120.2973861694336,-31.651029586791992,17.26419448852539,-23.84720802307129,1
match9_whistle_0108.mp4,0.0061447448097169,-49.6910400390625,61,3387.983842329545,1901.65738558305,-89.50733947753906,121.31359100341795,-40.24608612060547,12.78475570678711,-1.5906535387039185,1
match9_whistle_0109.mp4,0.0073337140493094,-48.11544036865234,43,3491.4783824573865,1863.2226658008865,-106.11990356445312,118.92918395996094,-45.87047576904297,9.418363571166992,-16.27814483642578,1
match9_whistle_0110.mp4,0.003727450966835,-50.10079574584961,56,3684.8037347560976,1957.778886458923,-115.7874526977539,112.04318237304688,-34.030372619628906,13.372587203979492,-21.04067611694336,1
match9_whistle_0111.mp4,0.0148267420008778,-42.54148483276367,74,4257.88153286638,2127.3881368303432,-146.8742218017578,100.80227661132812,-21.452850341796875,39.740081787109375,-9.056594848632812,1
match9_whistle_0112.mp4,0.0263384152203798,-46.99682235717773,54,4767.577837775735,2210.4543191735693,-152.47677612304688,89.60582733154297,-4.070879936218262,35.242713928222656,-10.225593566894531,0
match9_whistle_0113.mp4,0.0165342409163713,-41.36116790771485,50,4039.658005173142,2006.3000789512569,-122.91107940673828,101.60517120361328,-47.96654891967773,10.349400520324709,-10.565994262695312,1
match9_whistle_0114.mp4,0.0084193963557481,-44.08009719848633,68,3815.478515625,2042.37370065278,-97.30106353759766,124.25139617919922,-23.105167388916016,15.68852710723877,-15.618009567260742,0
match9_whistle_0115.mp4,0.002181434771046,-47.429779052734375,82,3808.372320130814,1864.1541284092827,-225.8803558349609,120.21589660644533,-5.117743968963623,51.3159408569336,-13.381004333496094,1
match9_whistle_0116.mp4,0.0134547827765345,-46.736106872558594,73,4445.756450452303,2140.13446764828,-147.93125915527344,102.15467834472656,-20.347326278686523,33.972591400146484,-4.897565841674805,1
match9_whistle_0117.mp4,0.014573436230421,-44.96380233764648,63,4688.709485853041,2217.9567607679837,-108.16680908203124,100.10121154785156,-24.271329879760746,17.763669967651367,-9.30180549621582,0
match9_whistle_0118.mp4,0.0070607787929475,-43.41854476928711,82,3906.8565955528848,2160.877384847968,-143.82803344726562,112.26288604736328,-8.613130569458008,40.06161880493164,-7.458014488220215,1
match9_whistle_0119.mp4,0.0037766012828797,-49.60618591308594,89,3505.7990256320227,1954.1779020219728,-170.02784729003906,127.09032440185548,-7.0769548416137695,38.60433197021485,-11.63729190826416,1
match9_whistle_0120.mp4,0.006630846299231,-44.96308517456055,63,3851.69189453125,2066.5788548676105,-143.95521545410156,116.9604721069336,-24.517383575439453,26.35999298095703,-6.843341827392578,1
match9_whistle_0121.mp4,0.0216281432658433,-43.05971145629883,58,4803.59619140625,2237.7925886575654,-186.2167205810547,107.13107299804688,-11.102567672729492,20.904863357543945,-23.80802154541016,0
match9_whistle_0122.mp4,0.014240882359445,-44.1190071105957,52,4841.17792302912,2255.722746867744,-127.1933822631836,94.93771362304688,-21.013263702392575,32.83681869506836,-16.56482696533203,0
match9_whistle_0123.mp4,0.011158020235598,-41.7684211730957,62,4248.879262563345,2178.0716269235395,-139.4967803955078,103.83153533935548,-22.14870834350586,32.1621208190918,5.765386581420898,1
match9_whistle_0124.mp4,0.0042396769858896,-49.01676559448242,62,3504.2378193623317,1916.4446936015663,-106.2343292236328,114.11373138427734,-36.77644348144531,6.268645763397217,-25.542930603027344,1
match9_whistle_0125.mp4,0.0119480919092893,-48.32310104370117,66,3630.262066566781,1954.7221873220128,-118.52940368652344,116.90235900878906,-43.12712097167969,11.45423412322998,-7.344635486602783,1
match9_whistle_0126.mp4,0.0098591493442654,-49.5317268371582,74,3370.9125225360576,1815.306271455063,-143.27879333496094,127.25537109375,-41.74645233154297,9.052708625793455,-9.423163414001465,1
match9_whistle_0127.mp4,0.0070595340803265,-44.65458297729492,78,3811.915283203125,1936.174437537408,-211.1410217285156,108.64163970947266,-13.577987670898438,37.592430114746094,-20.17406845092773,1
match9_whistle_0128.mp4,0.0182211827486753,-41.19329452514648,74,4674.518400493421,2224.0463099888966,-120.74716186523438,97.99618530273438,-18.554426193237305,36.92506790161133,-6.598636150360107,1
match9_whistle_0129.mp4,0.0085078151896595,-47.58741760253906,59,4557.329644097223,2171.25613227133,-141.82020568847656,110.73397827148438,-29.82312393188477,24.16512107849121,-17.020544052124023,0
match9_whistle_0130.mp4,0.0037614605389535,-48.72932434082031,63,3540.7569679054054,1784.16476428869,-126.05192565917967,128.98451232910156,-46.52058792114258,24.765499114990234,-17.257673263549805,1
match9_whistle_0131.mp4,0.0151650989428162,-41.779762268066406,72,4041.4357152478447,2042.9538148969089,-53.36357498168945,112.16736602783205,-41.91197967529297,7.280401706695557,-9.0071382522583,1
match9_whistle_0132.mp4,0.0129544828087091,-44.08080291748047,66,4996.721587309966,2336.7708947528786,-126.68001556396484,95.96112823486328,-12.632975578308104,40.51387786865234,2.3490326404571533,0
match9_whistle_0133.mp4,0.0244778599590063,-38.833126068115234,79,4645.660400390625,2166.6773636589646,-92.99552917480467,98.24989318847656,-38.02065658569336,5.571497917175293,-17.903417587280273,1
match9_whistle_0135.mp4,0.00426971539855,-46.92407989501953,79,3432.313798113567,1857.157638009885,-132.897705078125,124.3224105834961,-34.28703308105469,11.924160957336426,-29.68292999267578,1
match9_whistle_0136.mp4,0.0023873294703662,-44.49438095092773,85,3261.1402803308824,1737.154212688456,-132.2822265625,137.11758422851562,-43.83653259277344,23.769441604614254,-21.35524559020996,1
match9_whistle_0137.mp4,0.0107409683987498,-38.8103141784668,69,3901.390749909157,1979.2763514949884,-135.27745056152344,121.4844207763672,-27.735536575317383,29.18586158752441,-17.506511688232422,1
match9_whistle_0138.mp4,0.0070306048728525,-52.96589660644531,79,3360.6065865022592,1796.952640630274,-113.59459686279295,129.36782836914062,-42.90531921386719,14.872629165649414,-7.616403579711914,1
match9_whistle_0139.mp4,0.0058259642682969,-50.85934066772461,70,3724.0478515625,1875.098664657236,-184.1236114501953,117.8499984741211,-25.35455894470215,26.991106033325195,-18.69408416748047,1
match9_whistle_0140.mp4,0.0109050208702683,-39.86394882202149,97,3972.284405048077,2020.1636242847835,-91.37813568115234,113.24815368652344,-36.27123641967773,20.09861946105957,-13.686602592468262,1
match9_whistle_0141.mp4,0.0267683360725641,-37.90695571899414,60,4902.85701976103,2314.5637933969565,-110.87042999267578,92.87102508544922,-24.1179313659668,13.371485710144045,-14.957253456115724,1
match9_whistle_0142.mp4,0.0137160010635852,-38.046016693115234,66,4270.318134014423,2009.7286583571563,-124.05989074707033,97.54244232177734,-46.5102653503418,24.698226928710938,-5.207828998565674,1
match9_whistle_0143.mp4,0.028598504140973,-46.62059783935547,68,4439.516244283536,2157.281647670188,-113.99275970458984,105.7695770263672,-28.892805099487305,14.064400672912598,-4.9516191482543945,1
match9_whistle_0144.mp4,0.0100997202098369,-43.479583740234375,77,4108.031187666224,2070.415839181014,-149.8138427734375,108.2333984375,-26.98372840881348,37.965476989746094,-2.6688497066497803,1
match9_whistle_0145.mp4,0.018229516223073,-41.33011245727539,74,4983.073073167067,2381.507867893742,-122.05964660644533,92.96653747558594,2.3287599086761475,41.07314300537109,-10.439703941345217,1
match9_whistle_0146.mp4,0.0128215728327631,-42.00209045410156,62,4189.537217881944,2131.583180990144,-103.92212677001952,108.65784454345705,-24.01161766052246,29.408292770385746,0.8470072150230408,1
match9_whistle_0147.mp4,0.0071038040332496,-46.31867218017578,85,3900.3184442934794,1964.9587083406263,-85.94066619873047,118.22116088867188,-36.5015983581543,17.6081485748291,-12.10010051727295,1
match9_whistle_0148.mp4,0.0026409826241433,-49.62226867675781,72,3434.8368876689187,1846.717725365824,-171.75778198242188,126.33642578125,-31.264423370361328,38.0104866027832,-8.275355339050293,1
match9_whistle_0149.mp4,0.0056304144673049,-48.65211868286133,49,3314.3434289383563,1708.6547364564103,-89.49883270263672,127.91414642333984,-52.2103157043457,32.86185073852539,2.3741917610168457,1
match9_whistle_0150.mp4,0.0189382229000329,-44.18997573852539,69,4634.381103515625,2210.4532244166176,-192.94216918945312,93.13018798828124,-4.31366777420044,50.60192108154297,-9.353129386901855,1
match9_whistle_0151.mp4,0.016488429158926,-41.598514556884766,59,4951.4550185785065,2252.8439690289088,-118.27392578125,90.09188842773438,-16.81612777709961,38.54111862182617,-9.810614585876465,0
match9_whistle_0152.mp4,0.0197629891335964,-40.19919967651367,64,4393.551746046687,2076.189490606741,-159.23277282714844,97.84762573242188,-29.902809143066406,39.31127548217773,-0.0625669658184051,1
match9_whistle_0153.mp4,0.012645867653191,-45.44017028808594,48,5888.6035816089525,2628.652705748433,-205.506103515625,70.8778305053711,12.511999130249023,54.0147819519043,-5.390346527099609,0
match9_whistle_0154.mp4,0.0050633610226213,-49.30623245239258,73,3471.7282317405525,1806.1784983041175,-99.75025177001952,125.99032592773438,-42.20622634887695,6.389557361602783,-27.51028823852539,1
match9_whistle_0155.mp4,0.0055469241924583,-44.78093719482422,63,3867.694561298077,1987.739644293281,-215.3003692626953,104.02340698242188,-2.216740608215332,46.12767791748047,-17.511537551879883,1
match9_whistle_0156.mp4,0.0108603378757834,-44.7133674621582,88,4754.27791819853,2114.7839045113888,-227.3628387451172,79.40628814697266,0.4127457439899444,47.712928771972656,-13.217367172241213,1
match9_whistle_0157.mp4,0.0199401918798685,-46.72826385498047,55,5643.571671195652,2440.492235465595,-177.85118103027344,74.73660278320312,16.06470489501953,46.345191955566406,-10.794193267822266,0
match9_whistle_0158.mp4,0.0044266046024858,-49.26077651977539,54,3353.864529766614,1805.8706268484063,-98.3126449584961,125.81576538085938,-41.13024139404297,7.835453987121582,-15.938759803771973,1
match9_whistle_0159.mp4,0.0129472948610782,-43.71709442138672,66,3821.870982496044,1951.9884123457475,-81.08526611328125,110.55482482910156,-48.60055923461914,6.073990345001221,-8.527421951293945,1
match9_whistle_0160.mp4,0.009003922343254,-42.12506103515625,66,4573.114013671875,2164.501296621393,-206.85598754882807,87.7995834350586,-12.02046012878418,60.15396881103516,-2.4757022857666016,1
match9_whistle_0161.mp4,0.0213854946196079,-39.558895111083984,34,5627.215576171875,2459.041811000898,-160.8600616455078,79.59749603271484,-4.670252323150635,35.540130615234375,-12.6481294631958,0
match9_whistle_0162.mp4,0.0519380457699298,-40.4052963256836,60,6563.556652534298,2531.491158174847,-106.33020782470705,48.45353317260742,-11.36261749267578,37.089786529541016,-14.220880508422852,0
match9_whistle_0163.mp4,0.0157921239733696,-39.65410232543945,68,4499.179531665559,2081.282494018987,-174.26242065429688,96.42984008789062,-32.39606475830078,17.765953063964844,-21.02902603149414,1
match9_whistle_0164.mp4,0.0120536517351865,-48.34178924560547,36,5989.765770755597,2642.354313717607,-177.6289825439453,66.4074935913086,10.203914642333984,56.29773712158203,3.439239025115967,0
match9_whistle_0165.mp4,0.0075899371877312,-46.07478713989258,61,3431.002459948576,1811.9505120409672,-71.9306869506836,124.5882339477539,-55.192630767822266,6.8227152824401855,-18.38187026977539,1
match9_whistle_0166.mp4,0.0123275704681873,-41.77626419067383,54,4102.0751953125,2010.1257907480283,-176.7771759033203,104.23239135742188,-36.52932357788086,19.176910400390625,-12.712594985961914,1
match9_whistle_0167.mp4,0.0124349407851696,-47.94261169433594,29,5103.042879971591,2418.0103520449125,-125.5802230834961,92.39672088623048,-3.4934659004211426,29.568817138671875,-8.471854209899902,0
match9_whistle_0168.mp4,0.0146167259663343,-40.17540740966797,91,3731.6871462844488,1891.40113908246,-67.75410461425781,112.1962890625,-56.9608039855957,5.42137336730957,-10.60775375366211,1
match9_whistle_0169.mp4,0.011757381260395,-45.35047912597656,86,4310.26611328125,2182.114196697598,-114.81437683105467,103.08560943603516,-20.89286422729492,29.34189224243164,-4.347228527069092,1
match9_whistle_0170.mp4,0.0175501871854066,-44.91922378540039,57,4506.993036684783,2151.4047085271245,-84.87443542480469,105.99654388427734,-33.67249298095703,11.076037406921388,-9.311728477478027,1
match9_whistle_0171.mp4,0.006321130786091,-47.76739883422852,76,3951.206487341772,1967.326267320642,-179.51206970214844,111.79310607910156,-14.181204795837402,33.680381774902344,-21.989063262939453,1
match9_whistle_0172.mp4,0.0221249349415302,-45.3070182800293,44,5163.767149390244,2304.685277991728,-158.44366455078125,80.72105407714844,4.170793533325195,46.00337600708008,-13.597085952758787,0
match9_whistle_0173.mp4,0.0062834247946739,-47.502559661865234,58,3680.79345703125,2017.1267130624524,-132.038330078125,121.33312225341795,-20.67218589782715,26.889848709106445,-13.422307014465332,1
match9_whistle_0174.mp4,0.0097019607201218,-41.757843017578125,51,4487.806640625,2132.40828477425,-196.54237365722656,99.55714416503906,-3.743669033050537,40.17421722412109,-20.945959091186523,1
match9_whistle_0175.mp4,0.0347276516258716,-38.10055923461914,51,5726.16396621919,2376.955680046228,-153.9260711669922,70.40636444091797,5.705890655517578,49.38825988769531,-24.504194259643555,0
match9_whistle_0176.mp4,0.0031911630649119,-51.00583267211914,45,3046.6572529560813,1658.3799122397224,-80.07487487792969,135.53591918945312,-50.67153549194336,17.81197738647461,-12.070873260498049,1
match9_whistle_0177.mp4,0.003001521108672,-47.67268371582031,76,3605.2359232088415,1967.2163731556436,-176.46517944335938,115.21371459960938,-17.989757537841797,44.622596740722656,-2.327641487121582,1
match9_whistle_0178.mp4,0.006303509697318,-45.14007568359375,53,4026.847017728365,2054.274577670489,-105.2873992919922,110.88166046142578,-26.36750030517578,33.42738723754883,-5.8603620529174805,1
match9_whistle_0179.mp4,0.0121636353433132,-42.345314025878906,103,3910.25968852796,2005.5778118541311,-81.16880798339844,106.21505737304688,-49.11212158203125,15.39370822906494,-1.3605464696884155,1
match9_whistle_0180.mp4,0.0068424171768128,-47.42903137207031,59,3563.603451377467,1857.094273991254,-110.80616760253906,132.58705139160156,-40.58395385742188,11.043956756591797,-24.92970466613769,1
match9_whistle_0181.mp4,0.0066536688245832,-45.02402877807617,81,3667.7790262612953,1996.724783917094,-175.3065643310547,117.02297973632812,-17.347679138183594,32.67505645751953,-15.469670295715332,1
match9_whistle_0182.mp4,0.0045332140289247,-47.27719497680664,60,4472.9409707559125,2316.2934273050964,-247.519287109375,87.4619369506836,9.333863258361816,58.01247787475586,3.930718421936035,1
match9_whistle_0183.mp4,0.0171487648040056,-43.43242263793945,71,4844.329833984375,2091.279272293809,-158.6287841796875,91.48004150390624,-24.258684158325195,41.10468673706055,-8.049704551696777,1
match9_whistle_0184.mp4,0.0109602948650717,-45.64145660400391,76,4550.8271484375,2330.517511319941,-140.48345947265625,97.51819610595705,-7.071524143218994,41.17563629150391,1.6234354972839355,1
match9_whistle_0185.mp4,0.0153699312359094,-42.4373664855957,82,4582.161850527108,2129.388845357406,-233.50213623046875,98.4936981201172,-16.40220069885254,38.47213745117188,-16.797574996948242,1
match9_whistle_0186.mp4,0.0074807428754866,-48.14904022216797,54,4426.6956068065065,2211.2643181464277,-141.30567932128906,93.30799102783205,-10.703991889953612,36.23793411254883,1.3341953754425049,1
match9_whistle_0187.mp4,0.0131577150896191,-43.33871841430664,90,4034.3994140625,2022.1631745365728,-143.57818603515625,117.275390625,-29.67973518371582,36.01518630981445,-2.52006459236145,1
match9_whistle_0188.mp4,0.0197083130478858,-46.8903923034668,68,4920.896218039773,2346.6415461547667,-156.90895080566406,88.29915618896484,-2.5564980506896973,47.47478866577149,2.8215935230255127,0
match9_whistle_0189.mp4,0.0071495384909212,-46.16162109375,49,3670.098132621951,1854.633577636808,-98.6156768798828,124.02925872802734,-41.87887954711914,28.603057861328125,-2.7862348556518555,1
match9_whistle_0190.mp4,0.0104625467211008,-41.78065872192383,78,3869.05517578125,1937.8045368401224,-137.15687561035156,113.25849151611328,-44.03125,29.17752456665039,-16.31913948059082,1
match9_whistle_0191.mp4,0.0125383511185646,-43.98522186279297,38,4190.305397727273,2083.8349376136666,-191.86209106445312,101.90379333496094,-15.250710487365724,44.49063491821289,-13.175450325012209,1
match9_whistle_0192.mp4,0.0128126619383692,-38.77277374267578,69,4637.766400505515,2220.94141924678,-135.53701782226562,97.14629364013672,-18.257434844970703,36.91117477416992,-12.490285873413086,1
match9_whistle_0193.mp4,0.0214434843510389,-45.1873893737793,76,4303.86214717742,2057.558635916934,-142.6204833984375,97.52436065673828,-36.40541076660156,20.97579765319824,-23.15892791748047,1
match9_whistle_0194.mp4,0.0127619933336973,-42.85012435913086,62,4575.157073606928,2203.3740160731227,-181.40185546875,97.6496810913086,-11.056873321533203,40.33586120605469,-19.328937530517575,1
match9_whistle_0195.mp4,0.0077051129192113,-46.73583984375,100,3584.833419421488,1884.463960935597,-100.32231903076172,123.98308563232422,-44.26492691040039,13.73699188232422,-22.47651481628418,1
match9_whistle_0196.mp4,0.0081531796604394,-48.233158111572266,69,4417.160438629519,2129.8151792778403,-202.48858642578125,96.63783264160156,-13.326873779296877,40.08755111694336,-15.60468292236328,1
match9_whistle_0197.mp4,0.0209554117172956,-39.3974838256836,64,4380.46875,2137.138848591063,-147.04933166503906,100.59970092773438,-26.834205627441406,34.2943115234375,-6.569515705108643,1
match9_whistle_0198.mp4,0.0102671980857849,-41.354469299316406,57,4218.2647705078125,2053.587982612181,-204.93890380859372,100.00069427490234,-27.813304901123047,37.53759765625,-6.841898441314697,1
match9_whistle_0199.mp4,0.0163289718329906,-40.85419845581055,72,5055.43212890625,2442.515600764587,-173.63330078125,75.13687896728516,2.9733924865722656,53.69463348388672,-0.9757492542266846,1
match9_whistle_0200.mp4,0.0075435740873217,-50.15596389770508,57,4006.4677734375,2035.8815100333595,-125.11897277832033,110.82803344726562,-32.69603729248047,11.473325729370115,-15.944584846496582,1
match9_whistle_0201.mp4,0.0166977141052484,-39.88865280151367,61,4228.548692147943,2107.0413664981443,-122.49269104003906,100.28453826904295,-42.47692489624024,15.783068656921388,-0.1766645759344101,1
match9_whistle_0202.mp4,0.0067640128545463,-43.27674865722656,51,3297.3823442851026,1848.208418964938,-85.85218048095703,128.7149658203125,-43.08755111694336,8.994356155395508,-12.714365005493164,1
match9_whistle_0203.mp4,0.0069157355464994,-48.741737365722656,49,4262.875088778409,2071.6770320459955,-128.09176635742188,110.25082397460938,-30.04236221313477,30.040298461914062,-6.447088718414307,1
match9_whistle_0204.mp4,0.0029174040537327,-48.01438522338867,78,3559.0701454564146,2012.0635829037085,-169.4337921142578,121.40504455566406,-8.921862602233887,45.04548645019531,-5.1675639152526855,1
match9_whistle_0205.mp4,0.0205303039401769,-40.80228805541992,71,4266.208599983378,2071.974001451698,-135.68109130859375,103.74581146240234,-42.93288803100586,13.326641082763672,-14.270000457763672,1
match9_whistle_0206.mp4,0.0121750505641102,-46.52386093139648,83,3785.790441176471,1931.723916816337,-122.03681182861328,106.0741729736328,-48.6077766418457,18.761510848999023,-16.41338348388672,1
match9_whistle_0207.mp4,0.0112413540482521,-40.934226989746094,78,3538.623046875,1859.6735185193036,-104.314697265625,119.81271362304688,-39.33950424194336,21.957454681396484,-16.478736877441406,1
match9_whistle_0208.mp4,0.0060497815720736,-45.69584655761719,72,4405.0966561558735,2312.596249118756,-186.35287475585935,92.95479583740234,3.5499815940856934,55.77653121948242,-2.77789044380188,1
match9_whistle_0209.mp4,0.0077662500552833,-51.93815994262695,54,3566.505784254808,1920.7158869988164,-93.1776351928711,117.74181365966795,-41.08460235595703,10.08480167388916,-19.23284721374512,1
match9_whistle_0210.mp4,0.0039867633022367,-45.3991813659668,78,3337.5167662838853,1812.4683860921468,-170.92408752441406,131.93063354492188,-32.63539123535156,34.31915283203125,-10.248055458068848,1
match9_whistle_0211.mp4,0.0050462884828448,-44.97770690917969,73,4129.186276355422,2173.521320232149,-203.39666748046875,97.51063537597656,3.663804292678833,54.65976333618164,-5.4668073654174805,1
match9_whistle_0212.mp4,0.0105100721120834,-47.92167282104492,50,3989.716045673077,1913.7418952328253,-92.77007293701172,118.43357849121094,-44.13009643554688,8.976847648620605,-17.93014144897461,1
match9_whistle_0213.mp4,0.0044301738962531,-43.89657974243164,83,3478.143988715278,1859.361939614853,-137.8173828125,127.83650207519533,-34.17570877075195,31.367042541503903,-5.894176006317139,1
match9_whistle_0214.mp4,0.0064773322083055,-46.25059509277344,55,3416.129343133224,1857.2967384306723,-102.3712387084961,129.53445434570312,-36.425201416015625,12.818038940429688,-17.76543617248535,1
match9_whistle_0215.mp4,0.0035346404183655,-45.8983154296875,65,3186.641490308544,1742.7706684859493,-150.72042846679688,128.95803833007812,-34.7624626159668,34.212894439697266,-8.134082794189453,1
match9_whistle_0216.mp4,0.0054518952965736,-49.51249313354492,64,3782.332167514535,1952.5396012231429,-115.9771728515625,118.4249496459961,-29.341297149658203,29.709941864013672,-11.293171882629396,1
match9_whistle_0217.mp4,0.0153001304715871,-45.376914978027344,61,4998.287109375,2351.2371172766398,-184.5798492431641,95.72483825683594,-11.194429397583008,33.89848327636719,-9.379194259643556,0
match9_whistle_0218.mp4,0.0089499419555068,-41.81532287597656,66,4769.35116038603,2155.256943905767,-215.4934234619141,95.35336303710938,-4.461219787597656,46.5125846862793,-22.123470306396484,1
match9_whistle_0219.mp4,0.0057741939090192,-48.12665939331055,73,3982.9342490748354,2038.8194724915936,-254.5410614013672,100.19598388671876,3.447673082351685,52.11676025390625,-22.860506057739254,1
match9_whistle_0220.mp4,0.0075993067584931,-44.83938980102539,61,3753.08349609375,1909.0281239755825,-89.21263885498047,117.0785140991211,-44.24466323852539,20.70413017272949,-14.78062915802002,1
match9_whistle_0221.mp4,0.0348622612655162,-42.07598876953125,48,6124.972811612216,2452.581591596739,-132.4915008544922,61.30998229980469,-3.5625152587890625,38.437625885009766,-20.186634063720703,0
match9_whistle_0222.mp4,0.0153610408306121,-45.63487243652344,53,5231.589577414773,2351.7464554579533,-147.781005859375,85.10530090332031,-3.311818599700928,38.01342010498047,-13.56811237335205,0
match9_whistle_0223.mp4,0.0087850578129291,-47.54821014404297,89,3687.689208984375,1917.045353399733,-183.01565551757807,119.91251373291016,-28.133712768554688,29.19917297363281,-8.273088455200195,1
match9_whistle_0224.mp4,0.0118651390075683,-45.03556060791016,71,3868.582631306476,1943.2252669873687,-96.67779541015624,121.2131118774414,-36.907039642333984,28.36209297180176,-10.283843994140623,1
match9_whistle_0225.mp4,0.0036530101206153,-45.30865859985352,75,3319.7021484375,1849.711071543056,-165.74342346191406,137.88687133789062,-23.310272216796875,33.09955978393555,-10.387514114379885,1
match9_whistle_0226.mp4,0.0076670260168612,-45.29804992675781,79,3885.0867638221152,1998.441113080336,-177.48895263671875,112.10969543457033,-31.511249542236328,39.231719970703125,-9.561543464660645,1
match9_whistle_0227.mp4,0.0105522330850362,-41.116798400878906,62,4103.388195503048,2192.491416411356,-130.00303649902344,105.36123657226562,-20.01710319519043,24.816383361816406,5.364601135253906,1
match9_whistle_0228.mp4,0.0076184296049177,-47.63995361328125,65,3739.690466772152,1991.7134998245144,-88.40777587890625,111.90662384033205,-38.177490234375,14.361559867858888,-6.934689998626709,1
match9_whistle_0229.mp4,0.0035202109720557,-47.97191619873047,74,3644.1623263888887,2047.54162166346,-180.37481689453125,114.883056640625,-8.163615226745605,44.42414474487305,-1.6542682647705078,1
match9_whistle_0230.mp4,0.0185245852917432,-46.57481002807617,69,4686.105236904226,2168.368011430045,-101.65865325927734,104.24519348144533,-28.40652084350586,26.598094940185547,-15.333669662475586,0
match9_whistle_0231.mp4,0.0041370997205376,-45.28852462768555,83,3659.736504612199,1940.728165966751,-161.3253936767578,125.33610534667967,-24.35847282409668,35.92876434326172,-7.077775478363037,1
match9_whistle_0232.mp4,0.017623933032155,-43.36854934692383,55,5518.987567608173,2482.4112682130867,-149.076904296875,94.98114776611328,5.692514419555664,34.46277618408203,-10.963955879211426,0
match9_whistle_0233.mp4,0.0045065102167427,-48.09777069091797,52,3427.3259420955883,1880.7640790592889,-98.10585021972656,132.1107635498047,-28.98451232910156,20.339160919189453,-15.128985404968262,1
match9_whistle_0234.mp4,0.0130123756825923,-44.625587463378906,50,3900.3509521484375,2077.5205981116574,-88.58646392822266,117.75596618652344,-32.24837875366211,16.594261169433594,-6.431304931640625,1
match9_whistle_0235.mp4,0.0033309878781437,-44.41554641723633,75,3898.4177922628014,2129.5019023616437,-232.3857269287109,106.72080993652344,-2.4481348991394043,53.09029006958008,-4.276714324951172,1
match9_whistle_0236.mp4,0.0123484097421169,-41.27497863769531,67,4685.184548117898,2295.781778186667,-178.46217346191406,95.79114532470705,-5.154326915740967,40.41465377807617,-9.809656143188477,1
match9_whistle_0237.mp4,0.0050247171893715,-52.478275299072266,80,3456.217134915865,1881.203426706984,-102.86231231689452,124.63070678710938,-37.26381301879883,4.68825626373291,-11.416089057922363,1
match9_whistle_0238.mp4,0.0045926156453788,-42.14846420288086,80,3601.752517884036,1889.1969689415043,-145.2202606201172,121.53199005126952,-27.414522171020508,25.988195419311523,-17.79544448852539,1
match9_whistle_0239.mp4,0.0157679989933967,-46.72448348999024,45,5566.598849826389,2488.8683455180594,-136.55877685546875,91.7117691040039,0.0090634142979979,26.29741096496582,-20.06919479370117,0
match9_whistle_0240.mp4,0.0079820863902568,-45.12456893920898,53,3602.069091796875,1868.40387537466,-115.00245666503906,120.07401275634766,-46.53108978271485,17.413368225097656,-12.106351852416992,1
match9_whistle_0241.mp4,0.0028894806746393,-46.54093551635742,82,3345.4295698418678,1956.145092088793,-168.70753479003906,124.9167251586914,-12.0957612991333,37.754920959472656,-10.82369327545166,1
match9_whistle_0242.mp4,0.0232651270925998,-45.957130432128906,34,5806.048224954044,2562.798440389148,-163.1463165283203,76.94696044921875,5.632236957550049,32.449424743652344,-21.26631736755371,0
match9_whistle_0243.mp4,0.0148405665531754,-38.93432235717773,85,4901.719665527344,2335.9553447098883,-176.8394317626953,98.5485610961914,1.4870916604995728,43.44243240356445,-17.634538650512695,1
match9_whistle_0244.mp4,0.0088621312752366,-49.45882797241211,55,4234.076680222603,2154.660067285033,-152.49525451660156,114.23611450195312,-15.057206153869627,24.35823631286621,-14.042553901672363,0
match9_whistle_0245.mp4,0.0093612931668758,-49.29436874389648,61,4084.93363229852,2160.722891519284,-95.47005462646484,107.3424072265625,-29.97882080078125,11.760339736938477,-5.506122589111328,1
match9_whistle_0246.mp4,0.0061376853846013,-44.660099029541016,78,3627.955572289157,1902.8035587654183,-147.01683044433594,125.82073974609376,-29.223041534423828,29.48719024658203,-10.735424995422363,1
match9_whistle_0247.mp4,0.0107854241505265,-47.81647872924805,36,4361.526887313179,2173.5583224727748,-106.20953369140624,109.02715301513672,-20.10013008117676,17.85344886779785,-13.133740425109863,0
match9_whistle_0248.mp4,0.0070307436399161,-49.20134353637695,64,3655.196371423193,1947.724481447779,-78.51596069335938,119.15670013427734,-38.43153762817383,-17.42864990234375,-39.47968292236328,1
match9_whistle_0249.mp4,0.0102912839502096,-42.94089889526367,66,3844.727157964939,1976.12233406042,-143.91226196289062,115.97017669677734,-32.456329345703125,14.453306198120115,-18.9722843170166,1
match9_whistle_0250.mp4,0.0265738368034362,-43.82768630981445,47,6069.118552011986,2494.684235175401,-195.37257385253903,59.07864761352539,18.151153564453125,45.75775146484375,-22.296537399291992,0
match9_whistle_0251.mp4,0.0061745210550725,-48.570072174072266,55,3830.2875225360576,2103.4252841805605,-106.8515853881836,112.73070526123048,-22.32624626159668,21.483652114868164,-10.564544677734377,1
match9_whistle_0252.mp4,0.0148597061634063,-44.29462432861328,68,4062.3318142361113,1949.0477851958528,-152.28302001953125,92.8022689819336,-53.3403205871582,12.74476432800293,0.1858285963535308,1
match9_whistle_0253.mp4,0.008100438863039,-46.08938217163086,58,4352.865234375,2164.4710158253542,-97.52860260009766,99.08192443847656,-25.66585731506348,24.84596061706543,-4.497546195983887,1
match9_whistle_0254.mp4,0.0051875156350433,-42.99502182006836,77,3626.0278629351264,1908.3248468476104,-161.8889617919922,126.92398834228516,-38.60155487060547,19.62567138671875,-26.77067756652832,1
match9_whistle_0255.mp4,0.0069182179868221,-46.55339431762695,43,3928.314208984375,2048.4342656524937,-140.4095001220703,121.49359893798828,-22.66161727905273,19.79200935363769,-21.677085876464844,0
match9_whistle_0256.mp4,0.006849717348814,-47.05250549316406,65,3896.935546875,2045.4460255571648,-73.37567901611328,111.56356811523438,-34.25652313232422,-6.425089359283447,-20.05084991455078,1
match9_whistle_0257.mp4,0.0055810674093663,-46.394569396972656,59,3276.4921875,1837.180697815184,-80.19409942626953,136.0409698486328,-34.85146713256836,2.8888564109802246,-23.93402099609375,1
match9_whistle_0258.mp4,0.0081591568887233,-43.47640609741211,79,3882.236214571221,2006.2222362528591,-140.90382385253906,108.37378692626952,-29.618541717529297,34.411006927490234,-9.46454906463623,1
match9_whistle_0259.mp4,0.0088025918230414,-41.18714141845703,88,4134.498754040948,2132.742137767046,-127.83555603027344,109.5956802368164,-16.916431427001953,27.86952018737793,-12.880797386169434,1
match9_whistle_0260.mp4,0.0061744437552988,-45.16519165039063,81,3772.331807699548,1977.4954570329955,-114.24323272705078,115.3096160888672,-30.3737850189209,36.8590087890625,-0.9297017455101012,1
match9_whistle_0261.mp4,0.0128212003037333,-45.03786849975586,70,4297.187023628048,2133.624491048465,-193.4969024658203,115.7394027709961,-3.1557164192199707,33.43436813354492,-20.412818908691406,1
match9_whistle_0262.mp4,0.0087972804903984,-45.91786575317383,49,4165.22854477612,1921.2601208540348,-116.86022186279295,108.73688507080078,-39.4676399230957,45.1263427734375,3.1001791954040527,0
match9_whistle_0263.mp4,0.006187533494085,-47.807708740234375,60,3263.017711900685,1820.659499815692,-91.9373550415039,122.30319213867188,-47.62932586669922,6.332662105560303,-16.674161911010742,1
match9_whistle_0264.mp4,0.0062911491841077,-44.57772445678711,65,3830.992816245719,1959.0205226428388,-135.58262634277344,118.9307861328125,-32.18458557128906,14.674182891845703,-25.558517456054688,1
match9_whistle_0265.mp4,0.0109930215403437,-41.1030158996582,61,4348.716998922414,2182.6661183226047,-150.12413024902344,107.46315002441406,-4.142149448394775,39.06549835205078,-18.80147933959961,1
match9_whistle_0266.mp4,0.0081798061728477,-48.643821716308594,57,3212.484741210937,1797.0789741597457,-90.61371612548828,126.49210357666016,-53.31968307495117,-2.9598426818847656,-14.605606079101562,1
match9_whistle_0267.mp4,0.012041543610394,-46.63411712646485,53,3884.019084149096,1987.7061005576973,-221.5408935546875,114.67864990234376,-14.555656433105469,36.37181854248047,-16.416133880615234,1
match9_whistle_0268.mp4,0.0097589176148176,-44.99848175048828,53,4020.982068650266,1987.7447925916383,-96.3561782836914,103.14881896972656,-49.3068962097168,11.175917625427246,-11.733214378356934,1
match9_whistle_0269.mp4,0.0092050097882747,-40.948829650878906,75,3693.8864135742183,1952.601224094876,-155.5169677734375,116.81727600097656,-42.43058395385742,22.733478546142575,-5.618376731872559,1
match9_whistle_0270.mp4,0.0073582222685217,-43.21149444580078,63,3548.719200721154,1937.415631609835,-87.67716217041016,126.96347045898438,-32.319034576416016,17.213329315185547,-15.71885871887207,1
match9_whistle_0271.mp4,0.0067401113919913,-48.12059783935547,77,3542.484486253956,1894.346922170179,-130.17698669433594,120.38622283935548,-34.64689254760742,23.207822799682617,-10.074583053588867,1
match9_whistle_0272.mp4,0.0103219803422689,-44.45667266845703,64,4222.824676127373,2075.241937131956,-119.31839752197266,108.88227081298828,-35.988258361816406,9.515718460083008,-16.724714279174805,1
match9_whistle_0273.mp4,0.0025089422706514,-44.088897705078125,82,3734.697741996951,2056.121825683134,-243.920654296875,115.62832641601562,9.3493013381958,55.47650909423828,-9.25369930267334,1
match9_whistle_0274.mp4,0.0151375737041234,-42.21035385131836,73,4658.688181751179,2226.524665469191,-73.90533447265625,99.28829193115234,-28.78291893005371,11.300736427307127,-9.823304176330566,0
match9_whistle_0275.mp4,0.0182089023292064,-39.33927154541016,48,4039.295293243838,2055.610279075123,-118.12689971923828,101.81233978271484,-46.73780822753906,8.07091236114502,6.281682968139648,1
match9_whistle_0276.mp4,0.0111024556681513,-44.52622604370117,80,3959.1258589043673,2030.6027824746732,-162.56729125976562,104.2668228149414,-35.84756088256836,29.100305557250977,1.1808897256851196,1
match9_whistle_0277.mp4,0.0051754689775407,-45.016563415527344,78,3491.530106707317,1969.312925809941,-95.64190673828124,135.65679931640625,-18.991024017333984,29.267223358154297,-8.309941291809082,1
match9_whistle_0278.mp4,0.0061378944665193,-48.465633392333984,72,4920.197088068182,2325.0049096959533,-228.39540100097656,87.71410369873047,3.175067186355591,54.9708366394043,-4.984111785888672,1
match9_whistle_0279.mp4,0.0034924724604934,-48.23424911499024,70,2936.687864740211,1742.575446084738,-91.3153839111328,132.97434997558594,-38.6717414855957,6.810038089752197,-13.18320083618164,1
match9_whistle_0280.mp4,0.0123894270509481,-42.249393463134766,70,4407.7416396722565,2261.171538244122,-150.77908325195312,102.96604919433594,-9.945202827453612,38.197296142578125,-3.6803195476531982,1
match9_whistle_0281.mp4,0.0178759098052978,-43.47015380859375,58,4266.5888671875,2193.767415264567,-88.02137756347656,100.84947967529295,-31.964820861816406,6.725780487060547,1.5519911050796509,1
match9_whistle_0282.mp4,0.0028283125720918,-47.54156875610352,67,3043.083308293269,1778.6452550393128,-102.95580291748048,136.3917694091797,-39.49029541015625,-8.186602592468262,-33.73284149169922,1
match6_whistle_0001.mp4,0.026210306212306,-42.628456115722656,42,5720.465409128289,2457.483766272645,-144.69630432128906,92.6599578857422,-11.146599769592283,22.674036026000977,-15.890419006347656,0
match6_whistle_0002.mp4,0.0326180942356586,-39.52608108520508,43,5756.0943603515625,2527.7439771430986,-171.32337951660156,87.09546661376953,-1.3697450160980225,19.837764739990234,-15.20477294921875,0
match6_whistle_0003.mp4,0.0347724519670009,-38.01952362060547,39,5603.330965909091,2486.5422310445088,-129.35897827148438,89.02816009521484,-14.907952308654783,20.79931640625,-7.552878856658935,0
match6_whistle_0004.mp4,0.0234502796083688,-46.29557418823242,32,4834.791370738636,2302.625878815031,-76.13318634033203,98.97321319580078,-23.567590713500977,9.883481979370115,-14.936644554138184,0
match6_whistle_0005.mp4,0.0545284412801265,-38.84751129150391,78,6146.22015551986,2483.542699120224,-83.26565551757812,60.70184326171875,-30.735013961791992,15.302181243896484,-0.9182283878326416,1
match6_whistle_0006.mp4,0.0292161889374256,-41.11143112182617,36,5959.499595905172,2488.897817401364,-102.42510986328124,60.729400634765625,-19.960590362548828,37.338417053222656,-2.357098340988159,0
match6_whistle_0007.mp4,0.0264608319848775,-41.78860855102539,40,5250.692138671875,2380.770862711061,-43.8262825012207,89.74478912353516,-34.4234733581543,3.627794027328491,-11.453553199768066,0
match6_whistle_0008.mp4,0.0195127055048942,-41.63302612304688,36,5462.316687632415,2473.632194142719,-63.51492691040039,83.79190063476562,-20.60257911682129,2.0975236892700195,-19.51576805114746,1
match6_whistle_0009.mp4,0.0130203813314437,-50.29232406616211,30,4114.3798828125,2088.6317653233755,-160.63958740234375,101.06011962890624,-31.29750061035156,26.97801399230957,-10.017991065979004,1
match6_whistle_0010.mp4,0.0220242012292146,-41.7833251953125,32,5692.510022615132,2507.0911627212977,-156.53997802734375,84.75712585449219,-7.606904983520508,26.755863189697266,-11.408164978027344,0
match6_whistle_0011.mp4,0.0147766834124922,-44.28102111816406,53,4713.596413352273,2243.114156310453,-172.3560791015625,83.3089599609375,-9.59415054321289,44.492652893066406,-8.51297664642334,1
match6_whistle_0012.mp4,0.0280296448618173,-42.62649154663086,47,5697.034543059593,2440.1471734860056,-58.71304321289063,80.49519348144531,-27.792863845825195,9.962162017822266,-13.401351928710938,1
match6_whistle_0013.mp4,0.0211239866912364,-44.04620742797852,59,4651.63330078125,2239.5334580552217,-80.19266510009766,93.7748565673828,-37.211647033691406,7.262465953826904,-12.838123321533203,0
match6_whistle_0014.mp4,0.0383656546473503,-43.74132537841797,39,5825.845231681034,2483.084363209598,-100.30819702148438,82.0179214477539,-24.24134826660156,11.441743850708008,-5.007003307342529,0
match6_whistle_0015.mp4,0.0617160908877849,-39.16029357910156,43,6423.95459784836,2581.3586960296934,-75.51570129394531,61.24829864501953,-21.888992309570312,15.68749713897705,-3.459522247314453,0
match6_whistle_0016.mp4,0.0515004880726337,-41.54395294189453,67,6170.667034646739,2486.139180492529,-100.22534942626952,62.9348030090332,-21.5344295501709,17.927997589111328,-7.808189868927002,1
match6_whistle_0017.mp4,0.0426161624491214,-41.961387634277344,28,6142.431640625,2591.227884440776,-108.6689910888672,54.38945388793945,-2.080909252166748,30.655805587768555,-2.457094430923462,0
match6_whistle_0018.mp4,0.0163136310875415,-44.56228256225586,55,4382.705965909091,2214.4477117964875,-98.9066390991211,94.58404541015624,-29.935670852661133,14.279026985168455,-8.188509941101074,1
match6_whistle_0019.mp4,0.0072341272607445,-53.40047073364258,64,4501.166926203548,2181.9210326722327,-206.45086669921875,88.2845230102539,1.0688602924346924,50.455902099609375,-9.544876098632812,1
match6_whistle_0020.mp4,0.0131366802379488,-38.174991607666016,33,4714.874267578125,2247.205480107982,-141.7831573486328,108.59329986572266,-19.658039093017575,21.89063835144043,-14.510546684265137,0
match6_whistle_0021.mp4,0.0268905982375144,-42.887203216552734,38,5148.001598011364,2295.966723996896,-104.59380340576172,91.0029525756836,-33.99036407470703,24.809112548828125,-11.930475234985352,0
match6_whistle_0022.mp4,0.0847441330552101,-36.26991653442383,35,7218.635085533405,2733.266576742537,-91.9691390991211,31.82993698120117,-0.9712672233581544,28.782550811767575,-15.146076202392578,0
match6_whistle_0023.mp4,0.0622596070170402,-37.97157669067383,51,6697.804953835227,2617.061338880658,-126.43772888183594,48.00832748413086,0.1886733472347259,40.321659088134766,-13.609848976135254,0
match6_whistle_0024.mp4,0.0501599498093128,-33.59902572631836,49,5792.936325073242,2388.68478218602,-91.00592803955078,70.43164825439453,-32.837738037109375,17.66259765625,-19.18959045410156,0
match6_whistle_0025.mp4,0.032522790133953,-40.12831878662109,30,6165.673828125,2620.5930118823185,-89.1981201171875,63.857872009277344,-4.251351833343506,34.59263610839844,-12.184025764465332,0
match6_whistle_0026.mp4,0.0156129896640777,-43.73411178588867,66,4718.697191321332,2283.0491442045413,-73.8753433227539,94.4619369506836,-27.73297119140625,10.023954391479492,-18.3625602722168,1
match6_whistle_0027.mp4,0.071307897567749,-27.35794448852539,43,6727.816525021115,2561.175862311109,-102.43408966064452,53.33712005615234,-14.186365127563477,24.80257606506348,-20.402061462402344,0
match6_whistle_0028.mp4,0.0063807256519794,-46.43075180053711,65,4151.150867550872,2055.653595919031,-165.1577606201172,101.97435760498048,-19.4361515045166,35.144657135009766,-17.80177116394043,1
match6_whistle_0029.mp4,0.0227308385074138,-37.62945938110352,54,6454.57763671875,2662.8081045722693,-142.68814086914062,56.48084259033203,7.58472728729248,48.28413391113281,-1.8685952425003047,0
match6_whistle_0030.mp4,0.0438898503780365,-32.04818344116211,35,6693.29613857582,2704.649872966881,-168.0381622314453,46.64988327026367,15.455742835998535,57.410343170166016,-3.561481475830078,0
match6_whistle_0031.mp4,0.0311365369707345,-38.27585220336914,38,6385.259331597223,2572.145207735384,-100.19850158691406,60.71162414550781,0.7521017789840698,45.56904602050781,-7.427555084228516,0
match6_whistle_0032.mp4,0.0382616259157657,-37.888973236083984,31,6249.747454533812,2622.707678528553,-57.37508773803711,74.44627380371094,-12.592045783996582,27.057504653930664,-4.861198425292969,0
match6_whistle_0033.mp4,0.0527482852339744,-34.10334014892578,48,6564.39697265625,2634.5647550557533,-44.98989868164063,68.69580841064453,-21.234527587890625,18.490747451782227,-8.372894287109375,0
match6_whistle_0034.mp4,0.0298684071749448,-40.97710800170898,38,5156.663818359375,2326.3509151020044,-93.63053131103516,92.05763244628906,-24.76246833801269,18.15088653564453,-18.97153663635254,0
match6_whistle_0035.mp4,0.0371083691716194,-35.77559280395508,38,6659.9326171875,2706.803357471747,-79.77143859863281,66.0237808227539,-6.084689140319824,36.4016227722168,1.8407928943634035,0
match6_whistle_0036.mp4,0.0225621834397315,-43.09050369262695,52,4852.911071777344,2318.439696875899,-56.896026611328125,90.8878402709961,-32.63367462158203,4.223883628845215,-13.132898330688477,1
match6_whistle_0037.mp4,0.035075943917036,-42.49143981933594,41,5505.7708740234375,2444.118046645062,-156.45091247558594,87.10179138183594,-29.634700775146484,9.29759693145752,-7.933728218078613,0
match6_whistle_0038.mp4,0.0346649549901485,-41.64764022827149,52,5848.05908203125,2566.4492266617226,-137.5446319580078,76.94294738769531,-7.035412311553955,32.92811965942383,0.3172699213027954,0
match6_whistle_0039.mp4,0.0070835761725902,-47.65398025512695,32,4780.123585668103,2356.9893232904174,-165.71142578125,89.24919891357422,-1.1591169834136963,38.22299957275391,-14.875022888183594,1
match6_whistle_0040.mp4,0.0117436423897743,-42.51128005981445,43,4061.95854291524,2073.3115260660697,-73.03343200683594,109.90216827392578,-37.277828216552734,16.671493530273438,-10.926553726196287,1
match6_whistle_0041.mp4,0.0273341462016105,-42.20475387573242,55,6356.148231907895,2557.5373435465126,-139.52096557617188,62.98831558227539,-1.1635431051254272,47.9509391784668,-2.836922645568848,1
match6_whistle_0042.mp4,0.0271845404058694,-36.57423782348633,38,6593.925701203893,2623.154032008032,-176.08880615234375,39.87004089355469,19.633134841918945,63.08037567138672,-6.289373874664307,0
match6_whistle_0043.mp4,0.0265110414475202,-35.2705192565918,38,6211.772208378233,2533.721647484636,-161.79469299316406,60.57886505126953,-5.884975910186768,40.12130355834961,-13.891397476196287,0
match6_whistle_0044.mp4,0.0275895092636346,-43.230079650878906,42,6070.7209182997885,2605.8803611488524,-144.37513732910156,64.27198028564453,8.502167701721191,45.98665237426758,-1.3450831174850464,0
match6_whistle_0045.mp4,0.0088549694046378,-47.70083236694336,40,4465.776248094512,2274.8730392884454,-85.39327239990234,95.3387451171875,-22.66473197937012,17.817298889160156,-3.998942613601685,1
match6_whistle_0046.mp4,0.0155749944970011,-43.81315231323242,36,4986.73095703125,2260.019920001003,-154.50509643554688,81.91047668457031,-16.49022674560547,30.8089599609375,-12.628016471862791,1
match6_whistle_0047.mp4,0.0229538921266794,-45.87155151367188,64,5190.253111373547,2423.394905557228,-89.87202453613281,79.11767578125,-12.014232635498049,18.39874839782715,-9.31735610961914,1
match6_whistle_0048.mp4,0.0291991159319877,-34.36516571044922,56,5699.462890625,2434.732689388886,-193.21746826171875,83.5816421508789,1.4498183727264404,35.74072265625,-21.559415817260746,0
match6_whistle_0049.mp4,0.015911104157567,-47.03061676025391,65,4700.9375,2295.362470323028,-141.96083068847656,89.93771362304688,-14.665794372558594,27.0045108795166,-7.049502849578857,1
match6_whistle_0050.mp4,0.0229969210922718,-37.17535781860352,37,6568.46809387207,2586.7504879287103,-117.92527770996094,45.3985595703125,5.295689582824707,50.76112365722656,-9.499395370483398,0
match6_whistle_0051.mp4,0.0385029651224613,-39.55424499511719,59,6103.630672089041,2538.202410748308,-128.244140625,61.22999572753906,-11.395947456359863,40.97526931762695,-7.134549140930176,0
match6_whistle_0052.mp4,0.0185311120003461,-44.94047164916992,63,5054.278564453125,2423.395579088979,-48.32643508911133,91.0188980102539,-21.20738410949707,11.71741771697998,-6.224414825439453,1
match6_whistle_0053.mp4,0.0073619605973362,-45.43974304199219,62,4314.560883620689,2105.997742149368,-183.80532836914065,91.66004943847656,-13.395503997802734,48.34380722045898,-5.446219444274902,1
match6_whistle_0054.mp4,0.041761640459299,-38.34120178222656,70,6488.127136230469,2617.870991764295,-86.67555236816406,56.27982711791992,0.2705435752868652,36.05793380737305,-10.808700561523438,0
match6_whistle_0055.mp4,0.0377638638019561,-42.08578109741211,41,6669.167143723061,2817.367967000152,-108.06639862060548,57.10359191894531,10.243934631347656,36.430965423583984,-10.078985214233398,0
match6_whistle_0056.mp4,0.0424526184797287,-35.2234001159668,36,6756.223940045647,2653.9130230598635,-96.25508880615234,59.42472839355469,-6.478813171386719,27.03850746154785,-16.807613372802734,0
match6_whistle_0057.mp4,0.0358063876628875,-41.02432632446289,39,6013.315200805664,2546.269358662281,-82.02887725830078,62.167137145996094,-9.443628311157228,23.820201873779297,-12.374956130981444,0
match6_whistle_0058.mp4,0.0165503956377506,-45.29702377319336,45,4891.862086245888,2375.210228700417,-76.83987426757812,92.13322448730467,-18.03861427307129,11.266005516052246,-10.137402534484863,1
match6_whistle_0059.mp4,0.0031921027693897,-49.934120178222656,51,3956.9473057577056,2179.5284927630805,-188.65740966796875,103.45977783203124,-7.516597270965576,42.058555603027344,-1.6785956621170044,1
match6_whistle_0060.mp4,0.07365532964468,-29.300764083862305,36,7365.3167724609375,2682.9758885508063,-146.1255645751953,31.672101974487305,11.469484329223633,41.63712310791016,-18.81029319763184,0
match6_whistle_0061.mp4,0.0538336262106895,-31.07391929626465,62,6332.489691840277,2529.5663148059234,-87.45852661132812,63.20158004760742,-15.633627891540527,27.09370994567871,-13.468249320983888,0
match6_whistle_0062.mp4,0.0167831368744373,-35.80698013305664,34,4882.745050979873,2313.730384702117,-137.47589111328125,99.0898208618164,-22.983055114746094,21.80366325378418,-16.71087646484375,0
match6_whistle_0063.mp4,0.0279026720672845,-41.55974960327149,39,5509.616088867188,2444.065333689764,-156.4921112060547,85.28864288330078,-14.122485160827637,21.489688873291016,-9.001762390136719,0
match6_whistle_0064.mp4,0.0693554729223251,-39.96150207519531,32,6679.176005379099,2620.151159671807,-63.42563629150391,46.96540451049805,-14.93628215789795,25.194238662719727,-9.669047355651855,0
match6_whistle_0065.mp4,0.0111506357789039,-45.896244049072266,47,4541.0654296875,2361.6490100550413,-70.15685272216797,94.31459045410156,-18.25517845153809,9.392460823059082,-10.432372093200684,1
match6_whistle_0066.mp4,0.0055811651982367,-48.9288444519043,63,4134.789100060096,2153.069172590253,-194.50086975097656,99.92356872558594,-11.560198783874512,40.00985336303711,-0.0220622960478067,1
match6_whistle_0067.mp4,0.0660663321614265,-35.36608123779297,46,7135.3515625,2671.013656676272,-132.10606384277344,23.38106155395508,16.680706024169922,52.16461944580078,-10.915731430053713,0
match6_whistle_0068.mp4,0.0502452664077281,-39.4229621887207,37,7167.02660732582,2798.814303030484,-104.3287124633789,27.626708984375,20.80105972290039,51.73374938964844,-3.874345302581787,0
match6_whistle_0069.mp4,0.0525794215500354,-38.64289855957031,35,7023.1705949113175,2819.152241569472,-70.8375015258789,43.49696350097656,14.62829303741455,42.62762451171875,-4.226565837860107,0
match6_whistle_0070.mp4,0.0546516105532646,-38.39250946044922,36,6618.728136660448,2693.1665765340595,-70.58143615722656,60.08151626586914,-3.0040762424468994,35.10597229003906,-6.830841541290283,0
match6_whistle_0071.mp4,0.0717433467507362,-32.841556549072266,30,6511.718455854669,2589.60916919064,-84.6314926147461,57.750919342041016,-15.578688621520996,24.8115234375,-14.835536003112791,0
match6_whistle_0072.mp4,0.0437587834894657,-42.253883361816406,26,6042.755126953125,2545.119802560792,-93.61375427246094,64.40235900878906,-12.10609245300293,22.02774810791016,-20.337282180786133,0
match6_whistle_0073.mp4,0.0485036484897136,-42.83732223510742,31,6184.923206676136,2583.480339655703,-96.7714385986328,66.20989990234375,-13.474616050720217,17.312223434448242,-23.111652374267575,0
match6_whistle_0074.mp4,0.0289542917162179,-37.20820236206055,47,6660.2197265625,2716.024653775685,-102.8651123046875,64.4617919921875,6.907678127288818,35.661354064941406,-13.059582710266112,0
match6_whistle_0075.mp4,0.0313662551343441,-37.94303131103516,31,6065.866194100216,2485.861788386665,-83.7320327758789,72.3123550415039,-30.079015731811523,11.200181007385254,-14.607077598571776,0
match6_whistle_0076.mp4,0.0481904335319995,-37.55194854736328,27,7031.349031690141,2654.575134186792,-122.46717071533205,57.94136428833008,-11.381126403808594,15.931865692138672,-19.08060836791992,0
match6_whistle_0077.mp4,0.0597899220883846,-27.608606338500977,36,7165.794489933895,2670.4820118360617,-151.91954040527344,50.95597076416016,-2.071743488311768,26.840919494628903,-15.781621932983398,0
match6_whistle_0078.mp4,0.0538724996149539,-34.70851516723633,29,6476.6876220703125,2597.5117378263726,-111.56055450439452,46.60910034179688,-3.659202337265015,36.16443634033203,-8.372974395751953,0
match6_whistle_0079.mp4,0.0671144649386406,-28.83815574645996,52,6371.6064453125,2584.0489471932337,-95.66938018798828,59.090293884277344,-14.721440315246582,15.102548599243164,-21.9351749420166,0
match6_whistle_0080.mp4,0.0453258976340293,-38.469356536865234,48,6211.586577316811,2600.402276458685,-99.58646392822266,61.832801818847656,-7.232215404510498,32.25449752807617,-10.522455215454102,0
match6_whistle_0081.mp4,0.0572299025952816,-34.66336441040039,53,6673.043231110075,2520.672522414883,-122.67059326171876,42.72895050048828,-20.038949966430664,31.178525924682617,-6.498453617095947,0
match6_whistle_0082.mp4,0.0213994290679693,-39.16315841674805,45,5981.015396118164,2565.687464717956,-127.66358947753906,79.51190185546875,-1.6566529273986816,27.146991729736328,-27.67032241821289,0
match6_whistle_0083.mp4,0.0277483090758323,-42.08427810668945,68,5207.56591796875,2384.153869265709,-57.70421600341797,89.4042739868164,-25.565168380737305,11.115921974182127,-14.53670883178711,1
match6_whistle_0084.mp4,0.0309754181653261,-40.46486282348633,59,5468.4765625,2379.6449875732624,-155.7941131591797,75.00883483886719,-19.157304763793945,26.48367500305176,-4.825291156768799,1
match6_whistle_0085.mp4,0.0364525392651557,-39.172645568847656,61,5802.219460227273,2498.1111681282628,-200.5138092041016,71.8801040649414,-3.155498504638672,46.96367645263672,0.8576630353927612,0
match6_whistle_0086.mp4,0.0408117920160293,-28.644309997558597,48,7284.719743399784,2635.7798662974938,-182.8839111328125,27.4414176940918,24.73269271850586,56.1239128112793,-8.648550987243652,0
match6_whistle_0087.mp4,0.0455985404551029,-26.863624572753903,66,6658.902023087687,2502.2988358711086,-188.45884704589844,37.520626068115234,12.889681816101074,60.66393661499024,-10.86318302154541,0
match6_whistle_0088.mp4,0.0320195592939853,-41.8232650756836,44,5480.842977495336,2436.39803914842,-79.100341796875,81.4267807006836,-15.754986763000488,26.13821601867676,-2.5721120834350586,0
match6_whistle_0089.mp4,0.0564999394118785,-31.145795822143555,74,6978.48046875,2622.575640291182,-118.46588897705078,38.79895782470703,8.460541725158691,43.04049682617188,-17.25787925720215,0
match6_whistle_0091.mp4,0.0122425621375441,-43.68119812011719,62,4809.012344508496,2286.142798290903,-128.35894775390625,86.29805755615234,-10.209368705749512,30.555173873901367,-14.985383987426758,1
match6_whistle_0092.mp4,0.0208648424595594,-40.6468620300293,60,5297.299268769055,2442.017408295578,-52.60609436035156,85.38265228271484,-24.71958351135254,4.043283939361572,-14.445303916931152,1
match6_whistle_0093.mp4,0.0575247779488563,-39.05991363525391,51,5794.078297334559,2472.9152998294303,-87.02229309082031,68.69588470458984,-28.066452026367188,9.50197982788086,-10.9395751953125,1
match6_whistle_0094.mp4,0.0267790183424949,-37.70832824707031,47,5620.957677504595,2356.6283317264747,-88.55231475830078,82.02010345458984,-33.72837448120117,26.595050811767575,-7.801013946533203,0
match6_whistle_0095.mp4,0.0318241752684116,-36.59599685668945,34,5744.724457839439,2455.529346637387,-143.42601013183594,83.72972869873047,-24.019065856933597,32.244110107421875,-4.150802612304688,0
match6_whistle_0096.mp4,0.0174419805407524,-43.76481246948242,52,5489.280461690512,2487.466602350431,-54.470645904541016,83.60353088378906,-18.314077377319336,18.081382751464844,-4.437499046325684,1
match6_whistle_0097.mp4,0.0040857032872736,-52.8437728881836,56,4119.928673852848,2299.3338180448977,-194.53343200683597,89.0896987915039,2.539878368377685,45.79863739013672,2.8052823543548584,1
match6_whistle_0098.mp4,0.0203873813152313,-37.22539520263672,45,4467.227224576272,2139.589753384936,-115.34130859375,100.39813232421876,-44.82155990600586,17.224210739135742,-14.768747329711914,0
match6_whistle_0099.mp4,0.0096627017483115,-41.69161605834961,98,6448.9892578125,2566.513386734925,-157.2057342529297,42.16735458374024,23.634206771850582,43.21629333496094,-6.062051296234131,1
match6_whistle_0100.mp4,0.0229012370109558,-36.57135009765625,30,5030.594889322917,2275.3665220887265,-182.67498779296875,90.27415466308594,-12.732574462890623,34.04853820800781,-11.262334823608398,0
match6_whistle_0101.mp4,0.0137493023648858,-45.67866516113281,34,4728.153076171875,2251.7141132078013,-158.51600646972656,91.3852081298828,-17.843137741088867,22.140155792236328,-17.4483585357666,1
match6_whistle_0102.mp4,0.0230192262679338,-39.40821075439453,39,4633.818646599265,2225.0351580907927,-73.38436889648438,88.32614135742188,-34.966156005859375,15.41547393798828,-11.362205505371094,1
match6_whistle_0103.mp4,0.0028666828293353,-50.96686935424805,79,4444.031823199728,2339.8795283795102,-216.1250915527344,84.41395568847656,8.58814811706543,53.30664443969727,2.8190596103668213,1
match6_whistle_0104.mp4,0.0148556483909487,-45.841609954833984,56,5886.836354325457,2625.283119800044,-142.47555541992188,58.448486328125,14.499065399169922,48.248138427734375,-5.55334997177124,1
match6_whistle_0105.mp4,0.0251537654548883,-42.56170654296875,52,5533.116896609043,2526.3809020776616,-88.19813537597656,82.13211822509766,-9.995348930358888,26.64169692993164,-3.650715589523315,1
match6_whistle_0106.mp4,0.0340075120329856,-34.79907989501953,42,6349.6504934210525,2494.7646498679824,-154.5010986328125,58.077545166015625,-2.223424434661865,49.158782958984375,-9.118380546569824,0
match6_whistle_0107.mp4,0.0392004325985908,-43.54679489135742,42,6652.717836441532,2605.66054756664,-147.28912353515625,30.19748306274414,14.836585998535156,63.49508285522461,-1.7498183250427246,0
match6_whistle_0108.mp4,0.0248647406697273,-41.51739501953125,48,5171.962811869959,2373.024140490747,-166.3988494873047,95.50078582763672,-2.646561622619629,32.80793380737305,-22.03289031982422,0
match6_whistle_0109.mp4,0.0447396002709865,-31.89266395568848,70,6912.626316236413,2688.2927775758294,-106.08810424804688,51.73085021972656,10.760891914367676,39.95523834228516,-16.56493377685547,0
match6_whistle_0110.mp4,0.0300678890198469,-36.15777969360352,65,6591.56680836397,2604.632915524823,-142.85836791992188,52.256134033203125,1.3044006824493408,43.78617477416992,-5.8373799324035645,1
match6_whistle_0111.mp4,0.0232731942087411,-41.75919342041016,49,6275.769230769231,2607.1019122616126,-140.05120849609375,62.65521240234375,-8.654595375061035,31.23656272888184,-7.9771552085876465,0
match6_whistle_0112.mp4,0.0202552173286676,-45.80859375,38,4816.848982625933,2348.8129654677305,-40.6192741394043,96.968505859375,-24.868066787719727,5.122159004211426,-11.115610122680664,0
match6_whistle_0113.mp4,0.022786445915699,-41.63114929199219,55,4853.648262593284,2269.5450057422904,-95.01475524902344,92.3700180053711,-33.96622467041016,10.045731544494627,-20.169538497924805,0
match6_whistle_0114.mp4,0.0215896517038345,-41.48540878295898,48,5100.78515625,2351.619421037381,-133.2162628173828,91.54290008544922,-13.050766944885254,26.553422927856445,-16.773950576782227,1
match6_whistle_0115.mp4,0.0108111621811985,-47.299278259277344,56,5139.683610301907,2354.291749140141,-162.6420440673828,101.47888946533205,-9.174190521240234,15.808216094970703,-25.606428146362305,0
match6_whistle_0116.mp4,0.0424506478011608,-35.19881820678711,39,6194.195877878289,2579.94536663051,-148.4965362548828,74.30130767822266,-5.475452423095703,28.744632720947266,-19.77953338623047,0
match6_whistle_0117.mp4,0.0196021758019924,-40.49208068847656,42,5433.937454223633,2432.4622144432974,-69.56326293945312,82.441650390625,-13.357040405273438,20.99355125427246,-15.627741813659668,0
match6_whistle_0118.mp4,0.0086983814835548,-48.0410385131836,34,4779.066051136364,2377.934530653545,-73.1099853515625,91.09358215332033,-16.061330795288086,9.11978530883789,-6.19625997543335,1
match6_whistle_0119.mp4,0.0112181333824992,-45.15412139892578,77,4272.357498972039,2188.849610509231,-195.2106475830078,101.50616455078124,-14.898151397705078,31.490880966186523,-7.0845046043396,1
match6_whistle_0120.mp4,0.0166083145886659,-37.72740173339844,30,6028.423907305743,2565.5663330989078,-177.14247131347656,89.49291229248047,-8.448151588439941,33.871219635009766,-10.344464302062988,0
match6_whistle_0121.mp4,0.0218859333544969,-41.31027221679688,33,6656.304598721591,2704.98111428783,-170.70986938476562,82.15184020996094,-1.8585004806518557,29.997987747192383,-9.873997688293455,0
match6_whistle_0122.mp4,0.0481166802346706,-32.48888397216797,42,6685.378139833861,2703.9837102450083,-120.39261627197266,61.55717086791992,1.538074016571045,31.86149406433105,-12.39304542541504,0
match6_whistle_0123.mp4,0.0178756471723318,-42.85274124145508,67,4780.239793730945,2294.181248103453,-104.69407653808594,91.06766510009766,-23.686765670776367,24.073680877685547,-4.107144832611084,1
match6_whistle_0124.mp4,0.0061080181039869,-45.73704147338867,83,4698.724365234375,2285.819712299401,-198.9361572265625,91.62774658203124,-1.615217208862305,39.00741958618164,-13.238243103027344,1
match6_whistle_0125.mp4,0.0116134379059076,-45.88351058959961,53,4359.9786166487065,2248.137705091965,-68.65325164794922,97.02867126464844,-23.232027053833008,22.35694122314453,-1.2865190505981443,1
match6_whistle_0126.mp4,0.0061706067062914,-49.62120819091797,89,3975.008982532429,2093.6016039497,-187.4930877685547,106.84065246582033,-16.060951232910156,38.43556213378906,-3.327968120574951,1
match6_whistle_0127.mp4,0.0156411062926054,-45.45123291015625,58,5113.156960227273,2404.936931598568,-76.26676940917969,88.3732681274414,-22.726886749267575,11.193695068359377,-7.015506744384766,1
match6_whistle_0128.mp4,0.0052913911640644,-48.51696395874024,76,4073.3642578125,2234.261058900516,-147.4326934814453,95.36949920654295,-15.524312019348145,42.11133193969727,8.658045768737793,1
match6_whistle_0129.mp4,0.0197224244475364,-40.49159622192383,134,5766.829170767716,2413.9364053775344,-98.00804138183594,64.5501937866211,-13.574091911315918,24.05154609680176,-3.331315040588379,1
match6_whistle_0130.mp4,0.0247703567147254,-29.4795036315918,41,5854.584295099432,2470.7566150325656,-179.5401611328125,78.34010314941406,-13.47122287750244,39.81868362426758,-11.49307918548584,0
match6_whistle_0131.mp4,0.0077097564935684,-52.19102478027344,68,4191.754653033088,2129.8098190156097,-200.33984375,96.962646484375,-6.7437615394592285,32.37813949584961,-16.531723022460938,1
match6_whistle_0132.mp4,0.0391727946698665,-38.06379318237305,27,7069.016450026939,2719.302824395562,-119.56779479980467,36.144676208496094,22.09648895263672,55.13568878173828,-5.251540660858154,0
match6_whistle_0133.mp4,0.0278280545026063,-35.552513122558594,72,5834.545250276548,2511.1390423539965,-61.310794830322266,73.58570098876953,-5.558176040649414,29.933263778686523,-5.693233013153076,1
match6_whistle_0134.mp4,0.0290912967175245,-40.38298416137695,44,4819.48974609375,2284.2806505316603,-53.23162460327149,88.29456329345703,-37.7290267944336,0.537439227104187,-18.0460147857666,0
match6_whistle_0135.mp4,0.0074807126075029,-47.84627532958984,75,4827.4749755859375,2265.0495841052807,-259.6884765625,82.37141418457031,4.799074172973633,57.25640487670898,-10.24936294555664,1
match6_whistle_0136.mp4,0.0158403441309928,-42.047142028808594,47,4379.655509159483,2196.1532334160515,-77.74478912353516,92.14517974853516,-39.94111251831055,7.876104354858398,-12.884194374084473,1
match6_whistle_0137.mp4,0.0108900461345911,-41.77581405639648,71,4125.742319467905,2068.7304923929405,-116.24197387695312,98.0175323486328,-30.300477981567383,31.43467140197754,-13.605533599853516,1
match6_whistle_0138.mp4,0.0180832743644714,-40.166805267333984,27,4840.3564453125,2254.9745807687186,-103.9423599243164,92.13886260986328,-29.721210479736328,14.893844604492188,-19.38534927368164,0
match6_whistle_0139.mp4,0.0133040230721235,-39.147911071777344,76,4850.738525390625,2298.519288394248,-90.9290008544922,82.36578369140625,-18.96030044555664,25.858552932739254,-5.380153656005859,1
match6_whistle_0140.mp4,0.0229965578764677,-43.49054336547852,44,4999.471435546875,2379.9725457905147,-64.9022445678711,91.89430236816406,-29.17379570007324,-2.0005054473876958,-10.945104598999023,0
match6_whistle_0141.mp4,0.01659139059484,-49.146610260009766,33,4500.642596550708,2245.822154447368,-101.00338745117188,98.89624786376952,-31.804628372192383,22.503284454345703,3.76845908164978,0
match6_whistle_0142.mp4,0.0081385094672441,-47.66326522827149,32,3783.639267743644,2019.5577506800053,-91.23197174072266,113.73003387451172,-32.617671966552734,18.60627174377441,-5.698583126068115,0
match6_whistle_0143.mp4,0.0021214266307651,-49.64921951293945,82,4073.288702713816,2193.579968862376,-188.02757263183597,95.79291534423828,2.196812152862549,59.05582427978516,6.143176078796387,1
match6_whistle_0144.mp4,0.016928469762206,-40.42864227294922,66,4809.575500488281,2265.9736515840946,-61.21468353271485,88.93629455566406,-38.80537033081055,-3.578871250152588,-14.6546049118042,1
match6_whistle_0145.mp4,0.0304955281317234,-43.29997634887695,35,5232.169596354167,2451.1340409959644,-61.397369384765625,90.87893676757812,-25.50489616394043,-6.386467456817627,-2.320871114730835,0
match6_whistle_0146.mp4,0.0380639359354972,-39.08655548095703,33,5282.171630859375,2453.1259645575915,-49.75012969970703,90.46678924560548,-26.084550857543945,-9.262171745300291,-7.10970401763916,0
match6_whistle_0147.mp4,0.0197284929454326,-39.7390251159668,72,4381.340860583118,2081.4512578092217,-107.3888931274414,92.11457824707033,-46.95210647583008,8.989631652832031,-10.733283996582031,1
match6_whistle_0148.mp4,0.035047747194767,-37.98476028442383,47,5075.800115411932,2330.4731741687283,-116.18706512451172,87.71174621582031,-26.85943031311035,21.89836883544922,-10.485682487487791,1
match6_whistle_0149.mp4,0.0226231608539819,-38.21885681152344,55,4954.345703125,2252.947121207767,-101.56097412109376,101.72604370117188,-34.85309600830078,11.4374361038208,-11.571484565734863,0
match6_whistle_0150.mp4,0.0042748698033392,-53.76263427734375,90,4141.149490870786,1913.5849974476391,-275.50543212890625,91.911865234375,0.5988260507583618,56.43319320678711,-5.354964256286621,1
match6_whistle_0151.mp4,0.0372137576341629,-40.739044189453125,21,6416.708900188578,2621.615497622607,-129.1048583984375,55.88639068603516,8.106409072875977,39.35570907592773,-11.046462059020996,0
match6_whistle_0152.mp4,0.0423026233911514,-38.06086730957031,33,6964.291221217105,2777.613679372941,-118.22213745117188,41.2211799621582,19.06001853942871,47.12493515014648,-10.594663619995115,0
match6_whistle_0153.mp4,0.0344406701624393,-40.266056060791016,35,5327.460440942797,2309.116998557879,-101.56037139892578,75.68470764160156,-35.068233489990234,21.42469024658203,-14.640170097351074,0
match6_whistle_0154.mp4,0.0348919071257114,-36.891204833984375,49,6731.014854029605,2772.5446602242764,-135.8928680419922,51.49290466308594,17.17092514038086,55.87161636352539,6.370455741882324,0
match6_whistle_0155.mp4,0.0219078995287418,-43.98899841308594,59,4875.301007526677,2332.029209781005,-55.349735260009766,90.40193176269533,-27.14177703857422,9.520861625671388,-7.685242652893066,1
match6_whistle_0156.mp4,0.0145254060626029,-42.72169876098633,30,4099.997430098684,2081.8167966794663,-79.48868560791016,107.70282745361328,-39.9058723449707,14.018126487731934,-10.47042751312256,0
match6_whistle_0157.mp4,0.025703040882945,-39.49760055541992,43,4593.423739346591,2205.8048163396465,-78.86784362792969,98.1215591430664,-38.37855529785156,8.548084259033203,-13.94565773010254,0
match6_whistle_0158.mp4,0.0082337474450469,-44.404518127441406,102,4263.7939453125,2245.53845272593,-196.80490112304688,98.11708068847656,-5.028972148895264,40.28609085083008,-3.160449266433716,1
match6_whistle_0159.mp4,0.0542648173868656,-33.86431884765625,31,6908.92822265625,2612.3293792350714,-177.35617065429688,36.5991325378418,7.997689247131348,53.388450622558594,-3.0140974521636963,0
match6_whistle_0160.mp4,0.040796548128128,-38.58059310913086,32,6595.225847271126,2735.037651710109,-105.4853973388672,62.38240051269531,3.4674649238586426,42.57894515991211,4.912477016448975,0
match6_whistle_0161.mp4,0.0268795676529407,-41.16288375854492,50,5202.628357769692,2411.7826848674085,-85.40691375732422,90.3257064819336,-19.48845100402832,21.37477302551269,-4.003645420074463,1
match6_whistle_0162.mp4,0.0117182666435837,-41.01061630249024,83,4795.073872227823,2135.174211287913,-160.99876403808594,87.77315521240234,-21.05622673034668,29.555110931396484,-17.852998733520508,1
match6_whistle_0163.mp4,0.0119061097502708,-49.9004135131836,55,4704.732310621044,2313.925834926974,-179.1884765625,94.34202575683594,-8.274340629577637,36.19546890258789,-5.093681812286377,1
match6_whistle_0164.mp4,0.0358985476195812,-33.54996490478516,31,6715.046574519231,2690.1123067964613,-180.19688415527344,58.61300277709961,10.3623685836792,50.468631744384766,-4.334363460540772,0
match6_whistle_0165.mp4,0.0145134227350354,-44.79155349731445,43,4555.1337890625,2305.110220517366,-55.94927215576172,98.3291473388672,-19.720897674560547,15.069222450256348,-4.378786087036133,1
match6_whistle_0166.mp4,0.0061414060182869,-49.64054107666016,64,4442.404844702744,2132.531428255098,-225.4693145751953,93.73029327392578,2.3790853023529053,40.637542724609375,-12.822304725646973,1
match6_whistle_0167.mp4,0.0398331433534622,-38.27180862426758,34,6820.456458782328,2714.282901367067,-133.79071044921875,53.21504592895508,4.892526626586914,34.44218063354492,-18.27977180480957,0
match6_whistle_0168.mp4,0.0202513299882411,-39.14315414428711,67,4777.482493330793,2319.736927320609,-94.08399963378906,90.25152587890624,-24.637582778930664,24.470388412475582,-9.977880477905272,1
match6_whistle_0169.mp4,0.0385399647057056,-28.250320434570312,34,5799.087357954545,2463.569869518608,-136.2111358642578,86.12983703613281,-20.855134963989254,28.39298820495605,-8.519853591918945,0
match6_whistle_0170.mp4,0.0344222374260425,-40.41893005371094,44,6270.10986328125,2615.1081101934874,-105.34078216552734,74.69453430175781,-5.755784511566162,22.12931251525879,-22.93692970275879,0
match6_whistle_0171.mp4,0.0209765005856752,-43.09835815429688,39,5287.380149147727,2402.858698353624,-117.5182647705078,95.99908447265624,-12.281661987304688,21.416900634765625,-16.859418869018555,0
match6_whistle_0172.mp4,0.0059412200935184,-49.39983367919922,97,4125.783469460227,2059.3882046091885,-169.45521545410156,104.25846099853516,-12.162691116333008,33.702598571777344,-12.166802406311035,1
match6_whistle_0173.mp4,0.0200557243078947,-41.66903305053711,56,5400.336543215981,2459.1733765746358,-58.84501647949219,87.75562286376953,-15.383217811584473,13.351738929748535,-6.90269136428833,1
match6_whistle_0174.mp4,0.0029456212650984,-50.3509635925293,64,3865.9440474076714,2135.296158581371,-159.86256408691406,116.75814819335938,-4.75366735458374,36.11220932006836,-5.619718551635742,1
match6_whistle_0175.mp4,0.0165782496333122,-41.96704864501953,47,4582.061932538007,2272.249712845552,-93.0940170288086,95.81546020507812,-19.42685890197754,24.220123291015625,-8.5502347946167,1
match6_whistle_0176.mp4,0.0208923015743494,-33.8096923828125,32,5655.926513671875,2452.3586110701,-178.48507690429688,86.11640167236328,-8.38185977935791,37.27732467651367,-3.91363787651062,0
match6_whistle_0177.mp4,0.0590085089206695,-31.25558280944824,34,6012.853338068182,2467.05750748944,-150.90939331054688,67.47979736328125,-5.196624755859375,38.292091369628906,-12.414316177368164,0
match6_whistle_0178.mp4,0.0091367857530713,-46.01375961303711,60,4442.9798005756575,2131.7735100788896,-175.89280700683594,80.8392562866211,-10.54353141784668,46.3880615234375,-9.049041748046877,1
match6_whistle_0179.mp4,0.0090505415573716,-43.51177597045898,39,4263.371075324292,2167.443713442425,-137.89285278320312,109.14118957519533,-25.740135192871094,26.571298599243164,-6.51483678817749,0
match6_whistle_0180.mp4,0.0241788681596517,-42.89531707763672,38,6262.006578947368,2571.9029550224627,-184.86312866210935,62.406341552734375,5.198080539703369,49.04190826416016,-3.5829546451568604,0
match6_whistle_0181.mp4,0.0221671592444181,-43.00384521484375,65,5423.208984375,2420.414023812221,-146.80218505859375,75.39752960205078,-6.889009475708008,40.093875885009766,-4.3326945304870605,0
match6_whistle_0182.mp4,0.0208449177443981,-42.40646743774414,44,5958.8653564453125,2615.8203635991795,-90.53347778320312,65.82901000976562,3.2573275566101074,41.158302307128906,-11.79879379272461,0
match6_whistle_0183.mp4,0.0174440182745456,-44.004486083984375,15,5328.097478693182,2389.4888696531534,-78.0722427368164,73.7134780883789,-14.6764554977417,28.68724250793457,-21.34022521972656,0
match6_whistle_0184.mp4,0.0214712917804718,-47.48689651489258,46,5052.190911279966,2418.3309950348057,-87.15386962890625,88.82028198242188,-14.338982582092283,14.757166862487791,-5.168385028839111,1
match6_whistle_0185.mp4,0.0054990048520267,-43.8636589050293,41,4052.752520586993,2120.834415785833,-186.4337921142578,91.8169174194336,-20.817461013793945,46.07210159301758,-8.143020629882812,1
match6_whistle_0186.mp4,0.0082519417628645,-45.07405471801758,31,4321.996269851435,2275.1048720689137,-192.0075836181641,89.94713592529297,-9.179481506347656,44.88395690917969,-3.078725814819336,1
match6_whistle_0187.mp4,0.0109134810045361,-43.213897705078125,46,4644.521915211397,2271.6743671407844,-83.79576873779297,89.77923583984375,-29.665809631347656,9.163482666015623,-6.8086137771606445,1
match6_whistle_0188.mp4,0.0114401262253522,-44.2773551940918,62,4971.839008134665,2290.717234275595,-203.4021148681641,81.07828521728516,-9.09255027770996,46.18632888793945,-8.392207145690918,1
match6_whistle_0189.mp4,0.0431538708508014,-33.5587043762207,58,6172.08251953125,2594.8126277198253,-61.40853500366211,68.81769561767578,-10.062153816223145,27.54469871520996,-7.000571250915527,0
match6_whistle_0190.mp4,0.0453131012618541,-36.402587890625,39,5835.498046875,2468.4958978630657,-65.87625122070312,69.93111419677734,-22.48167610168457,23.656713485717773,-8.431841850280762,0
match6_whistle_0191.mp4,0.0233166068792343,-47.05340576171875,61,5155.4304291930375,2402.0628585600416,-80.57746124267578,82.14936828613281,-23.52323341369629,15.62006664276123,-3.365125894546509,1
match6_whistle_0192.mp4,0.0099508436396718,-44.44522476196289,65,4286.208551580256,2182.925238629915,-161.81988525390625,96.8944320678711,-19.729637145996094,25.70110893249512,-16.59564971923828,1
match6_whistle_0193.mp4,0.043819323182106,-38.91602325439453,47,6575.457208806818,2744.157777330097,-129.62344360351562,60.82384490966797,7.916834831237793,42.081504821777344,-3.388146162033081,0
match6_whistle_0194.mp4,0.0386036522686481,-39.0224494934082,43,6097.0436448317305,2660.9085569010563,-105.09673309326172,71.29359436035156,0.1398776769638061,37.20479965209961,-3.636470079421997,0
match6_whistle_0195.mp4,0.0328153595328331,-43.274017333984375,47,5015.466475813356,2279.1911048007564,-97.03956604003906,81.78163146972656,-31.803590774536133,19.39012718200684,-16.04267692565918,1
match6_whistle_0196.mp4,0.0440995767712593,-36.27714157104492,33,5268.587535511364,2282.6114718353742,-69.5378189086914,76.3080062866211,-47.549415588378906,8.502087593078613,-16.02470588684082,0
match6_whistle_0197.mp4,0.0329252779483795,-37.01634979248047,36,4734.912109375,2185.6307637865134,-103.97576904296876,100.27813720703124,-39.03367233276367,12.361773490905762,-8.534749984741211,0
match6_whistle_0198.mp4,0.0317498855292797,-39.07843780517578,42,5383.124279585041,2376.0012034375127,-160.44154357910156,80.80647277832031,-16.054115295410156,18.69235038757324,-7.262403964996338,0
match6_whistle_0199.mp4,0.0356248021125793,-32.94313430786133,43,5967.069567664195,2450.304603081781,-117.10755920410156,75.14720153808594,-16.81747055053711,45.01877212524414,-1.0863820314407349,0
match6_whistle_0200.mp4,0.0326932519674301,-42.36700439453125,99,5755.473210261418,2347.5662894865823,-158.49024963378906,61.62836456298828,2.566108703613281,44.61212158203125,-21.619722366333008,1
match6_whistle_0201.mp4,0.0206261221319437,-40.19147109985352,32,6552.5537109375,2757.39578403426,-131.59625244140625,56.14083099365234,21.978965759277344,47.45013046264648,-1.4512579441070557,0
match6_whistle_0202.mp4,0.0238937642425298,-43.31977844238281,41,6470.7275390625,2775.413387443492,-120.20857238769533,54.332427978515625,14.549068450927734,42.90869903564453,2.8324220180511475,0
match6_whistle_0203.mp4,0.0349189080297946,-34.554439544677734,51,5788.9923095703125,2392.2423059856515,-106.38522338867188,78.23453521728516,-23.301002502441406,30.72397232055664,-15.063249588012695,0
match6_whistle_0204.mp4,0.0074893082492053,-41.16556167602539,76,4200.084568298969,2097.301248373691,-108.37097930908205,93.94622802734376,-40.54648971557617,16.17482566833496,-21.41782569885254,1
match6_whistle_0205.mp4,0.0143986530601978,-42.29964065551758,64,4554.558299917036,2254.005595590413,-98.92607879638672,98.74002838134766,-22.41607093811035,26.72677230834961,-10.232551574707031,1
match6_whistle_0206.mp4,0.0140158096328377,-43.40199279785156,77,4392.2607421875,2167.2874920360523,-88.0444107055664,97.04801940917967,-22.189376831054688,17.332679748535156,-18.44917869567871,1
match6_whistle_0207.mp4,0.0261559579521417,-41.38595962524414,43,5176.6204833984375,2428.3982145266104,-157.445556640625,96.6732177734375,-6.419200420379639,22.36435890197754,-14.074668884277344,0
match6_whistle_0208.mp4,0.0123358573764562,-49.83340072631836,36,4348.89445754717,2363.894719274418,-209.3017425537109,109.47284698486328,4.178096771240234,35.16372299194336,-5.39497184753418,0
match6_whistle_0209.mp4,0.0217798501253128,-40.67964172363281,32,5111.344401041667,2417.7915470622274,-138.84400939941406,99.62054443359376,-5.579363822937012,27.01581573486328,-4.7698283195495605,0
match6_whistle_0210.mp4,0.0158635675907135,-34.377445220947266,43,4495.4833984375,2199.455972229667,-142.6573944091797,106.0920181274414,-22.338830947875977,25.507476806640625,-10.292431831359863,0
match6_whistle_0211.mp4,0.0098739592358469,-42.10037612915039,53,4385.162563981681,2272.1495438750653,-209.14036560058597,115.26769256591795,-4.208917140960693,37.29628753662109,-7.660548210144043,0
match6_whistle_0212.mp4,0.0123269455507397,-47.5536994934082,48,4142.914028825431,2099.2839851087606,-108.906494140625,109.03461456298828,-27.023357391357425,30.88414764404297,-4.541991710662842,0
match6_whistle_0213.mp4,0.0093072559684515,-42.80361557006836,106,4579.150627654733,2149.01209715122,-150.56300354003906,85.32117462158203,-3.5967609882354736,43.538673400878906,-14.178614616394045,1
match6_whistle_0214.mp4,0.0121377268806099,-47.09815216064453,41,5759.219412076272,2613.403449010604,-138.40158081054688,79.23428344726562,1.5504324436187744,45.9216423034668,2.72158432006836,0
match6_whistle_0215.mp4,0.0485516041517257,-38.3633041381836,41,6337.939453125,2558.1494534422286,-149.9659423828125,44.75939178466797,-2.2110629081726074,64.58616638183594,6.703009605407715,0
match6_whistle_0216.mp4,0.0135875912383198,-44.1003303527832,54,5387.936401367188,2451.242564362308,-151.3756103515625,87.35713195800781,7.98156213760376,48.68764114379883,-8.618654251098633,0
match6_whistle_0217.mp4,0.0171515587717294,-42.79293441772461,39,5063.8916015625,2439.0417751485666,-169.71568298339844,96.29241180419922,9.309602737426758,41.6308822631836,-3.1604700088500977,0
match6_whistle_0218.mp4,0.0390363931655883,-35.20443344116211,35,5890.926106770833,2473.477351945339,-189.8401031494141,68.42913055419922,3.9126362800598153,54.87723922729492,-7.130288600921631,0
match6_whistle_0219.mp4,0.0150375291705131,-33.804656982421875,53,5511.110761088709,2516.647956615831,-207.59390258789065,88.37432098388672,7.095790386199951,50.08942794799805,-7.002580642700195,0
match6_whistle_0220.mp4,0.0161959659308195,-44.974239349365234,54,4318.404134114583,2202.1428672710717,-124.33423614501952,104.5216827392578,-17.453372955322266,30.24258804321289,-4.695704936981201,0
match6_whistle_0221.mp4,0.0092909941449761,-44.96449279785156,62,5090.241442228618,2290.4654195785106,-136.97064208984375,81.72081756591797,-10.269664764404297,41.06769943237305,-4.771204471588135,1
match6_whistle_0222.mp4,0.0182839501649141,-40.52463150024414,27,5723.794555664063,2528.680047326846,-88.83463287353516,81.30296325683594,-3.9758708477020255,30.602081298828125,-12.629179000854492,0
match6_whistle_0223.mp4,0.0184699445962905,-39.241729736328125,34,4719.826438210227,2261.5872227588893,-54.09203338623047,95.081298828125,-28.37506675720215,10.930143356323242,-19.01824951171875,1
match6_whistle_0224.mp4,0.013724953867495,-42.75333786010742,81,4823.859719669118,2288.5244636622347,-126.62132263183594,92.08917236328124,-13.956740379333496,28.217256546020508,-11.037672996520996,1
match6_whistle_0225.mp4,0.0124561246484518,-44.458152770996094,63,4860.38651899858,2412.948252024164,-74.47764587402344,90.9576416015625,-3.924888610839844,27.58841133117676,-13.263021469116213,1
match6_whistle_0226.mp4,0.0093274842947721,-46.13900375366211,57,5226.646728515625,2281.6835858463846,-204.3631896972656,80.74299621582031,3.3789305686950684,46.87907791137695,-11.418817520141602,1
match6_whistle_0227.mp4,0.0291429106146097,-37.660640716552734,33,6187.335205078125,2541.6567806509147,-125.6559829711914,70.10160064697266,-3.432399272918701,37.04952239990234,-15.863682746887209,0
match6_whistle_0228.mp4,0.0454924330115318,-38.457496643066406,40,6931.768798828125,2728.0344712228643,-123.66788482666016,63.382625579833984,5.102050304412842,37.77032852172852,-10.040847778320312,0
match6_whistle_0229.mp4,0.0356887876987457,-36.04158401489258,49,6266.721413352273,2604.145147974518,-98.46156311035156,67.54373931884766,-2.3134889602661133,37.00079727172852,-9.631735801696776,0
match6_whistle_0230.mp4,0.0295248180627822,-40.20967483520508,60,5353.131866455078,2400.201266344902,-56.47492599487305,82.6357192993164,-26.1202335357666,16.48749351501465,-10.579075813293455,1
match6_whistle_0231.mp4,0.0434200949966907,-35.43104934692383,34,5745.904541015625,2472.2175844440594,-39.98583984375,82.779296875,-34.01237869262695,1.7754117250442505,-5.009603977203369,0
match6_whistle_0232.mp4,0.0540856420993804,-33.8643798828125,44,6312.012981546336,2518.050938870152,-92.51649475097656,64.37688446044922,-14.7611083984375,33.64164352416992,-6.814884662628174,0
match6_whistle_0233.mp4,0.014930616132915,-42.33494567871094,21,5525.155479029605,2519.4138072072114,-148.68629455566406,90.08343505859376,-0.3124700486660003,34.6742057800293,-9.1325044631958,0
match6_whistle_0234.mp4,0.0154214706271886,-45.58106231689453,40,5094.7998046875,2420.299219297721,-179.4406280517578,83.62167358398438,-1.128811001777649,38.60351943969727,-11.771100997924805,1
match6_whistle_0235.mp4,0.0663063451647758,-32.83711242675781,45,6368.718551377118,2521.8041772147208,-88.54786682128906,55.06980514526367,-16.816177368164062,28.3592529296875,-9.551990509033203,0
match6_whistle_0237.mp4,0.0210865456610918,-43.854530334472656,49,5831.118412341101,2547.2043896072314,-116.23161315917967,82.86861419677734,-14.282438278198242,18.199312210083008,-15.211621284484863,0
match6_whistle_0238.mp4,0.0290424786508083,-38.28731918334961,40,5112.435752467105,2281.4974933287,-119.14279174804688,95.18939208984376,-33.99064636230469,19.357149124145508,-13.846095085144045,0
match6_whistle_0239.mp4,0.00619463250041,-45.90142822265625,74,4330.5538137335525,2152.3218895598816,-159.6607666015625,84.75645446777344,-16.85175323486328,49.55725860595703,-1.6498428583145142,1
match6_whistle_0240.mp4,0.0349084362387657,-40.20283889770508,48,6764.525257457386,2768.6887527676936,-137.8818359375,49.29380035400391,14.430916786193848,50.1548957824707,-7.864245891571045,0
match6_whistle_0241.mp4,0.0614283308386802,-30.49261283874512,26,7052.72216796875,2758.644625347945,-162.01748657226562,53.33373641967773,6.333024978637695,39.377685546875,-6.454192638397217,0
match6_whistle_0242.mp4,0.0198092311620712,-42.27168273925781,44,4680.473385581488,2258.133185452621,-79.72594451904297,95.1019515991211,-22.69663619995117,20.381492614746094,-14.449562072753906,1
match6_whistle_0243.mp4,0.0224062800407409,-42.52590560913086,64,4314.027014444041,2045.5302966056804,-140.21658325195312,81.3542251586914,-46.9691276550293,31.20743179321289,-3.551896810531616,1
match6_whistle_0244.mp4,0.0139609593898057,-42.9898796081543,35,4299.765566170934,2138.853417829129,-109.57777404785156,99.7864990234375,-37.04800033569336,15.734733581542969,-21.94291305541992,1
match6_whistle_0245.mp4,0.0504700951278209,-40.77490615844727,36,6546.9482421875,2663.336360185542,-110.12245178222656,57.6524543762207,3.182450294494629,36.88068389892578,-13.685820579528809,0
match6_whistle_0246.mp4,0.0456248223781585,-29.99327087402344,32,6069.362752945697,2467.0058026104603,-106.52910614013672,66.09208679199219,-13.599881172180176,38.14292907714844,-9.71434211730957,0
match6_whistle_0247.mp4,0.0474674738943576,-33.13174819946289,35,6029.4677734375,2460.7143951352346,-103.71012878417967,65.48919677734375,-13.71851634979248,38.13751602172852,-10.512645721435549,0
match6_whistle_0248.mp4,0.0081897033378481,-50.27275466918945,61,5265.541076660156,2444.898364008243,-263.8484802246094,70.66278076171875,26.12142372131348,59.182655334472656,-9.352197647094728,1
match6_whistle_0249.mp4,0.0188425797969102,-40.925777435302734,22,5288.522061434659,2383.2132316848074,-89.42150115966797,73.9759521484375,-29.765287399291992,30.02416229248047,-2.035733699798584,0
match6_whistle_0250.mp4,0.0345012806355953,-38.763946533203125,53,5912.805776127049,2479.979019819891,-122.84454345703124,73.71581268310547,-11.44723129272461,34.80532455444336,-15.014019966125488,0
match6_whistle_0251.mp4,0.0412089936435222,-35.84816360473633,26,6262.034912109375,2669.9656893250763,-69.0776138305664,63.483585357666016,-4.735987186431885,30.650672912597656,-1.76327383518219,0
match6_whistle_0252.mp4,0.0112286694347858,-42.99676132202149,77,4565.0390625,2331.659621086744,-80.43047332763672,97.43453979492188,-12.538729667663574,26.970630645751957,-3.7979965209960938,1
match6_whistle_0253.mp4,0.0171760413795709,-36.867618560791016,49,4283.785207648027,2106.5143220885857,-141.34568786621094,111.41886138916016,-35.59166717529297,34.02480697631836,0.0238088481128215,0
match6_whistle_0254.mp4,0.0036793297622352,-48.806678771972656,102,4253.2562255859375,2104.3500652186244,-226.4767303466797,96.90482330322266,-0.468178778886795,52.539676666259766,-21.89670753479004,1
match6_whistle_0255.mp4,0.0160579197108745,-41.186073303222656,96,4483.392333984375,2248.221314715998,-67.10868072509766,95.7594223022461,-28.215341567993164,15.379409790039062,-10.055660247802734,1
match6_whistle_0256.mp4,0.0032153262291103,-48.48141860961914,68,3743.021552507268,2139.9179858379266,-131.6396026611328,112.17512512207033,-4.290469646453857,41.98789978027344,-6.865367889404297,1
match6_whistle_0257.mp4,0.0561558939516544,-33.45348358154297,36,6595.100350215517,2613.089525834744,-123.4638442993164,48.64542770385742,-0.9982757568359376,31.55659484863281,-7.813361644744873,0
match6_whistle_0258.mp4,0.0581883639097213,-28.264863967895508,54,6818.586647727273,2503.0327535207584,-138.7605438232422,33.4884147644043,6.755035877227783,38.895145416259766,-15.40020751953125,0
match6_whistle_0259.mp4,0.0241617169231176,-39.436668395996094,84,5777.95654296875,2436.7709516613354,-83.55860137939453,79.24996185302734,-18.386127471923828,25.58798217773437,-13.498149871826172,1
match6_whistle_0260.mp4,0.0092491703107953,-47.15819549560547,30,4496.8505859375,2290.195380814253,-71.91480255126953,104.66152954101562,-19.074249267578125,18.367332458496094,-11.59317398071289,0
match6_whistle_0261.mp4,0.0111375572159886,-41.33500289916992,78,4122.609435405928,2140.1464351631985,-124.01248168945312,99.9704818725586,-28.820470809936523,26.05622291564941,-10.608308792114258,1
match6_whistle_0262.mp4,0.0345256440341472,-38.04447937011719,42,6424.01948816636,2723.5774885443134,-112.39422607421876,69.13967895507812,7.512285232543945,37.49521255493164,-3.883050441741944,0
match6_whistle_0263.mp4,0.0254185609519481,-38.14223861694336,48,5061.5947265625,2248.6883806496817,-63.09585952758789,82.00597381591797,-35.64075469970703,23.230640411376957,-8.617960929870605,1
match6_whistle_0264.mp4,0.0075247618369758,-46.1133918762207,77,4023.960064827128,2065.8573291265448,-151.61880493164062,98.65572357177734,-18.278568267822266,39.19117736816406,-4.209936141967773,1
match6_whistle_0265.mp4,0.0195093732327222,-46.89992141723633,36,4866.703287760417,2295.8602445663323,-96.08281707763672,96.27731323242188,-27.78456687927246,26.131465911865234,-9.060301780700684,0
match6_whistle_0266.mp4,0.0507651045918464,-40.99493789672852,49,6813.10546875,2733.903259868777,-124.97184753417967,47.88706970214844,10.831811904907228,50.43706893920898,-5.675574779510498,0
match6_whistle_0267.mp4,0.0187880545854568,-42.17549896240234,54,4587.9180908203125,2251.4899728411265,-57.31203079223633,94.9307861328125,-28.094532012939453,16.704885482788086,-12.058842658996582,1
match6_whistle_0268.mp4,0.0263215098530054,-46.318145751953125,49,4756.022010216346,2245.170520953224,-70.23668670654297,95.36653137207033,-32.84960174560547,21.40612030029297,-1.5688440799713137,0
match6_whistle_0269.mp4,0.0462761707603931,-38.69351577758789,24,5436.000462582237,2366.150505661263,-41.274356842041016,83.04801940917969,-35.934112548828125,4.507410526275635,-15.706893920898438,0
match6_whistle_0270.mp4,0.0654365122318267,-41.23957824707031,52,6484.933471679688,2619.24228128329,-94.60276794433594,62.89404296875,-14.903823852539062,14.09938621520996,-22.616140365600582,0
match6_whistle_0271.mp4,0.0139911668375134,-45.712345123291016,77,4741.310864825581,2328.366153987903,-119.73269653320312,95.7127685546875,1.3549646139144895,40.27260971069336,-10.982349395751951,1
match6_whistle_0272.mp4,0.0332550108432769,-44.525428771972656,39,6335.247802734375,2690.037322688894,-152.62535095214844,61.830074310302734,20.79159545898437,49.00496673583984,-8.024944305419922,0
match6_whistle_0273.mp4,0.0423061698675155,-39.083961486816406,66,6458.148737237005,2576.877505024778,-97.57220458984376,52.82349395751953,0.8020801544189453,41.03887939453125,-8.206884384155273,1
match6_whistle_0274.mp4,0.0118199801072478,-46.70246887207031,60,4781.080979567308,2319.240913974938,-141.06417846679688,90.736572265625,-7.527021884918213,36.5332260131836,-6.901683807373047,1
match6_whistle_0275.mp4,0.0283137131482362,-38.507938385009766,63,5309.151664402174,2397.468143768774,-49.90423583984375,74.91085052490234,-22.015724182128903,22.93528938293457,-6.093224048614502,1
match6_whistle_0276.mp4,0.0472971349954605,-39.46510314941406,62,5489.644582648027,2426.8850202221565,-66.9159164428711,86.97412109375,-29.7534122467041,6.92231035232544,-22.222307205200195,0
match6_whistle_0277.mp4,0.0043997904285788,-47.94684982299805,38,4468.65234375,2303.639933685512,-133.3421173095703,94.09071350097656,6.9238362312316895,47.08195877075195,-9.148921966552734,1
match6_whistle_0278.mp4,0.0253305956721305,-45.42156982421875,63,5537.053103563262,2450.6025242796527,-123.91268157958984,76.05488586425781,-11.896644592285156,36.08917999267578,-5.9321393966674805,1
match6_whistle_0279.mp4,0.0224015600979328,-40.88643646240234,68,5411.41357421875,2308.992701539757,-156.987548828125,71.40071105957031,-13.563074111938477,36.8680305480957,-5.359185695648193,1
match6_whistle_0280.mp4,0.0263721160590648,-40.69304275512695,60,5030.15625,2375.191027842994,-48.21793365478516,90.22274017333984,-26.251827239990234,13.87189483642578,-7.205015659332275,1
match6_whistle_0281.mp4,0.0028072106651961,-48.24079513549805,42,3937.263371394231,2211.122571237004,-138.56573486328125,106.92332458496094,0.3363194167613983,38.67469787597656,-9.73196792602539,1
match6_whistle_0282.mp4,0.0558445081114769,-30.501609802246094,41,7587.534345206568,2696.0904096525933,-187.42218017578125,26.09928703308105,30.305252075195312,44.317420959472656,-16.336265563964844,0
match6_whistle_0283.mp4,0.0771200135350227,-33.71926498413086,35,7389.948210169057,2645.4539499124417,-204.92420959472656,20.782546997070312,30.699472427368164,47.840911865234375,-20.534671783447266,0
match6_whistle_0284.mp4,0.0585149973630905,-32.504493713378906,44,7369.414474303464,2585.166229670804,-150.31761169433594,18.430782318115234,26.316524505615234,54.6632080078125,-20.72815704345703,0
match6_whistle_0285.mp4,0.020805949345231,-41.2746696472168,47,4700.518798828125,2295.6435296890454,-61.18219375610352,93.88866424560548,-25.45911026000977,7.149053573608398,-8.880914688110352,1
match6_whistle_0286.mp4,0.0057852864265441,-47.876007080078125,73,3892.83991434488,2099.183630131474,-127.15289306640624,109.492431640625,-19.7764949798584,26.007604598999023,-2.6667323112487797,1
match6_whistle_0287.mp4,0.0768956616520881,-29.603797912597656,44,7397.73193359375,2677.771999783721,-169.96051025390625,25.103635787963867,16.908084869384766,37.785770416259766,-20.786052703857425,0
match6_whistle_0288.mp4,0.0731971636414527,-31.01527214050293,25,7002.3284912109375,2645.152611343401,-199.12342834472656,34.72553253173828,10.067923545837402,43.682350158691406,-15.921022415161133,0
match6_whistle_0289.mp4,0.0204486511647701,-39.78544616699219,62,5414.658508300781,2421.088112228994,-66.64474487304688,84.27368927001953,-13.600545883178713,24.09177589416504,-19.627695083618164,0
match6_whistle_0290.mp4,0.0224131196737289,-39.22051239013672,72,4896.174657067587,2303.075016605592,-40.47908401489258,94.57775115966795,-34.23905563354492,-3.644047975540161,-16.57947540283203,1
match6_whistle_0291.mp4,0.039378099143505,-38.99992370605469,38,5232.753990436422,2353.191827792937,-59.52237319946289,85.9461898803711,-37.9637451171875,4.2696638107299805,-12.05702781677246,0
match6_whistle_0292.mp4,0.0134920347481966,-47.592472076416016,80,4253.260947779605,2183.7110440770657,-155.44473266601562,100.99230194091795,-14.488614082336426,34.612789154052734,-6.622684955596924,1
match6_whistle_0293.mp4,0.0481026768684387,-39.65751647949219,55,6934.76806640625,2619.54763853713,-149.91632080078125,38.69680404663086,11.67580795288086,48.795406341552734,-11.111705780029297,0
match6_whistle_0294.mp4,0.027995491400361,-36.30620574951172,51,6400.907759232955,2562.402834349454,-195.83697509765625,57.07646560668945,11.695208549499512,45.99285125732422,-4.598321914672852,0
match6_whistle_0295.mp4,0.0365661717951297,-42.6922492980957,32,6784.990418632076,2748.6574669202355,-130.26058959960938,51.73020553588867,27.130359649658203,36.32267379760742,3.778132200241089,0
match6_whistle_0296.mp4,0.0121984099969267,-48.83465194702149,60,4725.341796875,2201.5852409497006,-180.14122009277344,72.39459991455078,-17.97336769104004,40.91690826416016,-9.966238975524902,1
match6_whistle_0297.mp4,0.0612067095935344,-34.96012115478516,34,6570.5322265625,2509.039455708323,-109.16568756103516,50.33818817138672,-15.93227481842041,26.93547821044922,-11.52929401397705,0
match6_whistle_0298.mp4,0.0501787923276424,-34.62875747680664,35,6205.869140625,2538.950206736393,-116.1695327758789,66.89911651611328,-16.86831283569336,24.0378532409668,-21.11896133422852,0
match6_whistle_0299.mp4,0.0553599186241626,-36.53410720825195,28,6410.850123355263,2636.616714474414,-136.90664672851562,60.94367980957031,-0.6559088230133057,37.41667938232422,-7.955078125,0
match6_whistle_0300.mp4,0.0270840134471654,-35.557861328125,32,6606.537828947368,2830.837773162261,-65.30232238769531,60.98779296875,13.577129364013672,34.41316604614258,1.3501170873641968,0
match6_whistle_0301.mp4,0.016844056546688,-41.24070739746094,65,5275.243252840909,2512.4927013999127,-61.08878326416016,84.89375305175781,-7.873734951019287,26.02020072937012,-2.5719897747039795,1
match6_whistle_0302.mp4,0.0208133514970541,-44.20435333251953,62,5185.062117429124,2321.4808540475137,-120.7617416381836,79.31410217285156,-10.057092666625977,24.438962936401367,-20.57255744934082,1
match6_whistle_0303.mp4,0.0380404628813266,-41.21134948730469,60,5435.455877130682,2382.47925206841,-73.59272766113281,79.32637786865234,-32.02758026123047,14.668127059936523,-10.509003639221191,1
match6_whistle_0304.mp4,0.0039924117736518,-51.16157531738281,91,4315.918228474069,2136.5935810989617,-200.25091552734372,81.23424530029297,10.92068576812744,54.246280670166016,-7.876030921936035,1
match6_whistle_0305.mp4,0.0024132020771503,-51.1734504699707,40,3721.2066650390634,2072.830271907293,-140.26210021972656,118.74357604980467,-11.841946601867676,37.346435546875,-7.594007968902588,0
match6_whistle_0306.mp4,0.0086642978712916,-46.64204788208008,64,4095.7332245291095,2143.443902183025,-79.36097717285156,103.37325286865234,-25.13062286376953,27.449766159057617,-3.58052659034729,1
match6_whistle_0307.mp4,0.0159052666276693,-39.92256546020508,76,4792.776091202446,2214.626753369376,-128.12184143066406,91.206787109375,-26.64132308959961,26.631759643554688,-17.68522071838379,1
match6_whistle_0308.mp4,0.0299135092645883,-38.910831451416016,68,4998.460425400152,2263.357356754453,-78.24577331542969,83.81008911132812,-31.216421127319336,25.917184829711918,-8.441949844360352,1
match6_whistle_0309.mp4,0.0274754595011472,-48.11421585083008,71,5442.901611328125,2332.451592317537,-190.37962341308597,70.7978515625,-6.636241436004639,40.38077163696289,-10.301959991455078,1
match6_whistle_0310.mp4,0.0281535238027572,-34.31932830810547,39,5745.350569385593,2461.430248180265,-117.18113708496094,81.34371948242188,-16.830583572387695,41.21317672729492,1.1649047136306765,0
match6_whistle_0311.mp4,0.0250064134597778,-39.08748626708984,72,5058.241044714096,2399.8388475706174,-83.44113159179688,85.4245376586914,-18.03880500793457,22.92948532104492,-6.843829154968262,1
match6_whistle_0312.mp4,0.007160339038819,-42.62829208374024,97,4271.484375,2120.371226254478,-153.13253784179688,100.2509994506836,-23.11176872253418,35.389015197753906,-13.20297908782959,1
match6_whistle_0313.mp4,0.0788985043764114,-28.296281814575195,29,7574.793590198864,2598.1565141556894,-138.326416015625,2.597174644470215,20.081403732299805,63.39697647094727,-6.072769641876221,0
match6_whistle_0314.mp4,0.068696990609169,-37.57311248779297,50,7262.930961277174,2706.857168187516,-125.0570831298828,17.374494552612305,18.011945724487305,63.94718933105469,0.504764974117279,0
match6_whistle_0315.mp4,0.0190579704940319,-42.265235900878906,72,4826.9366455078125,2245.1139197462385,-71.9040756225586,98.97526550292967,-33.35269927978516,12.988885879516602,-15.319107055664062,1
match6_whistle_0316.mp4,0.0067893555387854,-50.12630081176758,90,4683.580433238636,2137.2802194143565,-282.6562194824219,78.57644653320312,10.835508346557615,54.851356506347656,-13.58836269378662,1
match6_whistle_0317.mp4,0.0441616252064704,-36.52817153930664,54,6292.0318603515625,2544.7698218036203,-121.68280792236328,65.87709045410156,-10.845096588134766,38.17783737182617,-9.51162338256836,0
match6_whistle_0318.mp4,0.0114014614373445,-41.00117874145508,94,4271.513227982955,2212.885684378141,-65.78040313720703,99.54084777832033,-25.972579956054688,20.30645751953125,-8.122063636779785,1
match6_whistle_0319.mp4,0.0538133531808853,-33.4372444152832,39,6024.824594350962,2464.3558355270266,-82.16984558105469,75.76488494873047,-35.95803451538086,5.315865993499756,-15.541346549987791,0
match6_whistle_0320.mp4,0.0061535225249826,-49.795166015625,68,3857.9457478350905,2112.335820347648,-134.6622772216797,108.9316864013672,-20.87743759155273,35.48030090332031,-0.6575638055801392,1
match6_whistle_0321.mp4,0.0626288801431655,-34.63886642456055,35,6720.281982421875,2694.861337996354,-86.97274017333984,65.66304779052734,-3.462000131607056,28.939441680908203,-3.2959682941436768,0
match6_whistle_0322.mp4,0.0394670218229293,-42.520416259765625,29,6478.466033935547,2588.504555849492,-121.89979553222656,64.73574829101562,-6.659123420715332,35.72902297973633,-11.240097999572754,0
match6_whistle_0323.mp4,0.0100610125809907,-42.12572860717773,58,4650.393566453313,2217.7776935652864,-70.69971466064453,101.84992980957033,-29.629568099975582,17.26506233215332,-13.920090675354004,1
match6_whistle_0324.mp4,0.0134721025824546,-42.92918014526367,48,4223.583984375,2078.823482436804,-135.87428283691406,106.15323638916016,-27.151351928710938,27.5933895111084,-4.832578659057617,0
match6_whistle_0325.mp4,0.0075871767476201,-47.12224197387695,92,4412.434188179348,2149.0194141503744,-159.2812957763672,102.10778045654295,-16.145130157470703,32.363040924072266,-16.946582794189453,1
match6_whistle_0326.mp4,0.0290341190993785,-30.84945678710937,29,6667.218017578125,2575.202477102103,-193.218505859375,61.7220458984375,-4.397706508636475,49.890419006347656,-3.5833935737609863,0
match6_whistle_0327.mp4,0.0214826948940753,-40.63323211669922,50,4740.262545072115,2293.9398491699403,-55.54573059082031,91.87198638916016,-28.45321655273437,2.3161795139312744,-16.25787353515625,1
match6_whistle_0328.mp4,0.0128985121846199,-42.89829635620117,57,4221.11267775632,2133.532495599049,-142.2449951171875,104.98735809326172,-21.27678871154785,27.72547912597656,-15.130132675170898,1
match6_whistle_0329.mp4,0.0498747378587722,-34.39226150512695,28,6165.735705145474,2468.856501745796,-134.5465850830078,57.10214614868164,-8.227360725402832,29.411888122558597,-18.977685928344727,0
match6_whistle_0330.mp4,0.0262802317738533,-41.27651596069336,53,4845.652133603639,2345.375678495944,-60.88579940795898,89.53169250488281,-26.152462005615234,20.193090438842773,-1.0426455736160278,1
match6_whistle_0331.mp4,0.014706484042108,-40.05110549926758,52,5647.170770363729,2500.215224689055,-281.0116271972656,93.0071792602539,11.246310234069824,32.308780670166016,-5.737799167633057,0
match6_whistle_0332.mp4,0.0037244549021124,-50.0823974609375,79,4186.210081749356,2109.6287128517893,-230.08811950683597,89.15858459472656,1.72265625,56.47785186767578,-6.819175720214844,1
match6_whistle_0333.mp4,0.0267683174461126,-38.98171615600586,50,6378.955078125,2573.300174433833,-221.43109130859372,51.11593246459961,18.51523780822754,54.95258331298828,-7.174690246582031,0
match6_whistle_0334.mp4,0.0208193156868219,-45.46426773071289,25,5545.527277766048,2506.018753101923,-107.8699951171875,82.02224731445312,-15.1188325881958,28.17452049255371,-6.806099891662598,0
match6_whistle_0335.mp4,0.0226375795900821,-39.957122802734375,71,4863.237633865871,2299.345810726063,-102.62272644042967,87.95098876953125,-27.888961791992188,22.42496490478516,-7.775759696960449,1
match6_whistle_0336.mp4,0.0085913240909576,-46.08831405639648,75,4360.799893465909,2311.759731595496,-133.5944366455078,100.45774841308594,-12.927484512329102,31.353757858276367,-1.811051607131958,1
match6_whistle_0337.mp4,0.0405956804752349,-42.85283279418945,46,5844.307084517045,2556.1934951000394,-140.3411865234375,76.03849792480469,-1.3038936853408811,23.69001007080078,-7.010807991027832,0
match6_whistle_0338.mp4,0.0600788258016109,-38.56428146362305,36,6154.458618164063,2561.5163733468744,-88.6388931274414,64.698974609375,-15.464994430541992,22.70804786682129,-12.867000579833984,0
match6_whistle_0339.mp4,0.0434767790138721,-30.080930709838867,37,6347.002863479873,2571.8145813965016,-118.69094848632812,63.19301223754883,-8.530492782592773,35.73346328735352,-15.556668281555176,0
match6_whistle_0340.mp4,0.0447149388492107,-33.59844207763672,56,6529.695387620192,2499.1329495523,-131.27024841308594,64.1942138671875,-21.47493553161621,35.13074493408203,-14.429930686950684,0
match6_whistle_0341.mp4,0.0362660400569438,-39.88384628295898,37,6351.26953125,2746.5812794081,-92.64913940429688,62.238380432128906,6.310847282409668,38.06633377075195,2.2643885612487797,0
match6_whistle_0342.mp4,0.0318078435957431,-31.74302291870117,27,6024.794477982955,2497.234166750163,-119.82118225097656,83.77117919921875,-13.913470268249512,16.14082145690918,-36.51558303833008,0
match6_whistle_0343.mp4,0.0209042318165302,-40.37433242797852,47,6196.515655517578,2567.0551550679543,-143.68133544921875,86.1523666381836,-1.5687023401260376,25.60977935791016,-25.707012176513672,0
match6_whistle_0344.mp4,0.0325375571846962,-38.21764755249024,62,6545.560749922649,2599.726437371892,-118.28627014160156,64.92228698730469,-7.631739139556885,43.51226425170898,-9.08561897277832,0
match6_whistle_0345.mp4,0.0060016526840627,-43.75881576538086,40,4644.419938426907,2219.8762332398915,-170.06195068359375,79.93025970458984,-16.62669563293457,41.55029678344727,-11.211251258850098,1
match6_whistle_0346.mp4,0.0145469382405281,-38.9664421081543,37,4464.483066774764,2251.560089557377,-150.23800659179688,107.22093200683594,-16.51511573791504,34.67018508911133,-2.3459222316741943,0
match6_whistle_0347.mp4,0.0056831808760762,-50.56927108764648,67,4466.967048267326,2257.7238354368765,-211.3038024902344,87.65757751464844,9.01227569580078,50.535099029541016,-9.532662391662598,1
match6_whistle_0348.mp4,0.0588761046528816,-30.989824295043945,49,6961.794061175848,2704.0549866423644,-175.97512817382812,40.58441925048828,22.34530639648437,43.07889175415039,-14.914416313171388,0
match6_whistle_0349.mp4,0.0441559962928295,-40.90728378295898,47,6739.7100933527545,2748.2847672417347,-79.23942565917969,48.260986328125,14.370604515075684,45.48493957519531,-4.855749607086182,0
match6_whistle_0350.mp4,0.0560036860406398,-31.904409408569336,34,6545.051820816532,2548.640544196206,-103.12183380126952,56.483428955078125,-18.3251953125,36.36765670776367,-0.8641321063041687,0
match6_whistle_0351.mp4,0.0445621311664581,-36.78522872924805,45,6858.139564251078,2562.093690896588,-97.43051147460938,52.3456916809082,-21.87150382995605,37.05024337768555,-1.9104825258255005,0
match6_whistle_0352.mp4,0.0661327019333839,-37.56568145751953,63,7071.654137899709,2796.658048656245,-87.28888702392578,42.46316146850586,11.470429420471191,39.20473098754883,-5.325060844421387,0
match6_whistle_0353.mp4,0.0336453467607498,-46.02123260498047,29,5652.651451373922,2463.733450924799,-99.51897430419922,83.63385009765625,-11.419787406921388,21.35194206237793,-21.57137680053711,0
match6_whistle_0354.mp4,0.0226021595299243,-36.66642379760742,37,5925.280554819915,2609.3381823124146,-75.69490051269531,79.80123138427734,-4.998043537139893,30.92117691040039,-5.475952625274658,0
match6_whistle_0355.mp4,0.0149451242759823,-42.086856842041016,53,4616.89453125,2249.7528653439967,-67.80817413330078,104.60061645507812,-22.9887638092041,17.307754516601562,-10.239487648010254,1
match6_whistle_0356.mp4,0.0151426000520586,-46.44536209106445,74,4663.2691801264045,2341.5475366570417,-102.85442352294922,94.11087036132812,-19.98592185974121,22.09317970275879,-8.673439979553223,1
match6_whistle_0357.mp4,0.0091102691367268,-48.0526237487793,63,4747.481338291952,2372.166809655595,-88.86419677734375,96.13204956054688,-22.52008438110352,7.2508864402771,-9.717424392700195,1
match6_whistle_0358.mp4,0.0038784730713814,-46.7412223815918,91,4457.062471829928,2262.7846747766434,-202.60287475585935,90.42042541503906,4.412680149078369,50.30369186401367,-7.830688953399658,1
match6_whistle_0359.mp4,0.0467198528349399,-38.81430816650391,27,7266.761435231855,2795.028810682865,-114.40009307861328,39.10565948486328,19.88986587524414,41.27710723876953,-10.78273582458496,0
match6_whistle_0360.mp4,0.0583495423197746,-38.46319961547852,41,7187.911759561567,2723.2521429804137,-97.77018737792967,37.77130508422852,10.048956871032717,43.62378692626953,-7.452410221099853,0
match6_whistle_0361.mp4,0.047936700284481,-36.25516128540039,43,7076.27612964527,2768.8239696167075,-120.86260986328124,45.069114685058594,11.176136016845703,52.27262496948242,1.3953428268432615,0
match6_whistle_0362.mp4,0.0069160931743681,-44.38435363769531,57,3985.162568933824,2036.7654049338207,-94.5405502319336,104.4466323852539,-33.035400390625,29.954296112060547,-16.755451202392578,1
match6_whistle_0363.mp4,0.0037139269988983,-46.35317611694336,76,3901.3809032654494,2045.9919677497105,-153.9762420654297,117.2819595336914,-12.715084075927734,31.21975898742676,-16.401453018188477,1
match6_whistle_0364.mp4,0.0783110558986663,-27.81617546081543,35,7456.165216619318,2616.3869456279394,-143.72085571289062,13.053504943847656,24.748279571533203,55.756134033203125,-9.935833930969238,0
match6_whistle_0365.mp4,0.0384807139635086,-42.04502868652344,98,6430.986112706802,2543.909136940372,-91.97196197509766,54.99819946289063,-0.5913023352622986,33.65918731689453,-12.102022171020508,1
match6_whistle_0366.mp4,0.0115338517352938,-45.78375244140625,60,4438.728444169207,2250.7881190672715,-103.38954162597656,95.1165542602539,-22.15774345397949,19.12204933166504,-7.666631698608398,1
match6_whistle_0367.mp4,0.0124371983110904,-43.661869049072266,85,6117.963005514706,2605.052303269621,-80.04825592041016,64.98664093017578,1.214329719543457,16.380247116088867,-3.114307403564453,1
match6_whistle_0368.mp4,0.0083929691463708,-48.35631942749024,43,5644.876248719263,2473.442290053817,-89.25824737548828,77.01448059082031,-11.438974380493164,6.480249404907227,-3.160054922103882,0
match6_whistle_0369.mp4,0.0438861697912216,-41.60786819458008,43,6132.035801774365,2621.4639474539013,-140.29122924804688,74.5594482421875,5.823727130889893,29.127201080322266,-19.111448287963867,0
match6_whistle_0370.mp4,0.0281496122479438,-45.8153190612793,53,5533.668233580508,2458.4069516225404,-120.78862762451172,83.83216857910156,-10.759858131408691,30.77457046508789,-6.500782012939453,0
match6_whistle_0371.mp4,0.0036309799179434,-47.915138244628906,72,4121.2158203125,2146.841684827049,-143.8975372314453,101.16861724853516,-7.654901027679443,39.383934020996094,-17.437400817871094,1
match6_whistle_0372.mp4,0.0114246346056461,-50.06145858764648,34,5865.156987028302,2672.005090830185,-139.12342834472656,69.17457580566406,19.98993492126465,47.77199935913086,-4.718710422515869,0
match6_whistle_0373.mp4,0.0458879731595516,-33.79985046386719,37,6322.686767578125,2582.8832959466167,-107.20646667480467,55.59577941894531,-0.2679459750652313,34.00041961669922,-16.862995147705078,0
match6_whistle_0374.mp4,0.0435653515160083,-37.03775787353516,41,5612.763977050781,2396.619601516145,-78.56379699707031,73.69415283203125,-27.217809677124023,11.058780670166016,-15.085790634155272,1
match6_whistle_0375.mp4,0.0060202875174582,-46.33691787719727,57,4357.116305443548,2220.1273436257547,-110.52100372314452,104.69886016845705,-8.195795059204102,41.01154708862305,-5.422240734100342,1
match6_whistle_0376.mp4,0.0179604180157184,-43.24723815917969,52,4834.2041015625,2274.540929897364,-108.7454605102539,85.06720733642578,-24.82047271728516,21.88895606994629,-12.344109535217283,1
match6_whistle_0377.mp4,0.009699709713459,-44.74250030517578,81,4198.974609375,2150.0461594794165,-151.54954528808594,105.48303985595705,-18.354761123657227,28.58059883117676,-17.389385223388672,1
match6_whistle_0378.mp4,0.0147768147289752,-45.49652099609375,54,4965.9454345703125,2421.580434329402,-46.53417205810547,95.44314575195312,-12.75873851776123,9.58530330657959,-18.087417602539062,1
match6_whistle_0379.mp4,0.0139263030141592,-49.83676528930664,62,4635.02197265625,2325.515291209137,-185.5162048339844,86.9320297241211,-8.041687965393066,38.85269546508789,-8.498420715332031,1
match6_whistle_0380.mp4,0.0250757914036512,-42.15938949584961,54,5862.180494225543,2480.4703873997605,-137.74778747558594,68.18165588378906,3.750518798828125,39.65474319458008,-14.033227920532228,0
match6_whistle_0381.mp4,0.0290337074548006,-41.25589370727539,50,5939.750262004573,2489.361347859749,-108.98696899414062,69.02267456054688,-5.242874622344971,26.928680419921875,-15.937176704406738,1
match6_whistle_0382.mp4,0.0375856049358844,-39.699249267578125,35,5528.8421630859375,2350.321029358236,-61.98013687133789,76.66035461425781,-44.44610595703125,6.8841094970703125,-9.228400230407717,0
match6_whistle_0383.mp4,0.0053077125921845,-49.03496551513672,56,3909.0533384342784,2172.1990071771497,-128.79067993164062,106.67623138427734,-9.693670272827148,33.76810073852539,-2.032047986984253,1
match6_whistle_0384.mp4,0.0177924577146768,-41.4808464050293,55,6489.613217213115,2633.3114974266914,-202.1295623779297,79.77396392822266,-1.2110941410064695,33.869911193847656,-11.934012413024902,0
match6_whistle_0385.mp4,0.0327208079397678,-40.498138427734375,33,6392.150236430921,2712.7481165654776,-139.71636962890625,71.95317840576172,12.666219711303713,44.09305191040039,-11.82711696624756,0
match6_whistle_0386.mp4,0.0184613931924104,-43.25121688842773,38,5304.570007324219,2448.392195412868,-86.9215087890625,85.53602600097656,-10.527182579040527,27.932085037231445,-12.361114501953123,0
match6_whistle_0387.mp4,0.0153270233422517,-42.313873291015625,44,4621.199984163852,2286.582214274362,-62.10125732421875,95.9879913330078,-24.814218521118164,10.293048858642578,-15.665079116821287,1
match6_whistle_0388.mp4,0.0084664728492498,-47.872169494628906,60,4450.936491593071,2186.939322928544,-126.64661407470705,104.26874542236328,-10.8253755569458,36.25117111206055,-12.19945240020752,1
match6_whistle_0389.mp4,0.017855517566204,-41.83121109008789,48,5020.481057363014,2355.7646261612263,-77.26107788085938,94.98186492919922,-21.409631729125977,20.283279418945312,-10.829524993896484,1
match6_whistle_0390.mp4,0.006846928037703,-46.53896331787109,45,4131.14501953125,2181.219208601816,-144.5325469970703,107.33800506591795,-8.171247482299805,36.85797500610352,-0.5633910894393921,0
match6_whistle_0391.mp4,0.0120569411665201,-46.22957611083984,81,4741.049592391304,2303.3159223195585,-159.29319763183594,87.70292663574219,3.963160991668701,37.85812759399414,-19.2844352722168,1
match6_whistle_0392.mp4,0.0251908041536808,-40.83562088012695,53,5454.254450563524,2422.5759939584327,-130.09872436523438,87.84266662597656,-19.406850814819336,25.6519718170166,-13.862626075744627,0
match6_whistle_0393.mp4,0.0291083510965108,-42.35990905761719,69,5170.216721754808,2342.4352506140417,-93.6377182006836,81.082275390625,-26.82481384277344,19.602184295654297,-10.039759635925291,1
match6_whistle_0394.mp4,0.0192325934767723,-42.290992736816406,42,4525.128384294181,2191.2216669150284,-61.730712890625,100.18942260742188,-37.76286315917969,11.239249229431152,-18.363689422607425,0
match6_whistle_0395.mp4,0.0180003121495246,-45.99325942993164,90,4766.80517578125,2229.328250002502,-136.5950164794922,86.31441497802734,-23.618566513061523,30.705528259277344,-9.389527320861816,1
match6_whistle_0396.mp4,0.0603358373045921,-37.37287521362305,35,6460.297393798828,2602.355804948786,-114.60775756835938,54.350624084472656,-1.5822043418884275,44.18952941894531,-4.453525543212891,0
match6_whistle_0397.mp4,0.0641582161188125,-38.55765151977539,36,7349.551391601562,2741.1938098288047,-120.68809509277344,41.30638885498047,14.781288146972656,35.47498321533203,-14.34057331085205,0
match6_whistle_0398.mp4,0.0514545254409313,-37.797401428222656,32,6887.675246147261,2709.431472617323,-89.99333190917969,44.77151107788086,9.78054904937744,39.74910354614258,-8.888833045959473,0
match6_whistle_0399.mp4,0.0198278669267892,-46.6953125,47,5316.406650230533,2447.728329394092,-87.54218292236328,80.4953842163086,-5.284793376922607,28.45574188232422,-15.677411079406738,0
match6_whistle_0400.mp4,0.019056724384427,-51.6258544921875,51,4764.787854646382,2331.023286116836,-101.51914978027344,95.35896301269533,-20.77943992614746,12.470207214355469,-13.52224063873291,1
match6_whistle_0401.mp4,0.012943010777235,-45.31548690795898,45,4828.2883864182695,2315.150291441453,-169.09713745117188,77.1535873413086,-11.678912162780762,38.343204498291016,3.0854761600494385,1
match6_whistle_0402.mp4,0.0130243841558694,-42.879974365234375,49,4580.192057291667,2304.8860642008344,-73.606201171875,94.00070190429688,-17.426288604736328,16.215782165527344,-15.712407112121582,1
match6_whistle_0403.mp4,0.0295232012867927,-42.87067031860352,28,5520.076497395833,2402.4556074590523,-57.37442398071289,86.00483703613281,-31.99412727355957,3.7663111686706543,-19.10076713562012,0
match6_whistle_0404.mp4,0.0680137649178505,-31.802955627441406,39,6140.489880792026,2431.63493684495,-93.97769927978516,65.02422332763672,-39.435489654541016,13.27882480621338,-4.430117607116699,0
match6_whistle_0405.mp4,0.0135099785402417,-45.28200912475586,97,4933.143503289473,2290.150814981465,-167.54107666015625,84.93197631835938,-8.853437423706055,38.88138961791992,-12.081502914428713,1
match6_whistle_0406.mp4,0.0491998307406902,-33.87179946899414,40,6655.402128575212,2642.265725484835,-150.73052978515625,51.16202163696289,3.3889858722686768,33.02445602416992,-8.826567649841309,0
match6_whistle_0407.mp4,0.0493235513567924,-34.8946647644043,34,6803.378401131466,2754.8824624697163,-75.69182586669922,49.9014892578125,5.422733783721924,41.19962310791016,-1.3115379810333252,0
match6_whistle_0408.mp4,0.0661075413227081,-31.617263793945312,55,7165.5672399009145,2694.419171360292,-105.9771728515625,32.409934997558594,10.566397666931152,55.93510437011719,-3.995375156402588,0
match6_whistle_0409.mp4,0.0896741151809692,-39.05873107910156,46,7336.031024639423,2687.9963530364025,-117.7937469482422,14.189258575439451,14.231903076171877,57.88890075683594,1.1071155071258545,0
match6_whistle_0410.mp4,0.0318520292639732,-37.25870513916016,38,6057.034560381356,2586.2632802572457,-63.72369766235352,62.71453857421875,-8.430313110351562,38.86030197143555,-3.3131134510040283,0
match6_whistle_0411.mp4,0.0288628973066806,-38.026065826416016,58,5294.748507724719,2361.017788892322,-54.93462371826172,79.4992446899414,-31.8288631439209,18.21416282653809,-10.100353240966797,1
match6_whistle_0412.mp4,0.0573776438832283,-41.70063781738281,30,5851.276687095905,2369.21755311059,-54.10221862792969,63.3822021484375,-46.198577880859375,12.07484531402588,-0.0593092702329158,0
match6_whistle_0413.mp4,0.0362557582557201,-39.77233123779297,67,4975.693497567807,2222.7851249683104,-59.65143203735352,68.34569549560547,-48.13923263549805,19.97661590576172,-7.044372081756592,1
match6_whistle_0414.mp4,0.0187131464481353,-47.68976211547852,58,4993.39599609375,2231.9481780850256,-191.5258026123047,74.2147445678711,-0.1649054735898971,52.79804611206055,-17.038862228393555,1
match6_whistle_0415.mp4,0.015867743641138,-44.21434020996094,38,4750.261106329449,2257.73213444476,-207.31854248046875,99.13140106201172,-4.109193325042725,45.15420913696289,-17.1921443939209,1
match6_whistle_0416.mp4,0.0156738888472318,-48.77251815795898,16,5297.16796875,2441.8274860954143,-141.9156036376953,86.14598846435547,-19.546789169311523,6.242366313934326,-21.771953582763672,0
match6_whistle_0417.mp4,0.0276484563946723,-35.19275665283203,51,5426.924080684267,2496.321592440703,-191.6641540527344,86.16600036621094,4.106026649475098,38.26961898803711,-4.004178047180176,0
match6_whistle_0418.mp4,0.0155425081029534,-40.72228240966797,44,5417.163479712702,2539.2233447126405,-195.7656707763672,83.83806610107422,4.551613807678223,50.44499588012695,6.298775672912598,0
match6_whistle_0419.mp4,0.0196121726185083,-45.5192756652832,47,5832.527949892241,2601.3118938272323,-193.68032836914065,90.89851379394533,4.402248859405518,39.70260238647461,4.484018802642822,0
match6_whistle_0420.mp4,0.0094553912058472,-48.24599838256836,57,3735.423473011364,1958.8607227754585,-128.43446350097656,118.3398666381836,-31.47975349426269,19.669757843017575,-16.65680503845215,0
match6_whistle_0421.mp4,0.0114842280745506,-45.92376327514648,68,4550.761612601902,2189.8928097500257,-148.58323669433594,99.47076416015624,-10.971592903137209,31.763158798217773,-18.349035263061523,1
match6_whistle_0422.mp4,0.0335128866136074,-34.352760314941406,50,6416.89453125,2593.864006651851,-194.5887756347656,70.72290802001953,10.278132438659668,43.66985321044922,-14.861507415771484,0
match6_whistle_0423.mp4,0.0104327034205198,-39.04962539672852,47,5600.965576171875,2397.79519816812,-165.1952362060547,90.2836456298828,-14.786203384399414,38.10321807861328,-8.152630805969238,0
match6_whistle_0424.mp4,0.0193450544029474,-36.6922607421875,49,5312.861659163135,2418.339868999162,-193.080810546875,99.71680450439452,-14.456169128417969,33.247596740722656,-6.27345085144043,0
match6_whistle_0425.mp4,0.0310663133859634,-30.946495056152344,50,5906.5198396381575,2514.606332127968,-198.0194396972656,84.61334228515625,-4.682070732116699,42.798465728759766,-4.976932048797607,0
match6_whistle_0426.mp4,0.0298709608614444,-39.66396331787109,23,5675.173561789773,2562.504303735079,-151.4657440185547,94.34230041503906,-7.290687561035156,19.915206909179688,-7.191389560699463,0
match6_whistle_0427.mp4,0.0140140587463974,-34.84112548828125,28,5541.143223024764,2519.7463992315948,-203.2182159423828,100.34339904785156,-0.5390660762786865,36.58467864990234,2.853543758392334,0
match6_whistle_0428.mp4,0.0096165547147393,-44.641361236572266,55,4729.474431818182,2259.9602671372763,-160.15841674804688,85.3912124633789,-7.0814313888549805,48.87697982788086,-4.639272689819336,1
match6_whistle_0429.mp4,0.0362885296344757,-35.61871719360352,61,6638.815079874067,2662.7584423879152,-133.22222900390625,57.69136047363281,9.544381141662598,46.50165557861328,-10.399599075317385,0
match6_whistle_0430.mp4,0.0498000942170619,-38.07919692993164,31,5957.708418996711,2487.811686065878,-102.0720443725586,67.28875732421875,-7.80183744430542,34.43851089477539,-15.86514949798584,0
match6_whistle_0431.mp4,0.0265710353851318,-40.07485580444336,50,5659.293421303354,2497.966172731251,-54.470001220703125,77.26875305175781,-23.383180618286133,6.062241554260254,-11.292752265930176,1
match6_whistle_0432.mp4,0.0420696623623371,-40.12039566040039,29,5478.1494140625,2370.753957283451,-72.37625885009766,76.10558319091797,-39.3447380065918,6.828263759613037,0.4579289257526397,0
match6_whistle_0433.mp4,0.0196819622069597,-43.70954513549805,49,4245.3538161057695,2163.179277800546,-122.51968383789062,97.73406982421876,-34.6062126159668,15.90893268585205,-4.152523994445801,1
match6_whistle_0434.mp4,0.0466039627790451,-34.905208587646484,37,6410.600210336538,2523.943093971724,-141.97598266601562,50.24347686767578,7.714949607849121,50.48515319824219,-7.341476440429687,0
match6_whistle_0435.mp4,0.0406672023236751,-39.95818328857422,35,5966.092936197917,2624.676075782311,-87.9775390625,68.84559631347656,-9.761981964111328,25.797731399536133,-3.64487886428833,0
match6_whistle_0436.mp4,0.027434641495347,-38.758880615234375,89,5267.057981329449,2410.6815478234457,-57.39036178588867,84.98770141601562,-19.27741432189941,19.172468185424805,-10.468058586120604,1
match6_whistle_0437.mp4,0.0213354006409645,-40.07795715332031,43,4881.3543911637935,2312.3184969975814,-127.52945709228516,101.45378112792967,-20.12977600097656,29.916704177856445,-3.1585636138916016,0
match6_whistle_0438.mp4,0.0151401897892355,-44.94214630126953,42,5076.746271306818,2375.343617544499,-110.88992309570312,101.99978637695312,-12.571858406066896,30.674467086791992,-1.895002007484436,0
match6_whistle_0439.mp4,0.0180766955018043,-41.67220687866211,49,4843.140380859375,2272.16814969638,-124.06106567382812,83.4039535522461,-11.727938652038574,36.52225112915039,-10.086790084838867,1
match6_whistle_0440.mp4,0.0301443040370941,-34.87248229980469,49,5595.3857421875,2427.1170062671304,-127.99819946289062,77.759765625,-16.115367889404297,35.44459915161133,-5.00903844833374,0
match6_whistle_0441.mp4,0.0173490829765796,-43.28672790527344,45,4589.925797259221,2263.419935892024,-74.3094253540039,97.02717590332033,-20.862043380737305,10.39798069000244,-10.870569229125977,1
match6_whistle_0442.mp4,0.0066099730320274,-47.16641616821289,65,4621.356670673077,2196.3335114397128,-225.45166015625,87.21879577636719,1.316408395767212,49.423099517822266,-13.35511875152588,1
match6_whistle_0443.mp4,0.0127051044255495,-40.15126419067383,68,4698.074656519397,2310.2184218195107,-70.84952545166016,93.66120147705078,-24.32548713684082,15.272207260131836,-12.873876571655272,1
match6_whistle_0444.mp4,0.0290202517062425,-42.85667037963867,64,6049.264026988636,2458.4906136151394,-113.94786834716795,64.11180877685547,-10.018133163452148,29.907072067260746,-18.722332000732425,1
match6_whistle_0445.mp4,0.0365546010434627,-36.601261138916016,37,6870.458984375,2626.141166503482,-157.52609252929688,39.52316284179688,13.508975982666016,58.09021759033203,-4.246471881866455,0
match6_whistle_0446.mp4,0.0141812143847346,-45.28082656860352,80,4293.586120605469,2195.865126492331,-85.6947021484375,97.37223815917967,-25.696325302124023,18.59872436523437,-5.143889427185059,1
match6_whistle_0447.mp4,0.0136601300910115,-42.59382629394531,35,5197.1923828125,2317.9954018838607,-134.35731506347656,88.70966339111328,-25.072893142700195,25.04092788696289,-12.254056930541992,0
match6_whistle_0448.mp4,0.0123960431665182,-40.78546905517578,26,4988.8347757273705,2279.729091844237,-126.74169158935548,87.45830535888672,-26.51188850402832,31.574068069458008,-13.275137901306152,1
match6_whistle_0449.mp4,0.0090772453695535,-44.40810394287109,27,4441.646550210674,2231.6061889513526,-155.02294921875,92.25948333740234,-16.31193733215332,39.2025032043457,-9.632747650146484,1
match6_whistle_0450.mp4,0.0222572218626737,-39.60514068603516,51,6219.617262620192,2595.617857791276,-110.90807342529295,78.48533630371094,-2.248212575912476,30.90108871459961,-12.26348114013672,0
match6_whistle_0451.mp4,0.0258919913321733,-43.56117630004883,53,4908.050321691177,2283.263043845512,-83.55279541015625,86.34246826171875,-26.97032356262207,22.19115829467773,-9.135575294494627,1
match6_whistle_0452.mp4,0.0164275914430618,-48.28790283203125,45,4593.063893037684,2252.742824654378,-231.0760498046875,90.45906066894533,-4.447263240814209,40.71073532104492,-10.262811660766602,1
match6_whistle_0453.mp4,0.0562531799077987,-34.03690719604492,56,6934.46044921875,2689.993855476024,-135.27264404296875,43.381256103515625,10.42820644378662,47.619117736816406,-7.999676704406738,0
match6_whistle_0454.mp4,0.0284721367061138,-38.972049713134766,37,6280.8269632273705,2614.008569930104,-113.75127410888672,78.1376724243164,-2.0590646266937256,26.71250343322754,-14.661734580993652,0
match6_whistle_0455.mp4,0.0479872152209281,-31.93759536743164,55,6855.830494950457,2746.608308301793,-109.0068817138672,51.42643737792969,12.886791229248049,43.02801132202149,-11.740978240966797,0
match6_whistle_0456.mp4,0.0482658185064792,-35.714599609375,37,6651.532192887931,2537.974579033578,-97.973388671875,39.549537658691406,-6.834836006164551,47.16861343383789,-2.482694387435913,0
match6_whistle_0457.mp4,0.0318867489695549,-39.92617416381836,40,6508.757954259073,2770.673640447876,-124.7389678955078,58.31725692749024,18.775026321411133,50.51774215698242,-8.56988525390625,0
match6_whistle_0458.mp4,0.0385978482663631,-38.87192535400391,40,6319.235121783088,2677.570051475588,-80.4040298461914,59.34126281738281,0.5225305557250977,38.99296951293945,-7.546040058135986,0
match6_whistle_0459.mp4,0.0417225509881973,-39.458492279052734,46,6370.638020833333,2628.560928550165,-48.784812927246094,73.30408477783203,-14.425475120544434,17.830141067504883,-12.433453559875488,0
match6_whistle_0460.mp4,0.0173533763736486,-42.93050384521485,42,5203.1097412109375,2356.1962005940472,-46.28145217895508,90.67621612548828,-29.37105941772461,-1.0753569602966309,-16.36687469482422,1
match6_whistle_0461.mp4,0.0143655948340892,-41.61861038208008,52,4165.3076171875,2110.5532033412605,-116.7857666015625,110.62358856201172,-33.48430633544922,25.527950286865234,-8.396608352661133,0
match6_whistle_0462.mp4,0.0097057903185486,-47.192508697509766,44,4286.211688701923,2237.3683794999183,-182.46078491210935,104.96370697021484,-5.917120456695557,33.98269271850586,-14.821938514709473,1
match6_whistle_0463.mp4,0.0473510548472404,-28.189971923828125,36,6872.93701171875,2741.929664005245,-167.70974731445312,58.71195602416992,10.099489212036133,44.36066436767578,-11.333687782287598,0
match6_whistle_0464.mp4,0.0205632001161575,-45.69873046875,37,5464.68898967161,2399.4406937169097,-149.65267944335938,88.75897216796875,-11.299154281616213,38.93177032470703,-0.591002345085144,0
match6_whistle_0465.mp4,0.0247258748859167,-43.69477844238281,28,5481.763089087702,2496.38345710322,-118.7060317993164,81.28085327148438,-3.388987302780152,38.96553802490234,1.6525208950042725,0
match6_whistle_0466.mp4,0.0626154989004135,-38.75626754760742,38,6359.720164331897,2628.808207375449,-123.94412231445312,64.12738037109375,-5.770774364471436,36.4780158996582,-5.243956565856934,0
match6_whistle_0467.mp4,0.0132925482466816,-45.96540069580078,45,4910.194463315217,2332.9831184791497,-141.36122131347656,104.0783233642578,-8.524774551391602,23.69523811340332,-19.02253150939941,1
match6_whistle_0468.mp4,0.0423978902399539,-34.89149475097656,46,5471.782670454545,2404.9578715040725,-63.862091064453125,82.57273864746094,-28.560510635375977,6.4624433517456055,-22.579652786254883,0
match6_whistle_0469.mp4,0.0188499577343463,-45.07949447631836,69,5694.953377016129,2415.6950363209044,-186.67718505859372,75.78409576416016,10.920766830444336,48.46675109863281,-18.39261054992676,1
match6_whistle_0470.mp4,0.0339607074856758,-40.05645751953125,20,6756.210708618164,2698.151532736975,-177.61788940429688,62.81040954589844,17.504135131835938,46.43677520751953,-5.901705741882324,0
match6_whistle_0471.mp4,0.0349621064960956,-40.218597412109375,38,6694.6728515625,2711.700843490768,-136.3706512451172,59.149993896484375,9.51762580871582,49.18510055541992,-3.1543684005737305,0
match6_whistle_0472.mp4,0.01161615177989,-44.12777328491211,46,4891.733106926306,2328.8431715424163,-110.37836456298828,103.12293243408205,-22.294565200805664,13.048709869384766,-12.529291152954102,1
match6_whistle_0473.mp4,0.0220601838082075,-44.10359573364258,53,4975.994769597458,2276.245120726107,-110.95635986328124,97.00447845458984,-29.96438789367676,12.290119171142578,-16.828493118286133,0
match6_whistle_0474.mp4,0.0303904097527265,-35.20830154418945,35,5752.892224542026,2528.225254416385,-173.18048095703125,82.48515319824219,-6.03522539138794,30.729082107543945,-12.971707344055176,0
match6_whistle_0475.mp4,0.006821702234447,-46.01860427856445,83,4168.561734858247,2033.460014650856,-189.1254425048828,96.44493865966795,-19.268598556518555,39.42284393310547,-14.068367958068848,1
match6_whistle_0476.mp4,0.0160307995975017,-36.02913284301758,26,4795.723470052083,2101.2504729242714,-114.74636840820312,82.53250885009766,-35.700557708740234,41.24281311035156,-6.295679569244385,0
match6_whistle_0477.mp4,0.0225326810032129,-36.25957107543945,39,5125.399263822115,2226.340825770769,-129.45945739746094,79.78497314453125,-28.869918823242188,42.8696517944336,-4.047295093536377,0
match6_whistle_0478.mp4,0.0291749872267246,-34.43968200683594,37,6194.12841796875,2554.551703375232,-122.09962463378906,76.33101654052734,-7.01123046875,36.9320182800293,-8.508206367492676,0
match6_whistle_0479.mp4,0.0434017889201641,-30.499923706054688,39,6542.034211705943,2535.335145594686,-136.97430419921875,55.63001251220703,2.544090509414673,52.34994125366211,-9.856541633605955,0
match6_whistle_0480.mp4,0.0632746815681457,-30.382551193237305,48,7062.415627872243,2642.3427027378693,-114.373291015625,41.54144287109375,5.820737361907959,52.28409957885742,-11.88381576538086,0
match6_whistle_0481.mp4,0.0562692917883396,-35.51853942871094,49,6925.957650198064,2702.826314363939,-98.28111267089844,45.17375564575195,7.0462646484375,46.76680374145508,-7.795320987701416,0
match6_whistle_0482.mp4,0.0494503788650035,-31.533716201782227,33,7027.799479166667,2587.842952573667,-146.8746795654297,34.30403137207031,24.87261009216309,46.43105316162109,-16.28553009033203,0
match6_whistle_0483.mp4,0.0421765521168708,-40.288570404052734,36,6149.652099609375,2413.757730444361,-135.60296630859375,46.6679801940918,2.977259874343872,43.735931396484375,-19.51278114318848,0
match6_whistle_0484.mp4,0.0803883671760559,-33.693485260009766,45,7210.120658414909,2663.092300517464,-92.72721862792967,27.80283737182617,8.586204528808594,39.6797981262207,-12.456672668457031,0
match6_whistle_0485.mp4,0.0157296676188707,-40.480201721191406,49,4743.841552734375,2278.6790801456204,-75.69568634033203,102.1914520263672,-27.54189109802246,15.021376609802246,-11.40179443359375,1
match6_whistle_0486.mp4,0.0199817437678575,-35.98265838623047,44,5405.563923463983,2473.742058765404,-137.70193481445312,95.67585754394533,-16.669145584106445,24.877227783203125,3.4035398960113525,0
match6_whistle_0487.mp4,0.0364987067878246,-38.13631439208984,28,5442.51708984375,2451.2049453477034,-89.37812805175781,83.00151062011719,-30.881193161010746,9.97085666656494,3.186388731002808,0
match6_whistle_0488.mp4,0.0101843988522887,-45.5146713256836,56,4289.946343925561,2107.0207436479504,-139.43453979492188,95.0850601196289,-22.277244567871094,36.8995475769043,-15.365907669067385,1
match6_whistle_0489.mp4,0.0296917762607336,-37.98512268066406,73,6106.258138020833,2576.7087252966294,-153.3739013671875,74.8156509399414,-3.425253391265869,36.6645736694336,-3.4094879627227783,0
match6_whistle_0490.mp4,0.0139649882912635,-43.00548553466797,35,4825.8984375,2376.7569657366635,-68.66068267822266,92.67119598388672,-19.8786563873291,-0.932537853717804,-20.186569213867188,1
match6_whistle_0491.mp4,0.0125292995944619,-40.14908981323242,58,4931.201393821023,2346.969366152134,-143.75331115722656,85.86966705322266,-9.836187362670898,39.25261306762695,-7.52895450592041,1
match6_whistle_0492.mp4,0.0198583770543336,-34.63195037841797,47,5152.479954769737,2404.928063135156,-243.83811950683597,98.2726058959961,-3.2107274532318115,35.35936737060547,-8.443960189819336,0
match6_whistle_0493.mp4,0.0690216869115829,-41.16347503662109,43,6581.31591796875,2555.6388805585616,-122.66996002197266,31.50928497314453,1.889494061470032,44.27951431274414,0.6021242737770081,0
match6_whistle_0494.mp4,0.0076452968642115,-47.34714126586914,61,4414.306640625,2013.3961920705035,-121.877197265625,102.3260498046875,-40.10581970214844,24.16092872619629,-17.457799911499023,0
match6_whistle_0495.mp4,0.0219192709773778,-43.640960693359375,73,4763.211822509766,2256.832879146157,-117.50418090820312,94.23114013671876,-21.19370460510254,22.822769165039062,-11.360580444335938,1
match6_whistle_0496.mp4,0.0252080094069242,-42.66572952270508,52,5201.82142991286,2354.3016863567814,-76.75407409667969,80.07462310791016,-26.155244827270508,21.16812515258789,-8.320521354675293,1
match6_whistle_0497.mp4,0.0122687155380845,-42.09152603149414,33,4932.868532274591,2410.989267701361,-147.9203338623047,96.1146240234375,-7.963857173919678,42.77922439575195,-3.0676164627075195,0
match6_whistle_0498.mp4,0.0141687197610735,-44.610626220703125,56,4782.8749545784885,2249.9193772110016,-158.80213928222656,86.48834228515625,-10.497709274291992,39.890235900878906,-16.266965866088867,1
match6_whistle_0499.mp4,0.0567035041749477,-37.45463180541992,67,6261.03515625,2538.273255756671,-76.7459716796875,51.35761260986328,-1.5355476140975952,35.9979248046875,-17.34344482421875,0
match6_whistle_0500.mp4,0.0133218308910727,-42.85140609741211,44,4617.236637163765,2269.5134047202714,-67.65361785888672,90.2457046508789,-22.12752723693848,15.957165718078612,-14.198259353637695,1
match6_whistle_0501.mp4,0.0417977236211299,-35.87550354003906,25,5946.240234375,2571.1667343621625,-77.4051513671875,82.87017822265625,-9.535934448242188,27.81220054626465,-3.9219677448272714,0
match6_whistle_0502.mp4,0.042889054864645,-45.31201553344727,27,5197.484088766164,2351.97174884635,-92.38655090332033,88.04057312011719,-23.069849014282227,12.391841888427734,-6.568711757659912,0
match6_whistle_0503.mp4,0.0174737460911273,-41.89554977416992,70,4932.2021484375,2318.878576581912,-147.7304229736328,82.34769439697266,-12.355989456176758,40.000221252441406,-4.635436534881592,1
match6_whistle_0504.mp4,0.0548442639410495,-38.61990737915039,51,6872.912203881048,2714.4683292191585,-124.86862182617188,54.61908721923828,0.2416142672300338,29.103296279907227,-12.405858993530272,0
match6_whistle_0505.mp4,0.0346704423427581,-39.587005615234375,35,6293.6767578125,2618.0829359603404,-70.10285186767578,69.54563903808594,-15.015923500061035,28.81163215637207,5.199616432189941,0
match6_whistle_0506.mp4,0.0440826192498207,-36.8332405090332,47,6461.8450927734375,2570.6169862565475,-105.4297866821289,65.18907165527344,-12.594319343566896,31.787811279296875,-11.179980278015137,0
match6_whistle_0507.mp4,0.046515055000782,-37.43691253662109,39,6747.317820581897,2718.513626353044,-108.20686340332033,60.98976135253906,7.580085277557373,33.907257080078125,-12.819662094116213,0
match6_whistle_0508.mp4,0.034296415746212,-36.93178176879883,40,6272.4853515625,2637.18649198688,-74.10650634765625,70.93152618408203,-2.1225287914276123,24.279600143432617,-13.797598838806152,0
match6_whistle_0509.mp4,0.0281143002212047,-39.518836975097656,45,5965.04835045856,2530.2986076760994,-51.43466567993164,74.66381072998047,-23.02597427368164,10.993431091308594,-11.30501651763916,1
match6_whistle_0510.mp4,0.017706274986267,-42.28898239135742,59,4596.072208180147,2193.249812617126,-89.33218383789062,88.6344985961914,-38.28726577758789,9.84019947052002,-14.200363159179688,1
match6_whistle_0511.mp4,0.0339459739625453,-45.85574722290039,43,5923.745727539063,2576.832835277281,-79.89873504638672,80.88338470458984,-20.057382583618164,-9.642294883728027,-18.040742874145508,0
match6_whistle_0512.mp4,0.0454746931791305,-33.355281829833984,31,6014.333123675848,2539.9266197100305,-153.13925170898438,77.29315185546875,-8.028491020202637,25.903921127319336,-14.363207817077637,0
match6_whistle_0513.mp4,0.0076270359568297,-45.73020935058594,70,6095.148414789244,2602.528169198718,-139.81959533691406,60.99313735961914,14.264705657958984,24.91554069519043,-2.555957317352295,0
match6_whistle_0514.mp4,0.0131137957796454,-40.8989486694336,94,4979.097010725635,2177.948620522375,-114.06378173828124,85.26372528076172,-26.58799934387207,19.547100067138672,-23.971704483032227,1
match6_whistle_0515.mp4,0.024005452170968,-43.85882186889648,39,4713.6181640625,2162.0135180958537,-80.54088592529297,85.8260498046875,-43.566932678222656,10.804261207580566,-19.73933982849121,0
match6_whistle_0516.mp4,0.0259880423545837,-37.31939315795898,46,4975.65497036638,2317.793943194576,-152.66775512695312,100.4656219482422,-16.44746208190918,19.525657653808597,-10.536373138427734,0
match6_whistle_0517.mp4,0.005531613714993,-43.097293853759766,93,4145.03173828125,2166.941726811317,-186.9745941162109,91.26554870605467,-10.151636123657228,34.12335968017578,-15.463367462158203,1
match6_whistle_0518.mp4,0.0628270283341407,-30.737607955932617,47,6761.226399739583,2533.485200612239,-125.54661560058594,49.905269622802734,-2.179555177688598,40.851165771484375,-20.18138313293457,0
match6_whistle_0519.mp4,0.0274954941123724,-42.60616302490234,93,5287.797037760417,2430.984093811904,-84.11132049560547,76.93099975585938,-10.603472709655762,24.802644729614254,-8.713709831237793,1
match6_whistle_0520.mp4,0.0191276501864194,-43.57197570800781,32,4944.2626953125,2233.0610895139657,-108.505126953125,92.3356475830078,-41.31240081787109,3.5709214210510254,-16.985183715820312,0
match6_whistle_0521.mp4,0.0166597887873649,-47.4865837097168,45,4750.9124755859375,2280.8597163509457,-98.38716888427734,101.22073364257812,-28.630672454833984,8.517938613891602,-3.959980964660645,0
match6_whistle_0522.mp4,0.013602745719254,-46.159324645996094,61,4469.601779513889,2176.6420859437176,-154.5840606689453,98.52948760986328,-22.151124954223636,31.120723724365234,-6.747245788574219,1
match6_whistle_0523.mp4,0.0187994055449962,-38.9488639831543,54,5697.872792119565,2238.6142598471115,-135.1601104736328,64.9508056640625,-30.4937686920166,46.09340286254883,-7.211962699890137,0
match6_whistle_0524.mp4,0.0209298767149448,-41.58294296264648,46,5299.581172548491,2467.872167097462,-175.77386474609375,95.21185302734376,-4.578228950500488,34.208091735839844,-6.848578929901123,0
match6_whistle_0525.mp4,0.0384032651782035,-41.62554931640625,48,6741.070175170898,2756.8442864364583,-117.09860229492188,53.77803421020508,8.63403606414795,51.12021255493164,0.0535460263490676,0
match6_whistle_0526.mp4,0.0253724642097949,-39.03351211547852,89,5210.489024286685,2315.4972334354266,-103.1657485961914,77.27040100097656,-18.007043838500977,33.2972412109375,-5.909371852874756,0
match6_whistle_0527.mp4,0.0311075672507286,-31.688161849975582,43,5160.379178406763,2298.257943078079,-90.14855194091795,94.98731231689452,-32.84315872192383,19.45235252380371,-7.405944347381592,0
match6_whistle_0528.mp4,0.0095835579559206,-44.49968719482422,52,4436.841388081395,2212.2246117157906,-153.17251586914062,79.9952163696289,-18.78120231628418,39.660194396972656,-0.4181501567363739,1
match6_whistle_0529.mp4,0.0366579629480838,-41.83339309692383,50,6193.928000710227,2562.213346895414,-143.4977264404297,64.7552490234375,-1.8776150941848757,38.04409790039063,-1.0781906843185425,0
match6_whistle_0530.mp4,0.0320311747491359,-36.81650161743164,49,5947.265625,2527.4361824110388,-167.20156860351562,70.24202728271484,2.822298765182495,44.670841217041016,-6.883381366729736,0
match6_whistle_0531.mp4,0.0390648916363716,-38.810916900634766,42,5969.615342881944,2579.3750444975303,-81.18284606933594,73.92716979980469,-3.8002636432647705,31.086336135864254,-10.384894371032717,0
match6_whistle_0532.mp4,0.0328497812151908,-41.70060729980469,39,5623.450741525424,2513.7214374928426,-146.7295379638672,79.50530242919922,-3.627358675003052,34.7876091003418,-12.13352108001709,0
match6_whistle_0533.mp4,0.0495959669351577,-34.5013542175293,43,7252.121803977273,2764.645839081652,-104.01351928710938,40.78533935546875,16.182098388671875,39.68873977661133,-12.759906768798828,0
match6_whistle_0534.mp4,0.0602036565542221,-34.05009841918945,35,6529.852605270127,2618.316737644186,-101.0767593383789,58.12480163574219,-2.231663227081299,34.05768585205078,-12.962101936340332,0
match6_whistle_0535.mp4,0.0322813615202903,-37.959320068359375,61,5318.05517578125,2394.086928629082,-57.47506332397461,86.4363021850586,-22.712705612182617,16.59168815612793,-8.789640426635742,1
match6_whistle_0536.mp4,0.0168000385165214,-46.45375061035156,45,4320.098876953125,2167.078678739628,-129.83412170410156,110.58431243896484,-29.37044906616211,13.345831871032717,-7.24216365814209,0
match6_whistle_0537.mp4,0.0566850714385509,-33.26596450805664,36,5984.3505859375,2441.0425466323795,-97.8909149169922,77.94143676757812,-29.427658081054688,13.62289810180664,-14.428431510925291,0
match6_whistle_0538.mp4,0.0312634631991386,-34.57744216918945,35,5212.630208333333,2298.038652909609,-98.00762176513672,93.18079376220705,-40.48167419433594,9.85332489013672,-12.375615119934082,0
match6_whistle_0539.mp4,0.012616972438991,-46.60551071166992,92,4682.6612903225805,2245.886049567712,-219.7147521972656,87.39006042480469,-2.816524744033813,49.20781707763672,-11.043328285217283,1
match6_whistle_0540.mp4,0.0322434827685356,-39.906097412109375,32,5838.787841796875,2296.679138247373,-90.06448364257812,56.0782470703125,-43.66012191772461,26.6966552734375,-7.685111045837402,0
match6_whistle_0541.mp4,0.0435127317905426,-36.58828353881836,34,7014.5263671875,2772.643697418963,-131.43846130371094,63.78303909301758,0.5791254639625549,29.52865219116211,-8.414297103881836,0
match6_whistle_0542.mp4,0.0143716465681791,-42.21708297729492,53,4850.35400390625,2306.730138252301,-96.72227478027344,93.04629516601562,-27.36903190612793,10.30631160736084,-16.18811798095703,1
match6_whistle_0543.mp4,0.0124957058578729,-43.985801696777344,97,4290.001331676136,2153.682215318317,-131.44601440429688,105.8472900390625,-31.43917655944824,18.571441650390625,-14.693257331848145,1
match6_whistle_0544.mp4,0.0725392550230026,-29.39799690246582,42,6757.776085805085,2577.9772091217465,-175.54396057128906,36.51665115356445,5.190854549407959,55.364253997802734,-10.643132209777832,0
match6_whistle_0545.mp4,0.024540577083826,-38.82450485229492,56,6195.533203125,2670.722078026047,-105.12894439697266,71.92225646972656,8.953069686889648,38.27610778808594,-5.670228004455566,0
match6_whistle_0546.mp4,0.0152274314314126,-42.64692306518555,52,4821.5533447265625,2345.141432997627,-79.2204360961914,96.78324127197266,-18.846189498901367,4.25233793258667,-23.519166946411133,1
match6_whistle_0547.mp4,0.0143498862162232,-46.05099868774414,34,4894.306269778481,2295.351280165616,-178.00482177734375,74.54593658447266,-19.1796989440918,33.3843994140625,-5.3337273597717285,1
match6_whistle_0548.mp4,0.0539180412888526,-39.9410285949707,35,6613.148900082237,2628.6731411443,-96.5844955444336,53.997337341308594,3.3125693798065186,29.71139144897461,-17.895448684692383,0
match6_whistle_0549.mp4,0.0299429129809141,-41.15573501586914,38,6073.611582880435,2572.152414175007,-83.8170394897461,75.1449966430664,-15.276418685913086,13.655547142028809,-14.432754516601562,0
match6_whistle_0550.mp4,0.0641052648425102,-32.70720291137695,40,7251.113891601562,2628.7253662743656,-175.60330200195312,29.41084098815918,19.20529556274414,54.01842880249024,-10.487006187438965,0
match6_whistle_0551.mp4,0.0226642023772001,-44.052772521972656,73,4896.676974826389,2364.4497337293355,-84.31642150878906,93.31353759765624,-11.450121879577637,17.71795654296875,-8.872025489807129,1
match6_whistle_0552.mp4,0.0098123271018266,-43.99644088745117,63,4556.996540850903,2152.0779061885737,-194.48411560058597,94.63912963867188,-17.881113052368164,28.893707275390625,-20.705677032470703,1
match6_whistle_0553.mp4,0.0880268588662147,-28.416261672973636,48,7194.438920454545,2661.8695754930745,-165.5893096923828,31.25489616394043,11.630695343017578,50.55779647827149,-7.706782341003418,0
match6_whistle_0554.mp4,0.0740929618477821,-29.424070358276367,44,7068.91262248411,2683.641948080015,-154.3741912841797,31.83496856689453,10.20883846282959,52.530303955078125,-2.088975191116333,0
match6_whistle_0555.mp4,0.0469730570912361,-38.46091842651367,41,6778.065074573864,2772.828520260436,-91.3001708984375,53.12535095214844,8.592157363891602,39.269474029541016,2.619349241256714,0
match6_whistle_0556.mp4,0.0512257106602191,-32.90631866455078,38,6672.270764802632,2719.047206423628,-139.629150390625,65.99541473388672,4.359377384185791,29.503421783447266,-13.262245178222656,0
match6_whistle_0557.mp4,0.037271000444889,-38.24150848388672,47,6201.5625,2589.219890090741,-115.3132781982422,63.65384292602539,0.1260242909193039,39.294212341308594,-4.254473209381104,0
match6_whistle_0558.mp4,0.0401829816401004,-39.186065673828125,44,6257.808711610991,2598.42086335362,-93.27430725097656,69.43516540527344,-5.529885768890381,37.28155899047852,-4.901874542236328,0
match6_whistle_0559.mp4,0.0409576632082462,-39.965110778808594,45,6034.190784801136,2499.3812902580207,-72.99620056152344,67.51996612548828,-16.358938217163086,26.733259201049805,-13.789498329162598,0
match6_whistle_0560.mp4,0.0369577594101429,-39.21571350097656,31,5450.592041015625,2446.620877174207,-75.66243743896484,80.248046875,-22.0909423828125,19.37333869934082,-12.786956787109377,0
match6_whistle_0561.mp4,0.0701815858483314,-40.14801025390625,50,6146.443927821829,2528.168227602501,-78.24943542480469,61.26354217529297,-17.680559158325195,20.38703727722168,-12.997344970703123,0
match6_whistle_0562.mp4,0.048403225839138,-39.52661895751953,73,6562.351318359375,2699.96338344294,-89.49696350097656,60.83623504638672,-2.9798803329467773,35.49987030029297,-4.352097034454346,1
match6_whistle_0563.mp4,0.0254240445792675,-37.71430206298828,44,4498.144931480533,2178.5986047348024,-86.2031478881836,99.80792999267578,-38.13940048217773,3.216702461242676,-18.32563781738281,1
match6_whistle_0564.mp4,0.0135149676352739,-42.1822509765625,102,5180.24468823014,2289.988424510258,-146.07476806640625,93.01630401611328,-9.9938383102417,37.8234977722168,-12.921282768249512,1
match6_whistle_0565.mp4,0.0134866768494248,-43.98038101196289,62,5040.478515625,2129.386876508106,-107.2777099609375,70.13343048095703,-47.97035598754883,28.2960147857666,-4.822582244873047,0
match6_whistle_0566.mp4,0.0396003983914852,-36.68802261352539,41,6649.844637784091,2669.8380040978864,-99.79698944091795,62.80621719360352,-6.526756763458252,26.28260040283203,-6.282869338989258,0
match6_whistle_0568.mp4,0.0222908500581979,-42.110599517822266,49,4761.466944494913,2281.197714706333,-62.91527938842773,90.99307250976562,-25.050477981567383,15.316876411437988,-11.658395767211914,1
match6_whistle_0569.mp4,0.0227544717490673,-39.53184127807617,65,4791.605808423913,2238.728487041803,-112.48789978027344,87.9208755493164,-31.584936141967773,18.120590209960938,-12.813806533813477,1
match6_whistle_0570.mp4,0.0139115937054157,-45.21500015258789,55,4899.700927734375,2370.497274468213,-95.44174194335938,96.87332153320312,-12.628259658813477,6.658223628997803,-21.77793884277344,1
match6_whistle_0571.mp4,0.0172906443476676,-42.75119018554688,46,5304.081260279605,2416.11480270659,-177.14926147460938,83.65994262695312,1.4874004125595093,31.95070457458496,-20.511638641357425,1
match6_whistle_0572.mp4,0.0269444473087787,-41.03464889526367,39,5126.909676244703,2293.7628128747574,-87.65901184082031,85.49956512451172,-25.933744430541992,26.588476181030277,-8.200316429138184,0
match6_whistle_0573.mp4,0.0528847947716712,-40.56686019897461,37,5778.532936789773,2435.4837556466587,-155.6536865234375,74.62516021728516,-13.539987564086914,27.76242446899414,-17.537471771240234,0
match6_whistle_0574.mp4,0.0623637735843658,-39.938697814941406,38,6403.178175834761,2533.435400156756,-93.9849853515625,51.09730911254883,-0.5307208299636841,33.50521469116211,-14.695966720581056,0
match6_whistle_0575.mp4,0.0184592306613922,-43.68256759643555,48,5365.567555147059,2417.2255969161893,-60.042457580566406,82.1935806274414,-22.587928771972656,4.728473663330078,-13.26620101928711,1
match6_whistle_0576.mp4,0.0312914438545703,-46.09016418457031,30,5208.4033203125,2383.2421436308923,-102.95905303955078,78.45120239257812,-26.1776123046875,24.629093170166016,-1.3711857795715332,1
match6_whistle_0577.mp4,0.0604985058307647,-36.49777603149414,48,7041.722391419492,2741.1488768026825,-117.03860473632812,39.6153678894043,14.085447311401367,38.76521682739258,-11.34947681427002,0
match6_whistle_0579.mp4,0.0340084843337535,-46.92627716064453,53,5151.752387152777,2436.37452133919,-75.59049224853516,92.17057037353516,-18.506872177124023,14.272326469421388,-2.890133619308472,1
match6_whistle_0580.mp4,0.0099227260798215,-47.75944519042969,42,3953.6706872888512,2031.837281630077,-110.94905090332033,110.1417999267578,-29.38130569458008,30.30586242675781,-7.373421192169189,1
match6_whistle_0581.mp4,0.010906028561294,-44.09024810791016,51,4225.802862448771,2049.377076963497,-135.83314514160156,94.51248931884766,-49.21766662597656,6.084997177124023,-14.56649112701416,0
match6_whistle_0582.mp4,0.034426461905241,-40.717559814453125,31,5524.441139914773,2409.9917246017594,-96.4281234741211,74.77870178222656,-31.132858276367188,25.174711227416992,3.4787886142730717,0
match6_whistle_0583.mp4,0.0455298833549022,-34.1640510559082,35,6338.973533501059,2519.831925170541,-111.44327545166016,57.09360504150391,-17.013914108276367,24.92240333557129,-16.19938850402832,0
match6_whistle_0584.mp4,0.0446750074625015,-39.54801559448242,47,6608.785354034811,2640.046426151008,-90.03897857666016,47.55828857421875,-8.53474235534668,32.53011703491211,-9.399625778198242,0
match6_whistle_0585.mp4,0.0442051142454147,-33.64205551147461,34,7075.069239882172,2720.839041478438,-167.75494384765625,45.76130676269531,17.33161735534668,53.46624755859375,-10.065054893493652,0
match6_whistle_0586.mp4,0.0133725134655833,-44.45958709716797,64,4476.887512207031,2247.1652506385044,-68.23786163330078,99.552734375,-27.91255569458008,-5.462965488433838,-18.46792221069336,1
match6_whistle_0587.mp4,0.0075527084991335,-45.17509460449219,66,3950.4899733137377,2098.265375428678,-141.16993713378906,108.25846862792967,-17.804359436035156,25.629056930541992,-19.10450935363769,1
match6_whistle_0588.mp4,0.0386866554617881,-38.71456909179688,29,6059.926000134698,2623.6621628118555,-74.98207092285156,69.63052368164062,-3.237485647201538,35.67402267456055,-3.1545891761779785,0
match6_whistle_0589.mp4,0.0199279580265283,-46.33293914794922,53,4868.087230009191,2332.71070254207,-74.90695190429688,93.5830307006836,-21.294328689575195,18.157377243041992,-6.726200580596924,1
match6_whistle_0590.mp4,0.0030592128168791,-45.65068435668945,73,3758.62060546875,2058.320083027727,-158.2045135498047,109.51907348632812,-17.063133239746094,46.40574645996094,-4.394664764404297,1
match6_whistle_0591.mp4,0.0154866660013794,-45.55501937866211,40,4920.924183238636,2356.131145700668,-195.76431274414065,99.6416015625,-4.746249198913574,35.10659408569336,-14.615368843078612,0
match6_whistle_0592.mp4,0.0560329668223857,-34.73332214355469,22,7044.489524147727,2810.21617060626,-113.08746337890624,43.28998565673828,13.903559684753418,46.93625259399414,-4.937864780426025,0
match6_whistle_0593.mp4,0.038413006812334,-36.30065536499024,41,6214.3996018629805,2644.7119361606724,-90.60134887695312,61.00815582275391,1.135311484336853,41.17568588256836,-7.257266521453857,0
match6_whistle_0594.mp4,0.0131249371916055,-44.38677215576172,49,5053.2685546875,2376.4945746284047,-83.25833892822266,84.6761703491211,-20.70587158203125,14.056979179382324,-17.177202224731445,1
match6_whistle_0595.mp4,0.0591195337474346,-38.30310821533203,35,6128.104294402689,2412.6019616676917,-130.14163208007812,53.54711532592773,-41.09659957885742,12.713080406188965,-1.3837844133377075,1
match6_whistle_0596.mp4,0.0558611936867237,-35.169273376464844,35,5969.552791819853,2387.66960631017,-141.7493133544922,63.66324996948242,-37.91558837890625,10.554603576660156,-8.90234088897705,1
match6_whistle_0597.mp4,0.0278222505003213,-37.82328414916992,38,5744.230393629808,2496.019876285025,-131.3889923095703,89.43013763427734,-14.178143501281738,21.606651306152344,-7.768309116363525,0
match6_whistle_0598.mp4,0.0090678930282592,-44.840850830078125,103,5530.222016731194,2398.1261693419297,-67.07845306396484,72.3706283569336,-6.966181755065918,12.188566207885742,-9.615707397460938,1
match6_whistle_0599.mp4,0.03629170358181,-39.99222183227539,42,5414.467259457237,2400.288529672293,-160.03009033203125,81.37619018554688,-21.05055809020996,33.574729919433594,0.0893380716443061,0
match6_whistle_0600.mp4,0.009317297488451,-45.05863952636719,84,4280.914113898027,2234.7679537874515,-176.4374237060547,101.01441192626952,-7.44531774520874,26.424562454223636,-17.49508285522461,1
match6_whistle_0601.mp4,0.0688383653759956,-34.370750427246094,32,6954.853347252155,2675.3309585318766,-167.80715942382812,42.69839859008789,9.655884742736816,46.07533264160156,-9.99586296081543,0
match6_whistle_0602.mp4,0.0577790215611457,-38.63948822021485,35,6979.188980594759,2689.593869475258,-150.5299530029297,53.78152084350586,11.497382164001465,35.06782150268555,-25.35392189025879,0
match6_whistle_0603.mp4,0.0213575735688209,-41.219200134277344,82,4887.693494431516,2309.9805346782723,-50.78432083129883,90.14048767089844,-31.439231872558597,4.842730045318604,-14.308812141418455,1
match6_whistle_0604.mp4,0.033521331846714,-45.09733963012695,26,5030.594889322917,2326.8406081060684,-89.40743255615234,82.9166488647461,-33.246429443359375,13.628073692321776,-6.898497581481934,0
match6_whistle_0605.mp4,0.0329014211893081,-42.37073516845703,38,5482.494716956967,2430.866076168419,-75.6483154296875,82.3045654296875,-28.17182731628418,6.535110950469971,-17.699247360229492,0
match6_whistle_0606.mp4,0.0075438050553202,-44.69511413574219,115,4602.460842688107,2198.2051578926835,-180.7219390869141,83.33625793457031,-5.754931449890137,47.432167053222656,-5.821285724639893,1
match6_whistle_0607.mp4,0.0184968374669551,-44.95894241333008,35,4998.2025146484375,2435.9417107621475,-172.2761993408203,93.33220672607422,-3.973791360855103,46.99080276489258,8.490882873535156,0
match6_whistle_0608.mp4,0.0222933646291494,-37.515663146972656,59,6110.436480978261,2569.0759130446068,-170.99435424804688,76.36163330078125,3.2547712326049805,48.5938606262207,-8.463701248168945,0
match6_whistle_0609.mp4,0.0138012561947107,-39.81348037719727,27,4981.021395596591,2388.929573589649,-84.56214141845703,82.80792236328125,-6.608850002288818,41.04854583740234,-11.28120231628418,0
match6_whistle_0610.mp4,0.0235609710216522,-44.69588470458984,54,5358.592810997596,2423.658571076279,-73.38372802734375,83.20362091064453,-20.87633514404297,20.16875457763672,-4.308178424835205,1
match6_whistle_0611.mp4,0.0033779828809201,-46.99121475219727,91,4027.03857421875,2249.618416856498,-164.03761291503906,91.5619125366211,0.919577956199646,52.311771392822266,-1.6757678985595703,1
match6_whistle_0612.mp4,0.0139229986816644,-42.09507369995117,51,4350.87449407003,2168.360684128756,-67.47881317138672,99.89027404785156,-36.0070686340332,5.566296100616455,-20.6069278717041,1
match6_whistle_0613.mp4,0.0191870853304862,-39.64374923706055,23,4857.731119791667,2209.5396609600216,-77.03356170654297,85.16217041015625,-46.66041946411133,17.320295333862305,-8.252379417419434,0
match6_whistle_0614.mp4,0.0296416673809289,-43.62670516967773,24,5456.400339226973,2389.5776934229443,-119.83875274658205,91.76412963867188,-22.89862823486328,19.29585647583008,-8.810246467590332,0
match6_whistle_0615.mp4,0.0362088494002819,-48.25917434692383,37,6168.897725768008,2533.740553136477,-131.86392211914062,61.19940185546875,-9.835535049438477,28.75861549377441,-3.627884149551392,0
match6_whistle_0616.mp4,0.0059575801715254,-47.0223274230957,66,4278.255948153409,2087.9194196352546,-173.21681213378906,91.5119857788086,-17.825801849365234,43.95978164672852,-11.402517318725586,1
match6_whistle_0617.mp4,0.0071663320995867,-48.3509635925293,81,3733.773526278409,2058.828696658037,-108.17035675048828,106.46170043945312,-28.364124298095703,17.104169845581055,1.2407848834991455,1
match6_whistle_0618.mp4,0.0083249807357788,-45.46305465698242,63,4071.668419471154,2118.7902662648203,-135.05104064941406,102.38732147216795,-20.115278244018555,32.16853332519531,-18.357192993164062,1
match6_whistle_0619.mp4,0.0328969545662403,-37.0615119934082,53,5749.564615885417,2482.0491764663184,-75.75212860107422,76.94122314453125,-13.56045913696289,30.589513778686523,-10.453428268432615,0
match6_whistle_0620.mp4,0.0333596840500831,-40.89361953735352,68,5308.080064928209,2279.470041033548,-81.65470123291016,82.19026184082031,-25.45715713500977,27.88275909423828,-5.587203979492188,0
match6_whistle_0621.mp4,0.0559782981872558,-39.42344665527344,32,6260.880380306604,2507.5597469223726,-70.70589447021484,55.567630767822266,-23.924829483032227,22.154296875,-7.602724552154541,0
match6_whistle_0622.mp4,0.0460223592817783,-39.17645263671875,95,5540.7515625,2410.1439242336864,-46.9090576171875,70.14617156982422,-22.23061752319336,18.804841995239254,-12.852825164794922,0
match6_whistle_0623.mp4,0.011253704316914,-45.60844802856445,41,5009.024513373941,2234.867496713344,-92.52643585205078,85.51966094970703,-37.15386199951172,10.24067211151123,-16.03278350830078,0
match6_whistle_0624.mp4,0.0089624933898448,-44.69588470458984,32,4373.671402469759,2063.595859009055,-99.25243377685548,98.1893081665039,-43.59992599487305,12.364631652832031,-34.047359466552734,0
match6_whistle_0625.mp4,0.0327940098941326,-44.89403533935547,34,4977.696912042026,2278.590975386231,-65.11139678955078,85.39704132080078,-30.22627067565918,13.489404678344728,-15.596726417541504,0
match6_whistle_0626.mp4,0.0348355919122695,-43.259578704833984,25,5163.981119791667,2298.811064691567,-63.19673156738281,78.49652862548828,-38.55441284179688,10.49262523651123,-17.71323585510254,0
match6_whistle_0627.mp4,0.0040874448604881,-48.73440933227539,74,4107.986270680147,2134.2938438068245,-151.77923583984375,94.7205047607422,-8.909088134765625,42.682273864746094,-8.497245788574219,1
match6_whistle_0628.mp4,0.0216433107852935,-43.28264617919922,52,5154.885284810127,2420.4086706124945,-73.44802856445312,92.148681640625,-17.785118103027344,11.62962818145752,-14.435860633850098,1
match6_whistle_0629.mp4,0.0119787193834781,-45.412715911865234,69,4368.683166503906,2175.5581740456832,-185.4815673828125,99.57625579833984,-14.068069458007812,34.194026947021484,-11.19367504119873,1
match6_whistle_0630.mp4,0.0124786533415317,-42.64677810668945,79,4326.07000942888,2185.54788347804,-56.40640258789063,99.93390655517578,-30.11796760559082,5.336562633514404,-20.62818717956543,1
match6_whistle_0631.mp4,0.0343304798007011,-39.762393951416016,42,5188.818359375,2345.706347465821,-114.48733520507812,89.84196472167969,-26.66734504699707,8.108530044555664,-18.191295623779297,1
match6_whistle_0632.mp4,0.0097530614584684,-48.807525634765625,86,4765.7763671875,2297.499580940979,-243.9494171142578,91.72918701171876,10.89335823059082,48.32686614990234,-8.019937515258789,1
match6_whistle_0633.mp4,0.0547114312648773,-31.02899169921875,35,6993.54641154661,2644.0318344492525,-164.21351623535156,29.30337142944336,18.67544937133789,61.55952072143555,-9.648893356323242,0
match6_whistle_0634.mp4,0.0219935122877359,-39.75197982788086,58,5805.3515625,2565.5424710848115,-99.10960388183594,71.89427947998047,1.7441256046295166,37.76176071166992,-3.8624770641326895,0
match6_whistle_0635.mp4,0.0214480888098478,-43.608158111572266,33,5394.78515625,2380.3162050820724,-96.85643768310548,87.80467224121094,-23.661436080932617,28.71581649780273,-3.323775053024292,0
match6_whistle_0636.mp4,0.0590582974255085,-29.83683586120605,32,6758.784916715802,2585.4474377189217,-171.0601806640625,32.305084228515625,11.165911674499512,56.8604621887207,-11.79024887084961,0
match6_whistle_0637.mp4,0.0598393641412258,-38.793399810791016,33,6633.462074154713,2664.896514934242,-78.8775634765625,45.04456329345703,-1.9492743015289309,31.24000358581543,-9.118005752563477,0
match6_whistle_0638.mp4,0.0374158024787902,-42.42512130737305,51,6547.7007054570895,2706.2342458501607,-115.36255645751952,61.47711563110352,7.939105987548828,30.42658233642578,-12.289546966552734,0
match6_whistle_0639.mp4,0.0399062298238277,-39.596309661865234,46,6002.033061365927,2599.016161465217,-80.54121398925781,70.0746078491211,-7.958856105804443,25.94722366333008,-13.693401336669922,0
match6_whistle_0640.mp4,0.0552233457565307,-38.37118148803711,51,6344.561165823064,2547.821475110325,-135.27685546875,54.13565444946289,3.3685402870178223,44.28023147583008,-17.514455795288086,0
match6_whistle_0641.mp4,0.048604529350996,-43.61959457397461,52,6597.110877403846,2602.480068649488,-121.19232940673828,52.06254959106445,4.29090690612793,31.29383087158203,-27.06781005859375,0
match6_whistle_0642.mp4,0.0329672880470752,-42.91666793823242,66,6345.1171875,2714.3313186527675,-82.32266998291016,64.43877410888672,8.778057098388672,32.63410186767578,-13.599404335021973,0
match6_whistle_0643.mp4,0.012978071346879,-41.76390075683594,58,5297.291722790948,2334.939908574151,-70.68638610839844,85.27830505371094,-25.94182777404785,9.473742485046388,-21.45475006103516,1
match6_whistle_0644.mp4,0.0423662550747394,-32.96737289428711,61,5275.001436121323,2368.8608502768766,-117.78623962402344,85.68655395507812,-32.82160949707031,7.981718063354492,-7.657646656036377,1
match6_whistle_0645.mp4,0.0078271301463246,-46.273223876953125,90,4591.901189630682,2218.8285274321847,-223.64356994628903,81.76073455810547,1.8879032135009768,57.5034408569336,-4.185341835021973,1
match6_whistle_0646.mp4,0.0415554642677307,-41.73958206176758,58,6166.640061598558,2577.585093742248,-110.6572494506836,64.2932357788086,-0.5004145503044128,35.17641067504883,-8.362397193908691,0
match6_whistle_0647.mp4,0.0496237315237522,-34.88924789428711,53,6067.0654296875,2538.185001270015,-175.87771606445312,62.50493240356445,5.774408340454102,38.68290710449219,-18.292011260986328,0
match6_whistle_0648.mp4,0.0293733365833759,-39.20673751831055,38,6177.299735915493,2648.3694157533405,-107.82899475097656,68.63845825195312,4.624557018280029,37.917266845703125,-8.389694213867188,0
match6_whistle_0649.mp4,0.0208232700824737,-42.20302963256836,44,5177.955163043478,2431.2730592674397,-49.10693740844727,93.1784210205078,-19.406814575195312,3.2873358726501465,-10.475625991821287,1
match6_whistle_0650.mp4,0.021926399320364,-44.19987106323242,67,4885.908827670785,2284.809454466157,-150.4215087890625,83.84609985351562,-26.48031616210937,18.61975860595703,-7.919142723083496,1
match6_whistle_0651.mp4,0.0337976701557636,-43.29925537109375,39,6525.5859375,2680.4485546053534,-113.57696533203124,50.497596740722656,11.020465850830078,51.904327392578125,0.5180719494819641,0
match6_whistle_0652.mp4,0.0241227280348539,-41.791969299316406,33,5905.953176398027,2556.090483468205,-95.8260726928711,65.81903839111328,-2.2839372158050537,51.02595901489258,-5.776782989501953,0
match6_whistle_0653.mp4,0.0183094907552003,-41.37127304077149,92,4944.764364919355,2266.1342860700497,-106.0615005493164,89.60309600830078,-29.810134887695312,15.453232765197754,-16.137706756591797,1
match6_whistle_0654.mp4,0.0376555435359478,-32.3127555847168,33,5702.7099609375,2348.2310712806047,-145.35726928710938,76.24711608886719,-23.51803398132324,28.55400276184082,-9.875218391418455,0
match6_whistle_0655.mp4,0.0281969346106052,-36.22330474853516,37,5048.025030838816,2246.3075455461203,-115.24581909179688,94.58285522460938,-34.58820724487305,13.563145637512209,-14.389433860778809,0
match6_whistle_0656.mp4,0.0613792389631271,-45.12406539916992,37,6373.436612215909,2590.8769822608124,-90.08909606933594,65.87373352050781,-25.213172912597656,9.623295783996582,-12.366103172302246,0
match6_whistle_0657.mp4,0.0712370201945304,-29.90680313110352,36,6121.966552734375,2519.584805853444,-76.34037017822266,68.30298614501953,-29.875436782836918,8.962242126464844,-15.292654991149902,0
match6_whistle_0658.mp4,0.0341778881847858,-34.25300598144531,24,4832.0892333984375,2267.599673748152,-70.63533020019531,94.18714904785156,-34.675621032714844,9.355545043945312,-5.540660858154297,0
match6_whistle_0659.mp4,0.0307376701384782,-39.765716552734375,89,5150.30316102852,2262.0526374301767,-94.52183532714844,68.45308685302734,-37.61943817138672,18.44681739807129,-1.769647240638733,1
match6_whistle_0660.mp4,0.0351008586585521,-41.14876174926758,24,5947.00927734375,2417.171336723279,-46.51631546020508,66.37809753417969,-42.45969772338867,8.407770156860352,3.4087345600128174,0
match6_whistle_0661.mp4,0.0326205380260944,-40.86697006225586,42,5980.164777728874,2494.5603841976003,-50.35099411010742,68.14714813232422,-30.93724822998047,17.719087600708008,6.406188011169434,0
match6_whistle_0662.mp4,0.0384772308170795,-43.02326965332031,31,5879.197782628677,2598.809926670519,-90.30685424804688,75.7273941040039,-9.956015586853027,27.01698875427246,3.0316877365112305,0
match6_whistle_0663.mp4,0.0479460172355175,-39.2275390625,35,6566.585023941532,2664.4817810113072,-138.34776306152344,38.357940673828125,15.203885078430176,59.2389030456543,-1.4903134107589722,0
match6_whistle_0664.mp4,0.0203045662492513,-39.24533462524414,61,5123.046033135776,2382.0276591702336,-95.846435546875,83.73615264892578,-17.103864669799805,24.96522331237793,-14.584174156188965,1
match6_whistle_0665.mp4,0.0547376945614814,-42.01179885864258,50,5772.2442626953125,2473.7387079560744,-111.68718719482422,69.69577026367188,-23.250473022460938,21.46898078918457,-4.530252456665039,1
match6_whistle_0666.mp4,0.0480386987328529,-29.925657272338867,30,6665.9619140625,2651.4693201150035,-170.6714630126953,47.89714431762695,14.743351936340332,50.1269760131836,-9.018357276916504,0
match6_whistle_0667.mp4,0.0445111244916915,-37.69057846069336,33,6561.257977552817,2677.9555897883924,-153.97610473632812,49.49209976196289,23.757495880126957,52.65213394165039,-8.843448638916016,0
match6_whistle_0668.mp4,0.0457745678722858,-41.791236877441406,32,6650.737561677632,2721.7597285696093,-133.94598388671875,50.821537017822266,12.68137264251709,42.37007522583008,-6.679311752319336,0
match6_whistle_0669.mp4,0.0520069301128387,-40.714881896972656,14,6825.0315504807695,2797.127079028923,-91.9875717163086,47.10251998901367,12.835227966308594,38.21446228027344,-4.0500311851501465,0
match6_whistle_0670.mp4,0.0201219320297241,-44.286808013916016,61,5391.99688251202,2484.2628100470224,-60.14017868041992,85.33423614501953,-11.40042495727539,13.328157424926758,-3.5238630771636963,1
match6_whistle_0671.mp4,0.0623158551752567,-37.14744186401367,53,6167.446642036897,2523.305801874367,-91.07743072509766,58.19306564331055,-32.59579849243164,9.306612968444824,3.8357532024383545,1
match6_whistle_0672.mp4,0.0803683549165725,-31.729461669921875,41,6617.262811175848,2633.3175407804174,-175.727783203125,45.18273162841797,-3.665062189102173,44.96577835083008,-1.8260011672973635,0
match6_whistle_0673.mp4,0.0165050234645605,-41.69019317626953,51,5523.811745945412,2454.955484963161,-76.7732925415039,80.12348937988281,-13.448443412780762,9.333234786987305,-22.790681838989254,1
match6_whistle_0674.mp4,0.0368546843528747,-40.83903884887695,48,5598.487317884291,2437.3997597352404,-53.19403076171875,79.81623840332031,-31.38545799255371,-3.6230015754699703,-19.84547233581543,1
match6_whistle_0675.mp4,0.0284035168588161,-38.26266860961914,44,5119.51904296875,2418.28962282142,-162.9742431640625,91.61434936523438,-4.460375785827637,38.64241409301758,-8.476698875427246,1
match6_whistle_0676.mp4,0.0587307699024677,-31.60246467590332,35,6097.357177734375,2542.176063322759,-91.25383758544922,80.40338134765625,-18.866453170776367,17.385395050048828,-10.179807662963867,0
match6_whistle_0677.mp4,0.0260723363608121,-33.60531997680664,44,5949.8291015625,2540.7594780376694,-160.7882843017578,80.73993682861328,0.3890548646450043,47.74452209472656,-1.2033084630966189,0
match6_whistle_0621w.mp4,0.0387970730662345,-40.78349304199219,33,5783.742804276316,2474.7530167475184,-52.52349853515625,77.43688201904297,-28.84516143798828,-3.8280768394470215,-21.387420654296875,1
match6_whistle_0618w.mp4,0.0213812999427318,-42.83382415771485,28,5634.46265048668,2529.4861422639083,-52.508426666259766,79.98644256591797,-9.11789894104004,16.643749237060547,-5.185969352722168,1
match6_whistle_0613w.mp4,0.0565219186246395,-41.105712890625,41,5912.234552556818,2514.1183669117318,-99.9079132080078,68.5212173461914,-23.921016693115234,14.584303855895996,-2.921308279037476,1
match6_whistle_0598w.mp4,0.0220865793526172,-40.73702239990234,27,5442.931189903846,2484.7338456685347,-42.59480285644531,88.47628784179688,-18.78634452819824,3.23085355758667,-11.83950138092041,1
match6_whistle_0569w.mp4,0.023465983569622,-39.40049362182617,54,4959.814453125,2222.2551370117644,-75.3664779663086,92.45550537109376,-27.75972557067871,27.425973892211918,-7.747213840484619,0
match6_whistle_0563w.mp4,0.0216296482831239,-40.17093276977539,19,4941.579127956081,2247.0670029499247,-84.69994354248047,87.29338073730469,-39.269805908203125,19.046918869018555,-9.199037551879885,0
match6_whistle_0546w.mp4,0.045862041413784,-34.801719665527344,21,5828.531422334559,2331.4054948061826,-132.40643310546875,63.58366775512695,-44.2176513671875,7.739451885223389,-8.745048522949219,1
match6_whistle_0545w.mp4,0.0556042119860649,-36.58800506591797,21,6302.455975932459,2421.6304812555136,-122.21644592285156,48.8616828918457,-39.63839721679688,15.743038177490234,-1.2957152128219604,1
match6_whistle_0544w.mp4,0.0139234326779842,-42.86798477172852,35,5219.388554014009,2411.403027880193,-79.47521209716797,82.55079650878906,-17.3414249420166,19.86602210998535,-18.29036903381348,1
match6_whistle_0532w.mp4,0.011306757107377,-44.00898742675781,27,4253.297008167614,2072.737906099917,-138.8614959716797,93.03663635253906,-49.19948959350586,3.718794107437134,-15.815213203430176,0
match6_whistle_0517w.mp4,0.0293489322066307,-36.83660888671875,31,4755.167458274148,2234.0553812760704,-81.78534698486328,94.5864028930664,-37.024932861328125,3.978501796722412,-20.5881290435791,1
match6_whistle_0516w.mp4,0.0461486205458641,-38.49875259399414,55,6494.984822100903,2670.0812691204555,-89.20663452148438,59.43745422363281,-3.508877992630005,38.45897674560547,-4.106492519378662,1
match6_whistle_0481w.mp4,0.0173733737319707,-47.21110916137695,37,5000.205522017045,2319.490853571489,-102.6040496826172,96.8598861694336,-30.11515045166016,6.470784187316895,-4.535728454589844,0
match6_whistle_0475w.mp4,0.0135495597496628,-44.73700714111328,31,4358.220158066861,2092.9330823257387,-86.7149429321289,90.4183120727539,-45.61288070678711,8.684946060180664,-21.00000762939453,0
match6_whistle_0400w.mp4,0.0212875269353389,-39.544429779052734,45,5636.895658052885,2490.861868738302,-53.45305252075195,76.68312072753906,-22.60196876525879,7.834456443786621,-13.153717041015623,1
match6_whistle_0389w.mp4,0.0072248168289661,-45.7192268371582,37,3722.127492804276,1916.6450544898908,-103.08457946777344,117.0130386352539,-35.12818145751953,18.90406036376953,-19.95380210876465,0
match6_whistle_0380w.mp4,0.0252133645117282,-37.222206115722656,47,5362.829074053697,2389.929260936086,-54.90749740600586,78.9261245727539,-27.820520401000977,21.119495391845703,-11.106527328491213,1
match6_whistle_0348w.mp4,0.0201205052435398,-39.82078552246094,36,4989.972514490927,2308.9691483444503,-105.61271667480467,80.73601531982422,-22.44344139099121,23.93453788757324,-14.486066818237305,1
match6_whistle_0278w.mp4,0.0177580509334802,-40.42082214355469,44,5402.518586189516,2548.7686794382357,-59.20494079589844,83.57186126708984,-4.910335540771484,25.385406494140625,-2.973163604736328,1
match6_whistle_0238w.mp4,0.0239887107163667,-38.752628326416016,49,6032.984067315924,2479.9234834232743,-83.88836669921875,73.48247528076172,-17.194244384765625,27.74612236022949,-12.27150535583496,1
match6_whistle_0210w.mp4,0.0282122455537319,-40.03280258178711,48,5388.343366791931,2411.538537310094,-59.69536972045898,81.90141296386719,-23.126665115356445,19.759611129760746,-10.86968994140625,1
match6_whistle_0171w.mp4,0.0117829423397779,-46.59843063354492,36,4883.001118321573,2351.6934328792704,-77.87843322753906,85.59938049316406,-22.917219161987305,18.016735076904297,-3.230015516281128,1
match6_whistle_0165w.mp4,0.0259346459060907,-47.47998428344727,35,5241.412353515625,2488.7534303041507,-91.12418365478516,85.5191650390625,-10.02706241607666,17.51742935180664,1.3792130947113037,1
match6_whistle_0156w.mp4,0.0148568758741021,-41.020389556884766,34,5145.219962827621,2378.05171433578,-60.30049896240234,89.39292907714844,-17.057369232177734,16.928876876831055,-9.612622261047363,1
match6_whistle_0141w.mp4,0.0104752806946635,-43.88227081298828,19,3836.678466796875,1987.0167439907304,-82.0627670288086,110.5942611694336,-40.15675735473633,14.518011093139648,-9.867927551269531,0
match6_whistle_0128w.mp4,0.006728189997375,-43.980804443359375,14,3688.330078125,1966.7615816976552,-96.49776458740234,116.22130584716795,-35.549861907958984,19.164077758789062,-7.363728046417236,0
match6_whistle_0120w.mp4,0.0275855660438537,-34.281227111816406,61,5894.377899169922,2519.433279231325,-66.92804718017578,70.87294006347656,-2.562690734863281,33.96637725830078,-7.060225963592529,1
match6_whistle_0094w.mp4,0.0293500795960426,-41.33090972900391,43,5876.746715198864,2599.1470409269805,-77.58808135986328,75.05174255371094,-8.881542205810547,25.093393325805664,-4.724194049835205,1
match6_whistle_0093w.mp4,0.0167244393378496,-44.64616775512695,37,6298.793194110577,2710.897191635509,-148.9505157470703,47.47342300415039,24.61699867248535,53.42813491821289,-7.690143585205078,1
match6_whistle_0079w.mp4,0.0470647141337394,-34.668365478515625,75,6192.075098623143,2461.892960628125,-82.97926330566406,62.686336517333984,-8.40477466583252,30.714031219482425,-20.17110824584961,1
match6_whistle_0073w.mp4,0.0273745413869619,-40.95521926879883,45,5317.0788072559935,2420.53467646654,-50.469024658203125,86.52936553955078,-23.81348991394043,10.508970260620115,-14.527270317077637,1
match6_whistle_0012w.mp4,0.0291847605258226,-43.11019515991211,41,5708.990478515625,2449.8757469584893,-62.65380859375,80.21360778808594,-25.09592056274414,12.015265464782717,-13.546937942504885,1
