timestamp,match,frame,x1,y1,x2,y2,img_w,img_h,user
2026-03-20T17:29:05.119717,unknown,match14_non_rally_003926.jpg,855.379909304074,405.8979090699865,868.5799093040739,417.29790906998653,1280,720,anon
2026-03-20T17:31:56.191558,unknown,match9_non_rally_009736.jpg,False,,,,,1280,720,anon
2026-03-20T17:32:14.799216,unknown,match16_non_rally_001524.jpg,False,,,,,1280,720,anon
2026-03-20T17:32:26.887149,unknown,match9_rally_010044.jpg,False,,,,,1280,720,anon
2026-03-20T17:32:50.294779,unknown,match15_rally_002837.jpg,True,702.7843588559687,159.60219752427798,718.5843588559686,174.80219752427797,1280,720,anon
2026-03-20T17:33:32.006304,unknown,match14_non_rally_003123.jpg,True,509.5185814573082,375.6929429514013,518.3185814573083,383.89294295140127,1280,720,anon
2026-03-20T17:33:41.678118,unknown,match2_non_rally_010585.jpg,True,791.6381200903959,332.25025759152214,811.8381200903959,351.45025759152213,1280,720,anon
2026-03-20T17:33:46.406311,unknown,match8_rally_004396.jpg,True,864.747575199693,290.2038048896761,887.347575199693,312.6038048896761,1280,720,anon
2026-03-20T17:34:01.978399,unknown,match7_non_rally_005609.jpg,False,,,,,1280,720,anon
2026-03-20T17:34:05.785799,unknown,match16_non_rally_001573.jpg,False,,,,,1280,720,anon
2026-03-20T17:34:15.646476,unknown,match8_rally_004156.jpg,True,728.9961614643807,54.08850536299177,752.5961614643808,80.28850536299177,1280,720,anon
2026-03-20T17:34:18.662772,unknown,match15_non_rally_002543.jpg,False,,,,,1280,720,anon
2026-03-20T17:34:29.694947,unknown,match14_rally_003421.jpg,True,730.4737500265322,61.32686375241319,743.4737500265322,74.7268637524132,1280,720,anon
2026-03-20T17:34:42.862666,unknown,match16_rally_001275.jpg,True,738.5798787005473,270.41747821908564,756.3798787005474,286.01747821908566,1280,720,anon
2026-03-20T17:34:55.751279,unknown,match14_non_rally_003842.jpg,False,,,,,1280,720,anon
2026-03-20T17:34:58.502920,unknown,match2_non_rally_010870.jpg,False,,,,,1280,720,anon
2026-03-20T17:35:11.647531,unknown,match9_rally_009107.jpg,True,419.50996539007076,308.8121733261493,405.50996539007076,323.21217332614935,1280,720,anon
2026-03-20T17:35:17.046362,unknown,match7_rally_005532.jpg,True,744.7716507963501,251.27536323564556,728.7716507963501,267.27536323564556,1280,720,anon
2026-03-20T17:35:25.646741,unknown,match2_rally_010463.jpg,True,593.8608232224958,223.86700720556664,610.8608232224958,239.66700720556665,1280,720,anon
2026-03-20T17:35:29.559317,unknown,match1_non_rally_000796.jpg,False,,,,,1920,1080,anon
2026-03-20T17:35:40.358860,unknown,match15_non_rally_002445.jpg,True,494.4502785767425,351.70890633446095,485.4502785767425,361.3089063344609,1280,720,anon
2026-03-20T17:37:35.879098,unknown,match1_non_rally_000918.jpg,True,836.3431553968883,762.6349613086354,864.3467070668561,784.4913918803177,1920,1080,anon
2026-03-20T17:37:41.478744,unknown,match9_rally_009312.jpg,True,655.2036007798715,239.8742432699973,638.4036007798716,254.47424326999732,1280,720,anon
2026-03-20T17:37:46.327134,unknown,match16_non_rally_001467.jpg,False,,,,,1280,720,anon
2026-03-20T17:37:53.743461,unknown,match2_rally_010802.jpg,True,633.5126097171888,176.1330673719628,622.7126097171888,188.33306737196278,1280,720,anon
2026-03-20T17:38:04.438873,unknown,match1_non_rally_000054.jpg,True,1145.0390558110096,128.6903609422795,1172.2390558110096,156.49036094227952,1920,1080,anon
2026-03-20T17:38:11.078580,unknown,match16_rally_001714.jpg,True,701.7491557860237,247.6839345375456,716.9491557860238,264.6839345375456,1280,720,anon
2026-03-20T17:38:19.566406,unknown,match8_non_rally_004496.jpg,False,,,,,1280,720,anon
2026-03-20T17:38:26.110004,unknown,match14_rally_003867.jpg,True,539.3543485035045,198.59010850278065,553.5543485035045,212.79010850278064,1280,720,anon
2026-03-20T17:38:37.567381,unknown,match9_non_rally_009658.jpg,True,779.8269821980317,478.64267962785914,794.8269821980317,492.64267962785914,1280,720,anon
2026-03-20T17:38:42.542712,unknown,match16_non_rally_001706.jpg,True,728.2199302990994,441.6376003319448,745.0199302990993,458.23760033194475,1280,720,anon
2026-03-20T17:39:16.687074,unknown,match1_rally_000480.jpg,True,903.738116834205,459.1964796311304,923.138116834205,477.9964796311304,1920,1080,anon
2026-03-20T17:39:22.550379,unknown,match15_rally_002388.jpg,True,879.4730492477196,212.07090112163382,891.4730492477196,224.2709011216338,1280,720,anon
2026-03-20T17:39:30.798698,unknown,match10_non_rally_011042.jpg,False,,,,,1280,720,anon
2026-03-20T17:39:35.823349,unknown,match9_rally_009368.jpg,True,667.8052581727006,362.0885897656095,682.2052581727006,376.4885897656095,1280,720,anon
2026-03-20T17:39:42.886217,unknown,match14_rally_003877.jpg,True,864.9978096848214,264.67545978355867,881.1978096848213,279.87545978355865,1280,720,anon
2026-03-20T17:39:47.006693,unknown,match9_rally_009574.jpg,True,487.73016394585864,165.52037749132333,505.13016394585867,181.92037749132334,1280,720,anon
2026-03-20T17:40:01.014609,unknown,match2_rally_010395.jpg,True,835.176158317413,408.0698638578553,856.776158317413,431.0698638578553,1280,720,anon
2026-03-20T17:40:08.950406,unknown,match1_rally_000259.jpg,True,1043.336755082447,341.2252182849215,1073.936755082447,376.0252182849215,1920,1080,anon
2026-03-20T17:40:15.199167,unknown,match8_non_rally_004543.jpg,True,647.7688009339145,357.13388827809393,656.9688009339145,366.93388827809395,1280,720,anon
2026-03-20T17:40:19.975098,unknown,match16_non_rally_001292.jpg,False,,,,,1280,720,anon
2026-03-20T17:40:21.638293,unknown,match8_non_rally_004986.jpg,False,,,,,1280,720,anon
2026-03-20T17:40:33.158475,unknown,match10_non_rally_011746.jpg,True,1062.7743599737041,295.7517122740417,1096.7743599737041,328.7517122740417,1280,720,anon
2026-03-20T17:40:51.566735,unknown,match15_non_rally_002082.jpg,True,1006.5338250982957,418.39947538715285,1044.7338250982957,455.39947538715285,1280,720,anon
2026-03-20T17:40:54.751395,unknown,match14_non_rally_003431.jpg,False,,,,,1280,720,anon
2026-03-20T17:41:04.599565,unknown,match2_rally_010845.jpg,True,600.1439077514449,375.1068276305464,610.943907751445,382.50682763054635,1280,720,anon
2026-03-20T17:41:15.046003,unknown,match8_rally_004893.jpg,True,715.1747888681691,217.56117553269777,729.7747888681691,233.36117553269779,1280,720,anon
2026-03-20T17:41:25.966804,unknown,match10_rally_011249.jpg,True,424.58761394589635,234.17432416530647,442.58761394589635,252.37432416530646,1280,720,anon
2026-03-20T17:41:33.902944,unknown,match14_rally_003983.jpg,True,649.5617554719141,371.82543355559676,659.7617554719142,383.22543355559674,1280,720,anon
2026-03-20T17:41:37.166606,unknown,match1_non_rally_000923.jpg,False,,,,,1920,1080,anon
2026-03-20T17:41:44.071630,unknown,match15_rally_002337.jpg,True,751.3720678130444,99.67179337340333,769.7720678130444,118.07179337340332,1280,720,anon
2026-03-20T17:41:50.814686,unknown,match9_rally_009786.jpg,True,562.0447708874208,429.13162000007753,575.6447708874208,442.9316200000775,1280,720,anon
2026-03-20T17:42:05.758521,unknown,match10_rally_011743.jpg,True,670.9656490969489,5.455784222676609,690.835131434842,-1.3743503309740943,1280,720,anon
2026-03-20T17:42:13.686184,unknown,match9_rally_009747.jpg,True,746.7963864386759,221.3907071189698,760.1963864386759,234.19070711896978,1280,720,anon
2026-03-20T17:42:16.638573,unknown,match7_non_rally_005990.jpg,False,,,,,1280,720,anon
2026-03-20T17:42:25.926959,unknown,match10_rally_011385.jpg,True,838.9630492934806,255.09985482803478,858.3630492934806,275.69985482803474,1280,720,anon
2026-03-20T17:42:29.407120,unknown,match16_non_rally_001315.jpg,False,,,,,1280,720,anon
2026-03-20T17:42:36.677787,unknown,match9_non_rally_009921.jpg,True,621.8046652889874,371.7577285290765,629.6046652889875,380.5577285290765,1280,720,anon
2026-03-20T17:42:43.063051,unknown,match8_rally_004742.jpg,True,908.6688014873922,166.9165264650149,927.8688014873921,184.31652646501487,1280,720,anon
2026-03-20T17:42:55.431165,unknown,match14_rally_003339.jpg,True,575.5263655052647,134.23984985544524,590.9263655052648,149.23984985544524,1280,720,anon
2026-03-20T17:42:59.839689,unknown,match10_rally_011655.jpg,True,513.6023046444501,469.5492721563384,532.536039458193,493.48847709325474,1280,720,anon
2026-03-20T17:43:04.470691,unknown,match2_rally_010435.jpg,True,731.1795189758632,389.72664457516765,746.5795189758632,404.3266445751677,1280,720,anon
2026-03-20T17:43:12.238752,unknown,match15_rally_002145.jpg,True,797.5401400280774,255.75350236944786,815.7401400280775,271.55350236944787,1280,720,anon
2026-03-20T17:43:18.446879,unknown,match16_rally_001250.jpg,True,369.63626711874895,169.97220191060794,389.63626711874895,188.77220191060795,1280,720,anon
2026-03-20T17:43:25.094745,unknown,match1_rally_000143.jpg,True,1124.565554862968,282.00383087651636,1145.9655548629678,302.40383087651634,1920,1080,anon
2026-03-20T17:43:29.518512,unknown,match2_rally_010181.jpg,True,453.0656660203276,352.4534490106742,474.4656660203276,372.6534490106742,1280,720,anon
2026-03-20T17:43:34.174437,unknown,match10_rally_012019.jpg,True,681.707728053525,129.14627262105174,700.907728053525,146.34627262105172,1280,720,anon
2026-03-20T17:43:48.726416,unknown,match9_non_rally_009991.jpg,True,-1.2400340716464175,530.9139617546334,63.373038805889244,592.5217754285628,1280,720,anon
2026-03-20T17:43:53.013974,unknown,match16_rally_001022.jpg,True,581.9180271057701,146.3770079451922,598.1180271057701,161.7770079451922,1280,720,anon
2026-03-20T17:44:03.118325,unknown,match1_non_rally_000359.jpg,True,0.34827761181595634,525.2854834276566,11.948277611815957,559.4854834276566,1920,1080,anon
2026-03-20T17:44:07.367183,unknown,match8_non_rally_004640.jpg,False,,,,,1280,720,anon
2026-03-20T17:44:12.870500,unknown,match8_rally_004487.jpg,True,573.2243851182909,248.91347364107915,600.8243851182908,280.9134736410791,1280,720,anon
2026-03-20T17:44:15.870698,unknown,match7_rally_005772.jpg,True,491.65636784011815,340.316984081476,507.0563678401181,354.116984081476,1280,720,anon
2026-03-20T17:44:18.654259,unknown,match8_rally_004603.jpg,True,678.3386654457958,213.14318733299578,692.3386654457958,226.14318733299578,1280,720,anon
2026-03-20T17:44:23.670463,unknown,match16_non_rally_001902.jpg,False,,,,,1280,720,anon
2026-03-20T17:44:27.518593,unknown,match15_non_rally_002268.jpg,True,550.7839236389834,404.72764045328074,559.1839236389835,397.9276404532808,1280,720,anon
2026-03-20T17:44:32.350495,unknown,match15_rally_002460.jpg,True,865.2523882562589,76.66519490701643,889.8523882562589,101.46519490701642,1280,720,anon
2026-03-20T17:44:36.478790,unknown,match7_rally_005408.jpg,True,652.4646385164533,266.95199617030966,662.0646385164533,276.75199617030967,1280,720,anon
2026-03-20T17:44:40.534339,unknown,match2_rally_010175.jpg,True,702.5153998825674,330.52102140627204,718.1153998825673,346.921021406272,1280,720,anon
2026-03-20T17:44:47.295065,unknown,match8_rally_004272.jpg,True,609.9378544080562,151.66801220140724,626.7378544080563,167.86801220140723,1280,720,anon
2026-03-20T17:45:00.509893,unknown,match15_non_rally_002330.jpg,True,1124.6187707513236,686.4537274520652,1177.5026507483296,719.9686143637481,1280,720,anon
2026-03-20T17:45:04.255037,unknown,match10_non_rally_011826.jpg,True,861.5034539157889,582.5852221848992,902.5034539157889,621.1852221848992,1280,720,anon
2026-03-20T17:45:08.350594,unknown,match9_rally_009306.jpg,True,505.05005079042576,242.22767814570452,520.6500507904258,258.0276781457045,1280,720,anon
2026-03-20T17:45:12.534732,unknown,match7_rally_005664.jpg,False,,,,,1280,720,anon
2026-03-20T17:45:19.030613,unknown,match14_non_rally_003190.jpg,False,,,,,1280,720,anon
2026-03-20T17:45:25.695182,unknown,match1_rally_000483.jpg,True,1003.9740448367959,290.01806110685686,1021.9740448367959,308.41806110685684,1920,1080,anon
2026-03-20T17:45:37.007067,unknown,match2_non_rally_010388.jpg,True,775.3088143195955,466.9222405717396,789.3088143195955,479.1222405717396,1280,720,anon
2026-03-20T17:45:42.550755,unknown,match7_rally_005877.jpg,True,736.1851652575446,306.8956122073354,747.5851652575445,318.4956122073354,1280,720,anon
2026-03-20T17:45:48.303521,unknown,match2_rally_010737.jpg,True,579.4144166022352,248.5824077550667,599.6144166022352,268.9824077550667,1280,720,anon
2026-03-20T17:45:53.430571,unknown,match8_non_rally_004304.jpg,True,373.8361704930896,620.542593788205,412.8361704930896,658.342593788205,1280,720,anon
2026-03-20T17:45:54.702305,unknown,match16_non_rally_001965.jpg,False,,,,,1280,720,anon
2026-03-20T17:45:59.878679,unknown,match10_rally_011203.jpg,True,482.8730932269074,189.6491162751118,500.07309322690736,206.2491162751118,1280,720,anon
2026-03-20T17:46:05.350939,unknown,match2_rally_010285.jpg,True,699.905972539299,304.238626602362,718.105972539299,322.038626602362,1280,720,anon
2026-03-20T17:46:12.726787,unknown,match10_non_rally_011057.jpg,True,567.853754660651,225.46758596797326,586.053754660651,244.26758596797328,1280,720,anon
2026-03-20T17:46:18.166110,unknown,match9_rally_009664.jpg,True,657.286353658952,188.71103857235616,676.086353658952,207.71103857235616,1280,720,anon
2026-03-20T17:46:37.262673,unknown,match9_rally_009164.jpg,False,,,,,1280,720,anon
2026-03-20T17:46:39.086807,unknown,match8_non_rally_004419.jpg,False,,,,,1280,720,anon
2026-03-20T17:46:42.582358,unknown,match10_rally_011195.jpg,True,630.1973672389546,236.85050614959331,646.9973672389546,251.65050614959333,1280,720,anon
2026-03-20T17:46:46.558524,unknown,match15_rally_002851.jpg,True,414.24996874504376,204.68219936937277,428.6499687450438,218.08219936937274,1280,720,anon
2026-03-20T17:46:51.814532,unknown,match14_rally_003749.jpg,True,729.1684265227716,119.35046149685573,749.7684265227716,139.75046149685573,1280,720,anon
2026-03-20T17:46:59.566993,unknown,match7_rally_005490.jpg,True,495.37484984397634,263.8887683855775,506.97484984397636,274.48876838557754,1280,720,anon
2026-03-20T17:47:04.230374,unknown,match2_rally_010244.jpg,True,701.9249348402994,346.35295487022177,715.7249348402995,358.55295487022175,1280,720,anon
2026-03-20T17:47:07.670844,unknown,match7_rally_005806.jpg,True,616.7594828263684,254.34993834092523,629.3594828263683,265.34993834092523,1280,720,anon
2026-03-20T17:47:11.678005,unknown,match10_rally_011809.jpg,True,690.4450319107071,145.58219521153924,708.2450319107072,163.38219521153923,1280,720,anon
2026-03-20T17:47:24.236391,unknown,match15_rally_002490.jpg,True,658.9115200553915,377.586881608125,678.1115200553916,395.786881608125,1280,720,anon
2026-03-20T17:47:30.446045,unknown,match15_rally_002224.jpg,True,953.9461453135551,325.2197473262055,971.3461453135551,342.61974732620547,1280,720,anon
2026-03-20T17:47:35.639275,unknown,match1_non_rally_000370.jpg,False,,,,,1920,1080,anon
2026-03-20T17:47:42.294477,unknown,match15_non_rally_002349.jpg,True,662.3150884772585,421.82144629192453,682.7150884772585,442.42144629192455,1280,720,anon
2026-03-20T17:47:46.918684,unknown,match16_non_rally_001984.jpg,True,373.8784156649948,416.78484691541496,390.27841566499484,432.984846915415,1280,720,anon
2026-03-20T17:47:50.214390,unknown,match7_rally_005982.jpg,True,688.3610225923128,329.52179978807936,700.5610225923128,341.92179978807934,1280,720,anon
2026-03-20T17:47:52.606262,unknown,match15_non_rally_002659.jpg,False,,,,,1280,720,anon
2026-03-20T17:48:00.342802,unknown,match1_non_rally_000845.jpg,True,1487.5865447103745,600.0010999037479,1506.9865447103743,616.201099903748,1920,1080,anon
2026-03-20T17:48:03.790747,unknown,match9_non_rally_009740.jpg,False,,,,,1280,720,anon
2026-03-20T17:48:07.822398,unknown,match14_non_rally_003470.jpg,True,518.2656798326618,343.088514107045,526.4656798326617,351.088514107045,1280,720,anon
2026-03-20T17:48:11.862332,unknown,match14_rally_003823.jpg,True,829.1104350785429,206.62985335957296,842.5104350785429,220.02985335957297,1280,720,anon
2026-03-20T17:48:28.334564,unknown,match10_non_rally_011320.jpg,True,235.11340648601058,641.4054021135646,287.71340648601057,594.0054021135645,1280,720,anon
2026-03-20T17:48:32.398333,unknown,match14_rally_003796.jpg,True,909.6964469215654,256.64976848359885,927.6964469215654,274.64976848359885,1280,720,anon
2026-03-20T17:48:36.774435,unknown,match15_rally_002286.jpg,True,526.9953517095637,256.93799979532196,540.3953517095637,271.537999795322,1280,720,anon
2026-03-20T17:48:45.542336,unknown,match1_non_rally_000317.jpg,True,919.6565665154139,654.1495372409233,946.4565665154139,627.9495372409234,1920,1080,anon
2026-03-20T17:48:54.054784,unknown,match8_rally_004846.jpg,True,793.0384726817276,319.39848193914406,813.2384726817276,336.79848193914404,1280,720,anon
2026-03-20T17:48:55.543443,unknown,match15_non_rally_002972.jpg,False,,,,,1280,720,anon
2026-03-20T17:48:59.253990,unknown,match7_non_rally_005537.jpg,True,497.1200494035044,400.17958306080163,502.72004940350445,406.77958306080166,1280,720,anon
2026-03-20T17:49:02.238610,unknown,match15_rally_002233.jpg,True,663.4774509959503,128.05560127327604,685.7409115872825,149.8402777658699,1280,720,anon
2026-03-20T17:49:08.390415,unknown,match15_non_rally_002706.jpg,True,49.58970346362463,459.62247663784063,68.98970346362464,476.02247663784067,1280,720,anon
2026-03-20T17:49:12.574958,unknown,match1_rally_000210.jpg,True,786.2709306651028,350.4447393005378,813.2709306651028,378.0447393005378,1920,1080,anon
2026-03-20T17:49:15.694389,unknown,match14_rally_003253.jpg,True,647.9863330775792,247.02342175772387,663.6556308544698,261.60457385566383,1280,720,anon
2026-03-20T17:49:19.534689,unknown,match16_rally_001648.jpg,True,450.6765628217664,245.24210258123148,461.6765628217664,256.2421025812315,1280,720,anon
2026-03-20T17:49:26.639051,unknown,match2_rally_010712.jpg,True,758.2555974088825,388.02434565685553,774.0555974088826,403.62434565685555,1280,720,anon
2026-03-20T17:49:31.710624,unknown,match14_rally_003127.jpg,True,426.3610622005823,223.68400047223378,445.63822667205886,244.01264664215452,1280,720,anon
2026-03-20T17:49:35.677701,unknown,match15_non_rally_002993.jpg,True,539.5146754589764,357.7462332105686,548.9146754589764,365.3462332105686,1280,720,anon
2026-03-20T17:49:40.726453,unknown,match10_rally_011533.jpg,True,889.7088546368201,366.9682977158243,913.50885463682,391.7682977158243,1280,720,anon
2026-03-20T17:49:45.846288,unknown,match10_non_rally_011252.jpg,True,803.719133293908,423.1638225018851,813.519133293908,438.56382250188506,1280,720,anon
2026-03-20T17:49:49.054343,unknown,match7_rally_005366.jpg,True,787.8329917683071,340.83009195838724,803.4329917683071,355.2300919583873,1280,720,anon
2026-03-20T17:49:52.662016,unknown,match15_rally_002290.jpg,True,711.5272815159072,334.06174526832604,728.1272815159073,350.861745268326,1280,720,anon
2026-03-20T17:49:56.621927,unknown,match2_non_rally_010884.jpg,True,1101.8394239688537,549.6983070474683,1122.0394239688537,569.8983070474684,1280,720,anon
2026-03-20T17:50:01.485804,unknown,match14_rally_003747.jpg,True,694.2132673406195,87.44715907388118,716.6132673406195,109.24715907388118,1280,720,anon
2026-03-20T17:50:28.391157,unknown,match16_non_rally_001342.jpg,False,,,,,1280,720,anon
2026-03-20T17:50:33.486732,unknown,match16_non_rally_001053.jpg,True,694.0881427943696,379.265046799616,705.4881427943695,388.665046799616,1280,720,anon
2026-03-20T17:50:37.142903,unknown,match16_non_rally_001825.jpg,True,375.9676708293353,409.46748608387395,389.9676708293353,423.067486083874,1280,720,anon
2026-03-20T17:50:40.190746,unknown,match16_rally_001794.jpg,True,720.691417139474,387.1004010503584,735.4914171394739,401.3004010503584,1280,720,anon
2026-03-20T17:50:43.966565,unknown,match8_non_rally_004429.jpg,True,351.38092828048264,227.4171195008229,366.5809282804827,241.8171195008229,1280,720,anon
2026-03-20T17:50:47.326928,unknown,match10_rally_011106.jpg,True,660.0808485634628,227.51600345204065,674.6808485634629,241.71600345204064,1280,720,anon
2026-03-20T17:50:51.278501,unknown,match8_non_rally_004204.jpg,False,,,,,1280,720,anon
2026-03-20T17:50:54.621749,unknown,match10_rally_011399.jpg,True,816.1160904972161,295.8756198279613,835.9160904972161,314.6756198279613,1280,720,anon
2026-03-20T17:51:01.271342,unknown,match14_non_rally_003431.jpg,False,,,,,1280,720,anon
2026-03-20T17:51:04.982443,unknown,match14_rally_003142.jpg,True,740.3560893158012,287.587330669646,757.7560893158013,302.787330669646,1280,720,anon
2026-03-20T17:51:07.055262,unknown,match16_non_rally_001533.jpg,False,,,,,1280,720,anon
2026-03-20T17:51:10.110703,unknown,match8_rally_004827.jpg,True,608.2147162136764,233.6857978101648,628.2147162136764,255.4857978101648,1280,720,anon
2026-03-20T17:51:13.470553,unknown,match7_non_rally_005259.jpg,False,,,,,1280,720,anon
2026-03-20T17:51:16.878264,unknown,match16_non_rally_001955.jpg,True,780.2573403666474,474.33187014000896,798.6573403666474,494.33187014000896,1280,720,anon
2026-03-20T17:51:23.766768,unknown,match15_non_rally_002305.jpg,False,,,,,1280,720,anon
2026-03-20T17:51:26.838027,unknown,match8_rally_004592.jpg,True,666.8464561550218,281.10742734721356,686.2539695973799,297.90796137194144,1280,720,anon
2026-03-20T17:51:31.998334,unknown,match1_rally_000292.jpg,True,1287.9974355436195,268.7871757270463,1311.0895508640015,291.3661329291974,1920,1080,anon
2026-03-20T17:51:40.110480,unknown,match10_non_rally_011976.jpg,True,280.5278893733769,406.4225649697493,290.7278893733769,416.4225649697493,1280,720,anon
2026-03-20T17:51:43.126082,unknown,match7_rally_005937.jpg,True,683.8939066965517,329.9600347455914,694.6939066965517,340.5600347455914,1280,720,anon
2026-03-20T17:51:51.383145,unknown,match15_rally_002558.jpg,True,621.9519248843253,192.30253826983116,640.5519248843253,208.70253826983117,1280,720,anon
2026-03-20T17:51:55.167244,unknown,match7_rally_005621.jpg,True,885.4774321105193,227.36919073479265,903.2774321105193,244.76919073479266,1280,720,anon
2026-03-20T17:52:01.134616,unknown,match15_non_rally_002806.jpg,True,734.418149370326,382.42682884790827,744.2181493703259,392.6268288479083,1280,720,anon
2026-03-20T17:52:04.157892,unknown,match8_non_rally_004080.jpg,True,685.8263947583694,331.1593283026103,695.6263947583693,341.75932830261024,1280,720,anon
2026-03-20T17:52:09.279140,unknown,match7_rally_005893.jpg,False,,,,,1280,720,anon
2026-03-20T17:52:14.462488,unknown,match15_non_rally_002280.jpg,True,689.4197583165362,349.5170649553609,699.2197583165362,359.31706495536093,1280,720,anon
2026-03-20T17:53:32.863691,unknown,match16_rally_001409.jpg,True,700.0678694156602,253.84102317953375,719.4678694156603,272.84102317953375,1280,720,anon
2026-03-20T17:53:37.942728,unknown,match9_non_rally_009633.jpg,True,505.08097071827115,410.27567320664605,513.2809707182712,418.875673206646,1280,720,anon
2026-03-20T17:53:40.710489,unknown,match2_non_rally_010594.jpg,False,,,,,1280,720,anon
2026-03-20T17:53:42.278555,unknown,match15_rally_002409.jpg,False,,,,,1280,720,anon
2026-03-20T17:53:48.651243,unknown,match2_non_rally_010253.jpg,True,1076.1318996975901,587.3204353018124,1100.9318996975903,608.9204353018124,1280,720,anon
2026-03-20T17:53:53.173941,unknown,match1_rally_000813.jpg,True,974.6274440563606,378.8033719582037,995.4274440563606,398.20337195820366,1920,1080,anon
2026-03-20T17:54:00.286490,unknown,match15_rally_002777.jpg,True,856.6820698528252,409.8045753763869,875.8820698528252,430.60457537638683,1280,720,anon
2026-03-20T17:54:06.775149,unknown,match9_non_rally_009205.jpg,False,,,,,1280,720,anon
2026-03-20T17:54:11.214281,unknown,match14_non_rally_003978.jpg,True,559.8798744628191,353.95888971295545,567.6798744628192,360.95888971295545,1280,720,anon
2026-03-20T17:54:15.294286,unknown,match8_rally_004271.jpg,True,655.8951191424603,160.2213017155587,671.2951191424603,175.02130171555868,1280,720,anon
2026-03-20T17:54:16.318449,unknown,match14_non_rally_003502.jpg,False,,,,,1280,720,anon
2026-03-20T17:54:19.374299,unknown,match8_non_rally_004402.jpg,True,730.7517625461627,361.4945661644623,741.3517625461627,371.89456616446233,1280,720,anon
2026-03-20T17:54:23.661875,unknown,match10_non_rally_011829.jpg,True,905.4496887261017,367.93543957637274,913.8496887261017,376.3354395763728,1280,720,anon
2026-03-20T17:54:28.606790,unknown,match2_rally_010791.jpg,True,555.9138031756269,178.2450376765292,574.9138031756269,197.2450376765292,1280,720,anon
2026-03-20T17:54:32.638535,unknown,match14_non_rally_003948.jpg,True,904.0304433691344,443.45414575821343,921.4304433691344,459.25414575821344,1280,720,anon
2026-03-20T17:54:35.750743,unknown,match9_rally_009754.jpg,True,632.8730862614918,302.2321573195677,646.6730862614919,314.6321573195677,1280,720,anon
2026-03-20T17:54:39.174488,unknown,match9_rally_009144.jpg,False,,,,,1280,720,anon
2026-03-20T17:54:53.958737,unknown,match8_non_rally_004576.jpg,True,472.0447818674359,414.2948112554976,483.4447818674359,425.09481125549763,1280,720,anon
2026-03-20T17:54:59.487019,unknown,match9_rally_009795.jpg,True,671.1281179470624,128.79753480276855,688.9281179470624,143.39753480276855,1280,720,anon
2026-03-20T17:55:02.701936,unknown,match7_rally_005290.jpg,True,493.4095303101211,277.1298546758318,505.4095303101211,287.1298546758318,1280,720,anon
2026-03-20T17:55:09.294644,unknown,match15_non_rally_002894.jpg,False,,,,,1280,720,anon
2026-03-20T17:55:13.510743,unknown,match7_rally_005588.jpg,True,689.4739945446469,210.14740662904092,709.4739945446469,230.54740662904092,1280,720,anon
2026-03-20T17:55:17.262456,unknown,match8_rally_004172.jpg,True,1080.015831793927,288.7637267569697,1101.7787453729418,309.65612379282396,1280,720,anon
2026-03-20T17:55:27.310377,unknown,match14_rally_003527.jpg,True,636.2898181927454,255.67860463379367,653.6898181927454,273.67860463379367,1280,720,anon
2026-03-20T17:55:33.598757,unknown,match2_rally_010378.jpg,True,635.2042678744904,227.6713270849231,649.2042678744904,241.47132708492308,1280,720,anon
2026-03-20T17:55:36.454307,unknown,match7_non_rally_005726.jpg,False,,,,,1280,720,anon
2026-03-20T17:55:40.245762,unknown,match16_non_rally_001003.jpg,True,506.87207068685365,367.13042374024434,515.6720706868537,377.3304237402443,1280,720,anon
2026-03-20T17:55:43.198622,unknown,match2_non_rally_010682.jpg,False,,,,,1280,720,anon
2026-03-20T17:55:48.094398,unknown,match10_non_rally_011231.jpg,True,543.7210512906157,359.9089291211375,552.3210512906157,368.7089291211375,1280,720,anon
2026-03-20T17:55:51.926725,unknown,match8_rally_004511.jpg,True,587.2693103232717,173.9916475599751,602.8693103232717,189.9916475599751,1280,720,anon
2026-03-20T17:55:55.357762,unknown,match15_rally_002161.jpg,True,543.0256780598899,104.55860775784568,563.8256780598898,125.15860775784567,1280,720,anon
2026-03-20T17:55:57.086761,unknown,match1_non_rally_000281.jpg,False,,,,,1920,1080,anon
2026-03-20T17:56:01.550296,unknown,match2_rally_010382.jpg,True,767.53599938629,359.4895056918925,788.13599938629,378.88950569189245,1280,720,anon
2026-03-20T17:56:05.222234,unknown,match2_rally_010256.jpg,True,621.4930186587519,327.96206110967796,638.0930186587518,342.96206110967796,1280,720,anon
2026-03-20T17:56:15.006517,unknown,match7_rally_005069.jpg,True,662.5443419494084,271.0952650021851,682.1443419494084,246.49526500218508,1280,720,anon
2026-03-20T17:56:22.758911,unknown,match9_non_rally_009747.jpg,True,470.6336368142398,466.52045990301195,485.8336368142398,480.52045990301195,1280,720,anon
2026-03-20T17:56:27.542650,unknown,match10_rally_011304.jpg,True,764.3827551990445,162.39634974089614,784.3827551990445,181.59634974089613,1280,720,anon
2026-03-20T17:56:32.598383,unknown,match8_rally_004297.jpg,True,460.5115582378777,288.7023123749178,474.11155823787766,300.9023123749178,1280,720,anon
2026-03-20T17:56:36.510648,unknown,match2_rally_010923.jpg,True,748.7300139180003,305.8969463882796,761.1300139180003,319.09694638827966,1280,720,anon
2026-03-20T17:56:41.062276,unknown,match16_rally_001404.jpg,True,561.2256144886805,124.83600479027803,579.4256144886806,109.83600479027803,1280,720,anon
2026-03-20T17:56:48.975407,unknown,match7_non_rally_005506.jpg,True,673.1220305716919,623.5792385096973,710.9753717156823,680.0087563262015,1280,720,anon
2026-03-20T17:56:50.943330,unknown,match10_non_rally_011585.jpg,False,,,,,1280,720,anon
2026-03-20T17:56:55.253766,unknown,match10_non_rally_011572.jpg,True,351.30674845043023,504.4400102201067,372.10674845043025,525.2400102201067,1280,720,anon
2026-03-20T17:57:01.718469,unknown,match15_rally_002095.jpg,True,432.715267683605,159.70199682460216,450.515267683605,177.10199682460217,1280,720,anon
2026-03-20T17:57:05.358641,unknown,match7_rally_005915.jpg,True,718.9167984409587,280.7300886944498,737.5167984409587,299.7300886944498,1280,720,anon
2026-03-20T17:58:17.230447,unknown,match15_non_rally_002037.jpg,False,,,,,1280,720,anon
2026-03-20T17:58:22.270700,unknown,match16_rally_001216.jpg,True,716.5858496916985,306.3537297223691,729.9858496916985,315.9537297223691,1280,720,anon
2026-03-20T17:58:27.798399,unknown,match1_rally_000758.jpg,True,704.6491351508073,100.63323848289733,726.0491351508074,123.23323848289733,1920,1080,anon
2026-03-20T17:58:32.510786,unknown,match14_non_rally_003085.jpg,True,212.4039222773341,391.5847359962172,223.6039222773341,402.3847359962172,1280,720,anon
2026-03-20T17:58:36.486302,unknown,match1_non_rally_000963.jpg,True,1206.3000355824247,568.6551378780139,1219.7000355824246,581.6551378780139,1920,1080,anon
2026-03-20T17:58:39.982319,unknown,match2_non_rally_010817.jpg,True,758.4694044167888,402.3799068143111,768.8694044167889,411.7799068143111,1280,720,anon
2026-03-20T17:58:43.094688,unknown,match8_non_rally_004187.jpg,True,563.6884072705988,390.3238230901314,582.4884072705988,409.5238230901314,1280,720,anon
2026-03-20T17:58:56.790321,unknown,match2_non_rally_010775.jpg,True,835.9854573428578,452.5856792901036,845.1854573428578,461.5856792901036,1280,720,anon
2026-03-20T17:58:59.582696,unknown,match2_rally_011050.jpg,True,609.1413363489497,252.17764215912334,626.1413363489497,267.57764215912334,1280,720,anon
2026-03-20T17:59:04.150288,unknown,match14_non_rally_003897.jpg,True,810.1571868725321,391.58306003408745,825.7571868725321,406.78306003408744,1280,720,anon
2026-03-20T17:59:09.078589,unknown,match2_rally_010899.jpg,True,975.8205688245692,337.1653537182037,993.0205688245693,353.9653537182037,1280,720,anon
2026-03-20T17:59:12.653691,unknown,match9_rally_009338.jpg,True,515.7237648168913,193.5948931083621,532.5237648168912,208.79489310836206,1280,720,anon
2026-03-20T17:59:18.798821,unknown,match7_non_rally_005705.jpg,False,,,,,1280,720,anon
2026-03-20T17:59:22.934439,unknown,match2_rally_011001.jpg,True,910.0555521831,335.72799818396805,931.0555521831,352.92799818396804,1280,720,anon
2026-03-20T17:59:29.510332,unknown,match14_rally_003223.jpg,True,632.5767527323092,358.9893647722279,645.3767527323091,370.9893647722279,1280,720,anon
2026-03-20T17:59:30.839549,unknown,match8_non_rally_004442.jpg,False,,,,,1280,720,anon
2026-03-20T17:59:34.278494,unknown,match14_non_rally_003980.jpg,True,577.2401806815076,341.4861822756008,586.2401806815076,349.88618227560085,1280,720,anon
2026-03-20T17:59:40.062359,unknown,match16_rally_001264.jpg,True,788.0706804763493,132.15454222713575,803.0706804763493,147.55454222713576,1280,720,anon
2026-03-20T17:59:44.378688,unknown,match16_rally_001234.jpg,True,535.200483617349,209.55284468993509,553.4004836173491,229.7528446899351,1280,720,anon
2026-03-20T17:59:47.622444,unknown,match8_rally_004297.jpg,True,457.76886839019807,287.2290372343815,473.5688683901981,300.4290372343815,1280,720,anon
2026-03-20T17:59:51.606688,unknown,match9_non_rally_009659.jpg,True,813.3688252248824,427.0630030128247,827.1688252248823,441.46300301282474,1280,720,anon
2026-03-20T17:59:56.693759,unknown,match15_non_rally_002411.jpg,True,915.7333979550289,371.885163467642,936.3333979550289,391.085163467642,1280,720,anon
2026-03-20T18:00:02.334817,unknown,match10_rally_011756.jpg,True,667.5104190973498,186.72142904050105,678.1104190973498,197.92142904050107,1280,720,anon
2026-03-20T18:00:06.006438,unknown,match15_rally_002839.jpg,True,566.4323089383145,141.73089401791947,580.0323089383144,155.93089401791946,1280,720,anon
2026-03-20T18:00:15.062533,unknown,match8_non_rally_004213.jpg,False,,,,,1280,720,anon
2026-03-20T18:00:16.902820,unknown,match1_non_rally_000370.jpg,False,,,,,1920,1080,anon
2026-03-20T18:00:20.222243,unknown,match9_rally_009171.jpg,True,516.2497988941864,318.2896160215877,529.0497988941863,331.0896160215877,1280,720,anon
2026-03-20T18:00:42.735292,unknown,match14_rally_003639.jpg,True,619.4888894276916,166.64000337522057,631.0888894276916,177.44000337522056,1280,720,anon
2026-03-20T18:00:45.966382,unknown,match1_rally_000480.jpg,True,903.9430692434219,458.19305372409866,924.21957582499,478.99622281427895,1920,1080,anon
2026-03-20T18:00:50.278380,unknown,match1_rally_000533.jpg,True,901.5259380777595,372.79067684646446,923.8300953174845,396.8328203646095,1920,1080,anon
2026-03-20T18:00:55.310442,unknown,match1_rally_000338.jpg,True,800.6555771567098,257.5685289975763,822.8555771567098,280.16852899757635,1920,1080,anon
2026-03-20T18:01:00.966908,unknown,match2_non_rally_010084.jpg,False,,,,,1280,720,anon
2026-03-20T18:01:06.158864,unknown,match14_non_rally_003010.jpg,True,1074.0714068901277,630.0521965830145,1125.0714068901277,683.4521965830145,1280,720,anon
2026-03-20T18:01:09.246292,unknown,match7_rally_005553.jpg,True,718.3939641148761,364.1448061881157,729.7939641148762,374.74480618811566,1280,720,anon
2026-03-20T18:01:12.750575,unknown,match16_rally_001328.jpg,True,879.6075685660142,425.9050698273597,891.8075685660142,441.10506982735967,1280,720,anon
2026-03-20T18:01:25.454708,unknown,match1_non_rally_000620.jpg,True,1920,950,1889,1030,1920,1080,anon
2026-03-20T18:01:29.791448,unknown,match10_non_rally_011092.jpg,False,,,,,1280,720,anon
2026-03-20T18:01:33.622141,unknown,match8_rally_004534.jpg,True,915.8128808853651,249.3485906235905,935.2128808853652,269.9485906235905,1280,720,anon
2026-03-20T18:01:37.390485,unknown,match14_non_rally_003576.jpg,True,653.7506404257713,377.6237737257028,665.1506404257713,388.4237737257028,1280,720,anon
2026-03-20T18:01:39.358411,unknown,match16_non_rally_001791.jpg,False,,,,,1280,720,anon
2026-03-20T18:01:43.661677,unknown,match10_rally_011527.jpg,True,708.2448978370145,242.60207501802512,724.8448978370145,259.2020750180251,1280,720,anon
2026-03-20T18:01:46.934128,unknown,match15_rally_002641.jpg,True,852.9441050849506,427.9495528317765,867.9441050849506,440.9495528317765,1280,720,anon
2026-03-20T18:01:48.990530,unknown,match14_non_rally_003184.jpg,False,,,,,1280,720,anon
2026-03-20T18:01:54.398871,unknown,match7_rally_005549.jpg,True,678.7713460242524,285.51488054639333,691.3713460242523,297.3148805463933,1280,720,anon
2026-03-20T18:02:10.414341,unknown,match1_rally_000454.jpg,True,1311.9890915353049,199.3617593254978,1340.7890915353048,228.16175932549777,1920,1080,anon
2026-03-20T18:02:12.286714,unknown,match16_non_rally_001760.jpg,False,,,,,1280,720,anon
2026-03-20T18:02:17.670264,unknown,match9_rally_009942.jpg,True,418.6140741490115,297.23392348571304,434.0140741490115,313.03392348571305,1280,720,anon
2026-03-20T18:02:21.493758,unknown,match2_rally_010901.jpg,True,778.8370513857069,341.6523549732162,793.037051385707,355.2523549732162,1280,720,anon
2026-03-20T18:02:24.911442,unknown,match16_rally_001930.jpg,True,797.2746019845288,133.73449891587407,824.2626322445959,160.33698588651174,1280,720,anon
2026-03-20T18:02:30.342560,unknown,match7_rally_005492.jpg,True,223.10288159331904,357.7920312989536,241.26483820280936,376.90988036157495,1280,720,anon
2026-03-20T18:02:36.590476,unknown,match16_rally_001889.jpg,True,781.5455561145534,143.56771694643234,801.5455561145534,161.96771694643235,1280,720,anon
2026-03-20T18:02:41.974440,unknown,match16_rally_001744.jpg,True,825.6217480562491,332.06924298867926,839.9852710183989,319.6208564214828,1280,720,anon
2026-03-20T18:02:45.366771,unknown,match14_rally_003528.jpg,True,664.7221452960903,286.0019836214645,682.1221452960903,302.8019836214645,1280,720,anon
2026-03-20T18:02:48.702684,unknown,match10_rally_011646.jpg,True,584.3228382375326,275.51895963726435,596.0530486566215,287.4885621057225,1280,720,anon
2026-03-20T18:02:51.999233,unknown,match9_rally_010004.jpg,True,577.6016180435702,248.6461046194088,593.8016180435701,264.6461046194088,1280,720,anon
2026-03-20T18:02:56.326721,unknown,match9_rally_009358.jpg,True,690.1304538454117,255.6823622834848,703.7304538454117,269.28236228348476,1280,720,anon
2026-03-20T18:03:00.222742,unknown,match7_non_rally_005217.jpg,True,381.8125923825144,451.52058157747314,391.2125923825144,461.32058157747315,1280,720,anon
2026-03-20T18:03:05.542752,unknown,match9_non_rally_009543.jpg,False,,,,,1280,720,anon
2026-03-20T18:03:10.830626,unknown,match15_non_rally_002850.jpg,True,845.0939284272923,549.9820579397079,870.6939284272923,577.3820579397079,1280,720,anon
2026-03-20T18:03:14.550345,unknown,match9_rally_009965.jpg,True,622.5404875594455,341.27342540811543,634.5404875594455,352.4734254081154,1280,720,anon
2026-03-20T18:03:18.478395,unknown,match2_rally_010135.jpg,True,624.0805602310564,352.23941887249936,635.8805602310565,364.8394188724993,1280,720,anon
2026-03-20T18:03:23.734757,unknown,match7_rally_005937.jpg,True,684.1089386076836,331.2108437246617,693.7089386076836,340.6108437246617,1280,720,anon
2026-03-20T18:03:30.399100,unknown,match14_non_rally_003065.jpg,True,639.6743160313442,503.65749457066966,660.7408163758306,524.9633869645252,1280,720,anon
2026-03-20T18:03:36.102298,unknown,match1_rally_000337.jpg,True,1116.1268623893222,498.00961952328845,1134.3268623893223,515.0096195232884,1920,1080,anon
2026-03-20T18:03:41.966923,unknown,match1_non_rally_000038.jpg,False,,,,,1920,1080,anon
2026-03-20T18:03:47.342347,unknown,match14_rally_003723.jpg,True,847.1715494415964,166.49323971083035,864.9715494415965,185.09323971083035,1280,720,anon
2026-03-20T18:03:48.862710,unknown,match10_non_rally_011336.jpg,False,,,,,1280,720,anon
2026-03-20T18:03:53.254289,unknown,match9_non_rally_009726.jpg,True,570.4172901878194,415.3219136475747,578.4172901878194,426.12191364757473,1280,720,anon
2026-03-20T18:03:56.590751,unknown,match2_rally_010651.jpg,True,559.3751141054474,367.6435126136374,575.3751141054474,383.4435126136374,1280,720,anon
2026-03-20T18:04:00.062287,unknown,match1_rally_000250.jpg,True,1241.938000250377,402.9281353747985,1267.7444631723727,429.78792331401866,1920,1080,anon
2026-03-20T18:04:04.366317,unknown,match2_non_rally_010331.jpg,True,577.2380654559387,417.39869303743114,586.2380654559387,425.39869303743114,1280,720,anon
2026-03-20T18:04:16.397755,unknown,match1_rally_000612.jpg,True,1158.5110948223332,169.19918867750954,1176.1110948223334,188.79918867750953,1920,1080,anon
2026-03-20T18:04:18.462669,unknown,match16_non_rally_001743.jpg,False,,,,,1280,720,anon
2026-03-20T18:04:21.485770,unknown,match8_non_rally_004511.jpg,True,491.6888436898891,382.9454485544373,501.4888436898891,392.54544855443726,1280,720,anon
2026-03-20T18:04:23.646512,unknown,match2_non_rally_010704.jpg,False,,,,,1280,720,anon
2026-03-20T18:04:26.317771,unknown,match8_non_rally_004739.jpg,True,707.1873707910155,363.3779378699288,715.5873707910155,372.3779378699288,1280,720,anon
2026-03-20T18:04:28.894440,unknown,match9_non_rally_009288.jpg,True,1090,531,1146,590,1280,720,anon
2026-03-20T18:04:32.142683,unknown,match10_rally_011684.jpg,True,808.8065380849121,202.9288191701642,821.606538084912,215.5288191701642,1280,720,anon
2026-03-20T18:04:34.718254,unknown,match7_rally_005480.jpg,True,673.1130835841459,315.2391506904495,683.5130835841459,325.03915069044945,1280,720,anon
2026-03-20T18:04:36.646361,unknown,match16_non_rally_001095.jpg,False,,,,,1280,720,anon
2026-03-20T18:04:39.047090,unknown,match9_non_rally_009745.jpg,False,,,,,1280,720,anon
2026-03-20T18:04:41.653755,unknown,match9_rally_009655.jpg,True,611.1168157810988,243.34218274161398,624.7168157810988,255.742182741614,1280,720,anon
2026-03-20T18:04:46.454136,unknown,match16_rally_001735.jpg,True,596.3600040077157,121.7758738459067,616.6886501776364,107.05513006768824,1280,720,anon
2026-03-20T18:04:55.542766,unknown,match1_rally_000868.jpg,True,1126.385000458281,663.1706892527825,1164.385000458281,699.5706892527825,1920,1080,anon
2026-03-20T18:05:03.615292,unknown,match9_rally_009185.jpg,False,,,,,1280,720,anon
2026-03-20T18:05:07.982729,unknown,match15_rally_002618.jpg,True,471.4374177452438,210.56203620842717,492.8374177452438,230.76203620842716,1280,720,anon
2026-03-20T18:05:09.510587,unknown,match2_non_rally_010567.jpg,False,,,,,1280,720,anon
2026-03-20T18:05:11.374447,unknown,match14_non_rally_003951.jpg,False,,,,,1280,720,anon
2026-03-20T18:05:13.158481,unknown,match15_non_rally_002674.jpg,False,,,,,1280,720,anon
2026-03-20T18:05:17.078993,unknown,match2_rally_010181.jpg,True,452.6287445981212,351.47390390767407,474.0287445981212,373.2739039076741,1280,720,anon
2026-03-20T18:05:20.062749,unknown,match15_rally_002811.jpg,True,650.4830832355688,259.9694525527867,669.6009322981902,277.49414752685635,1280,720,anon
2026-03-20T18:05:22.438668,unknown,match2_non_rally_010039.jpg,False,,,,,1280,720,anon
2026-03-20T18:05:26.902399,unknown,match1_non_rally_000611.jpg,True,823.6162642095449,568.9977555879593,837.6162642095449,582.7977555879594,1920,1080,anon
2026-03-20T18:05:29.384575,unknown,match1_non_rally_000774.jpg,False,,,,,1920,1080,anon
2026-03-20T18:05:32.999014,unknown,match9_non_rally_009289.jpg,False,,,,,1280,720,anon
2026-03-20T18:05:37.126408,unknown,match10_rally_011504.jpg,True,557.5527433346839,243.8789566740661,570.5527433346839,256.2789566740661,1280,720,anon
2026-03-20T18:05:39.374917,unknown,match8_non_rally_004206.jpg,False,,,,,1280,720,anon
2026-03-20T18:05:42.869817,unknown,match9_rally_009431.jpg,True,737.8523792735832,357.81984110029464,758.6523792735832,376.2198411002946,1280,720,anon
2026-03-20T18:05:46.734477,unknown,match2_rally_010118.jpg,True,647.6383462067229,299.9412534202306,661.6383462067229,313.9412534202306,1280,720,anon
2026-03-20T18:05:50.502257,unknown,match1_rally_000742.jpg,True,617.7207036780097,321.0521457607182,640.3207036780097,343.6521457607182,1920,1080,anon
2026-03-20T18:05:54.990353,unknown,match14_rally_003270.jpg,True,595.3213139484327,268.5266808058409,610.9213139484327,283.7266808058409,1280,720,anon
2026-03-20T18:06:01.918986,unknown,match2_rally_011051.jpg,True,689.4993902710688,231.83562964539777,707.0993902710688,250.0356296453978,1280,720,anon
2026-03-20T18:06:06.582552,unknown,match14_non_rally_003725.jpg,True,833.2378625543828,317.76284522522764,844.4378625543828,329.36284522522766,1280,720,anon
2026-03-20T18:06:09.846952,unknown,match16_rally_001037.jpg,True,846.8018985351428,283.4603458077084,859.8018985351428,296.2603458077084,1280,720,anon
2026-03-20T18:06:13.942490,unknown,match7_rally_005112.jpg,True,552.0966823885894,216.86627081613864,564.8966823885895,229.66627081613865,1280,720,anon
2026-03-20T18:06:17.343408,unknown,match15_rally_002859.jpg,True,452.656572735412,267.17845065391697,465.256572735412,280.578450653917,1280,720,anon
2026-03-20T18:06:20.798537,unknown,match10_rally_011782.jpg,True,403.7063583571613,327.59865374180725,419.3063583571613,342.39865374180727,1280,720,anon
2026-03-20T18:06:25.262205,unknown,match10_non_rally_011871.jpg,True,494.98378488167674,468.58031524947285,511.3837848816767,484.78031524947284,1280,720,anon
2026-03-20T18:06:28.902550,unknown,match8_rally_004813.jpg,True,806.7006371799313,245.38651430724767,826.1006371799313,265.98651430724766,1280,720,anon
2026-03-20T18:06:32.926408,unknown,match16_rally_001469.jpg,False,,,,,1280,720,anon
2026-03-20T18:06:37.190376,unknown,match16_non_rally_001165.jpg,True,517.5516750370095,382.66488859047814,529.3516750370096,396.86488859047813,1280,720,anon
2026-03-20T18:06:45.142560,unknown,match2_rally_010096.jpg,False,,,,,1280,720,anon
2026-03-20T18:06:48.118549,unknown,match2_rally_011022.jpg,True,716.0699459338056,307.5892380847454,730.0699459338056,321.98923808474535,1280,720,anon
2026-03-20T18:06:50.030812,unknown,match16_non_rally_001293.jpg,False,,,,,1280,720,anon
2026-03-20T18:06:53.174717,unknown,match1_rally_000415.jpg,True,932.1553391597823,437.933670823976,949.5553391597823,455.733670823976,1920,1080,anon
2026-03-20T18:07:28.414375,unknown,match2_non_rally_010320.jpg,False,,,,,1280,720,anon
2026-03-20T18:07:32.278408,unknown,match14_rally_003526.jpg,True,660.9762879247055,314.726025798876,675.9762879247055,301.92602579887597,1280,720,anon
2026-03-20T18:07:33.782837,unknown,match8_non_rally_004232.jpg,False,,,,,1280,720,anon
2026-03-20T18:07:36.533777,unknown,match10_rally_011727.jpg,True,689.1431118109409,297.23214550345045,707.3431118109409,314.6321455034505,1280,720,anon
2026-03-20T18:07:39.598837,unknown,match9_rally_009133.jpg,False,,,,,1280,720,anon
2026-03-20T18:07:41.085943,unknown,match2_non_rally_010581.jpg,False,,,,,1280,720,anon
2026-03-20T18:07:43.831438,unknown,match9_non_rally_009568.jpg,False,,,,,1280,720,anon
2026-03-20T18:07:48.813753,unknown,match16_non_rally_001197.jpg,True,710.3957729816905,447.571076693475,726.7957729816904,463.771076693475,1280,720,anon
2026-03-20T18:07:52.054045,unknown,match9_non_rally_009972.jpg,True,578.6312964573829,389.96641008780045,587.8312964573828,398.36641008780043,1280,720,anon
2026-03-20T18:07:55.534696,unknown,match2_rally_010895.jpg,True,701.7045107075688,240.5529573814737,715.9045107075688,254.1529573814737,1280,720,anon
2026-03-20T18:07:57.430687,unknown,match7_non_rally_005016.jpg,False,,,,,1280,720,anon
2026-03-20T18:08:06.118672,unknown,match1_non_rally_000608.jpg,True,683.1721086887593,704.2618271641868,706.6760553540953,729.7244360516341,1920,1080,anon
2026-03-20T18:08:08.863360,unknown,match8_rally_004365.jpg,True,583.2485306721504,287.165371261364,598.8485306721504,303.565371261364,1280,720,anon
2026-03-20T18:08:11.519070,unknown,match8_non_rally_004486.jpg,False,,,,,1280,720,anon
2026-03-20T18:08:13.494374,unknown,match2_non_rally_010833.jpg,False,,,,,1280,720,anon
2026-03-20T18:08:17.205879,unknown,match15_rally_002580.jpg,True,518.0407821655008,143.680086116879,531.6407821655008,157.680086116879,1280,720,anon
2026-03-20T18:08:20.150402,unknown,match15_rally_002456.jpg,True,505.46154939990345,318.48858594482,517.0615493999035,328.48858594482,1280,720,anon
2026-03-20T18:08:22.622963,unknown,match1_rally_000170.jpg,True,1044.7153318719636,431.5181283378679,1068.2940123825301,454.1409163953032,1920,1080,anon
2026-03-20T18:08:26.677752,unknown,match15_rally_002874.jpg,True,644.7385846546682,174.76036617348467,658.5385846546682,188.76036617348467,1280,720,anon
2026-03-20T18:08:30.102315,unknown,match14_rally_003567.jpg,True,1164.8952005118324,274.9616341057765,1191.3415583817919,302.0452536111568,1280,720,anon
2026-03-20T18:08:32.271839,unknown,match9_non_rally_009698.jpg,False,,,,,1280,720,anon
2026-03-20T18:08:36.431243,unknown,match15_rally_002907.jpg,True,418.30730483399964,179.3814692598054,435.5073048339997,195.3814692598054,1280,720,anon
2026-03-20T18:08:48.486749,unknown,match2_rally_010091.jpg,True,434.08276172393255,260.9813889234284,449.08276172393255,275.78138892342844,1280,720,anon
2026-03-20T18:08:54.094617,unknown,match1_rally_000235.jpg,True,1100.5482409789145,398.58856978581343,1135.044635293011,438.6149204403375,1920,1080,anon
2026-03-20T18:08:57.934638,unknown,match1_rally_000084.jpg,True,856.7880429213925,389.7496083605195,880.5880429213925,413.9496083605195,1920,1080,anon
2026-03-20T18:09:02.806767,unknown,match15_rally_003000.jpg,True,516.2365407579643,223.081304495325,536.0365407579643,243.081304495325,1280,720,anon
2026-03-20T18:09:05.998736,unknown,match9_non_rally_009600.jpg,True,635.9438033523699,357.09834183669415,655.351316794728,374.4782046208954,1280,720,anon
2026-03-20T18:09:10.294538,unknown,match8_rally_004383.jpg,False,,,,,1280,720,anon
2026-03-20T18:09:18.166471,unknown,match2_rally_010784.jpg,True,466.12008660112826,230.11505279209027,480.9200866011282,245.51505279209027,1280,720,anon
2026-03-20T18:09:20.638662,unknown,match1_rally_000828.jpg,True,1150.2659375301955,210.1475819660543,1183.0371171317056,237.1356122261215,1920,1080,anon
2026-03-20T18:09:42.494425,unknown,match8_rally_004998.jpg,True,377.7509792782695,179.99321176841994,394.15097927826946,196.79321176841995,1280,720,anon
2026-03-20T18:09:45.518700,unknown,match14_rally_003364.jpg,True,564.3736238641998,307.0922596618028,575.9736238641997,319.0922596618028,1280,720,anon
2026-03-20T18:09:50.799077,unknown,match10_rally_011354.jpg,True,646.0149086907239,380.29106993325286,658.1281463888035,392.14097637702645,1280,720,anon
2026-03-20T18:09:53.591099,unknown,match10_rally_011995.jpg,True,737.1624588104148,243.58192459123023,750.8730943651942,257.51018928179974,1280,720,anon
2026-03-20T18:09:56.934373,unknown,match15_rally_002971.jpg,True,498.2793598845589,146.4127079661623,517.0793598845589,164.01270796616228,1280,720,anon
2026-03-20T18:10:00.598165,unknown,match16_rally_001314.jpg,True,477.98542464181634,298.9608619900124,494.7859586665442,312.5750878376367,1280,720,anon
2026-03-20T18:10:08.662685,unknown,match16_rally_001521.jpg,True,705.4737175866709,113.07528345204409,719.4737175866709,125.4752834520441,1280,720,anon
2026-03-20T18:10:12.423278,unknown,match9_non_rally_009495.jpg,False,,,,,1280,720,anon
2026-03-20T18:10:16.022791,unknown,match10_rally_011780.jpg,True,777.4030570874563,350.9593506766852,789.4030570874563,363.3593506766852,1280,720,anon
2026-03-20T18:10:20.734381,unknown,match2_non_rally_010455.jpg,True,419.5201911367036,474.42632011560846,430.7201911367036,485.0263201156084,1280,720,anon
2026-03-20T18:10:24.317818,unknown,match2_rally_010157.jpg,True,639.5181056173922,383.14569507196455,657.2331172707102,398.466786231591,1280,720,anon
2026-03-20T18:10:27.982830,unknown,match16_rally_001930.jpg,True,798.2207584099503,132.49175217444687,824.0008882065156,160.8788613886423,1280,720,anon
2026-03-20T18:10:31.758465,unknown,match8_rally_004928.jpg,True,487.3241345772679,201.467660770485,501.1241345772679,216.467660770485,1280,720,anon
2026-03-20T18:10:34.646328,unknown,match8_rally_004596.jpg,True,699.7903538547818,174.7760505340789,720.3780701005297,194.16680653298113,1280,720,anon
2026-03-20T18:10:37.198789,unknown,match7_non_rally_005040.jpg,False,,,,,1280,720,anon
2026-03-20T18:10:40.262480,unknown,match8_rally_004180.jpg,True,515.9820487828697,156.98793620470914,539.9820487828697,180.98793620470914,1280,720,anon
2026-03-20T18:10:43.574516,unknown,match9_rally_009861.jpg,True,771.1310260326212,310.85927464045545,786.9310260326213,326.4592746404554,1280,720,anon
2026-03-20T18:10:48.078349,unknown,match2_rally_011038.jpg,True,720.6003858309577,266.12858106445367,733.6003858309577,279.5285810644537,1280,720,anon
2026-03-20T18:10:53.870085,unknown,match16_non_rally_001337.jpg,True,238.91322465388834,654.7128355049671,291.07723171370395,710.693721130135,1280,720,anon
2026-03-20T18:10:56.630685,unknown,match8_non_rally_004843.jpg,True,483.1756912410645,366.1402203106183,495.3756912410645,375.3402203106183,1280,720,anon
2026-03-20T18:10:59.662315,unknown,match2_rally_010594.jpg,True,568.6221315681569,265.1342785150349,579.0221315681569,276.73427851503493,1280,720,anon
2026-03-20T18:11:04.430314,unknown,match2_non_rally_010863.jpg,True,913.7008847499216,566.1332718227527,938.454022654693,589.3064222016877,1280,720,anon
2026-03-20T18:11:11.326232,unknown,match9_non_rally_009531.jpg,True,919.8857850633449,411.10831921253447,931.6857850633448,400.9083192125344,1280,720,anon
2026-03-20T18:11:13.781882,unknown,match9_non_rally_009536.jpg,False,,,,,1280,720,anon
2026-03-20T18:11:22.031228,unknown,match15_non_rally_002096.jpg,True,757.287065254756,368.1756901375417,767.0870652547561,376.3756901375417,1280,720,anon
2026-03-20T18:11:25.542670,unknown,match15_non_rally_002016.jpg,True,738.9690793560272,428.5648132288231,751.5690793560273,441.1648132288231,1280,720,anon
2026-03-20T18:11:46.598904,unknown,match7_rally_005178.jpg,False,,,,,1280,720,anon
2026-03-20T18:11:48.830461,unknown,match9_non_rally_009498.jpg,False,,,,,1280,720,anon
2026-03-20T18:11:52.198442,unknown,match1_non_rally_000752.jpg,True,923.8320189542037,557.5436153832886,936.4320189542037,568.7436153832886,1920,1080,anon
2026-03-20T18:11:57.406270,unknown,match7_rally_005796.jpg,True,662.0316096452974,216.5558364736822,681.8316096452975,237.35583647368222,1280,720,anon
2026-03-20T18:12:01.750698,unknown,match9_rally_009512.jpg,True,625.5155646487265,386.95229854630315,639.8790876108764,398.20372486665383,1280,720,anon
2026-03-20T18:12:03.174507,unknown,match10_non_rally_011056.jpg,False,,,,,1280,720,anon
2026-03-20T18:12:06.710449,unknown,match9_non_rally_009190.jpg,True,787.3462938085381,488.9044505120769,819.8466372149944,521.4047939185332,1280,720,anon
2026-03-20T18:12:10.766388,unknown,match2_non_rally_010355.jpg,False,,,,,1280,720,anon
2026-03-20T18:12:15.182593,unknown,match1_non_rally_000463.jpg,True,1359.1634000000001,981.9929600000002,1452.5729800000001,1067.3499900000002,1920,1080,anon
2026-03-20T18:12:19.774029,unknown,match10_rally_011427.jpg,True,514.2995070547156,355.92173407392613,527.4995070547157,368.1217340739261,1280,720,anon
2026-03-20T18:12:22.054750,unknown,match8_non_rally_004592.jpg,False,,,,,1280,720,anon
2026-03-20T18:12:26.350729,unknown,match14_rally_003404.jpg,True,472.6183545243643,365.37382831502083,490.5248798171777,382.490359844916,1280,720,anon
2026-03-20T18:12:30.150693,unknown,match7_rally_005420.jpg,True,707.9690208606004,248.0667797445119,719.9690208606004,259.0667797445119,1280,720,anon
2026-03-20T18:12:54.566384,unknown,match15_non_rally_002971.jpg,True,337.9226669103715,442.1992410978454,353.32266691037154,456.59924109784544,1280,720,anon
2026-03-20T18:12:57.990312,unknown,match10_non_rally_011171.jpg,True,651.6610842927828,373.6249801774961,658.8610842927828,382.0249801774961,1280,720,anon
2026-03-20T18:13:01.238301,unknown,match10_rally_011849.jpg,True,533.0526213013012,177.97616414871646,547.0526213013012,192.37616414871647,1280,720,anon
2026-03-20T18:13:04.333728,unknown,match16_rally_001828.jpg,True,696.7934508142245,199.25585672581025,714.1934508142244,216.65585672581022,1280,720,anon
2026-03-20T18:13:08.358974,unknown,match1_rally_000844.jpg,True,1474.3992548882568,514.3506079266735,1501.7992548882569,539.7506079266735,1920,1080,anon
2026-03-20T18:13:11.750523,unknown,match2_non_rally_010315.jpg,True,389.55235981081216,547.8395949567209,411.95235981081214,568.4395949567208,1280,720,anon
2026-03-20T18:13:14.414433,unknown,match7_non_rally_005500.jpg,False,,,,,1280,720,anon
2026-03-20T18:13:16.486891,unknown,match2_non_rally_010921.jpg,False,,,,,1280,720,anon
2026-03-20T18:13:19.709864,unknown,match8_rally_004740.jpg,True,830.9823794987457,100.85060199666145,854.1823794987456,123.45060199666145,1280,720,anon
2026-03-20T18:13:23.286366,unknown,match2_rally_010981.jpg,True,586.6164991829344,347.45744796649967,600.4164991829344,360.8574479664997,1280,720,anon
2026-03-20T18:13:26.094451,unknown,match7_rally_005972.jpg,True,626.7315026071655,266.3708712006648,637.1777011250927,276.5994405828018,1280,720,anon
2026-03-20T18:13:29.687266,unknown,match16_non_rally_001268.jpg,False,,,,,1280,720,anon
2026-03-20T18:13:33.567513,unknown,match9_non_rally_009768.jpg,False,,,,,1280,720,anon
2026-03-20T18:13:38.207224,unknown,match15_rally_002562.jpg,True,308.4016118733736,277.659210720021,324.4016118733736,292.659210720021,1280,720,anon
2026-03-20T18:13:41.368504,unknown,match8_non_rally_004517.jpg,False,,,,,1280,720,anon
2026-03-20T18:13:45.775031,unknown,match2_non_rally_010149.jpg,True,861.1135502890844,441.7677301089826,869.9135502890844,451.3677301089826,1280,720,anon
2026-03-20T18:13:47.582714,unknown,match14_non_rally_003806.jpg,False,,,,,1280,720,anon
2026-03-20T18:13:51.326823,unknown,match9_rally_010008.jpg,True,362.49346135280456,325.3752453242991,383.52309532168806,343.5372019337894,1280,720,anon
2026-03-20T18:13:57.310933,unknown,match9_non_rally_009564.jpg,False,,,,,1280,720,anon
2026-03-20T18:14:00.774391,unknown,match10_rally_011190.jpg,True,537.5551381853691,235.64631559918453,557.5551381853691,255.84631559918452,1280,720,anon
2026-03-20T18:14:03.966704,unknown,match16_rally_001706.jpg,True,532.3117944752902,198.6444162422762,553.1117944752903,221.0444162422762,1280,720,anon
2026-03-20T18:14:06.886043,unknown,match8_rally_004712.jpg,True,528.3320874499358,244.4282797460028,552.9894685349595,263.5796436955359,1280,720,anon
2026-03-20T18:14:10.318470,unknown,match2_rally_010706.jpg,True,704.7212390459238,352.34769376001174,719.7212390459238,366.14769376001175,1280,720,anon
2026-03-20T18:14:12.829858,unknown,match15_rally_002167.jpg,True,786.6084750688175,269.7724415945516,806.8479846973013,289.35906381566497,1280,720,anon
2026-03-20T18:14:16.102826,unknown,match7_rally_005546.jpg,True,714.1497075801547,311.24893389759137,724.5497075801546,321.64893389759135,1280,720,anon
2026-03-20T18:14:18.990235,unknown,match1_rally_000114.jpg,True,1072.7187811103202,89.34551103071911,1121.787927037715,140.167126455521,1920,1080,anon
2026-03-20T18:14:21.591438,unknown,match14_rally_003356.jpg,True,484.13440178488986,105.0636367115237,500.9581089599967,121.88734388663052,1280,720,anon
2026-03-20T18:14:24.902426,unknown,match16_rally_001090.jpg,True,707.622227982176,165.05034043446585,722.822227982176,180.85034043446586,1280,720,anon
2026-03-20T18:14:33.422503,unknown,match15_rally_002535.jpg,True,583.7774507095311,149.57061062948324,602.9288146590641,167.63382890006557,1280,720,anon
2026-03-20T18:14:38.174537,unknown,match16_non_rally_001795.jpg,True,946.9158743241894,459.7503548793726,962.3158743241895,475.15035487937257,1280,720,anon
2026-03-20T18:14:42.206433,unknown,match10_rally_011215.jpg,True,671.2580926323565,176.49457221688317,686.4580926323564,192.09457221688317,1280,720,anon
2026-03-20T18:14:45.254735,unknown,match9_non_rally_009013.jpg,False,,,,,1280,720,anon
2026-03-20T18:14:48.094413,unknown,match7_rally_005849.jpg,True,699.5780188501327,341.49756456410194,712.5780188501327,354.697564564102,1280,720,anon
2026-03-20T18:14:55.838543,unknown,match15_rally_002448.jpg,True,575.9460024605969,401.6356904722085,585.626002460597,413.0756904722085,1280,720,anon
2026-03-20T18:15:01.062788,unknown,match9_non_rally_009364.jpg,True,673.2652101861759,439.06899954138237,683.0652101861758,449.26899954138236,1280,720,anon
2026-03-20T18:15:06.158657,unknown,match1_non_rally_000403.jpg,True,1209.5339375725698,785.7624185506454,1265.5410409125057,854.0637640871524,1920,1080,anon
2026-03-20T18:15:16.998557,unknown,match9_non_rally_009243.jpg,False,,,,,1280,720,anon
2026-03-20T18:15:18.382761,unknown,match2_non_rally_010401.jpg,False,,,,,1280,720,anon
2026-03-20T18:15:22.558931,unknown,match9_rally_009652.jpg,True,599.5274070704193,349.8264035495702,615.9274070704192,365.4264035495702,1280,720,anon
2026-03-20T18:15:34.223771,unknown,match7_rally_005200.jpg,False,,,,,1280,720,anon
2026-03-20T18:15:36.686459,unknown,match2_non_rally_010234.jpg,False,,,,,1280,720,anon
2026-03-20T18:15:40.022233,unknown,match7_non_rally_005618.jpg,True,538.7338682770553,391.9466645767391,547.1338682770553,399.5466645767391,1280,720,anon
2026-03-20T18:15:43.077779,unknown,match2_rally_011019.jpg,True,682.6330121125762,379.976408138834,694.0330121125762,391.576408138834,1280,720,anon
2026-03-20T18:15:48.254340,unknown,match1_non_rally_000238.jpg,True,1669.3080409290667,754.3676111134265,1699.1434720419456,782.4650559478852,1920,1080,anon
2026-03-20T18:15:52.398133,unknown,match2_rally_010935.jpg,True,705.1182847140116,425.42079540196045,720.7875824909022,439.34906009252995,1280,720,anon
2026-03-20T18:15:53.694667,unknown,match16_non_rally_001913.jpg,False,,,,,1280,720,anon
2026-03-20T18:15:55.462359,unknown,match9_non_rally_009449.jpg,False,,,,,1280,720,anon
2026-03-20T18:15:56.606714,unknown,match14_non_rally_003554.jpg,False,,,,,1280,720,anon
2026-03-20T18:16:01.302663,unknown,match14_rally_003246.jpg,True,759.1558792786034,382.05218484157024,773.9558792786033,395.8521848415702,1280,720,anon
2026-03-20T18:16:04.846821,unknown,match7_non_rally_005123.jpg,True,592.2815647021514,396.69543430235495,598.2815647021514,402.69543430235495,1280,720,anon
2026-03-20T18:16:08.462867,unknown,match8_rally_004961.jpg,True,700.3330047429369,206.9565331981774,719.3330047429369,225.15653319817739,1280,720,anon
2026-03-20T18:16:10.766593,unknown,match15_non_rally_002644.jpg,True,693.294065000713,341.14214931058734,702.694065000713,351.9421493105873,1280,720,anon
2026-03-20T18:16:12.590841,unknown,match10_non_rally_011848.jpg,False,,,,,1280,720,anon
2026-03-20T18:16:15.558562,unknown,match14_rally_003645.jpg,True,805.7250554729941,200.18843425892533,818.925055472994,212.98843425892534,1280,720,anon
2026-03-20T18:16:19.574182,unknown,match7_rally_005960.jpg,True,495.17551130191896,274.78833568941116,506.17551130191896,285.78833568941116,1280,720,anon
2026-03-20T18:16:22.638731,unknown,match15_rally_002913.jpg,True,596.0298421503887,229.8351743818855,616.3063487319569,248.6633590647702,1280,720,anon
2026-03-20T18:16:34.206425,unknown,match14_non_rally_003017.jpg,False,,,,,1280,720,anon
2026-03-20T18:16:36.934695,unknown,match1_non_rally_000843.jpg,True,898.2832066950223,536.7123513057893,910.6832066950222,549.3123513057893,1920,1080,anon
2026-03-20T18:16:39.222711,unknown,match7_non_rally_005158.jpg,True,530.2056940071375,287.0688036488377,553.7238346623388,306.7315114097438,1280,720,anon
2026-03-20T18:16:42.022271,unknown,match16_rally_001978.jpg,True,608.7045918629212,221.80569041851575,632.2227325181227,242.62502804771046,1280,720,anon
2026-03-20T18:16:48.733729,unknown,match7_rally_005516.jpg,True,791.189298964664,291.48246483385174,804.189298964664,303.6824648338517,1280,720,anon
2026-03-20T18:16:51.446085,unknown,match9_non_rally_009110.jpg,True,734.9735733319114,465.8339679987413,767.302534780446,498.67608756550646,1280,720,anon
2026-03-20T18:16:55.214728,unknown,match16_rally_001253.jpg,False,,,,,1280,720,anon
2026-03-20T18:16:58.598934,unknown,match10_rally_012029.jpg,True,913.8636554524282,282.52612196503344,931.2435182366296,299.616320369498,1280,720,anon
2026-03-20T18:17:01.806310,unknown,match7_rally_005434.jpg,True,629.9699906455895,327.2839760886265,642.7152233540038,339.1602156578307,1280,720,anon
2026-03-20T18:17:05.790371,unknown,match7_non_rally_005829.jpg,True,427.6021901981747,470.16067236108483,438.0021901981747,480.76067236108486,1280,720,anon
2026-03-20T18:17:08.742857,unknown,match9_rally_009520.jpg,True,627.7239188728681,382.23000715084066,644.2347885178593,395.5545686187283,1280,720,anon
2026-03-20T18:17:13.110500,unknown,match10_rally_012013.jpg,True,625.5225511099625,325.51806167507794,637.0888497928485,316.40522028856174,1280,720,anon
2026-03-20T18:17:16.526447,unknown,match2_rally_010451.jpg,True,603.3511752688049,99.77588646291592,627.1847604335396,123.60947162765059,1280,720,anon
2026-03-20T18:17:19.974367,unknown,match15_rally_002183.jpg,True,679.2919553993158,254.52136531260606,695.614140583577,271.2788087684475,1280,720,anon
2026-03-20T18:17:22.871256,unknown,match10_rally_011188.jpg,True,625.1485307080619,179.98855849634126,643.4293781144344,196.3107436806024,1280,720,anon
2026-03-20T18:17:25.510733,unknown,match9_rally_009778.jpg,True,586.5750720216699,287.81206090121026,607.9233368082638,307.88580241696275,1280,720,anon
2026-03-20T18:17:29.325745,unknown,match1_rally_000038.jpg,True,1031.40797122107,349.39002239220156,1062.7443904834936,380.9897729089311,1920,1080,anon
2026-03-20T18:17:34.172522,unknown,match7_rally_005998.jpg,True,561.1806959710026,101.86151547507504,582.3806959710025,121.26151547507504,1280,720,anon
2026-03-20T18:17:37.302674,unknown,match14_rally_003971.jpg,True,630.3763485636745,338.4860760065304,645.3519969960612,354.09898607433786,1280,720,anon
2026-03-20T18:17:40.702423,unknown,match16_rally_002001.jpg,True,626.3935387017899,241.6897720059019,644.0630658657278,261.67661420773334,1280,720,anon
2026-03-20T18:17:44.238773,unknown,match2_rally_010174.jpg,True,623.046168219702,316.36000029140166,641.5267556469028,333.56606444776094,1280,720,anon
2026-03-20T18:17:46.190532,unknown,match8_non_rally_004013.jpg,False,,,,,1280,720,anon
2026-03-20T18:17:48.774664,unknown,match7_rally_005818.jpg,True,627.3102926327925,271.08349895836625,639.1102926327925,281.88349895836626,1280,720,anon
2026-03-20T18:17:50.694581,unknown,match7_non_rally_005490.jpg,False,,,,,1280,720,anon
2026-03-20T18:17:53.902728,unknown,match10_non_rally_011872.jpg,True,789.0126312811648,451.7052926355173,821.8316055053315,482.2938511357115,1280,720,anon
2026-03-20T18:17:56.422728,unknown,match16_non_rally_001792.jpg,True,581.590639370164,372.8130644717119,590.7310630733502,383.259262989639,1280,720,anon
2026-03-20T18:17:59.230424,unknown,match14_rally_003308.jpg,True,1209,520,1248,567,1280,720,anon
2026-03-20T18:18:00.646891,unknown,match9_non_rally_009968.jpg,False,,,,,1280,720,anon
2026-03-20T18:18:02.878762,unknown,match9_non_rally_009574.jpg,False,,,,,1280,720,anon
2026-03-20T18:18:07.663394,unknown,match14_non_rally_003917.jpg,True,1104.3218809681425,360.03755264667035,1121.1218809681427,376.83755264667036,1280,720,anon
2026-03-20T18:18:10.047187,unknown,match2_non_rally_010276.jpg,False,,,,,1280,720,anon
2026-03-20T18:18:12.422426,unknown,match16_rally_001380.jpg,True,556.6887706190896,334.67845697379926,578.4135990993412,352.6376485174739,1280,720,anon
2026-03-20T18:18:15.262251,unknown,match7_rally_005040.jpg,True,541.7631632155322,318.1105364563987,552.3631632155323,328.9105364563987,1280,720,anon
2026-03-20T18:18:19.390743,unknown,match16_rally_001348.jpg,True,477.66266068241083,287.719253096599,495.8626606824108,304.919253096599,1280,720,anon
2026-03-20T18:18:21.471767,unknown,match1_non_rally_000504.jpg,False,,,,,1920,1080,anon
2026-03-20T18:18:25.366495,unknown,match14_rally_003896.jpg,True,646.3315501503782,116.63044406340998,664.3315501503782,132.83044406340997,1280,720,anon
2026-03-20T18:18:26.855365,unknown,match2_rally_010083.jpg,False,,,,,1280,720,anon
2026-03-20T18:18:28.806610,unknown,match7_non_rally_005836.jpg,False,,,,,1280,720,anon
2026-03-20T18:18:34.037765,unknown,match14_rally_003410.jpg,True,592.9561790884516,172.88760259618962,606.7561790884516,185.6876025961896,1280,720,anon
2026-03-20T18:18:43.454989,unknown,match7_rally_005460.jpg,True,626.9044258636786,263.0480673147429,639.3044258636786,275.2480673147429,1280,720,anon
2026-03-20T18:18:45.663809,unknown,match9_rally_009261.jpg,False,,,,,1280,720,anon
2026-03-20T18:18:48.462243,unknown,match15_non_rally_002621.jpg,True,485.46738781053557,410.06847158620815,497.66738781053556,422.8684715862081,1280,720,anon
2026-03-20T18:18:51.934143,unknown,match7_non_rally_005627.jpg,False,,,,,1280,720,anon
2026-03-20T18:18:54.438217,unknown,match7_non_rally_005950.jpg,False,,,,,1280,720,anon
2026-03-20T18:18:56.838680,unknown,match8_non_rally_004583.jpg,True,706.8019040386408,364.18012125596135,717.0019040386408,373.9801212559613,1280,720,anon
2026-03-20T18:18:59.686492,unknown,match8_rally_004436.jpg,True,500.0339858707901,186.8964959046537,515.0503962403104,201.04238973101334,1280,720,anon
2026-03-20T18:19:02.414344,unknown,match8_rally_004529.jpg,True,643.281723671372,132.12008943082313,656.081723671372,146.32008943082312,1280,720,anon
2026-03-20T18:19:05.814744,unknown,match7_rally_005245.jpg,True,412.94310710179826,346.6003236481797,424.25982216288594,358.13466784505755,1280,720,anon
2026-03-20T18:19:11.422808,unknown,match2_rally_010432.jpg,True,834.058188103457,288.5636773748696,851.258188103457,303.76367737486964,1280,720,anon
2026-03-20T18:19:15.102734,unknown,match9_rally_010020.jpg,True,608.3812506640515,219.6999806816882,621.1812506640515,231.4999806816882,1280,720,anon
2026-03-20T18:19:18.558878,unknown,match10_non_rally_011860.jpg,True,847.0106333811776,407.1311722050788,857.2106333811777,417.53117220507886,1280,720,anon
2026-03-20T18:19:21.606808,unknown,match16_rally_001486.jpg,True,582.1331123193978,172.59298463202717,601.7197345405111,191.0914611741898,1280,720,anon
2026-03-20T18:19:23.606440,unknown,match16_non_rally_001068.jpg,False,,,,,1280,720,anon
2026-03-20T18:19:27.950680,unknown,match9_rally_009803.jpg,True,385.8667893292567,203.76324886087733,402.26678932925665,220.96324886087731,1280,720,anon
2026-03-20T18:19:33.566757,unknown,match10_non_rally_011356.jpg,True,942.5575030359794,544.4091280849095,966.9575030359795,572.4091280849095,1280,720,anon
2026-03-20T18:19:38.062392,unknown,match16_rally_001138.jpg,True,431.1167901770854,176.11902898408485,454.0582090522311,199.37907867694088,1280,720,anon
2026-03-20T18:19:41.558296,unknown,match14_non_rally_003764.jpg,True,634.8447426609058,402.9094703211114,649.0447426609059,416.1094703211114,1280,720,anon
2026-03-20T18:19:46.006367,unknown,match14_non_rally_003139.jpg,True,1136.2200523283295,334.4570801160854,1157.8200523283297,354.85708011608546,1280,720,anon
2026-03-20T18:19:48.414776,unknown,match7_non_rally_005520.jpg,False,,,,,1280,720,anon
2026-03-20T18:19:51.574766,unknown,match10_non_rally_011290.jpg,True,490.67562230880156,417.62015597572133,507.2756223088016,434.02015597572137,1280,720,anon
2026-03-20T18:19:53.053991,unknown,match1_non_rally_000921.jpg,False,,,,,1920,1080,anon
2026-03-20T18:19:56.246754,unknown,match15_non_rally_002700.jpg,True,621.6020319476098,322.53683594896904,633.4020319476098,334.53683594896904,1280,720,anon
2026-03-20T18:20:00.606429,unknown,match8_rally_004999.jpg,True,568.4027682356548,207.90656322078297,584.2027682356547,222.30656322078298,1280,720,anon
2026-03-20T18:20:05.663341,unknown,match14_rally_003646.jpg,True,400.78793905357225,118.19235196670395,419.28641559573487,137.56134505202718,1280,720,anon
2026-03-20T18:20:08.806664,unknown,match7_rally_005321.jpg,True,673.3217243022056,310.06710080712537,684.5217243022055,322.06710080712537,1280,720,anon
2026-03-20T18:20:12.117991,unknown,match16_rally_001685.jpg,True,472.56139473371485,358.59461682556355,491.36139473371486,376.59461682556355,1280,720,anon
2026-03-20T18:20:15.302239,unknown,match14_rally_003792.jpg,True,645.4975529713312,228.70223657469484,661.429093856849,246.95109249810616,1280,720,anon
2026-03-20T18:20:18.982266,unknown,match9_non_rally_009628.jpg,False,,,,,1280,720,anon
2026-03-20T18:20:20.742605,unknown,match16_non_rally_001554.jpg,False,,,,,1280,720,anon
2026-03-20T18:20:23.310330,unknown,match16_rally_001166.jpg,True,672.0951657547229,303.84430400984604,695.6951657547229,327.84430400984604,1280,720,anon
2026-03-20T18:20:26.534458,unknown,match10_rally_011271.jpg,True,725.759436024393,388.761518881984,742.349305045676,402.9814066145123,1280,720,anon
2026-03-20T18:20:28.902156,unknown,match15_non_rally_002261.jpg,True,496.67705236722577,354.560590406429,507.1049700377465,365.27817245668643,1280,720,anon
2026-03-20T18:20:30.998435,unknown,match7_non_rally_005469.jpg,False,,,,,1280,720,anon
2026-03-20T18:20:34.190480,unknown,match9_rally_009514.jpg,True,658.6403541750763,349.7607438676305,669.2403541750762,341.3607438676305,1280,720,anon
2026-03-20T18:20:37.534417,unknown,match7_non_rally_005244.jpg,True,351.0373646303284,453.6170936587656,363.83736463032835,465.6170936587656,1280,720,anon
2026-03-20T18:20:39.870712,unknown,match9_rally_009046.jpg,True,797.1019326512103,303.9736667824628,814.9452584429903,318.31205357942883,1280,720,anon
2026-03-20T18:20:41.830596,unknown,match10_non_rally_011765.jpg,False,,,,,1280,720,anon
2026-03-20T18:20:44.014445,unknown,match14_non_rally_003484.jpg,False,,,,,1280,720,anon
2026-03-20T18:20:49.447038,unknown,match1_rally_000515.jpg,True,677.5074241952315,574.170349632533,705.8945334094269,600.5298081885716,1920,1080,anon
2026-03-20T18:20:52.894505,unknown,match10_rally_011811.jpg,True,660.5118753881248,295.811176928781,676.9118753881248,312.01117692878097,1280,720,anon
2026-03-20T18:20:57.078569,unknown,match10_non_rally_011387.jpg,True,249.1940879702422,589.222555082383,278.1940879702422,617.822555082383,1280,720,anon
2026-03-20T18:21:09.286452,unknown,match1_non_rally_000854.jpg,False,,,,,1920,1080,anon
2026-03-20T18:21:17.982570,unknown,match10_non_rally_011149.jpg,True,194.09076748351225,491.5787972549506,179.89076748351226,518.3787972549505,1280,720,anon
2026-03-20T18:21:22.886599,unknown,match1_rally_000737.jpg,True,1389.0688624383206,358.88234953210474,1417.4688624383205,385.88234953210474,1920,1080,anon
2026-03-20T18:21:24.799273,unknown,match10_non_rally_011478.jpg,False,,,,,1280,720,anon
2026-03-20T18:21:27.295438,unknown,match1_non_rally_000088.jpg,False,,,,,1920,1080,anon
2026-03-20T18:21:30.830393,unknown,match10_non_rally_011614.jpg,True,527.110655292869,453.35364698546164,542.910655292869,469.5536469854616,1280,720,anon
2026-03-20T18:21:34.246770,unknown,match7_rally_005277.jpg,True,755.7641846644661,341.6842194107628,766.7641846644661,352.0842194107628,1280,720,anon
2026-03-20T18:21:40.038411,unknown,match14_rally_003929.jpg,True,576.1553282570114,16.022344301395968,596.7553282570113,-0.7776556986040305,1280,720,anon
2026-03-20T18:22:05.086395,unknown,match7_non_rally_005201.jpg,False,,,,,1280,720,anon
2026-03-20T18:22:09.087054,unknown,match1_rally_000668.jpg,True,699.7091763794085,278.8328344915525,723.3091763794084,302.8328344915525,1920,1080,anon
2026-03-20T18:22:13.310493,unknown,match1_non_rally_000691.jpg,True,826.1479386043808,578.647488819568,840.5114615665306,586.3080343993813,1920,1080,anon
2026-03-20T18:22:16.190725,unknown,match15_non_rally_002944.jpg,True,527.1315880627283,361.89490151589007,540.3315880627282,370.4949015158901,1280,720,anon
2026-03-20T18:22:21.614657,unknown,match1_non_rally_000091.jpg,True,1208.3038880297197,924.3489667125108,1302.7249817841698,1039.296385196189,1920,1080,anon
2026-03-20T18:22:23.766661,unknown,match14_non_rally_003143.jpg,False,,,,,1280,720,anon
2026-03-20T18:22:29.934553,unknown,match1_rally_000557.jpg,True,1069.1162060600207,163.5367927730777,1088.0499408737637,184.2115606731418,1920,1080,anon
2026-03-20T18:22:32.894096,unknown,match8_non_rally_004611.jpg,True,614.4017425477912,366.89191638743887,625.4017425477912,376.6919163874389,1280,720,anon
2026-03-20T18:22:35.910679,unknown,match9_rally_009332.jpg,True,662.4492045244942,342.76395655405184,678.3807454100121,357.8265043003596,1280,720,anon
2026-03-20T18:22:43.957739,unknown,match9_non_rally_009988.jpg,False,,,,,1280,720,anon
2026-03-20T18:22:47.398656,unknown,match7_rally_005386.jpg,True,826.1325620331241,247.76791661709635,843.1325620331241,264.16791661709635,1280,720,anon
2026-03-20T18:22:51.550941,unknown,match8_non_rally_004264.jpg,True,300,673,360,721,1280,720,anon
2026-03-20T18:23:01.998804,unknown,match8_rally_004066.jpg,True,591.1399542790703,263.45455415180135,604.9399542790702,280.45455415180135,1280,720,anon
2026-03-20T18:23:11.782234,unknown,match16_non_rally_001795.jpg,True,947.2181484337982,459.81412547824283,963.2181484337982,475.61412547824284,1280,720,anon
2026-03-20T18:23:15.238370,unknown,match2_rally_010351.jpg,True,410.8946270170928,301.6799955691035,426.50753708490026,316.33701318377985,1280,720,anon
2026-03-20T18:23:17.158715,unknown,match9_non_rally_009571.jpg,False,,,,,1280,720,anon
2026-03-20T18:23:20.062682,unknown,match1_rally_000369.jpg,True,970.1411568769975,369.5527044753277,989.3411568769974,388.95270447532766,1920,1080,anon
2026-03-20T18:23:23.822894,unknown,match15_non_rally_002254.jpg,True,667.7736166477815,336.20060454630953,680.5736166477816,349.8006045463095,1280,720,anon
2026-03-20T18:23:26.558444,unknown,match16_rally_001078.jpg,True,989.8235011445445,161.85492244019898,1012.4462892019798,183.84044886221355,1280,720,anon
2026-03-20T18:23:29.214244,unknown,match2_non_rally_010160.jpg,True,763.6905200516549,424.3837894526574,774.6905200516549,434.3837894526574,1280,720,anon
2026-03-20T18:23:35.382273,unknown,match14_rally_003835.jpg,True,512.4618329605439,215.06131511203012,532.4399852309832,233.9879856840253,1280,720,anon
2026-03-20T18:23:36.302571,unknown,match8_non_rally_004161.jpg,False,,,,,1280,720,anon
2026-03-20T18:23:39.486391,unknown,match9_rally_009967.jpg,True,667.5094265801578,397.4622265466153,685.7094265801577,415.6622265466152,1280,720,anon
2026-03-20T18:23:41.382185,unknown,match16_rally_001907.jpg,True,537.3553192003674,276.87969606489116,554.880014174437,297.90933003377467,1280,720,anon
2026-03-20T18:23:47.198350,unknown,match8_rally_004072.jpg,True,399.66425193873476,193.21473335998766,416.6281566736342,208.63646493716894,1280,720,anon
2026-03-20T18:23:52.407303,unknown,match10_non_rally_011235.jpg,True,1098.5621828850726,468.8011042523851,1134.9621828850727,503.6011042523851,1280,720,anon
2026-03-20T18:23:56.470699,unknown,match9_rally_010002.jpg,True,632.9629404762223,249.36488367617426,644.7629404762223,260.9648836761743,1280,720,anon
2026-03-20T18:24:01.102675,unknown,match14_non_rally_003986.jpg,True,114.60865117328736,402.2928057192171,136.20865117328736,422.0928057192171,1280,720,anon
2026-03-20T18:24:05.454477,unknown,match8_non_rally_004560.jpg,True,701.3804616334231,365.5650683971103,711.3804616334231,375.96506839711026,1280,720,anon
2026-03-20T18:24:08.607675,unknown,match8_rally_004255.jpg,True,521.778603401068,117.8776481631717,544.5208480911385,140.8592849026114,1280,720,anon
2026-03-20T18:24:14.783273,unknown,match15_non_rally_002116.jpg,True,772.3215216839715,338.73680953824817,785.3215216839715,351.93680953824816,1280,720,anon
2026-03-20T18:24:18.806531,unknown,match16_non_rally_001428.jpg,False,,,,,1280,720,anon
2026-03-20T18:24:20.727705,unknown,match9_non_rally_009965.jpg,False,,,,,1280,720,anon
2026-03-20T18:24:24.663170,unknown,match9_rally_009799.jpg,True,298.2636475672166,291.36380665138387,315.2636475672166,306.76380665138385,1280,720,anon
2026-03-20T18:24:27.958496,unknown,match1_rally_000454.jpg,True,1311.1530420125912,197.56572660354433,1341.555832282475,228.68669302153555,1920,1080,anon
2026-03-20T18:24:33.022363,unknown,match16_non_rally_001681.jpg,False,,,,,1280,720,anon
2026-03-20T18:24:34.463521,unknown,match14_non_rally_003841.jpg,False,,,,,1280,720,anon
2026-03-20T18:24:37.966297,unknown,match14_rally_003255.jpg,True,580.2277971562493,334.5904657265986,593.8277971562493,345.5904657265986,1280,720,anon
2026-03-20T18:24:41.670509,unknown,match15_rally_002901.jpg,True,442.7991049186903,163.14109979094297,457.9991049186903,177.34109979094296,1280,720,anon
2026-03-20T18:24:46.566788,unknown,match15_non_rally_002831.jpg,False,,,,,1280,720,anon
2026-03-20T18:24:48.390943,unknown,match1_non_rally_000541.jpg,False,,,,,1920,1080,anon
2026-03-20T18:24:50.118743,unknown,match10_non_rally_011852.jpg,False,,,,,1280,720,anon
2026-03-20T18:24:52.294342,unknown,match9_rally_009054.jpg,True,592.4827492659779,341.32258507939923,611.8827492659778,357.12258507939924,1280,720,anon
2026-03-20T18:24:55.558742,unknown,match14_non_rally_003939.jpg,True,743.1365531784344,351.2026780394193,753.3365531784344,360.0026780394193,1280,720,anon
2026-03-20T18:24:57.702426,unknown,match8_rally_004039.jpg,True,817.1611419908925,311.7974734199586,838.3611419908924,332.99747341995857,1280,720,anon
2026-03-20T18:25:00.478277,unknown,match1_rally_000055.jpg,True,952.836283620249,526.9683653730284,973.1846078166278,544.6833770263464,1920,1080,anon
2026-03-20T18:25:05.590823,unknown,match9_non_rally_009908.jpg,True,528.0675549573297,389.24027337753876,535.0675549573297,397.4402733775388,1280,720,anon
2026-03-20T18:25:07.870304,unknown,match10_rally_011426.jpg,True,497.59313089699356,209.10953606318185,515.9931308969935,226.50953606318186,1280,720,anon
2026-03-20T18:25:09.846610,unknown,match15_non_rally_002257.jpg,False,,,,,1280,720,anon
2026-03-20T18:25:11.462655,unknown,match7_non_rally_005623.jpg,False,,,,,1280,720,anon
2026-03-20T18:25:14.951722,unknown,match7_non_rally_005039.jpg,True,534.0060673668988,446.64792860210946,547.2060673668988,460.2479286021095,1280,720,anon
2026-03-20T18:25:17.518493,unknown,match14_rally_003358.jpg,True,921.0830328624176,239.82198382914922,937.8830328624175,255.6219838291492,1280,720,anon
2026-03-20T18:25:20.318433,unknown,match16_rally_001528.jpg,True,587.010139204782,121.87655776635931,608.3377945122166,142.76895480221356,1280,720,anon
2026-03-20T18:25:23.278044,unknown,match7_rally_005704.jpg,True,813.2578530543339,329.9049954901603,833.6578530543338,345.7049954901603,1280,720,anon
2026-03-20T18:25:26.366409,unknown,match1_rally_000223.jpg,True,830.2267732501517,231.22744395415708,865.9134248337117,267.8699879908481,1920,1080,anon
2026-03-20T18:25:29.358596,unknown,match7_non_rally_005910.jpg,False,,,,,1280,720,anon
2026-03-20T18:25:31.223245,unknown,match1_non_rally_000073.jpg,False,,,,,1920,1080,anon
2026-03-20T18:25:33.990362,unknown,match16_rally_001689.jpg,True,686.371158271795,361.7940570549793,702.771158271795,376.5940570549793,1280,720,anon
2026-03-20T18:25:37.734557,unknown,match7_non_rally_005699.jpg,True,825.0430454132005,386.75585552053997,835.6430454132005,396.95585552054,1280,720,anon
2026-03-20T18:25:41.262239,unknown,match1_non_rally_000960.jpg,True,1205.5759037132423,570.9477445725031,1218.1759037132422,583.9477445725031,1920,1080,anon
2026-03-20T18:25:44.118185,unknown,match9_rally_009187.jpg,True,726.3272005421088,258.0302852381966,743.3272005421088,275.83028523819655,1280,720,anon
2026-03-20T18:25:47.830241,unknown,match9_non_rally_009801.jpg,False,,,,,1280,720,anon
2026-03-20T18:25:54.286288,unknown,match15_non_rally_002855.jpg,True,724.2232002842559,372.0112724748545,731.4232002842559,363.61127247485445,1280,720,anon
2026-03-20T18:25:55.958699,unknown,match8_non_rally_004389.jpg,False,,,,,1280,720,anon
2026-03-20T18:25:58.269817,unknown,match9_rally_009222.jpg,True,630.8447882730516,276.505843015713,648.4447882730516,291.905843015713,1280,720,anon
2026-03-20T18:26:01.309715,unknown,match1_non_rally_000466.jpg,True,1096.8442404567718,654.8533712528072,1121.8442404567718,679.2533712528071,1920,1080,anon
2026-03-20T18:26:07.750547,unknown,match16_rally_001126.jpg,False,,,,,1280,720,anon
2026-03-20T18:26:10.013742,unknown,match15_non_rally_002764.jpg,True,531.5571433157136,353.67728678816945,541.9571433157137,365.2772867881695,1280,720,anon
2026-03-20T18:26:12.782227,unknown,match10_rally_011641.jpg,True,586.352916106233,327.18044807424025,596.5529161062329,317.98044807424026,1280,720,anon
2026-03-20T18:26:15.110239,unknown,match7_rally_005457.jpg,True,733.8201891844752,250.5919179012702,752.4201891844752,268.9919179012702,1280,720,anon
2026-03-20T18:26:18.014435,unknown,match7_rally_005891.jpg,True,509.5025501422131,101.66640753987724,528.9025501422132,120.06640753987725,1280,720,anon
2026-03-20T18:26:20.973723,unknown,match1_non_rally_000080.jpg,True,819.385199117435,458.4597197846112,844.8756645342635,487.42615775827994,1920,1080,anon
2026-03-20T18:26:24.382530,unknown,match10_rally_011378.jpg,True,779.1529745795572,214.79417649420088,796.9529745795571,232.1941764942009,1280,720,anon
2026-03-20T20:11:55.250779,unknown,match7_non_rally_005909.jpg,False,,,,,1280,720,anon
2026-03-20T20:11:58.529003,unknown,match8_non_rally_004068.jpg,False,,,,,1280,720,anon
2026-03-20T20:12:05.456726,unknown,match10_non_rally_011442.jpg,True,616.5834863043694,431.17480539575035,631.7834863043694,445.57480539575033,1280,720,anon
2026-03-20T20:12:11.970941,unknown,match9_rally_009981.jpg,True,559.0563112418934,340.41580086714487,575.4563112418934,355.41580086714487,1280,720,anon
2026-03-20T20:12:19.877980,unknown,match16_non_rally_001758.jpg,False,,,,,1280,720,anon
2026-03-20T20:12:34.001424,unknown,match1_non_rally_000928.jpg,True,1035.2187052066809,635.9164962521038,1059.2187052066809,657.9164962521038,1920,1080,anon
2026-03-20T20:12:39.327158,unknown,match8_non_rally_004169.jpg,False,,,,,1280,720,anon
2026-03-20T20:12:43.657346,unknown,match10_non_rally_011108.jpg,False,,,,,1280,720,anon
2026-03-20T20:12:50.924316,unknown,match14_non_rally_003850.jpg,True,493.0216843866814,352.8431435995673,503.0216843866814,360.64314359956734,1280,720,anon
2026-03-20T20:12:54.169131,unknown,match8_non_rally_004350.jpg,False,,,,,1280,720,anon
2026-03-20T20:13:02.038017,unknown,match1_non_rally_000203.jpg,False,,,,,1920,1080,anon
2026-03-20T20:13:08.420600,unknown,match10_rally_011564.jpg,True,739.6713058994288,281.6762296056856,753.2713058994289,296.0762296056856,1280,720,anon
2026-03-20T20:13:16.191845,unknown,match10_non_rally_011774.jpg,True,647.62480276974,411.99771485984877,657.62480276974,423.39771485984875,1280,720,anon
2026-03-20T20:13:25.290560,unknown,match2_rally_010688.jpg,True,666.7859966460306,363.08344415764975,678.1859966460306,373.4834441576498,1280,720,anon
2026-03-20T20:13:31.350474,unknown,match7_non_rally_005138.jpg,True,541.4033846305019,447.1362599535002,551.603384630502,457.7362599535002,1280,720,anon
2026-03-20T20:13:42.782386,unknown,match9_rally_009524.jpg,True,619.0679340509612,138.31815544310624,636.0679340509612,154.11815544310622,1280,720,anon
2026-03-20T20:13:49.742931,unknown,match16_rally_001570.jpg,True,585.7251376279314,154.81607001596734,605.1251376279314,174.81607001596734,1280,720,anon
2026-03-20T20:13:55.629628,unknown,match10_rally_012004.jpg,True,933.8226512409228,181.49034768494,952.8226512409228,199.69034768493998,1280,720,anon
2026-03-20T20:13:59.902711,unknown,match16_rally_001059.jpg,True,633.2644628099173,253.3435031898679,651.6644628099173,272.7435031898679,1280,720,anon
2026-03-20T20:14:04.742842,unknown,match2_non_rally_010402.jpg,False,,,,,1280,720,anon
2026-03-20T20:14:09.245729,unknown,match10_rally_011790.jpg,True,393.19631129617284,217.9694128875504,408.99631129617285,232.36941288755037,1280,720,anon
2026-03-20T20:14:12.854932,unknown,match10_rally_011135.jpg,True,579.5719952877129,185.58074919559047,598.723359237246,203.53515289827774,1280,720,anon
2026-03-20T20:15:59.329571,unknown,match14_rally_003278.jpg,True,498.9747069438499,230.44952100256373,518.7747069438499,251.84952100256373,1280,720,anon
2026-03-20T20:16:03.463253,unknown,match10_non_rally_011975.jpg,False,,,,,1280,720,anon
2026-03-20T20:16:06.663488,unknown,match9_non_rally_009767.jpg,False,,,,,1280,720,anon
2026-03-20T20:16:11.846633,unknown,match1_rally_000023.jpg,True,923.6215939317698,479.273476650029,945.6360867917581,503.6052845479108,1920,1080,anon
2026-03-20T20:16:21.422435,unknown,match16_non_rally_001944.jpg,True,148.39377014601035,304.37665338624686,176.99377014601035,333.5766533862469,1280,720,anon
2026-03-20T20:16:27.525908,unknown,match15_non_rally_002464.jpg,True,323.3563500003459,378.91856760899157,330.9563500003459,388.7185676089915,1280,720,anon
2026-03-20T20:16:31.613932,unknown,match8_rally_004754.jpg,True,558.9209009378817,369.8285073097416,568.9209009378817,379.4285073097416,1280,720,anon
2026-03-20T20:16:35.037951,unknown,match15_non_rally_002290.jpg,True,747.2908813581805,347.1578873224137,757.4908813581806,356.3578873224137,1280,720,anon
2026-03-20T20:16:39.318675,unknown,match14_non_rally_003929.jpg,True,1052,695,1077,721,1280,720,anon
2026-03-20T20:16:51.455050,unknown,match15_non_rally_002083.jpg,False,,,,,1280,720,anon
2026-03-20T20:16:53.686704,unknown,match8_non_rally_004178.jpg,False,,,,,1280,720,anon
2026-03-20T20:16:59.222561,unknown,match8_non_rally_004112.jpg,True,603.2351864949799,359.5415221584134,612.4351864949799,369.5415221584134,1280,720,anon
2026-03-20T20:17:04.807577,unknown,match10_non_rally_011675.jpg,True,866.7343345225829,318.47730161333203,890.4868136609913,341.65045199226705,1280,720,anon
2026-03-20T20:17:10.310595,unknown,match2_rally_010304.jpg,True,611.8108388716171,367.2853010049472,625.6108388716171,381.4853010049472,1280,720,anon
2026-03-20T20:17:12.974630,unknown,match1_rally_000164.jpg,True,1054.4255691188973,327.9418496556398,1082.1145871779272,355.98136161415124,1920,1080,anon
2026-03-20T20:17:23.998315,unknown,match8_non_rally_004206.jpg,False,,,,,1280,720,anon
2026-03-20T20:17:34.174661,unknown,match9_non_rally_009575.jpg,False,,,,,1280,720,anon
2026-03-20T20:17:43.047588,unknown,match15_non_rally_002346.jpg,True,610.035737804915,458.94045411309787,629.835737804915,478.5404541130979,1280,720,anon
2026-03-20T20:17:53.118665,unknown,match16_non_rally_001175.jpg,False,,,,,1280,720,anon
2026-03-20T20:18:02.686013,unknown,match8_rally_004954.jpg,True,467.5041842189712,311.94719757008716,486.9041842189712,330.14719757008714,1280,720,anon
2026-03-20T20:18:04.391217,unknown,match16_non_rally_001060.jpg,False,,,,,1280,720,anon
2026-03-20T20:18:11.198272,unknown,match16_rally_001637.jpg,True,601.0591912236126,282.61462477915467,619.6591912236127,302.21462477915463,1280,720,anon
2026-03-20T20:18:16.335064,unknown,match9_rally_009506.jpg,True,407.55595932307807,405.3716195221391,426.95595932307805,426.5716195221391,1280,720,anon
2026-03-20T20:18:24.878593,unknown,match1_rally_000932.jpg,True,1188.454687688925,372.72280021438274,1212.3938926258413,397.3148925586695,1920,1080,anon
2026-03-20T20:18:28.590979,unknown,match7_rally_005665.jpg,True,509.6349598654315,446.50362446253763,535.12542528226,467.9387885630525,1280,720,anon
2026-03-20T20:18:30.254870,unknown,match2_non_rally_010722.jpg,False,,,,,1280,720,anon
2026-03-20T20:18:36.015986,unknown,match7_rally_005308.jpg,True,714.1203689901874,166.60228148222996,734.9203689901874,186.80228148222994,1280,720,anon
2026-03-20T20:18:39.630636,unknown,match1_non_rally_000817.jpg,False,,,,,1920,1080,anon
2026-03-20T20:18:46.334381,unknown,match10_non_rally_011314.jpg,True,690.137204101647,404.27793663507157,702.137204101647,418.67793663507155,1280,720,anon
2026-03-20T20:18:50.574593,unknown,match1_non_rally_000213.jpg,True,995.504183985697,548.5542764221763,1007.3041839856969,560.3542764221763,1920,1080,anon
2026-03-20T20:18:54.886469,unknown,match10_rally_011862.jpg,True,737.5035040599853,264.6261331702836,754.2609475158267,283.2987130210783,1280,720,anon
2026-03-20T20:18:59.326418,unknown,match16_non_rally_001285.jpg,False,,,,,1280,720,anon
2026-03-20T20:19:03.366502,unknown,match15_non_rally_002188.jpg,True,573.4540345661559,287.58551815043467,593.4540345661559,306.98551815043464,1280,720,anon
2026-03-20T20:19:08.142999,unknown,match7_non_rally_005324.jpg,True,274.8465432514147,492.09618612703144,290.8465432514147,506.09618612703144,1280,720,anon
2026-03-20T20:19:12.630564,unknown,match7_non_rally_005635.jpg,False,,,,,1280,720,anon
2026-03-20T20:19:14.246632,unknown,match10_non_rally_011527.jpg,False,,,,,1280,720,anon
2026-03-20T20:19:16.550808,unknown,match2_non_rally_010951.jpg,False,,,,,1280,720,anon
2026-03-20T20:19:22.766325,unknown,match1_non_rally_000639.jpg,True,635.4099524909976,613.833502679841,646.8099524909976,626.833502679841,1920,1080,anon
2026-03-20T20:19:25.798701,unknown,match8_rally_004573.jpg,True,790.558508323297,298.13773526520964,810.5366605937364,318.8168753346118,1280,720,anon
2026-03-20T20:19:27.470753,unknown,match14_non_rally_003450.jpg,False,,,,,1280,720,anon
2026-03-20T20:19:29.334152,unknown,match10_non_rally_011988.jpg,False,,,,,1280,720,anon
2026-03-20T20:19:31.582797,unknown,match2_non_rally_010690.jpg,False,,,,,1280,720,anon
2026-03-20T20:19:33.183345,unknown,match10_non_rally_011368.jpg,False,,,,,1280,720,anon
2026-03-20T20:19:38.038149,unknown,match1_rally_000335.jpg,True,823.330627855991,235.0527894092931,846.2141138551893,259.0949329274382,1920,1080,anon
2026-03-20T20:19:41.822578,unknown,match16_rally_001312.jpg,True,336.9335789028984,217.7391456994398,353.33357890289835,233.1391456994398,1280,720,anon
2026-03-20T20:19:46.294669,unknown,match15_non_rally_002524.jpg,True,896.8674849967896,177.28036368426044,928.7624298495963,206.371357341216,1280,720,anon
2026-03-20T20:19:50.582420,unknown,match10_rally_011428.jpg,True,534.1879955673533,255.81212560264203,548.3879955673532,271.212125602642,1280,720,anon
2026-03-20T20:19:55.126561,unknown,match7_rally_005270.jpg,True,769.033468447755,398.36076332414825,779.233468447755,407.9607633241482,1280,720,anon
2026-03-20T20:20:04.134178,unknown,match1_non_rally_000667.jpg,True,1403.285774842957,671.3249139527016,1427.1830861712338,692.9918095570059,1920,1080,anon
2026-03-20T20:20:07.007694,unknown,match9_non_rally_009234.jpg,False,,,,,1280,720,anon
2026-03-20T20:20:11.358186,unknown,match8_non_rally_004176.jpg,True,236.71855734880668,411.9324249531931,251.5185573488067,426.7324249531931,1280,720,anon
2026-03-20T20:20:13.342331,unknown,match7_non_rally_005199.jpg,False,,,,,1280,720,anon
2026-03-20T20:20:17.719173,unknown,match8_rally_004722.jpg,False,,,,,1280,720,anon
2026-03-20T20:20:23.678441,unknown,match9_rally_009150.jpg,False,,,,,1280,720,anon
2026-03-20T20:20:27.046634,unknown,match8_non_rally_004359.jpg,True,465.19125566468415,461.2758743136537,482.3973198210434,478.4819384700129,1280,720,anon
2026-03-20T20:20:41.990659,unknown,match10_non_rally_011725.jpg,True,697.4727566926122,398.06591555063085,707.4727566926122,408.06591555063085,1280,720,anon
2026-03-20T20:20:45.190291,unknown,match10_rally_011986.jpg,True,853.4842563940896,352.6044864479277,875.7477169854218,372.7134185949374,1280,720,anon
2026-03-20T20:20:49.206747,unknown,match10_non_rally_011504.jpg,True,488.1052446996716,474.8063002159391,506.30524469967156,492.6063002159391,1280,720,anon
2026-03-20T20:20:53.566366,unknown,match15_non_rally_002442.jpg,True,462.6968579790611,380.72393331317926,471.49685797906113,390.72393331317926,1280,720,anon
2026-03-20T20:20:58.646807,unknown,match7_non_rally_005392.jpg,True,565.2363094752418,398.3256442705746,575.4363094752418,409.5256442705746,1280,720,anon
2026-03-20T20:21:03.798563,unknown,match1_rally_000304.jpg,True,1202.4122881101584,122.53643041604077,1233.0544704294114,152.4604365871862,1920,1080,anon
2026-03-20T20:21:09.271358,unknown,match14_rally_003010.jpg,True,483.7951399417883,22.33905795169208,503.39513994178833,42.53905795169208,1280,720,anon
2026-03-20T20:21:14.535193,unknown,match2_rally_010319.jpg,True,530.5101771633051,115.5560388578212,550.9101771633052,135.7560388578212,1280,720,anon
2026-03-20T20:21:19.350406,unknown,match7_non_rally_005591.jpg,True,584.0827890930999,468.21643484007035,596.4827890930999,481.21643484007035,1280,720,anon
2026-03-20T20:21:24.118676,unknown,match16_rally_001529.jpg,True,601.2920902349264,181.14510472211572,615.0920902349264,193.94510472211573,1280,720,anon
2026-03-20T20:21:27.919215,unknown,match15_rally_002881.jpg,True,412.34241999559674,212.87287942411558,427.7424199955967,228.07287942411557,1280,720,anon
2026-03-20T20:21:32.094586,unknown,match9_rally_009837.jpg,True,673.7458308669313,170.33451730517726,693.7458308669313,191.33451730517726,1280,720,anon
2026-03-20T20:21:36.134590,unknown,match7_rally_005371.jpg,True,567.0559301946965,259.06287915835617,580.2559301946965,272.66287915835613,1280,720,anon
2026-03-20T20:21:39.070353,unknown,match15_rally_002102.jpg,True,532.6925354872441,239.80715895650113,553.0211816571648,258.3833356290149,1280,720,anon
2026-03-20T20:21:44.318590,unknown,match1_rally_000443.jpg,True,1198.6235529765108,354.5218584153837,1225.8235529765109,379.5218584153837,1920,1080,anon
2026-03-20T20:21:51.150914,unknown,match9_non_rally_009310.jpg,False,,,,,1280,720,anon
2026-03-20T20:21:57.566352,unknown,match16_rally_001470.jpg,True,760.2118374690034,154.10897787727777,779.1238093691672,174.69669412302582,1280,720,anon
2026-03-20T20:22:30.734356,unknown,match15_non_rally_002547.jpg,False,,,,,1280,720,anon
2026-03-20T20:22:35.614429,unknown,match7_rally_005523.jpg,True,614.9875481409169,252.33544061717294,627.5875481409169,264.7354406171729,1280,720,anon
2026-03-20T20:22:40.174674,unknown,match10_non_rally_011922.jpg,True,762.2285805871059,363.787882469289,771.8285805871059,374.58788246928896,1280,720,anon
2026-03-20T20:22:42.094226,unknown,match8_non_rally_004837.jpg,False,,,,,1280,720,anon
2026-03-20T20:22:44.654534,unknown,match1_non_rally_000677.jpg,False,,,,,1920,1080,anon
2026-03-20T20:22:47.118543,unknown,match16_non_rally_001422.jpg,False,,,,,1280,720,anon
2026-03-20T20:22:55.014570,unknown,match9_rally_009103.jpg,True,536.8354789434445,388.05072488954073,548.0354789434444,398.85072488954074,1280,720,anon
2026-03-20T20:22:56.446336,unknown,match14_non_rally_003111.jpg,False,,,,,1280,720,anon
2026-03-20T20:23:00.886917,unknown,match16_non_rally_001372.jpg,True,531.25335994039,375.15961767828003,540.9966163497149,386.48286161344146,1280,720,anon
2026-03-20T20:23:05.558590,unknown,match8_rally_004655.jpg,True,704.0751961834794,150.9695185239781,724.7499640835435,170.33851160930132,1280,720,anon
2026-03-20T20:23:10.342223,unknown,match9_rally_009826.jpg,True,690.750279496688,247.8470167838963,702.950279496688,261.0470167838963,1280,720,anon
2026-03-20T20:23:14.766265,unknown,match15_rally_002538.jpg,True,563.797775644791,180.70678355546724,580.997775644791,197.90678355546726,1280,720,anon
2026-03-20T20:23:19.062137,unknown,match7_rally_005814.jpg,True,518.7413991248744,356.5648962115517,532.7413991248744,370.1648962115517,1280,720,anon
2026-03-20T20:23:23.117746,unknown,match7_rally_005851.jpg,True,270.2506535956986,421.86565308136386,293.6506535956986,439.06565308136385,1280,720,anon
2026-03-20T20:23:26.686590,unknown,match15_rally_002043.jpg,True,737.9771466177084,199.73243359074772,756.5156669208563,217.69162513442237,1280,720,anon
2026-03-20T20:23:30.806245,unknown,match16_non_rally_001666.jpg,True,711.0777730662569,209.4873576791104,746.7644246498168,243.2622243564082,1280,720,anon
2026-03-20T20:23:35.205994,unknown,match14_rally_003089.jpg,True,676.9051617047135,134.55692439545396,693.9051617047135,150.15692439545396,1280,720,anon
2026-03-20T20:23:39.070193,unknown,match9_rally_009174.jpg,True,889.3894322893456,344.70329832924057,905.2763592020266,361.24311264929185,1280,720,anon
2026-03-20T20:23:43.463342,unknown,match9_rally_009685.jpg,True,357.99881430705216,300.2048493726124,377.79881430705217,315.0048493726124,1280,720,anon
2026-03-20T20:23:46.438465,unknown,match8_rally_004542.jpg,True,858.1698128475219,172.0034744116601,877.6563256661718,191.22665597600394,1280,720,anon
2026-03-20T20:24:37.582564,unknown,match9_non_rally_009990.jpg,False,,,,,1280,720,anon
2026-03-20T20:24:39.022408,unknown,match8_non_rally_004941.jpg,False,,,,,1280,720,anon
2026-03-20T20:24:42.462292,unknown,match16_rally_001932.jpg,True,440.88765061851757,274.4823372423933,459.48765061851753,293.4823372423933,1280,720,anon
2026-03-20T20:24:53.414706,unknown,match9_non_rally_009366.jpg,True,715.6872106203913,331.4530861934654,728.2872106203913,338.25308619346544,1280,720,anon
2026-03-20T20:24:58.326541,unknown,match14_rally_003985.jpg,True,623.9114183601132,197.659655453527,638.9114183601132,212.25965545352702,1280,720,anon
2026-03-20T20:25:02.326811,unknown,match10_non_rally_011728.jpg,True,669.6632953666203,364.6649192169755,678.4632953666203,373.2649192169755,1280,720,anon
2026-03-20T20:25:05.350588,unknown,match14_rally_003442.jpg,True,694.3436219880309,236.09917707197653,709.1859290489191,249.74452388601884,1280,720,anon
2026-03-20T20:25:13.430436,unknown,match10_non_rally_011017.jpg,True,1271.4522814994584,632.4295743285651,1280.0522814994583,657.2295743285651,1280,720,anon
2026-03-20T20:25:49.582202,unknown,match9_rally_009673.jpg,True,662.9250324923274,386.53310553683315,651.7250324923274,397.73310553683314,1280,720,anon
2026-03-20T20:25:53.854355,unknown,match2_non_rally_010090.jpg,False,,,,,1280,720,anon
2026-03-20T20:25:57.341655,unknown,match1_non_rally_000433.jpg,True,1240.3006757479056,566.2331120296187,1252.7006757479057,578.2331120296187,1920,1080,anon
2026-03-20T20:26:00.893750,unknown,match9_non_rally_009446.jpg,True,545.5634970313001,400.28353439111,556.7634970313002,411.68353439110996,1280,720,anon
2026-03-20T20:26:03.239466,unknown,match1_non_rally_000517.jpg,False,,,,,1920,1080,anon
2026-03-20T20:26:08.438591,unknown,match9_non_rally_009011.jpg,True,536.4379699155618,407.9949277212765,544.6379699155617,417.1949277212765,1280,720,anon
2026-03-20T20:26:11.735780,unknown,match7_rally_005832.jpg,True,588.1393086484857,345.8726459669144,598.5393086484856,355.6726459669144,1280,720,anon
2026-03-20T20:26:22.885988,unknown,match16_rally_001057.jpg,True,675.0514460284301,160.17160851688172,694.6380682495435,179.97585987378523,1280,720,anon
2026-03-20T20:26:32.142401,unknown,match8_non_rally_004455.jpg,False,,,,,1280,720,anon
2026-03-20T20:26:36.397977,unknown,match14_rally_003936.jpg,True,780.7772353733654,180.0346862677337,798.6228245081576,198.31553367410618,1280,720,anon
2026-03-20T20:26:43.566584,unknown,match16_rally_001622.jpg,True,395.83782829145423,284.8625805816083,407.4378282914542,296.06258058160836,1280,720,anon
2026-03-20T20:26:47.301889,unknown,match8_rally_004552.jpg,True,781.133495226836,285.59507225293765,797.933495226836,303.79507225293764,1280,720,anon
2026-03-20T20:26:51.694360,unknown,match2_rally_011013.jpg,True,690.182379667402,146.60499447227457,711.982379667402,167.00499447227457,1280,720,anon
2026-03-20T20:26:57.158929,unknown,match10_non_rally_011177.jpg,False,,,,,1280,720,anon
2026-03-20T20:27:02.318650,unknown,match14_non_rally_003644.jpg,False,,,,,1280,720,anon
2026-03-20T20:27:05.902343,unknown,match15_rally_002639.jpg,True,703.0206658981082,189.86389650701508,723.8206658981082,209.2638965070151,1280,720,anon
2026-03-20T20:27:09.094292,unknown,match10_non_rally_011922.jpg,True,761.4485635688415,362.54950168608957,772.0485635688415,373.3495016860896,1280,720,anon
2026-03-20T20:27:11.575118,unknown,match2_non_rally_010925.jpg,False,,,,,1280,720,anon
2026-03-20T20:27:14.422506,unknown,match16_rally_001318.jpg,True,700.169964877649,326.0974055136239,716.3911701429035,342.31861077887845,1280,720,anon
2026-03-20T20:27:17.966352,unknown,match2_rally_010391.jpg,True,943.3252499109774,248.639524890954,960.9252499109774,265.239524890954,1280,720,anon
2026-03-20T20:27:24.245841,unknown,match15_rally_002612.jpg,True,436.7917142740089,355.5693843084126,452.7917142740089,371.36938430841263,1280,720,anon
2026-03-20T20:27:33.645939,unknown,match15_non_rally_002866.jpg,True,156.12051693659646,518.8787608975006,181.92651693659647,543.0347608975005,1280,720,anon
2026-03-20T20:27:38.327310,unknown,match14_non_rally_003967.jpg,True,757.7734534606955,542.112890347805,796.5884803454117,579.7692597135743,1280,720,anon
2026-03-20T20:27:42.190352,unknown,match16_rally_001279.jpg,True,555.473221377114,116.10071316089412,572.073221377114,131.50071316089412,1280,720,anon
2026-03-20T20:27:48.791728,unknown,match1_rally_000385.jpg,True,462.5247703872569,550.6729716122938,494.38785215829256,581.2615301124881,1920,1080,anon
2026-03-20T20:27:52.911137,unknown,match10_rally_011420.jpg,True,528.9767428935808,204.74458128825123,544.5767428935808,219.74458128825123,1280,720,anon
2026-03-20T20:27:57.054915,unknown,match15_rally_002909.jpg,True,547.9683242097356,274.142372630266,563.3683242097355,287.742372630266,1280,720,anon
2026-03-20T20:28:00.182267,unknown,match9_rally_009849.jpg,True,645.3912625544527,282.18257311062763,658.7912625544527,295.3825731106276,1280,720,anon
2026-03-20T20:28:09.862239,unknown,match8_non_rally_004376.jpg,True,768.2360879965261,641.1357730536145,809.2360879965261,679.9357730536145,1280,720,anon
2026-03-20T20:28:16.774798,unknown,match9_non_rally_009767.jpg,False,,,,,1280,720,anon
2026-03-20T20:28:21.326475,unknown,match7_rally_005704.jpg,True,810.5096902791211,328.4117146602404,833.7096902791211,345.81171466024045,1280,720,anon
2026-03-20T20:28:29.758422,unknown,match9_rally_009042.jpg,True,694.1842038246579,179.4374570773699,712.7603804971716,200.81758494573484,1280,720,anon
2026-03-20T20:28:39.398994,unknown,match15_non_rally_002912.jpg,True,1280.167318144816,557.9031620073278,1272.367318144816,580.1031620073278,1280,720,anon
2026-03-20T20:28:45.318843,unknown,match1_non_rally_000498.jpg,True,1145.3370067065982,684.5255946001398,1174.1370067065982,714.9255946001398,1920,1080,anon
2026-03-20T20:28:47.910179,unknown,match7_rally_005285.jpg,True,558.3383683369758,347.8118116709055,576.8189557641765,367.88555318665794,1280,720,anon
2026-03-20T20:28:49.326351,unknown,match2_non_rally_010947.jpg,False,,,,,1280,720,anon
2026-03-20T20:28:52.078314,unknown,match1_non_rally_000898.jpg,False,,,,,1920,1080,anon
2026-03-20T20:28:57.006765,unknown,match2_non_rally_010563.jpg,True,748.3812381647433,287.01703120172886,763.9812381647432,301.4170312017289,1280,720,anon
2026-03-20T20:29:00.806420,unknown,match14_rally_003499.jpg,True,716.8598176719711,113.0706887963383,737.4598176719711,132.8706887963383,1280,720,anon
2026-03-20T20:29:05.318929,unknown,match15_non_rally_002898.jpg,True,407.95060930293494,450.0297574148161,425.55060930293496,467.22975741481616,1280,720,anon
2026-03-20T20:29:09.301795,unknown,match14_rally_003165.jpg,True,591.9387367120798,245.52345774833688,605.3387367120798,258.32345774833686,1280,720,anon
2026-03-20T20:29:13.479183,unknown,match9_non_rally_009651.jpg,True,394.18882452019125,415.885148655066,401.5888245201912,424.48514865506604,1280,720,anon
2026-03-20T20:29:22.334678,unknown,match14_non_rally_003727.jpg,True,856.5718207208381,306.0123454673611,867.9718207208382,299.41234546736115,1280,720,anon
2026-03-20T20:29:32.422460,unknown,match15_rally_002036.jpg,True,636.8910017479127,271.2026310077138,653.0910017479127,286.4026310077138,1280,720,anon
2026-03-20T20:29:38.006166,unknown,match7_non_rally_005560.jpg,True,888.5382102808387,461.059953662935,899.3382102808388,473.859953662935,1280,720,anon
2026-03-20T20:29:42.006799,unknown,match15_non_rally_002987.jpg,False,,,,,1280,720,anon
2026-03-20T20:29:48.022768,unknown,match16_non_rally_001022.jpg,True,540.8457582253731,372.9893176064187,550.4457582253731,384.9893176064187,1280,720,anon
2026-03-20T20:29:51.326801,unknown,match9_rally_009490.jpg,True,637.6401454224157,329.57653328796084,650.8401454224156,338.9765332879609,1280,720,anon
2026-03-20T20:29:53.838456,unknown,match9_non_rally_009151.jpg,False,,,,,1280,720,anon
2026-03-20T20:29:59.542549,unknown,match15_rally_002095.jpg,True,431.39466729366103,158.64573135493833,449.79466729366106,177.24573135493833,1280,720,anon
2026-03-20T20:30:04.830661,unknown,match2_rally_011023.jpg,True,871.996211531706,231.92424298734477,886.1962115317059,248.72424298734478,1280,720,anon
2026-03-20T20:30:10.318572,unknown,match7_non_rally_005785.jpg,False,,,,,1280,720,anon
2026-03-20T20:30:12.846007,unknown,match15_non_rally_002539.jpg,False,,,,,1280,720,anon
2026-03-20T20:30:17.606411,unknown,match2_rally_010908.jpg,True,733.3268517538961,316.0472746226915,752.5268517538962,336.0472746226915,1280,720,anon
2026-03-20T20:30:19.862854,unknown,match16_non_rally_001879.jpg,False,,,,,1280,720,anon
2026-03-20T20:30:27.158320,unknown,match10_rally_011804.jpg,False,,,,,1280,720,anon
2026-03-20T20:30:43.246274,unknown,match14_rally_003281.jpg,True,420.57338009705904,231.50884251783373,437.9532428812603,248.36204279342283,1280,720,anon
2026-03-20T20:30:46.422139,unknown,match10_rally_011793.jpg,True,778.906423229976,188.25526905739966,797.4825999024897,208.5839152273204,1280,720,anon
2026-03-20T20:30:50.838663,unknown,match15_rally_002881.jpg,True,412.94382790667277,212.96252100008633,427.6008455213492,227.93816943247307,1280,720,anon
2026-03-20T20:30:52.822461,unknown,match15_non_rally_002229.jpg,False,,,,,1280,720,anon
2026-03-20T20:30:57.798571,unknown,match16_rally_001300.jpg,True,644.1811810281724,220.94073092106606,656.9811810281724,234.14073092106605,1280,720,anon
2026-03-20T20:31:00.389623,unknown,match8_rally_005016.jpg,True,718.7282205925997,219.59042757135464,740.4588423604459,240.26956764075678,1280,720,anon
2026-03-20T20:31:02.454661,unknown,match9_non_rally_009438.jpg,True,835.1672212451975,235.60406720913986,862.8777596296557,261.7751312389059,1280,720,anon
2026-03-20T20:31:08.134667,unknown,match10_non_rally_011144.jpg,True,454.2777569953215,378.6811130797654,477.4777569953215,402.08111307976543,1280,720,anon
2026-03-20T20:31:15.126263,unknown,match7_non_rally_005920.jpg,True,678.8826849621065,191.70284797626786,694.2826849621065,206.70284797626786,1280,720,anon
2026-03-20T20:31:20.982124,unknown,match1_rally_000229.jpg,True,554.7249885334738,439.0577963326867,575.3249885334739,459.8577963326867,1920,1080,anon
2026-03-20T20:31:24.094103,unknown,match7_non_rally_005343.jpg,True,833.5934605707359,432.6844018006389,849.5934605707359,448.6844018006389,1280,720,anon
2026-03-20T20:31:26.942090,unknown,match7_rally_005611.jpg,True,661.6631160625087,276.0507317427211,677.9132877657369,293.8940575345011,1280,720,anon
2026-03-20T20:31:31.885671,unknown,match8_rally_004032.jpg,True,682.9770547916705,167.6858558114638,706.3024238021571,191.8594200586954,1280,720,anon
2026-03-20T20:31:36.446267,unknown,match14_rally_003894.jpg,True,446.57747550612777,113.60667559505745,460.9409984682776,128.40545682878755,1280,720,anon
2026-03-20T20:31:41.270540,unknown,match10_rally_011354.jpg,True,646.2526136800864,380.34499423037676,657.6526136800863,392.5449942303768,1280,720,anon
2026-03-20T20:31:44.342748,unknown,match15_rally_002648.jpg,True,892.7875714598154,207.71615853004033,910.6940967526288,224.83269005993552,1280,720,anon
2026-03-20T20:31:49.174579,unknown,match16_non_rally_001987.jpg,True,343.2597594375311,413.7561704809756,359.2597594375311,427.7561704809756,1280,720,anon
